-31753 8752 -24528 16246 -17163 -17592 23685 30902 20861 25153 16759 -822 -15937 -29296 -14259 -27551 -18305 -23875 15896 -26523 1588 -29908 -11661 -15228 -22998 20209 -21921 -10085 4104 16981 8193 8390 -7918 -7333 -16031 -1774 -27720 7938 -16051 -3774 -20117 963 -18304 -20358 -3991 -14650 25233 -27447 -3952 -23840 18152 3166 24874 -25853 7997 -6256 9300 -22008 -24421 22687 30438 -18967 -23885 -25414
-12621 -27940 -18545 -7232 8281 30954 -4706 -10405 13123 -13989 -31165 -21267 29288 -10780 21594 27441 14344 -18385 -5467 -12534 10971 -26505 28494 18903 16729 31663 14542 -13291 -18624 1902 -21227 19017 3070 -16551 -23764 25202 -22879 25774 10689 274 17590 22577 30365 21308 -6053 -9036 -361 -10676 2759 9667 -7488 -18891 31748 11662 -9654 8655 12753 -32217 2577 24127 -18861 24876 -32440 -18019
-163102763
-17217 -3948 17061 23561 19304 -20289 -17038 28341 -7948 -5714 -25700 12507 -5692 30007 18536 -31448 -32519 18839 -21468 -15181 23733 -14229 3902 -23771 -7487 11514 -18047 20378 18369 -13089 -24897 -22613 -1076 2534 6174 26694 2344 31058 -25953 -10957 13131 22236 15490 24614 8052 -13866 17569 26265 32011 -122 29035 -7117 14620 14215 -25431 -14563 17993 27727 -32088 -13388 -11907 1901 23571 -14651
21110 23779 -28568 19032 -9316 3681 -1629 23069 -26547 -19076 -11043 -12543 24921 -288 -20289 3225 -28475 -18427 13315 -22893 -10676 -21130 19907 1571 -25987 19256 -23509 -3699 -20414 19209 15799 10208 29154 -30222 -22636 15054 -32140 -21484 -26388 3069 17214 -15025 32049 -28382 -14597 -23962 -18037 14349 5903 -20572 3651 24248 -26937 -9405 -4582 28626 31922 16969 18716 -8886 -21808 -5415 29815 22601
500974901
-10921 -24510 10560 7908 28689 -26380 -12038 -6741 -19695 5537 -24400 -10442 -30892 24549 916 -11292 -16236 -16864 -23607 -13230 16180 -24607 -2741 -30400 18868 -23652 -3320 -27669 -2295 -21426 14847 -9024 23446 -32471 20186 6974 25017 10973 15707 -22315 15765 31562 3293 16572 -21409 -13010 -12093 -32032 -28696 16775 -1596 -18498 29457 23440 -22579 -26833 7251 -22885 -3653 7960 16883 -13952 14454 -683
3147 21017 -32226 -20177 24696 585 -14821 4224 -7874 -13420 10243 -2678 -17005 -28030 15950 -7930 6923 -14613 -28305 4373 -17204 -8424 -1895 -30517 9264 21930 8535 -2682 -25386 3916 -21717 10639 810 -25320 16520 6657 -13875 -11472 17239 16790 -24469 -10722 19283 -16702 -30546 12039 -12931 -13144 -22056 -15258 14325 -17463 23822 -245 -25182 4206 30314 6509 4204 -12972 24912 12322 -19212 17939
2979189171
-5025 -19563 6223 -21417 -10669 21338 -26374 20584 -6100 -8921 20727 -27982 19453 12941 -15617 -13072 -26392 26073 -6438 -21996 11572 9717 -17549 -8403 -25734 -16251 20637 21176 -12216 -1802 31019 31484 485 -25073 -6884 -14757 -29122 -27419 22243 -15423 680 15096 32472 5572 17515 -30940 10385 17003 -24687 5994 29852 12031 -32539 15492 -19681 7004 9505 -6086 -6356 -9120 29947 -18026 -10219 9563
9698 -28105 -22604 -19614 -22411 -21408 6855 969 5197 -22807 1661 -14360 2278 -982 -26511 8954 26362 -28000 12849 31684 -16646 2079 4227 27124 -19145 31130 -11484 -1916 -32592 -27061 -29760 -3023 -29290 -10328 27990 -11950 -9024 -2242 17839 586 -1420 -19695 6622 1605 -10875 -17092 14050 30010 -18257 29664 17545 -4761 -3966 5108 -12311 -17516 -8819 -1420 29701 -17212 -22304 -23323 -24991 -11020
875319898
17563 22818 6585 1664 -10134 14567 -13048 29873 13835 12654 24707 22115 -25153 13628 -15800 5565 -32500 -11370 -9484 1394 12235 11449 22790 -14495 24781 -4617 -17259 -29671 -29175 -10604 -16229 -9746 -26824 -29635 25103 -6710 1316 27155 -6452 -3157 -5015 -14214 19730 -3553 -20339 -22855 2118 -28180 -32147 -28795 13619 -31518 -21676 32438 -24899 -7617 3882 16421 -3651 -10312 25875 -22546 22385 -29557
17263 -18250 10234 -4762 -29661 32601 -27354 1722 -18147 29948 -11639 8789 -24829 15863 -32435 -18862 -32260 -6764 5421 -10487 19337 -6654 29153 -28960 -27031 22786 -6748 -7322 -29052 9899 21868 -13330 10906 11961 25177 6956 -4571 1450 25639 -20576 1723 -17538 -17500 2305 8325 -16169 16460 21628 -23668 -7120 2011 -2718 27307 19200 -8367 -32466 4081 -10650 4493 -29781 26397 15626 -22830 -20933
6312697775
12589 -20244 -32645 27401 -12200 3281 20998 6041 -15393 -12844 -22902 14748 20021 19692 5902 -27286 2914 -18616 10895 16079 -25358 -13154 -6772 -24591 -12742 26300 -3194 -1558 -31359 -15720 -28444 -31936 30278 -32089 -19499 -283 24395 -23362 -11063 19062 -13869 21430 2997 31023 -29129 -5609 6854 3291 2275 -7426 -31169 -14641 -1084 -12682 2796 15990 -11377 -25151 -20136 -27907 24823 21632 16940 20327
3083 -22847 -7636 -30648 17055 21159 2864 -15649 -3192 7005 -2954 5034 -16091 3324 -30241 933 -29193 -16581 -29116 27505 336 -27191 -18672 -5591 28798 -21163 20275 -10847 -28577 21 29876 14185 -8930 -5261 -32240 5599 -22666 -17179 -30987 -29435 -32017 9720 11652 -6198 -22919 -4799 11655 21065 16250 24183 -13555 4458 27618 -30778 -29682 21033 -15515 24425 -17009 -17155 -16673 30461 31302 6625
2577613630
-18732 31716 1491 -17635 1277 25183 5595 24148 -14551 -2611 -6160 -12893 -26761 -6894 13368 1750 -22517 1800 -21107 -22887 -3197 -9302 30620 -16910 -25712 -15262 10807 -6487 22635 22990 -24393 26857 7297 -4842 -32664 -12638 -310 -134 -21101 3761 9170 -14541 26045 9030 12312 7372 -12809 -8996 -32242 -14870 -25195 19157 26138 -13993 6650 -18326 4394 13031 -32687 -5716 28333 -10955 -29271 4593
-28989 -7310 31001 -26056 -27260 -10069 -28056 23510 11490 16335 24861 -17786 3264 -22264 -11862 -23867 3616 -2679 -26592 11997 -12737 15792 -31326 -3037 25427 -28287 22164 -18830 20638 -857 -25105 -13271 15027 -1289 8825 -4989 -22876 2230 -2453 11951 -12473 -10994 -15885 4642 22468 24764 -21489 -1771 -13971 -29163 3121 21326 -18796 -5621 -2623 10755 -9282 -19114 -15698 10486 -15032 -5539 5853 -22519
1229275429
1511 25393 -6202 18699 -18270 -6306 -16478 -23867 21007 -30351 28020 -24579 -15567 -15722 -30818 -22626 23823 -14421 -12434 9642 -2265 -18622 -19150 -27799 -10696 -13988 834 -1394 10687 -32722 -13330 23929 11299 -31131 -11777 -7731 20157 4591 20947 -25344 2575 18197 -12949 26184 -25839 1981 -2479 16938 -20013 25659 21273 7977 -8027 -28113 -12372 21841 8239 -16215 14245 -31056 26888 -18277 9626 -29896
-25249 4680 28370 -12062 -22137 30388 27164 6029 -30244 26168 4066 -26934 18331 15270 -11034 8029 2875 22 -17163 -11941 -19378 7669 -26604 31106 -9413 -32517 917 -9250 -1957 -19232 -8382 -28879 965 -17243 -6915 27158 -20382 -16200 4793 -5038 -7655 25719 917 -10230 -22500 -8820 -26865 22064 -15026 -6372 7447 20491 -32134 990 -15115 31579 -11729 18120 -17068 -13780 -29773 11892 16353 22233
-239661710
-1140 15774 -3936 13574 -18456 -23106 -28438 8861 22749 29026 16958 -18856 17115 -29600 21675 3208 21920 29457 11879 18409 31635 1472 -1690 -9787 2756 27248 -1195 -22831 -8729 -7888 -31492 -19106 31553 -13824 -14319 2556 -3744 -13845 32660 -7000 26001 -20770 16003 -3867 -31565 -8051 -13399 24206 23348 -18755 -16723 29202 30447 -31767 16404 -8623 4934 -14463 -28126 9240 12190 -11189 -21495 -11718
22976 11392 -14117 -24087 -6246 -30574 10442 -24242 1356 2273 -17612 -19501 13826 -27549 32126 -197 31372 18992 12614 -17289 28490 18275 -32515 9600 -15665 19595 -2141 19874 -24487 17614 -10065 18038 6901 -14470 193 -13696 -28275 -2605 -20808 1370 26755 5754 -26030 -23383 27987 8636 32720 -14950 -32684 -16531 -25987 18711 -11810 29376 -5277 -22530 -29818 28923 32651 30556 -794 17468 -28913 11783
909537131
-25782 23907 12709 -8964 -11580 -13147 -19213 26912 -15095 13062 -17300 -21395 27501 32521 28194 9222 28873 -19736 -7804 1994 516 21893 16061 -226 32356 -24499 29562 32389 8775 18149 -14959 -32677 22369 6457 -21708 28911 -19938 -28991 14849 4465 -2493 9170 -4745 12859 17134 27225 25126 -2711 -29807 -11513 -3190 2801 20990 20706 13576 -26511 15004 31399 25113 -20063 6841 967 3525 29933
16164 6650 6297 25169 -27954 -27256 -24827 26947 4459 -12426 31826 7003 -28255 12125 -27769 -17192 1374 1775 -13889 4322 -31563 -17683 -17352 -32472 13744 26615 17502 26865 28604 -15107 -1447 -16744 -2545 430 -14872 -7077 5698 -8846 20066 25516 31520 22551 -7760 -19287 -15550 -11744 22493 11414 7139 -9525 22874 20225 1770 28681 -21565 6423 19955 -11534 -5634 -16154 9027 12576 15271 6866
1384892576
29577 31937 -21440 -4935 21881 5455 6690 20384 -8056 -10371 19069 4975 -12925 -6133 26509 -21063 11316 24679 13035 3323 -24022 20926 31535 -19245 9570 11778 -30681 -25852 -28636 23855 -28680 -24405 18437 23393 3148 16075 -29454 -18580 -11062 744 -22467 -25035 18908 -24559 1686 165 1161 21960 18206 6804 -184 -13027 -16260 31146 23247 -15195 -24690 19564 -23895 23262 12430 -28078 -22464 -19959
1872 -30691 30302 20439 17895 -7537 -30337 29589 -700 -32395 -20988 -15517 -18700 -8207 14739 -30939 -28178 -13191 -26361 19257 28804 -32714 3033 25632 -10951 6322 -27347 30406 -11152 -25211 9726 27858 -30847 -13745 15339 6668 -21414 -21599 11772 -1204 -31228 14194 19644 17781 -31114 -24712 1143 -28322 -5999 -14817 -10846 22109 76 7656 25850 11973 236 14697 27840 -6708 25442 -22484 28044 -31863
-3298431248
-12736 -23861 -31502 -9877 11219 8757 11781 30897 24261 -23445 -29217 28881 -25875 -7009 -17562 -2866 25619 -5316 25511 30581 2424 -1148 -23999 -13696 -32322 -709 24579 -18421 26672 30353 -29192 21597 26944 4106 -12285 -31307 17841 21775 17895 1302 -24134 7192 -8719 27373 -27733 -31986 30605 30421 12477 9429 26042 15202 16955 10567 14970 8580 -8263 9324 -31760 -5214 -628 20681 -2464 18224
32489 21411 -2075 19759 8262 14343 -25802 -19198 11568 -31462 -8680 12217 -9625 28872 -29939 -15689 -26117 -13636 -7021 -32104 -25137 31757 28275 20191 8635 -5806 15720 -21131 31568 -10521 -12515 23342 27553 -7072 8521 9884 -13114 19227 7837 -24794 -26834 -2279 -11216 13992 -11694 -18976 29291 17814 -4310 -6869 30955 9381 -15737 10256 8442 -4447 15061 -10909 -21757 8639 -22231 -31969 19141 -11423
3942413168
-19907 -24094 -12528 -19012 2213 32041 -30913 -27022 21008 -9561 -21314 13483 -1921 22107 30446 -7618 20714 -320 24384 -27783 -17317 -27748 -28500 -13224 15542 -25726 27489 6564 -22296 26359 -9422 -16936 31177 7709 1556 -17747 6530 25539 32419 -31226 -4840 9548 7976 -26821 -16421 11336 -19246 6990 -11378 11105 14204 -5147 3038 -3171 -18452 -859 6466 -31520 10522 -17130 17631 -2296 32178 -31374
10462 -8307 -12540 121 -3748 12407 -9502 27689 -31606 663 32667 -28348 -28879 28216 -30979 -32204 32582 -9002 21331 22055 14754 22638 17994 21596 -24138 -30619 -16096 -22170 28310 28386 -28104 -32541 -16101 25751 -17677 5449 14615 -12296 -2039 30871 29482 10421 21071 19366 17318 -12040 29087 12879 144 9918 30801 -16308 -21300 -25260 -19739 -19070 23451 -17178 -8272 16545 -15466 20765 21656 -12120
-2881602824
32249 -32117 13890 -9679 6670 -4250 29484 -14894 -32590 -14268 12285 -13456 -27602 -17423 -32448 3093 -14940 -2833 -31847 2537 16895 14114 27435 27428 -22903 -14985 -25925 2506 3032 27067 24947 13162 4579 -7701 -2734 14876 -7905 -3342 -2202 -31059 6377 4781 21693 -17423 -26556 -14780 14308 5533 18734 -22388 1685 -3766 2163 16811 14997 -21857 -20425 -11386 -3498 -7973 25398 -22087 28330 -8481
18271 10602 -20576 31698 31268 -10014 25375 -22301 -1332 16569 -5161 7433 -18516 13156 32632 25291 1073 -9778 -22122 28981 23921 4677 31107 12160 -27869 26514 22392 -20491 20112 -20822 -12642 1702 -22200 -17190 32351 32037 8952 -6067 -15437 27883 2289 16362 -31753 31578 -21568 10625 23928 9909 -6136 -11718 -18264 9809 12677 4102 -3529 7195 17971 -13873 -16392 29766 11373 24579 1039 -12563
-145482137
-27936 -14292 27856 -1099 -26988 -22168 4151 14225 -25279 -26276 28493 -5078 26235 -3309 -7061 5214 9604 27660 22404 1714 10440 -30307 -23764 -17399 -1513 18845 -31159 -7788 19455 22520 24755 -15794 -16800 -7029 22754 4377 32719 10744 -27987 18924 23978 -23521 6860 21451 -18924 30908 -14429 30263 -3487 18186 -11692 -25465 -28086 13354 13667 23616 -20693 -12109 -4949 27507 -12315 21159 -24273 -4992
24302 3646 3756 23547 -17614 18325 -10399 21414 21485 -29986 -22957 -10544 1929 -4201 -24090 -28380 -8516 384 20465 26120 -1431 28825 -23422 26272 5203 29773 27147 -19250 19808 -13429 -29944 -6328 16670 14793 2395 -6687 19342 -16757 -31532 18041 20770 19951 -10553 -2996 -16481 17119 9141 22122 4612 -22633 28614 -23733 -8862 951 16379 -19824 -27858 -10396 -476 -3095 -8240 -17815 1892 -27052
1232309852
2857 -11459 7693 5259 -5653 -9021 -14267 16433 25177 13208 -24406 -31456 27202 -16285 -25358 -23852 932 12724 15290 -5973 -23757 23552 -15615 -20834 -20424 -14448 15496 6711 27997 -2764 21950 -26291 14332 16225 -15991 -21038 6675 5550 2510 22823 -4043 6883 -28074 28436 20376 -13652 -21998 29627 15089 -21780 21226 21556 -23289 18404 -3502 4025 23376 -27107 -27773 -29790 8946 20861 -5772 32339
21381 21241 8009 -8231 26141 6478 -13431 -25919 11162 -5593 2105 -7333 -6042 28163 -20419 16954 25920 16907 -30082 29570 -28607 -326 -29956 12377 32466 8564 -6299 13361 5386 6363 -31091 13648 -11697 8417 14143 11021 11047 -12120 -16151 -25895 -2269 20061 -27659 -13014 21032 1291 26097 -1909 17208 -16348 -12374 -8770 -16953 29171 -9515 14919 4818 -30575 -8291 3153 -21169 -8271 29759 -25092
-1804438640
9096 6789 -5179 -10820 -11406 -3800 21895 -10728 -18355 -30726 14350 26397 9075 13806 32428 3071 -21075 -17719 2643 9796 -4887 27510 -25889 -14567 24265 -12527 -18661 30 -7843 9217 -12829 -23616 25896 3308 7444 -5577 -31645 21164 -27963 -32036 14602 -3997 -1233 -28889 -14450 -12414 -3979 32507 13878 -29845 19758 2581 -19088 949 15701 -15518 -21641 3538 15664 28728 -17783 1655 23517 1395
14017 -5945 7392 7951 -14227 -15431 -10260 -25013 17973 25398 6060 16112 -14675 -9957 -29701 590 -4609 2526 -3899 12890 -25715 8446 24519 -23942 17644 -2801 8700 -21429 11541 26127 2894 -249 22240 29867 28832 -15468 -10898 3483 31731 -29781 -9291 -2483 13744 -16214 -12123 22576 -24998 7972 4340 32116 27677 -14759 -30389 27210 23481 -15383 30641 24391 -30397 2758 11061 -5779 11510 -10777
996725308
-22060 29979 9531 15150 23786 -1323 1304 15710 -1092 -27754 23520 22926 -30992 1270 9818 -18925 -2976 15378 22091 506 -18709 1007 -10053 -8162 -4988 -3330 12536 26328 -28883 32597 -2173 -24848 10492 15286 -14456 6611 -28985 3063 -21952 30585 14039 -10337 19679 -25977 -30504 30878 27264 -17628 21137 -29467 -25018 -15510 -30302 29580 27573 5225 18289 -3324 28793 16243 69 -20302 -13249 -8887
-24228 32082 17531 4364 18952 -25072 -1642 7677 27333 -17864 -32116 -25984 -22975 10786 -13430 -18995 8514 29009 28143 26453 11733 -6511 -11966 -18223 -1547 25721 -27003 4517 23787 4552 23789 -3588 11016 -4986 -1502 811 6178 9921 23385 -11747 15242 -17798 -25676 -26044 5122 15517 29390 24502 2768 24851 -11156 -30599 -15638 -29862 -8380 -27409 -7889 -22481 11008 -2475 -109 -10670 -1557 -13742
2869585696
16921 7838 -28156 -19856 14076 14077 -32256 -3199 10497 17976 3864 -23631 13026 -28958 25494 26636 -22343 -20928 6327 19107 -2592 3166 22035 -21760 -22369 18668 -8626 320 30914 11154 18137 -18725 23558 11084 -15643 17319 31580 -4467 -28197 -30618 -23628 30507 21138 -2584 -17489 1817 -2491 3453 -11804 9238 6359 7521 9309 -20253 -27826 -9415 -18463 -5788 22603 -16025 -16032 1184 27067 -10339
31321 -17416 -20519 -29379 15644 -15497 -28472 -28889 11402 -22390 18710 -4896 -24416 29058 1236 4020 -29944 4631 -29831 18666 -3770 30524 31886 -4250 -7938 22224 -7221 28657 -24242 6557 -7650 13967 31920 24728 -8990 -11456 26768 17074 29234 17162 8355 -9146 -28870 -28202 -26687 -4824 -7734 30666 -19009 12848 -11129 -20554 22036 20552 -20963 -28514 -878 -16966 23060 -1724 -8480 -7351 -30433 -12770
3494643308
-5831 20561 -30457 18541 20629 28317 8040 -26438 -19355 -29411 23909 6594 4357 28583 25444 13787 -10085 -6410 5981 4598 11893 17659 5009 -12079 968 -32198 4636 367 -27904 10129 13112 -25218 819 -8584 -11313 2230 -13546 -4092 -1826 -3560 -13075 -23109 30008 10862 -18269 -10451 24197 4292 11124 30455 7584 -24766 -31844 -31731 27921 -12179 -23965 -29508 17966 -17235 14106 -7780 -24308 -15955
17571 31924 -5407 1938 -13542 1294 -12243 -31947 30295 17465 30128 30658 2462 -31427 -16890 5177 -18632 694 -30895 27082 -28555 -7175 2769 1937 -8875 -4218 8109 22554 17475 -1235 14300 -12066 29164 -24755 10957 -32745 -4735 -5943 -4121 -18121 7159 9390 8654 5712 -24779 3340 21660 6043 12207 21039 18116 -19399 32035 -30727 31648 -22579 31340 -7833 17840 -32067 4721 16752 -29938 966
4335229491
-28722 22076 19185 -16772 2137 -6139 -13845 26148 29338 15600 32157 2396 -18040 262 -6111 32084 -19563 -17002 31176 -9993 -15598 31284 15880 -24693 30405 21574 21432 -14722 -25424 18660 899 -12364 10011 -22039 8293 -31173 -31444 7673 -13366 -16687 -17228 -7357 14178 2334 30743 -24995 31080 29806 -7970 28070 -10835 -21300 -27908 1720 -12960 22304 11030 28902 -27743 -26935 9038 -30223 31484 26132
-14679 5204 -3982 -22022 14131 -24191 452 19532 -11842 -8964 32350 3972 -3645 29694 27702 -16756 -4295 -31470 28341 -22384 284 -32069 -13575 12736 30652 -1771 26608 22058 -19359 -13141 -11968 2640 -31999 9118 585 -16939 -5056 8709 19995 -29416 -14926 22297 -4932 -28788 -27635 850 10636 28415 3556 16101 20351 -17270 20367 18438 -20312 7090 24693 14102 -7904 -13193 11913 -15520 10179 -27388
5588660937
10153 28044 24199 6116 -2256 -4045 6213 6739 27359 -7060 27043 -11419 -1492 -731 27415 27698 8733 -11490 -29651 -28978 23602 12494 -15132 -19051 20321 12182 6940 146 3174 19642 -14817 -24642 22712 2714 -15169 -23163 -22209 -8883 9290 27368 -10951 -32444 32239 -18289 -8585 -26264 -30362 27471 9213 -9320 30842 -10877 11105 22237 12736 13930 2599 -30370 -15876 -32712 165 -11672 522 -1311
14933 -32288 -26611 -13763 -12931 15474 -24696 -1847 -30868 -16104 -12225 21546 16288 29271 -1754 6176 -10675 4516 18243 -13890 -23453 -21611 2414 -21048 -11039 1383 -27310 4673 27254 -30920 21242 -25836 -21088 -1881 -9610 17223 30934 23474 -10247 -11663 -32365 -17116 -23885 -1842 -11934 -14311 15234 19252 20904 -19034 -24207 5253 -950 1471 15046 -28058 -27901 18640 29946 -6154 7757 3047 24897 -30901
-7082741526
21002 -23519 2004 13229 10162 32512 25631 10002 -13263 32184 11606 6830 21226 9179 11781 16219 28208 -19438 -14595 32241 -8338 -18561 -22057 -10122 -3364 6277 -32081 9567 32101 -5859 -2075 4457 -5625 -22572 28483 15003 27686 -28284 26282 24771 -31541 26948 -21062 -8969 4943 29732 5211 -11378 -28616 22173 -25527 -7725 24867 18379 29515 29273 24056 -6608 15498 -1652 -30001 -24250 -20509 -24006
28883 -11558 -3524 12846 -4979 -2994 29902 30984 -6841 2965 -28536 31882 23669 31436 -32158 -22718 -30622 -9309 -1594 -22742 -5838 5406 11156 -6575 -15613 19402 -20695 16897 -22554 -29534 -1119 2790 -24425 -8678 -3436 19899 18180 -15460 4067 -9040 29732 3384 -18776 10050 2494 18882 9839 -12211 -29910 27660 -23337 -30605 -5238 -22503 -27275 14293 -18863 -26555 -24267 -11241 19828 26846 -23381 -21379
2987877749
-21264 -25313 30666 7088 -19626 2126 -21347 -15266 17100 7999 -5710 -32388 -30735 -9171 -18933 16428 20613 -2185 -4096 -15615 -24283 24702 -9866 -30083 7157 -16647 -15045 -1809 4249 -8880 30777 -18384 -18733 976 -6369 21012 -18953 22871 -5137 20473 16575 21087 -7069 -30496 -28781 30670 8258 -10512 2810 8279 16878 12642 13118 28935 26610 5796 30558 -21019 3282 28167 -25079 -14734 -10601 -31029
8696 -25151 2924 -17374 24323 -21814 30296 -13175 -20743 -12395 -26358 27798 -29990 14078 10367 -16899 4425 -8643 10381 -8978 -17522 -4121 -26945 -5104 25176 25306 15592 -20371 -17166 -30416 9253 -21070 -26880 -3307 27619 -21661 22967 15172 6940 9397 28494 -12944 -25499 509 29443 -28803 21174 6923 -22351 -5744 27214 -24587 -12449 -28000 153 1952 -24010 28848 -17140 -19726 -13789 -11674 2902 -19425
-3163741950
-15559 -29120 -17749 26265 -31027 -1769 7000 -17985 -2623 1414 -11420 21875 -28844 5149 -8241 -24342 -27188 -4668 30819 -22268 -14247 30020 22864 -10472 4810 3522 -16648 9637 -22562 -19037 -12584 30513 -22165 6010 9596 -4176 8921 11676 3851 -10051 -2414 -25661 20049 -30458 10430 -16195 -28053 22637 -18812 -20511 -7496 27362 26485 23173 -12129 -15221 17035 -10157 -15610 -29296 6561 -15609 13373 25925
-22561 3020 18869 -1286 -29869 -31048 17075 17920 21389 -23088 19991 24950 -1111 -5975 -26124 -14604 17104 5290 -19582 -10220 -10003 5048 20996 -31599 -7152 -7633 8960 -25882 -29905 -19152 16420 27875 -20284 1761 7406 -31797 20186 -18582 15183 856 17668 -12399 27958 -28939 11564 -31430 -2278 2360 1406 -7940 23664 -2976 13726 27563 -24243 -21539 7665 -29492 23826 -8150 -1817 -25525 -11805 9232
8344931240
3816 -21070 7670 12238 -3497 13015 10068 -5126 -24046 -20756 -2472 28248 -28736 10611 13524 -6220 5793 19658 27895 12568 -25421 -29183 21981 -19057 16270 5063 -7055 20707 29202 31987 734 -2393 24607 -1966 -32711 31590 7588 -25429 4108 32708 11310 -11949 16924 -20436 -27178 10961 30473 -20849 27000 10012 -17184 4422 14668 28366 -12720 -330 11352 5591 -30238 3555 -1250 9745 -28412 -671
12769 29600 11684 -7521 28783 -30928 31832 24450 7791 -13519 20916 19675 -31156 -18556 -11516 -5541 11260 -28153 -14250 -21624 17026 29325 11740 14665 -2583 3658 4690 1696 -12600 -14510 22887 -11924 18333 8385 27886 -28593 15878 -23236 -10070 -27019 -2888 -13578 -9292 30475 8395 -32322 5372 -23136 16217 32113 -16051 17298 -358 8989 -2661 -5365 -10430 -1069 -6374 -8492 -32229 -826 21757 16290
-4329701105
6161 -25133 21149 12919 -30028 -18470 -18375 22754 22749 -16943 -28321 17344 16941 8740 -25478 15621 13842 27847 -201 -8829 -15347 25603 24654 9228 -5265 18887 -27965 -11166 18024 16091 -8655 -3920 31567 5230 15513 8379 12589 -30176 15690 1591 7921 -7269 -12417 -2959 -20476 20642 14852 -2791 -26748 -30628 22527 21403 -147 14919 -12954 -10159 -10457 3984 3700 -10081 -4870 -19325 -1301 -24730
25494 -12524 766 -16791 22511 6015 -26302 -32152 18020 -1829 -13653 743 8299 7219 19947 -6026 17871 17358 -11708 25489 15874 9167 15749 -20732 -18017 3018 25673 -2819 -20010 7778 31811 17477 -8699 3308 8701 31826 -9779 29541 19661 -16309 -29482 -12639 -12206 27738 15815 15940 -9635 -21816 -28573 -3340 26346 -17542 31959 -13141 11606 10147 31221 9163 2103 -9823 -8704 14834 2226 -26399
-624145819
-4323 11954 -19747 -12425 15331 5988 18443 -29475 -26897 -14315 -31394 15121 14925 -13179 18180 -25391 25407 -17041 -24568 21929 -6060 -12203 19467 -17058 9455 -21396 20082 -15320 -4320 2534 -30735 -22425 -16611 16779 5534 -20007 -30002 -16808 -11248 -11720 20494 10288 -20735 31239 9383 5813 -27031 21579 20804 20442 -12678 10252 -25063 14860 -28780 -15597 -13916 17364 8484 -7318 -13431 7957 22602 11153
-2559 27874 28565 15230 -26212 -14079 24389 -22782 -16099 27040 -6977 19251 -7643 -7143 14651 -9114 4785 12689 -16811 -23453 5698 -31014 -19789 7774 -3314 5269 27920 11767 -12804 8777 22621 -20421 24490 -28809 -11392 12132 9194 -1238 -9193 -24437 -11704 1250 7295 14443 -5772 7228 -3133 -19423 -13312 -2243 -9357 32374 25083 -27180 -16935 -18455 -17231 28323 -29965 29346 3462 6223 -24692 -13316
-938663733
-10033 23313 26728 -828 -1763 -12134 -31869 4987 -20132 -17289 6615 29549 -10270 5533 25791 -31067 -31096 30010 22977 -13320 -6527 -23148 -18946 -28599 -27198 -11875 -18849 18964 25367 2269 -20791 -21858 23400 14817 1010 24894 -12761 -16827 4681 24132 27503 5705 25865 12804 -757 11102 -19401 25956 -30380 -31110 -252 6264 -5658 22254 18469 -22889 13095 -4097 5646 26251 3265 -21431 11890 2231
-16370 21410 -17427 15875 -19334 2925 -23743 -20041 13607 28685 -2466 -22463 22690 32629 25168 5663 27839 17742 -4006 5944 15703 -8377 -13745 -31598 25244 26815 9926 -2925 -13238 -15028 10146 13858 31267 1916 25856 16309 5563 -26284 15070 -10266 8866 25583 -24455 -18433 -2942 8813 8877 14753 27449 -31279 -13861 29183 -28030 14889 1422 -430 -27670 -23522 -30672 22232 17157 -30312 8117 22839
1497550502
-22629 -17389 -31139 26582 -17166 20057 -10431 -16574 29547 -11030 -9918 18990 -12592 27489 -11942 6563 23972 -31181 17418 9188 -31754 24622 -13179 5845 -14091 -1428 20114 15067 -28957 -8014 -6298 3156 29057 -31422 11451 21322 -17891 6975 6998 4159 -13303 -23642 -5268 25796 -20557 -5931 -15070 -12720 -8549 -4209 -28351 22659 10952 -31933 -13983 15799 28972 21822 -16440 23648 -14322 -30093 13964 -2168
26247 -13791 27691 17918 -30135 24416 -31931 -5870 7046 27086 9251 26538 245 -5529 1357 16181 -25305 -11034 -5993 24003 -30003 -3774 -10212 21380 13318 -312 -25100 -16804 -14762 2054 1049 8974 -17373 -4585 -9760 2510 -20345 12819 18514 29448 6410 10468 -7986 -15182 191 10963 -32593 9393 738 10055 15592 29643 9969 -10572 -23049 10064 -27790 -27117 -18266 7162 -14253 -13031 -8297 19903
1940211761
23325 -16771 23689 -32527 -29738 -9999 27418 -12988 -774 -11670 -29037 -17670 15524 30284 1478 23257 -12030 21223 13946 13154 -2719 -32153 -21131 -7207 30208 -173 -21678 -26177 -8279 -31627 -27877 9553 26864 -21173 -5966 712 10168 -10148 27427 -14226 26050 2219 21242 5261 -22871 -30964 22805 16562 -29550 29600 22973 8867 -11962 25325 11504 -2391 16965 8306 -6565 -31014 -11482 177 17310 -10624
-22873 17401 -10923 -23518 28697 28046 2626 -6907 -27087 -19890 16680 -9846 -12791 19205 -26935 1165 26860 -1952 28953 -14183 10117 -28114 -4638 7617 30184 11055 -28113 10999 9311 15513 26565 -6628 8406 9653 4898 26766 -3273 -19017 -9734 -5812 32301 19094 -3457 8176 -31892 25911 2618 -26443 -14274 -28464 -17727 -23466 12746 16254 -20934 20033 -32240 16664 23701 2733 936 -12301 4268 30452
-1934329386
26609 30212 15163 11845 26814 -9635 21554 7694 32074 10141 -25209 24987 -3466 -7046 27989 4184 -4779 -27791 24066 -6811 16649 12658 -19220 -9976 -23991 -32497 6452 -17593 -13315 -23310 6480 14933 -5411 -18468 -27763 -30043 28280 4751 -26266 -27007 17791 32558 -4734 -32129 -12632 21379 -4354 -32628 23673 -3098 7433 -30183 -18238 -25731 13343 25227 -5121 -806 32438 -31558 -11029 3958 -3429 16471
-23202 -9985 -5320 26533 28654 16034 27718 -24189 -23341 5076 -1234 27941 10882 24315 -1714 -15299 32367 30449 -3087 -17069 4668 1599 -25242 19232 -20327 23513 -7015 29250 9814 13193 -27877 -24804 -10665 12184 -16089 7923 13652 32343 1428 -11838 29405 20045 -3801 21831 5929 -11523 -12855 21913 13247 -20112 -5980 29483 11613 22532 9581 -8604 16592 -24742 -26100 -4395 -17601 16588 -4135 -22725
-4279532546
-32202 7140 -7429 12928 5214 -13731 -22696 30695 -30002 -6034 -23800 16348 -4285 -1096 16549 -13221 -2043 3499 27946 -26962 -7311 12592 -29227 -10572 -31593 3543 -10944 20229 9781 14050 22680 -20487 26632 16518 -488 -4973 -7128 29712 -7554 -10940 2961 19204 -23012 -26564 4477 22067 10634 -20569 9545 3318 15614 15245 30452 -7006 11515 27482 29778 22469 -11140 -6509 -25119 14874 -29255 -11078
-1585 31343 -18865 -21054 2706 11067 -4694 8881 6448 -19919 -30484 -19510 20982 -1434 -5074 -4724 -27993 -9957 17638 -16670 -1369 8480 25577 -13928 2750 888 5356 25059 -15657 -11039 -31477 -23764 317 19463 -25840 -21156 10928 20869 8922 -18648 -22364 -32306 6687 -16071 27020 21203 -28355 -7685 30147 27056 -8175 -2241 -13624 29715 -28323 1811 18515 8289 23299 -21547 5346 -25087 -28666 -25014
2619235054
-13561 -15213 -15835 3820 -7797 11147 -5927 -4170 7070 22932 19545 17981 -675 -19828 31884 8682 21525 4676 24857 -31850 8428 -22795 30383 -22558 15888 3200 1841 -10819 26639 13523 29773 32253 16905 -23035 -1941 23326 -7582 -27855 -15787 4289 23423 -15972 -8120 874 22819 -22564 -26138 15114 10265 5605 -20968 12760 30661 28503 -30929 -5298 -7166 -15604 6939 -28269 31599 23327 16860 20690
19213 12742 -9314 19270 -7339 10043 2370 6130 -16626 -15534 -360 -7386 -11439 -25447 -1039 -19920 -4404 -17365 29023 -28298 28330 -10478 16704 -26742 25521 24652 -20602 -9889 -6921 13698 -8054 5018 -30908 11300 10084 -21907 27393 -8172 18960 29000 17327 -6059 10560 -8456 28291 3243 25124 10230 -3206 1328 -2461 -14195 27498 15825 -22971 27091 -952 29652 5845 4627 -21377 -15251 19596 17470
2932352035
-11816 -25074 4700 9590 19396 9437 -24837 31911 -11218 -12753 -4153 -16597 7768 -28212 -18269 -4227 -7986 -32192 31534 -9439 3489 -15902 12266 10913 30058 9718 8778 -25976 -24291 3209 -25759 234 24126 -3242 27413 28282 -6995 21633 -30899 -27017 5458 -5251 1334 -4296 -4642 29118 8442 28021 26109 -22221 26914 19906 17886 -29315 26322 -19774 -19724 -29292 13024 1780 28845 10195 -17837 9250
-14978 12404 16533 -28061 20073 -25121 -30868 -22077 20647 5222 19618 -10540 7137 -17303 20472 30989 16265 -12405 19504 -7929 24887 19238 -17673 16633 -17453 -11982 -5683 -3895 6409 20618 -25375 4844 -21759 22666 26361 -3237 -24948 22928 32596 22089 20125 2044 14859 -23630 -27824 29539 -6907 -19562 -9531 20984 25787 2663 26869 27352 16191 24968 1486 -18376 25157 -31456 -4282 -9666 -12657 10187
627454550
-11679 -18998 9398 -20929 15597 31389 -31749 13277 -22192 23427 -16138 12997 -21169 17331 -7985 -13619 30520 -25244 20896 11135 -7009 -32541 -18203 -22944 -24734 12143 -72 5956 20657 4165 8525 16387 -6361 -26180 -5550 4611 -6112 13731 -19758 11337 2312 19066 -22508 -12099 -20233 29422 895 15643 -15750 26352 -30888 -6525 -19940 -26021 22958 -27825 26857 10549 27155 -233 377 -4647 21934 -6074
29221 16289 -10786 -24600 -11763 30906 27419 -20978 -4259 23611 -28786 9855 18834 -9461 23539 483 -8610 16649 1105 -22848 25198 -21064 -25145 -27845 -26014 11019 3300 24183 7441 -3159 -7936 -13836 -5161 -2788 5303 -2807 4792 19604 -25404 3401 8594 -15490 24212 1161 -24459 4538 -8013 20780 -5645 10371 6148 24261 -13998 908 31551 30588 -8386 -20735 25893 19405 -20039 4564 -3493 20534
2464575799
-2593 9713 7615 -9742 19193 -19562 8502 -2575 -31816 -25560 25845 17701 -23060 19536 26164 6004 -19188 -4510 19397 -2849 18210 -11713 -19188 16332 15407 -23869 -5305 27291 -19433 -23903 26114 -224 -4592 20793 23082 -10993 -22684 18359 15859 -14289 -31369 -4407 -2069 -7315 -30337 30337 2344 -8479 -28726 1407 5769 21476 8215 -5475 -19649 -25331 -26724 -25658 -16886 29674 15999 19870 -27832 28037
29035 -12761 13970 -2960 18475 -25439 -23681 -9256 -11097 -31363 -9944 -13455 -409 5406 -21098 -27204 -27366 -19952 237 16025 13085 -23609 -890 23990 -18425 20046 9554 -22610 -26812 14770 -29577 -17600 -13872 16283 -11906 -15193 10344 32613 -22560 -28969 -10505 -25672 -6290 31258 9762 10420 -21887 22844 4079 -21235 -30759 -4185 14179 -5891 -27554 5597 -14998 -12557 20679 -27583 -10023 -10582 20759 27663
370357926
-4736 13250 23534 -1666 12069 -16132 -3515 30516 18606 4534 30725 -6788 -20323 3047 2786 -26172 -3905 -25319 30490 27313 9389 -11845 23553 -7693 7425 29030 5639 30944 120 -29523 19288 -31516 4862 -25159 32598 -4053 -15905 -23504 -30808 15186 -5886 14382 22602 -12445 -11492 -14092 7313 12856 18705 -27791 -8082 27329 -15728 -16975 -28617 -31967 -6082 -23043 23017 -14450 17956 -8748 21370 6682
22126 -12971 19485 30654 14990 16689 -21272 -29942 4461 -23338 21955 -17296 27853 -27185 6999 -16960 -31861 12161 5714 12542 23925 -13909 21844 11853 -14864 32334 -28967 -15999 -21863 -21198 23389 -24950 18824 -16244 -23086 -26890 -32324 4052 -32159 16664 -24151 24678 6818 -23820 21663 29469 -13366 26624 23730 -3348 20952 3630 21578 -12682 -8288 -18409 -29552 23164 3406 8982 -3873 12099 5364 -7197
5665047452
-20886 -1472 32480 17954 -7484 351 -11094 5219 7201 27944 -28276 31650 11148 5630 7672 27576 31595 19932 25596 11261 -13601 -20957 -27760 22741 -25050 -26111 30435 30242 -13525 -24765 3095 4107 -25742 -22175 -11802 -22307 29380 19761 -23594 -30752 -1511 -8388 13731 -13687 10938 16815 29206 29848 7973 21573 -30919 30463 -9509 29843 -2038 -1973 -31473 3047 4696 25661 29413 11333 -5592 -1160
-28381 29753 -10572 20434 22499 -28233 16464 26309 13346 31642 18447 -27314 -19935 -23593 -15690 -3806 2690 18914 -20993 -24381 -13539 -4414 29326 -6885 8024 -24280 -21896 -8558 -15483 19101 -6442 -19115 917 5848 31777 2362 -8570 29424 25783 -19025 11553 32238 -10462 32457 -742 16020 -12269 3627 -13500 806 -9613 -740 16753 -22568 15264 25609 9081 21787 -30588 -15648 -12727 -25714 28148 -25484
-5962976658
-31836 14310 26619 -12926 21535 -32293 9753 14517 -15122 -11225 -17189 -3236 5657 10222 -7963 22005 -10898 -2528 21865 16802 16516 29326 12460 11353 9323 -29047 -6738 -31330 -17893 -23403 -8048 8775 16608 -16957 26331 -3334 17669 28789 30820 15193 19827 -24052 6050 2341 -6273 28751 10526 18651 -31369 23419 -30548 487 13896 -26107 9564 -31004 3597 20039 -20373 1450 -3667 31557 -19789 -32296
-788 5818 -12545 25685 5795 -4282 -6841 -19598 1313 -24355 25382 17013 -14764 -9049 -12235 11482 -17931 14217 23277 10455 7754 -28450 5768 11794 -13526 25674 11739 -29545 16135 -28101 30406 -22942 27979 28054 2147 -8687 -19198 24591 17110 -2954 21153 2767 24287 -19435 7016 -29424 -5176 -111 -11520 -6707 -9463 -557 -24953 -32396 11870 20688 23786 13175 -4762 24305 2168 28548 5808 23708
923512696
-18731 28220 7781 -13310 7058 27832 -4032 12003 -20492 23130 -12772 30391 -10776 -12048 30189 -7195 -12744 -25162 7296 22561 -32433 24706 -31992 -199 31565 -11442 15130 32168 16926 -27845 4322 -3418 1621 -21808 -26153 -27247 -24819 18558 22199 31553 5618 535 12896 -10779 3106 -26980 -30252 18948 9439 -25210 -15243 21490 22026 -7513 14826 -23792 -5146 -6816 -31063 4683 21802 -6513 -32200 -28652
14726 14710 -18368 4341 29699 -16274 14912 31077 12759 7997 -4587 -28389 27698 9299 22532 -2106 -619 -30300 -28067 23820 14224 11511 28679 -28 20752 -19962 -14932 13273 20427 24883 24445 -28683 864 -18163 -23996 -10752 -356 30490 -23486 -16896 22621 11759 -10403 6757 -10795 -32519 -30617 -26034 -2055 -10758 -29587 6785 29757 20632 20901 32672 6927 -6672 26374 -25849 5356 -1342 25108 30215
805676772
23204 -30060 -7144 -15505 3009 25938 -17689 10214 8293 13864 26750 4161 -9304 30448 21830 -13521 8854 1035 -26958 11932 -8709 -12978 -6110 -28121 29266 -22704 -5800 -13827 -30792 27850 -29061 28119 31975 6017 -7315 11471 7016 -6121 -11279 244 -5692 1365 -11516 11553 14623 20795 30008 4495 5778 30921 -19011 -13896 26215 -30870 23092 -21207 -18753 12780 9624 -1533 -821 -2563 13595 32620
-4190 -11076 -25848 -26155 -32374 898 -29660 -14171 25719 20090 6049 -31505 12966 5333 24906 -3620 -22962 -20918 4593 6525 -15921 -11034 32356 3632 -19768 -15632 12061 -22559 21317 -1059 9125 1540 6945 4968 -15030 -17037 -21204 -6448 -19313 -18208 25989 -16840 10618 -27942 -24655 -31421 -30642 -13598 2410 20786 29991 -20207 21252 -31842 -29971 -19218 1459 -28271 764 -7274 32492 22289 13981 -2639
43172657
8515 -13261 32649 26872 -15622 -27240 28487 18704 -27983 11641 -27508 26335 -30270 28808 25072 23252 -28575 -2873 -28517 22742 -15245 19571 24692 -4751 16140 -10536 31553 17309 -28656 13000 -30525 17260 26407 -32517 11798 -12275 31877 -31510 28754 13622 18221 -66 3343 -206 -17297 23574 -17317 11863 1477 -23198 27569 -13822 -18090 15906 -25069 -8753 -11834 11838 28602 28000 -30024 7362 5219 13995
20459 6882 23723 -10485 -32407 -14562 -8696 445 30606 12056 4487 -18182 6943 8002 -8746 -13499 10754 -11401 9263 -29563 22718 19411 21176 -11361 -16514 -27348 1603 14865 32062 -21627 19687 -18568 20043 -15086 16864 19100 3130 -23203 -24518 31180 -19555 28100 -1795 10427 -4269 11531 -26482 20237 22943 11117 -11412 19411 -20524 -5252 4152 22987 -1462 -10581 4256 -2807 21693 25316 -13100 6807
-2098708141
19411 -26632 2091 -3244 32107 -7938 21647 1539 -5963 -20772 17065 -20722 -6315 -32137 -31344 -29910 27683 22076 -5518 17337 -29640 13651 -24656 -26316 23402 -19459 -26708 -8799 -19284 25201 -6710 -10196 -26953 -13666 10011 -1091 -16831 29902 26556 -8553 -30266 -18307 -7056 30059 -14361 -8556 5322 -13001 25674 23903 -19440 31509 -30902 10533 -14094 17943 -27820 11138 -31068 -3756 -23567 -17192 13559 5321
-19467 32737 25598 10002 24297 -6106 -7977 -21268 2151 5671 -32467 -21997 13485 26841 -13397 25513 17252 17222 -26602 -6198 5578 -19605 26217 2387 -14263 337 -5808 -9530 22569 23482 17755 -7652 -789 19637 -6065 28206 5172 21731 -8360 15900 13872 -25050 -21339 -31478 31427 21251 16904 -26231 18016 4773 -22251 32314 32041 -8602 -28824 31133 27160 25163 5793 1038 -14441 14262 22344 -14833
-1877661559
-27733 7153 28506 23421 28498 10223 24729 22513 28841 -495 -16817 13051 25280 -29430 -18890 -25006 28501 -21799 -30059 23246 25198 -23893 -28513 -14987 -28441 -9648 -6129 -11466 12208 -18285 14487 31955 25909 -27733 -5803 -3296 -26751 -5842 -22802 18120 10528 10103 22869 20538 2339 -31022 26858 21397 -11779 11936 -31723 27820 11354 20261 -25046 20891 -21894 26277 22137 15086 10228 14464 -21329 -30139
-4831 18285 -22870 -16598 -13836 -1948 20483 -22376 13600 13044 30935 1774 -32271 3942 25413 17102 -24672 -24449 26978 24675 -557 25040 15088 -16575 26912 21977 22761 27571 29780 26472 24151 28517 -29084 -27369 -15994 -16616 -5447 -4315 -7816 -15865 5375 -6634 -9142 23731 -11029 -17479 -29764 -22626 3483 -1391 -31790 -11102 22019 -25877 -16054 13746 31606 16542 6664 -27682 -14447 1915 2210 32247
-5526265583
12263 22523 -5071 -20508 4533 -10758 32627 21788 28371 -535 -9472 27759 19627 23879 -28150 27147 -30222 7842 6805 12716 -17526 -18704 -29485 10809 12866 -28987 -4176 -8655 -14288 24094 7932 -7399 11216 3072 -26399 15195 -30170 -5260 -10967 26744 1142 26384 12156 -246 -8491 -11999 -237 -23418 -30995 -15875 -23300 -1515 16462 24182 -6768 -18226 -14847 8269 30691 32764 17983 -26731 10328 2945
31416 -3086 11166 10526 -26485 31642 -28977 -30230 31452 7378 -25286 -9514 27776 6577 -10142 11926 -24830 -27062 -5459 27598 29638 -25630 14929 -6381 11874 20793 -12874 11585 26856 13839 31130 12278 1581 -31422 -16980 25907 -30524 30273 16127 -32039 -17158 17970 -12808 -11384 16820 31888 -27489 -16003 26781 -2764 26272 24878 -21007 -11329 25109 21667 30189 1775 23085 -30744 -2192 -14414 -14962 -17039
-2497191320
18479 24463 -31058 -28031 -22719 -23581 -25512 3673 13305 -28551 -27600 27017 -15154 -11455 12587 -26847 -12788 -13093 24266 11358 -19713 -7216 -460 24395 3900 19546 -4337 19573 18000 -8227 -851 -549 4692 6768 -8026 -13490 29867 -785 4258 -18827 -30984 -24744 -24195 16608 18813 2088 -1292 -23307 -4442 29007 -10456 12295 14039 -17961 31705 -30029 9136 -18249 20266 3320 -6454 20574 -7911 -13363
-1177 964 921 -18565 -3678 -21549 16494 -31641 18978 5479 -27552 -22253 24695 -21072 -26489 20858 22483 23774 6523 -26633 28504 11486 -27239 -10325 -30455 -22694 -25186 27762 -14319 8923 -23800 -28959 27888 -16363 17944 15128 -7166 32170 -7377 3105 -20038 24717 25395 -7454 1868 -2268 3289 15339 -28971 -1359 27526 -27721 -8318 552 -15811 -30603 24760 -14612 3024 1199 13105 -16518 -3773 30517
-4264558375
-8091 -5881 17326 -16002 25331 23715 -18463 30221 16369 -18577 27436 -15689 14754 -3073 13117 32750 12135 26993 1188 -24633 -21796 -1984 -21947 4322 -13076 9542 31046 -24932 -20910 -8852 -57 31706 21501 25910 16887 22791 13571 -20916 17415 20679 -28227 -25363 -23946 -5487 -27453 -14385 -21984 1111 -12866 -28740 -732 -24629 -4034 21165 -12909 -8094 -12935 -15424 -17731 -22772 -22587 -3897 -25423 3999
5493 2298 -13711 -30926 -13539 26620 -29494 -1235 13466 -24238 32343 22610 13920 -305 -11970 -29717 14192 -483 -3354 -22634 -31607 -11013 11996 32124 19719 19848 4781 3449 17393 -16496 20096 -10762 26719 -25527 -22788 24657 -20634 29895 -17187 26410 -16511 17336 -9414 5999 2556 4285 26012 12843 3826 -2457 -21046 -9466 8314 6633 -5204 22454 12280 16943 -409 4937 -25280 4484 -7576 28775
1566628195
-4064 -22675 17937 -32604 26892 -18841 15107 -11972 -27561 -19633 -16850 -11999 23517 -25410 3916 31242 31284 -3561 -13845 -18959 -7903 31933 12127 -10471 6232 -5259 24630 -14502 15323 14357 -10913 -2029 16630 22052 26905 -24797 741 25613 1351 -31455 8287 27297 12418 2913 10618 5891 31115 -7236 -10430 5077 28422 -3104 -12485 32750 2346 -768 -1595 -14436 614 16086 -16227 8906 15049 4561
17832 15398 19197 -7092 12992 1950 -25100 11720 -5445 -27481 -5029 -21954 5113 28866 -1159 -1290 1605 -17038 -1165 -11420 29748 -12033 -23014 205 -30035 23675 -32196 3681 -7439 -32012 28059 -31837 -12465 32429 32430 -10200 6564 9553 28897 -8022 27851 -26411 22608 19210 28503 -21674 3699 -25082 -28362 -11332 -14149 -8465 -8945 3199 19782 -18420 -3140 -699 32215 -15357 -28323 -16933 -32362 6535
67631655
18077 -25212 8232 543 -14347 24419 12599 -20323 22060 -290 -21960 30130 10849 7439 -5365 9411 -18909 -13874 -7935 27196 22162 453 9430 -7077 -30429 2989 18663 -20709 -939 -15021 -17749 -11590 -6358 -23600 -30446 26881 16078 10003 18077 -31926 10756 4074 -3038 9049 -11170 23462 -21014 12628 -32486 -26544 5031 11200 16551 -19450 30158 -7528 1254 -26088 -31498 5149 27616 -4138 -22563 -481
-17407 20028 26962 -15846 29290 -26674 -13136 -16306 -16129 24196 -31619 14152 13932 4654 -1809 1082 16334 21686 -18383 6718 -31306 19352 -9897 -31505 -15430 -20916 23967 25025 -20962 29512 11447 6984 11988 29488 -18732 1225 16221 17161 17938 -8699 -16499 -32052 25161 -21142 1314 23829 -27031 -15010 22663 3987 15390 3704 21444 20182 31371 2658 -21593 1335 -8713 7401 -10228 10637 2850 32316
-534333962
-1950 -26828 7217 -17535 -26999 -9663 -2242 28830 31906 -7558 8711 29294 26433 26456 27166 6975 1108 -18431 -7731 6831 -15369 -3986 -11732 -18328 25471 24425 -32532 -5148 27160 24629 2212 32395 -14743 -2332 2415 32283 -23869 -25545 -22894 29749 -6444 22517 9353 -10762 -17842 -27427 -15807 -22290 32601 19035 -28118 -606 -7206 -19168 6733 11204 -16339 -28189 -2134 -12620 -2021 31232 -30431 -20365
-31019 19112 -8773 27889 -1754 22751 -4197 11461 -18203 -31120 -21030 -4494 32145 -27574 15711 -17944 11822 -9204 -28054 23644 24223 -30026 -7077 28640 -16858 -27531 14613 -1469 -5392 -22437 105 -23205 -28903 -20927 32571 24316 -6860 -232 8031 26822 31806 3794 -32349 31104 13485 29820 32396 27417 27094 -17362 7595 13193 1386 -18297 -24956 -145 21113 -17380 15923 26788 -11297 19392 -31081 -29807
-2589024303
8880 6434 -6216 24051 -6822 -10740 -23196 3178 15782 17726 17450 4654 7846 -25314 32341 -13311 -16276 -30142 10604 -2467 26124 15148 27673 14793 32691 5152 -7717 -1727 -19234 -2358 -7983 20850 -9403 27781 -7501 23872 -18698 -18402 24135 -31845 -3265 13816 -12719 -30808 30163 -28237 -26114 -26238 17818 -5319 -24455 26401 22636 -6734 -6266 -4851 29379 4368 32578 -4198 -18688 -18159 -132 -237
17267 19026 -23952 -16064 -2561 20893 -28805 10151 -17075 -27737 -25329 -16347 -27995 -2600 4238 7708 6852 7994 -22308 27933 28776 -7882 30399 462 -513 -23888 -21626 13613 -27766 4303 -25920 15544 12482 -31583 1479 20805 3839 -17603 31062 -32599 -31197 -3891 -11039 -28544 -7160 11138 18067 -10750 31422 2406 28673 -28224 8178 -29226 6588 -5348 10957 -7043 -20262 2483 6189 -387 -12662 28828
1866677764
-30624 -27937 -9117 -279 -24108 7832 11962 -18618 -4976 -22799 30054 21967 31610 -8267 22822 -2558 -20213 -371 30212 21925 -26155 6257 -2981 2216 -17730 14064 -1125 -15695 -31164 26767 14940 -7130 24798 -5642 -13199 -20291 3977 -20497 31647 12815 18944 -5153 30976 -30241 -12719 4828 18994 -27389 -5403 -3901 21931 -2311 15735 -5567 -20746 -4650 25035 24202 5238 27275 -22036 7559 -3043 4951
28195 28398 -14720 -1752 -7632 20518 22011 -22801 30862 -25933 -29374 28603 26611 225 22198 3755 -30397 -24395 -19625 31051 -22385 18408 11376 31151 -12481 3139 26473 469 6934 -6462 -32738 21795 -10671 27785 18544 15239 -18009 24679 3037 -5256 -25179 5677 -454 1767 -9543 18190 -8810 -24162 22090 -13264 -27751 17111 19573 1143 4886 9452 -10628 30075 26138 -7688 30148 434 7657 -23632
-694233211
13683 25066 20928 -5177 -24164 -688 24180 -22214 13743 -13968 1461 -4867 28239 -26848 5236 -6311 9306 30820 23719 8916 17270 -4764 16115 -27895 4981 22466 -27410 -31602 3456 -19761 -23219 27508 -17548 5841 -24723 -15005 28559 4769 -1898 7321 3952 5433 15946 28639 25330 -27930 -5840 16526 -7951 -16480 8774 -15028 -16847 -28357 4938 10231 -1636 26696 -4283 -11377 -8007 8672 17248 23069
29123 23884 13833 2605 27885 18027 -25368 1968 2083 -550 13979 14439 7568 -6365 7841 21999 -24652 1537 -4155 -7834 18990 -22640 8546 -23392 -8823 -16477 26137 20228 20146 31838 16446 21207 21568 4797 20306 -7300 6177 -23873 21977 -1668 -17343 32258 23450 -9198 -31348 16219 11014 -3355 19626 -23681 -4737 -17117 -3462 -16006 23485 -9730 -27894 -25099 26751 28113 -8929 -14875 -13029 5080
-3178299396
5205 31407 10518 28252 -31616 -21326 25161 -16368 28458 7378 -30496 25599 -30069 869 -28639 26131 -19815 -3563 -7389 4572 -6795 7374 -2554 20811 29825 -10910 -5670 9575 18616 7726 1850 -14123 5966 3956 19362 -31812 -27502 5604 -23150 -31475 738 -1858 14856 -1754 -4829 -10611 25947 13560 -11642 23410 -15781 11103 22992 25508 22005 23651 4975 -2560 20109 4348 24344 -28412 9728 8850
25915 -14878 -23416 25207 -189 14301 22038 -10421 -20276 -22990 -16855 -21759 -5656 -2078 -11054 27982 -5987 -3879 -19492 28123 -3049 -19947 -6806 -30194 29696 23753 14939 -3102 5587 24377 -6515 -985 -13313 21873 32443 18844 19451 -12238 28583 12493 848 -32229 -29922 23918 28830 -18230 -21223 -30541 -1136 14927 -23750 -5858 27200 2695 -19373 -19637 -28444 -20415 28516 -22321 8534 24579 18494 -2033
-964944286
14110 23 -20002 28382 31262 -16323 -17235 25117 23960 -32129 688 8288 -20978 -17331 30125 -29963 23834 -6100 -20620 -2859 -11473 -5246 28977 -19104 -19131 18988 16900 25725 -7670 -2872 -11470 11206 -8143 9907 20907 -14143 7310 -28132 -18240 13207 3191 -6476 -2599 433 -11899 -30917 -25602 21749 -8314 6611 894 -2742 -14490 -22922 -24918 1859 10664 -2954 14556 27166 -27593 -924 -32663 -26516
-2522 -25771 1166 -14431 -5975 12225 -13343 -2535 -19715 15011 2077 -5173 -25152 22995 -5127 -14295 -16029 -9912 -30468 24042 -16947 6059 -665 -28342 -7362 -1834 -4371 18258 -28968 2162 -25723 -30406 11952 -12541 -29224 -18752 12782 27278 17809 -21809 -18611 29695 1747 -16370 18928 -8530 7135 -5960 17416 14917 12374 -15179 11799 -23123 8032 -24096 -6846 -24510 -31113 -13074 -6709 -30208 26166 26527
-4111680856
-10411 -26087 -4280 -24133 -8476 -880 16641 18493 20099 -29474 31013 13801 14052 -2997 -8268 -460 -11727 -18055 -29021 1528 -19827 6865 -22365 21531 29079 5350 -8318 55 -11699 29902 24220 32161 -14931 -21535 -21396 14570 -15391 31653 -14728 -5042 -11850 3898 11125 25059 12439 -7989 5343 2668 -17086 15157 12745 4215 13261 -25300 -29665 11047 3916 -6217 -16135 13749 4690 14277 -18233 27120
-5136 -22020 -13583 20799 -10887 29778 19751 18124 -23662 -28075 28063 31193 3645 -4625 12200 -250 -28577 12846 31223 -32712 -7719 18124 -22267 -30163 23419 17934 -4705 24989 27955 -15149 22095 12312 -1898 13177 -28476 -13886 1700 -26582 -17359 7063 -26211 21708 8116 5918 11679 -945 -3196 -16244 -4173 -23684 -19342 25533 24 -16375 8601 -11510 27112 -12331 29319 -8069 3324 -6046 12029 29079
2706062752
-5984 -12649 -3090 10211 -11424 -4959 32767 -10838 -26214 -5557 26027 16506 13855 21094 31089 14829 22008 -10548 5420 -28856 -21011 3552 -13332 -17923 1182 -9738 -10830 -24818 -22463 -22950 -24759 2091 -32564 -24310 21484 29257 3928 -25694 -6946 -21737 15758 -31925 14808 21067 -7450 5428 -16012 -13363 30628 -20773 -25033 22821 -5267 28610 -7755 -24541 -344 -7896 -16230 -18478 28979 32447 -30840 518
9988 -15699 -6271 -7133 -10471 -20919 27394 9791 29918 29369 24077 32435 -22293 4590 -22689 -944 -21730 1540 24848 -22227 -17796 30284 10669 -30479 -15603 6870 -7501 22585 -12891 2875 24632 667 -19603 26362 10184 -3426 6994 -9021 -23998 8863 -25640 -29818 -23248 29573 -11068 26598 -3238 -2847 -23740 -21679 -24903 -13167 1668 16528 -3679 19092 -26497 12143 -2863 25266 -8723 32028 9948 -12734
2129750146
-9559 26774 -11326 18599 6626 -19756 21016 -6144 2650 -2390 -25824 -3837 -6922 -15816 20707 -6239 6547 17787 -10210 12746 -32364 -3552 4490 32752 -19695 -24343 -29315 10562 -7539 25157 18661 20908 -30043 27138 -29586 -13976 -4918 24338 31774 -25348 8183 -4406 -723 25640 -3478 25269 -11605 16900 3001 23433 -12548 -12374 -3519 5697 -30183 15650 27396 12226 -5079 10150 -16045 -12579 -21070 16205
-20791 21278 4490 -21385 11963 -190 -1520 14169 22486 22098 984 12166 -17041 21311 7224 -9100 -25384 17916 28481 -29669 -11856 15214 -27171 -13110 -4326 12317 -30776 -26381 22989 18713 31825 2403 17984 -28543 -19761 -24519 12295 -24563 1737 26762 8946 -26630 -16007 6599 -29814 20945 31142 22403 -4946 20384 14329 18641 10546 -22699 -3084 7779 6836 14301 7587 -4128 -30444 29594 31567 19251
316087587
11395 16873 25572 15736 27079 -30001 2300 13097 -22957 5275 -32030 -14871 29808 1503 25574 -29128 -6334 23742 17441 23135 19124 -746 -27062 17993 1042 294 -27792 2862 6822 26877 4336 19597 -27981 -29753 -3588 -24345 29955 28012 -26870 11164 2818 -22776 25008 27540 9267 22723 26345 -2030 -11331 5727 28594 15408 -29554 -28462 2773 -2081 1028 -32758 16789 -2168 -27274 -6955 -17521 -8665
8460 32436 -2376 -8174 25283 -3737 -17677 -6378 -19038 -2920 11590 -2554 19897 18096 -24569 8836 18269 22789 10294 10690 22088 31078 19435 -27533 -24198 10109 -20809 -19031 -11799 28144 -11756 -25618 11194 23185 15254 -5610 -17513 417 8709 -22647 -1522 -25072 4165 -32728 31239 -31296 -24324 -23181 -12201 3497 11034 -24242 -18855 -24546 7454 28115 -1892 -4983 -20414 -29726 23368 -241 -1142 -32089
-498624695
-19303 11476 -5401 29502 27217 30038 -15019 -25174 22569 -1017 -1967 10940 -17613 -21590 3270 -24137 13552 24796 -16038 -15686 17239 -32739 -27941 8711 22396 8016 25609 -14750 -359 19997 9827 -2104 15327 -15980 32678 -8865 21963 22251 -24034 26220 7477 25015 15262 1497 1429 -5471 6209 26090 -21311 -1890 22086 9047 -29263 16157 -6774 2197 9878 -32311 -24195 9229 25346 11845 -29844 11250
403 24106 -29219 -14231 -19759 29874 -20500 -15518 1740 15029 -18747 17708 -22578 15474 17012 -7952 -19608 19096 -30635 16774 2580 -29098 -7553 -9379 13388 -10009 -398 -669 14720 8997 1730 9463 31409 -859 -16542 -11521 -9011 23567 4485 16516 22457 24504 -10372 -18746 28225 19065 19443 12576 31485 29126 16217 -32687 26708 2517 -17357 -22428 -16610 -26525 -19491 28694 -12568 -3490 -7552 907
5240851927
-8941 30993 27432 -17221 31376 17090 -17650 -27738 -26067 -1535 20643 -1924 5445 -16980 -28560 -31792 10314 12925 166 -16300 -32466 27498 520 10988 -32419 -26909 -9906 13187 23747 -10807 14232 -18942 -14666 5350 -12239 -19578 25470 -18017 9016 5250 -29351 11494 31232 -175 16527 1025 24906 -30497 20007 17095 -20003 -1712 31512 -15946 17111 23623 -4505 -18727 -13584 31480 3083 -13534 -17309 -23438
-13791 31090 -22386 -22509 -18052 29681 -15226 -30331 -1125 22801 15701 -22067 27495 -22109 22944 -11542 25469 11440 -22978 -21173 -16663 -21823 1277 -24114 -7891 -14230 11459 -18636 -19045 5387 832 12673 15730 -6505 -13729 -3762 -3235 -5899 -30794 -30757 -22411 20675 -26013 -10681 13548 16803 -1510 -31128 31343 -11000 16829 -6239 -16381 -26024 -30110 29019 5037 -14834 21348 -27126 28701 26793 3652 25324
1639342157
-17849 2795 29579 10539 -18654 19660 -6810 -9502 -2673 782 21621 26629 -31403 26054 -7950 -1851 20234 -488 -16027 32127 -16426 -12552 32449 11905 31420 5014 -557 -15317 29823 -4443 32646 -29921 29686 -23388 7868 22542 -14003 -6512 -12712 -8081 -3602 -27177 18548 14375 -10072 -12131 25070 -24780 -32673 -415 -6498 -20049 -27310 -3676 -16610 -5165 -15558 4404 16711 17872 -31222 30357 -17983 15951
-16035 739 26337 31007 -8129 6719 -29822 15445 9646 12590 7754 -7056 -32237 -17479 -6474 25611 -16685 22768 11995 -23467 15583 -26439 9361 -1466 21130 10955 -32359 17470 -4118 -10608 -14953 -29829 14720 -29147 22351 27347 22862 -15994 27765 17073 16274 21567 1612 -5977 -6956 5320 -11341 -28119 -5055 -9556 -953 12474 -5139 -25710 -1447 -25558 14838 -11106 24244 24274 21479 16281 2985 -9781
3534797086
-26742 -26562 -3518 1091 30 -281 -25672 15443 268 22918 -23314 -18139 -13268 29042 13224 -7512 11361 3680 -18819 -11975 28424 4695 28176 16597 -18307 21347 15782 11077 -26939 14432 27348 27267 18803 -1087 20082 -432 26186 -26867 -32290 20161 -1487 -11494 -31027 18605 -16792 10095 -14076 5252 -29611 23219 -25500 -19293 -19462 11378 7016 9807 -28691 30901 -1047 555 23033 30301 5519 -3763
4556 9891 29669 18695 -19903 -24689 10397 4859 28461 -13751 -24805 -32536 -521 27647 -12335 21300 -32351 -10974 668 8748 -19756 -7479 10432 25957 32063 -26354 -15912 5174 -30134 32393 23671 -6619 -1943 31556 30993 -6846 -17449 22629 -5603 20170 -15012 -11535 26426 -21774 19042 -23181 -20107 10951 -31327 17298 -21114 24143 4205 -3856 538 -2322 -17510 -30912 5680 8004 -28046 27242 -7391 7416
406678556
-1105 23609 -13432 26539 -15971 -17058 25420 -21235 15068 8225 17719 -2345 -22548 -5549 3633 -17726 18112 4021 -1808 -679 20019 -26337 9211 3970 434 26199 22749 -2100 -23884 -11382 -25390 29395 21240 12198 23787 -18837 3688 22281 6849 -19737 -32449 -19620 -716 8422 -29670 -296 -28578 18259 30048 -22144 -19139 -20148 -31830 -7312 -11851 20040 -6161 -21156 30995 -28361 27216 -16539 14417 24913
30675 -17424 26224 -5553 31713 -25343 26476 12141 3593 -622 -9711 25218 18283 -29790 -15255 23870 16650 4557 15691 -14000 -16132 811 25401 -17295 -11428 10677 28062 -2257 -13592 20164 21425 -649 25955 -24816 31599 -15334 -7133 13185 -15166 16180 13124 631 -16852 4970 22853 -839 -11250 17569 -32157 -18053 -25520 -8687 17265 -30068 -5918 -4287 13298 24673 -17849 -1987 -25777 22860 21492 25650
-1706080970
-30368 31762 12818 -16749 -19715 22137 -25629 -29655 19926 -32766 13638 -23740 4688 7463 9867 27611 -10859 13625 -31249 779 -17349 -7252 -24954 -31582 -21290 29877 -20516 7776 24467 -326 -31057 -21427 9093 15336 11474 30027 30840 17762 -12926 -26682 11887 30064 -4115 -25031 -32221 32082 28192 6876 -15975 29260 -4827 -10061 30310 -6387 -565 -27429 24050 18443 -15244 -15213 20229 8545 -24970 -3110
26420 11476 -16693 -14826 16844 -15385 13772 768 -32164 4772 -31861 31754 29075 3539 24274 -11866 7080 12769 -14354 4074 -30703 15223 4658 27452 3468 32659 28655 -9777 5998 -13681 -6543 22265 -11537 32156 17352 -25566 -16188 -3296 -24318 -18796 2322 -29346 -8456 796 -26705 23068 -32426 -6007 5333 20084 -14722 9739 5632 -816 -394 31843 3573 -20293 -3787 -11474 5173 27643 23303 -12830
-3855565837
18694 -26119 -17494 -29173 -5134 -19872 -13252 1186 21600 -18490 -7461 209 -16665 -30826 27691 -575 -13105 18836 13684 15320 31027 21212 1924 -4522 18834 7672 25772 -12999 21535 30153 -32709 8329 -19499 -17299 19715 -29560 4925 -12751 -8454 28108 -27618 19171 -28406 30667 25610 28400 23290 8578 26968 9158 3434 11374 31649 -22377 -14641 -14708 25788 -28262 26672 -29117 -7150 10309 5238 4183
7078 -18233 25147 27746 -29703 -23280 -31040 -8744 -19216 15531 -10877 14260 -10603 -10903 19240 2449 11747 8520 -1547 -12698 -14671 -28429 21852 -31956 -8829 22040 29770 -21479 -23792 -12595 32264 20038 -25373 15273 31191 474 -30802 671 -23232 9092 2792 1362 31337 -12134 11544 -27475 -1377 -32180 14023 31813 -3821 27625 -10977 26 30382 -13433 29125 27949 12151 -8074 -18738 27120 -25508 9548
-778091389
6981 9816 -555 -9322 4099 -27109 26341 -11877 -17814 -4634 -3105 2266 -7091 -15675 -24068 -3546 -24372 14499 -27772 762 31623 927 -29120 19711 -26588 25845 11768 -20677 -333 14144 -10027 -22856 4096 12992 23243 15838 12538 5959 -15493 -5824 31299 -10462 -6098 14642 1306 -8966 18746 32663 -15593 7736 -26223 -1417 -25526 6323 -6422 -32731 -25056 27039 -17507 32727 22248 -19544 -26620 28527
27501 -31799 -17938 -2303 5629 -8976 14367 4447 -3796 20256 30845 -11596 -13278 17022 -12633 26429 16135 -25081 19439 22577 9464 -16592 -9320 -13289 -10586 -28284 -23404 904 -28363 32765 -2033 -6184 -31360 18681 -32344 -8488 9636 14533 542 30779 -26423 -24594 16710 13623 21725 18396 -15135 14589 -28173 -32633 -12859 -3056 -31482 -1821 -1542 5116 17020 -10031 -20759 -15548 -11549 24332 -3335 7619
-1977186604
-7406 -16660 10321 -13716 25411 -722 -15856 -1005 -4657 -17730 29402 25687 20784 -20277 -4598 -12818 23252 24022 -28212 -16755 20363 8738 5865 7517 10898 -26595 -13843 -2062 19951 18452 -21808 8794 -16541 -24044 -416 1198 -15939 -14149 -24526 -12753 -11257 16696 -18162 -12843 16815 4807 26900 6537 -16942 2734 -31817 -10037 -11459 16098 -3953 -20867 31337 -20822 -12038 2735 -7080 -6359 -20596 -11814
-22389 16650 -15538 7583 12390 6641 11612 -5248 -18794 -13795 -5924 28127 -16847 29216 -17821 10745 -20566 -5504 27389 -13937 21186 8774 4741 548 -12437 -27992 10482 17335 -23020 -18016 -2004 16856 -16999 17377 18698 28622 -32535 12760 11923 -21650 5963 -5617 9333 -14075 3206 31420 3281 -24409 14175 -10169 -9821 23230 9267 -32711 -4410 -10587 -5609 26071 -21896 11132 -19908 -15637 -23283 31118
-1603745859
-3341 7578 29651 -20161 -2528 -24355 -2915 -30933 6400 -11832 -13547 20582 -817 -13347 27743 -21379 14543 -20858 -19028 -28106 -3099 31640 -9844 18595 -11471 -18733 19912 -28770 28876 30489 -1224 -21394 -17460 -32745 23318 -3858 17517 21456 16337 -27168 15312 -26165 14751 -15585 6004 4320 17970 11329 -24567 -873 -5958 -25451 -11118 1782 -12554 17159 -27015 -17687 -15291 17834 -28730 -5347 6597 1948
22103 -20525 1821 -29904 -31593 -30970 27343 -24147 15165 -29970 -25351 7926 22146 -12464 -16517 27018 -25809 23677 -24317 25680 8511 18857 14001 -4531 -9063 8597 -25881 17211 -11120 -22792 5769 -8204 3212 23126 25026 -7649 3882 -2753 -20587 10562 26265 -13566 -22463 -4268 22531 -26253 17362 -26951 1816 -8457 -23118 -28842 -5297 24077 -18329 -20750 19305 12199 -27294 17171 22160 26125 5712 10597
-910812720
11698 24482 31074 836 24529 30689 16905 22851 -19183 8890 3466 -12557 14329 6904 11002 19889 -27337 18791 25677 -13167 23195 -5174 -25066 16145 2057 25832 -3895 10422 -8760 -15240 14901 -28577 14617 10630 29195 11360 16626 11704 -9253 20627 -13778 29448 12699 -2403 -8617 13697 -11874 -8399 -7729 32643 -13425 -12420 14883 6487 21224 -17787 32431 20402 -30524 27060 -10380 4882 -19632 -32651
-11660 12106 5607 13820 32670 -18784 -19537 6293 29006 1502 32591 474 -4863 -15363 27200 -4589 24770 7439 -31916 -12269 -262 25484 -12703 -8968 1411 -17820 -10055 -24125 2750 10588 -19308 -8474 24590 16697 -25137 -11052 20613 -27408 -16257 4866 20126 13719 31047 -31452 -2707 -1579 -13419 -31440 -28907 -21083 -22089 -27011 -23607 -3311 -14234 7829 21348 -9774 -20476 -1033 11518 24850 -26608 -12011
251267338
-20933 -23450 -11474 22582 -31694 7759 -30760 -15437 13701 19221 32013 -23247 -5096 -688 25030 -9292 -4067 8763 23195 -31110 30387 -24164 -28947 6376 28135 -365 -21248 -31470 -27934 12168 11576 -19887 1552 -4896 -11904 19693 -8168 2530 -22112 13929 6818 21575 18826 1293 -30147 31536 -30354 -22766 8026 -24972 25132 13881 -26705 -16221 -22931 -4869 20597 11023 -22745 -7992 23866 -27419 26517 719
12009 -31844 -1385 27863 -27863 24793 25315 -26456 3582 -20236 26066 -3435 15703 25140 -8174 31975 1882 -29027 -11074 9425 -13223 -27296 8858 -31883 -9933 4682 2998 5975 -31071 18564 -18078 -2741 5571 -23663 -21088 26665 -13021 -27375 27459 11622 8741 -3178 15419 -27532 31272 9614 -21171 26299 -9544 27709 -23952 7406 22439 -21884 1938 3653 -10380 -945 21020 9635 -22711 -8255 32507 14236
-441304317
-10934 -4114 -6314 15796 23876 -24391 -32524 -3294 -17886 8003 3712 -11807 8634 -10394 -24683 -12346 26623 -8912 22371 8269 22329 14869 -5229 373 -19459 22493 24243 -27400 -5725 15017 31417 15000 2424 1539 23220 1639 -7803 -26212 -15645 -16354 11270 25606 -10651 23116 23763 -8492 -14504 10071 -31207 -6376 2086 32352 -13047 -5776 9600 7229 -9254 -29098 -21789 13968 10771 -3035 -29506 -8019
-16612 27107 -10328 -19018 -6193 -16633 -26984 3112 -5454 28198 18423 -30346 -28230 -14546 11084 32701 -2294 10917 -22694 25620 -2789 -28581 -21340 16985 -8146 6688 6518 -6860 -20058 -16862 -3515 22703 -5496 21648 73 605 20355 16601 -9126 -14482 -28632 -9712 32153 14075 -31622 11160 18751 16485 25269 29801 19837 -21661 8896 -12909 1045 24045 32121 -14270 23221 17454 -11920 -4010 12764 -7057
-2945057793
27589 -26635 -23112 13927 -31692 -23808 -5609 4140 -17573 -28801 23191 25978 964 -5430 9143 -5321 -22339 17984 -12655 26505 23356 -1475 -23438 25972 23202 29615 -13345 -28184 6943 -6319 32558 -17845 3712 -28762 -604 -31207 -21369 -10788 -19282 12773 30140 2287 -11943 -11783 18117 25169 -29050 5909 30567 -21911 -31050 -12014 30678 -24671 27101 -20236 10687 9076 -22117 -29157 -6365 7535 18850 -27825
-11004 32225 931 -11538 -11337 -24869 -1579 -32039 32650 12284 5401 1464 -27186 -24068 -20755 -24189 -25793 17152 2324 -21554 -8522 -2679 9633 -25422 -20881 -27394 -9865 18157 -20658 -22795 -885 8492 -31758 17311 -13047 9318 -19452 15118 4712 26582 11862 -11398 -10719 16412 134 3667 -26419 8300 7033 20737 -31360 22717 17814 -9182 -470 -6527 -14951 29459 -19889 -14300 -12265 31511 -3188 -7420
-330151799
30675 19948 17087 32204 -31945 27477 -377 -478 -21464 7446 15426 29198 -20562 -29327 -26772 10322 -19350 -13197 -16585 16123 1733 31012 -15254 -32220 19967 -17343 4539 -11827 -3230 -21085 -24304 -7182 -29511 6013 15378 -23481 -30835 -25457 13340 -27707 -1169 2419 -3747 -4080 17628 -31255 7111 -27438 -11317 31594 -31111 -13066 -13104 -7103 21664 2752 2202 29054 17385 -5587 -32743 -5896 -11782 -2550
24461 -20500 -30836 22846 25387 19024 -31924 28400 -26352 -29239 -1863 -29489 -14273 -27447 14634 -32125 -1554 -21715 -25949 -4308 6463 26981 32326 6104 -22160 -9563 -9117 7741 -30875 -29229 1130 -21252 24873 -21732 15330 -16915 -29491 5561 16054 1085 15522 28285 24877 -18797 1264 8106 19099 9431 16399 -4221 -27684 -15055 -9401 23664 4510 20802 -24293 29069 25878 -30665 10453 32552 -23749 -25171
3832014455
21313 737 -9070 -19583 -29991 -18883 -4227 -12410 -4462 18374 13075 14253 -31867 7567 16778 27166 23846 -25862 -8487 6578 22980 -31771 1220 4958 -26765 299 -27847 29424 2457 32111 -21536 1798 -1784 6362 -27297 -23815 1387 28462 12786 -5528 -26149 -5343 -1923 -32303 -23381 28838 13628 -16352 -20801 -11881 25452 8405 10419 7177 7137 -31868 205 -6273 3074 -29909 27977 20089 4366 -18781
3062 29151 316 17994 12650 -16466 4056 27186 -23128 17358 -9312 10404 -11966 3446 1916 24534 26533 -4329 -2718 5911 -3378 19688 27491 19077 -18095 24352 24987 -32645 -1706 20054 27336 -13855 -10814 6183 -26451 20108 -32179 -21164 -14540 19000 2390 -4528 7569 -20611 15741 23914 15806 -32417 32681 -21053 24260 14756 -30593 17823 -3832 -30869 -19867 -15978 16469 2732 -16002 3050 -3254 32587
1129870478
-25537 -7536 -7363 -21858 10198 -18049 -18301 20913 -23401 -207 4763 -30516 -22382 -5760 -21775 -4669 28251 -11246 -10552 -22004 -23708 -20207 3201 16916 8025 -27523 26713 25511 2266 30242 16945 30869 -29899 6860 30922 -22772 -27798 15777 6980 -15811 -22357 8491 -20014 -8699 27340 13940 -2559 923 28735 13822 11059 18025 32326 549 -15460 22326 18287 32620 -16279 32387 -24718 -22160 -27355 7439
2253 2472 1526 7264 -4534 -15361 10115 13978 25620 28495 28806 3532 -27581 1322 -17278 26819 -15789 3043 31874 236 -3112 16546 -12634 6981 -25875 -16725 12391 9118 -27924 -23209 8608 -19938 -1496 30103 -22253 10438 6421 19820 21386 -20371 -14047 2264 22122 31293 25893 -2151 -1529 -7254 -10246 18744 -18948 -31992 -18972 8202 15470 27686 21759 8787 -27625 -10730 -30289 18279 -5067 4308
-572365774
-13431 27154 -15218 -14633 26862 -21703 -28896 16647 29 20913 626 -23268 -32636 24249 8439 15103 -9608 -7722 9517 -21045 -31544 -22051 -10593 -3757 23941 30868 31782 10462 -6001 -31308 9148 3782 2707 -21677 -28401 7606 7519 -7981 -6590 31524 31398 -11119 -15874 32696 15081 -29631 -6843 30081 14791 2848 14539 -16300 -31519 28595 4437 -30491 -20194 16904 23747 -29374 3768 -28127 27928 22447
-18144 8367 17340 -12239 1965 27950 -341 10009 11538 893 9724 30289 19399 26617 -22596 14255 2780 30178 -28272 6651 23758 7201 9731 -15421 17394 -12478 20739 -30329 28002 -22368 21100 -28104 -11433 -8883 -26586 3039 -29681 20659 9162 9167 5546 22434 -5147 13311 -7308 450 -17274 9749 13463 -26803 27725 -8650 -12278 -28658 1107 19213 19701 304 -2388 5761 18327 20153 -7698 -20568
-1893772151
7636 32101 -3848 6946 -20365 15981 2122 -19246 -12544 7285 -16450 15948 808 26016 -23852 -12738 -25190 -12704 4266 -5759 -3262 14988 30558 -1015 13127 31804 12150 5999 29710 15578 18604 3452 28121 7830 -12716 -27514 -22975 28446 3711 4657 24447 -10214 -27300 4956 -6594 -13979 12256 10394 20022 -16755 -28004 -21248 -410 16599 28727 -27097 -4729 -30860 28064 31181 12912 20863 -12192 -3954
-4866 -30709 -30027 4154 24918 17335 31217 -7764 -16491 -16248 12190 18099 20702 -6483 24384 -11027 -28456 7451 -14369 6705 -20411 30113 5677 19075 21706 -10031 -22474 8284 21026 3017 15526 -7616 4787 -9179 -11499 21786 29905 -8057 -15111 -16886 10571 -3880 28172 -13196 13543 32646 13869 23429 16018 -18937 -22410 -19527 26542 -26729 -27422 1249 22244 -14951 -15153 9817 -15273 31152 -24407 -22448
-68321688
17145 -27048 13662 3580 -27728 27410 11642 -9925 -17549 -27862 19231 -16105 -9418 -23101 -15108 -2129 -8287 -31591 17306 15380 -17915 174 8346 8470 22199 24737 -19639 24895 4292 29978 -31257 29779 -14025 6505 21597 15501 -17330 17363 2072 -16468 -8915 3899 30181 -3857 7859 10862 19127 -11094 31747 -5161 26373 -1821 2149 -28582 6107 -17945 -31843 20707 6419 17256 15587 -4580 3704 -26952
-3720 16066 -12502 7112 14975 32521 -19631 22193 -2570 17431 -8608 -15630 -22712 -12252 30449 -2518 -18458 6083 -5966 493 13024 -13248 -32074 -28166 25719 -15177 -12876 -5857 6414 19452 -440 28649 5029 20526 -9183 5596 -24143 -10153 27990 -10569 14203 -8997 12138 -15047 -24788 -21159 -4693 -1000 23439 0 11328 15120 -20588 -19674 1599 14095 -23584 16709 3322 -11473 -28721 4866 15462 7763
1748527358
-25466 22026 -1412 -12521 2426 -4343 -31724 2843 29270 -32056 -11987 -21415 6110 29634 30947 -11459 24267 -14870 9460 -30377 22730 23910 -13054 19042 -24033 -1895 10618 20551 -11512 26142 25995 31566 -24859 -4519 23120 21624 14114 22108 6312 1201 3944 -172 19359 -1370 -1116 24645 -10512 -11464 -25319 -12069 -20331 -23626 25734 23562 27383 28872 13863 -13949 14048 25732 -18272 30349 20356 -29329
-19473 -14645 -23267 -21596 25405 -20511 13707 12801 -5127 25188 25733 12793 -11633 -32603 4633 -27101 6075 -26209 19315 -9409 -3591 5617 16115 18163 23456 10904 5815 2958 19104 -27226 -27014 -25043 -12862 -24501 18657 -31393 17174 -981 -16290 -5461 -925 -15848 20615 -12587 22214 -9216 -12998 4235 178 -30459 -11484 -14226 -29721 -15152 -21389 31102 -13147 -20944 29119 -28385 4286 22724 -4993 -17657
-2101672185
16747 -5426 -8608 -23415 5201 1512 11198 18924 18541 7788 8967 -25807 20898 -18449 27118 -28453 -18415 8775 -151 30662 -25319 -16211 5550 30259 27217 2180 9947 -21274 25955 18603 -26135 -32444 -20179 -27777 25200 -9079 30696 4763 -9372 27620 28027 16020 -3449 -15104 -27684 -19747 20281 27150 -267 -9992 -12689 6155 6207 3246 -22636 -29911 24699 -29950 12855 -12687 -16398 13316 25110 5009
-3585 -6570 -6129 19687 25052 17508 19493 -958 3065 20692 -9180 8941 -5886 -27485 -11900 18417 29073 31029 -6875 -25225 -6302 -29671 11655 30491 2745 28267 -26388 25059 -28946 -5301 1855 -13356 22449 -12517 -21326 19117 -32465 -3778 -13975 -835 -2513 -28968 -18347 19297 -22978 17163 18401 -14586 -32239 19055 -23232 -20718 2309 -13709 -22404 -25682 -1184 18572 14683 -3763 15803 31313 -9066 20908
-2460049027
7703 -30192 -26318 1545 -4169 2270 20313 -5269 27347 -26533 25069 -2263 -20020 18006 7245 -22078 5597 -903 -5953 8057 21099 32666 -6007 -2545 3986 -16225 7998 8472 -1741 -21707 -20200 7449 27398 30797 -31152 -9338 -8174 -25220 -27131 -6252 462 -25713 -7651 9358 -26178 -27473 -19007 21132 22617 32159 -10050 -3057 -10716 28123 -13983 -3000 2688 -23748 -31043 29289 -14426 32440 -19863 30727
6956 1025 14934 -24508 25963 24129 16349 31565 26446 15709 -9339 22347 30530 1102 13838 17995 25720 30177 4952 -18992 14778 -28588 20106 -19771 20066 32641 17657 -31991 -29163 10528 19205 -9620 18233 -6915 8670 6433 4085 30133 30655 -22560 -10948 17531 3489 12442 -16553 16315 -689 2475 9298 17130 -29346 3904 -17623 10363 -9240 30359 -9360 -23262 -19882 -15198 -14434 -21222 -23614 2327
-2658649786
20539 10568 -30189 15512 -26167 -7120 7405 -14298 -19930 27652 -15686 28339 -5459 14693 4455 10386 -16601 30255 31644 3235 8749 -11401 -22514 -13488 7687 -3170 -29366 10132 -15946 13185 7463 -30390 14750 362 3374 13583 20124 -819 7349 -8331 -8783 -18557 -2006 6641 511 9795 -1275 -29366 -21590 -13383 -1248 -7185 -14596 -10937 -751 9632 -4431 21685 -5553 -30502 9515 -25955 15980 24132
-26713 18976 2464 -10203 23701 5718 -20976 -25945 20030 18198 -26168 7306 9978 -4566 -22407 7279 -22892 13676 -12969 19638 30633 -2040 3297 14747 -18475 -10424 6460 10634 11408 -12306 8560 14187 10248 312 19911 13996 8235 5739 13205 -12904 -19297 28108 -14996 -8006 25928 -12362 29617 26334 1 13439 -30900 -4337 -31130 11807 -30708 -21410 -2 27009 -7316 13333 -3090 32665 -25869 -8904
-2661488756
-24712 1367 -28989 1550 9205 -11838 -7417 -9395 14804 -16528 -18845 25719 -25174 14560 -16323 23224 -1763 27116 22669 489 -8524 12545 13602 -8396 11975 18694 18620 22964 -27956 1374 10294 5831 2451 16939 5597 -16991 -30659 -2652 23547 5961 -10763 -32348 -13999 -9209 18950 22013 19566 -7890 13634 -2791 -15638 599 4586 -24199 6688 7177 15474 -26592 -24974 16940 -26670 4699 19622 3609
-29814 7293 27026 27333 26450 23658 -1748 31851 8984 -26632 28474 -6698 25542 -13087 13622 20842 -12310 -13435 -30339 -23765 17051 22901 9195 -8196 15995 31165 14767 5830 -19114 2345 -31553 3389 14493 13481 6256 31537 5814 -30253 -17761 -2499 9547 4746 -1206 -15158 -13334 3801 20636 18779 -28468 -29620 -8727 28886 -6860 -9571 14537 -11892 872 9244 8278 23353 15786 -30279 -11105 2383
-1852424497
934 -6331 -29111 -11616 -14795 2173 -21770 -17960 -31280 15909 -12566 -19967 22383 8518 -22741 -29384 -12704 22517 -19327 28311 -26734 28979 23954 -12272 23294 29944 9357 29475 4040 -12357 30223 -24411 -28075 -17887 26363 11892 4008 -18628 13939 14545 30398 5708 2640 -17512 5327 -13757 -4122 7838 -2281 5000 19965 3610 5379 4578 -15744 6555 -13687 213 -4328 -24421 14903 -30593 22668 -18661
-5862 -10179 -19125 1785 -25098 17280 -12830 -3943 28507 12615 26202 14581 -5787 22925 21286 26651 21957 13622 -14836 25001 19940 20880 -17391 -5095 20758 -27527 -2325 -26898 -19482 -11895 -14103 -12951 -18165 18876 30891 -13933 3639 -28291 -26310 -29305 24758 -6104 23359 4395 20156 24982 15642 5103 -12119 4837 8992 -18978 15467 -2483 -24745 12334 -25445 18175 -25530 28122 19876 10003 -14409 -13866
-201085404
-14291 -28625 13601 25281 -20643 25437 4732 -27717 -15240 15796 18094 -19432 13470 -2534 -14383 -14270 22752 -16570 20052 23174 4243 25840 -1827 -8351 707 20698 -20270 -1453 8127 -9781 14578 14735 12666 -5226 18832 -7114 -16841 -10391 15041 -6319 -21133 8370 -30067 26804 2919 16848 19020 715 -16388 -12070 -6611 568 -10929 -19422 -28009 -19763 27029 12776 -21795 23862 23289 -29634 -7606 6572
25775 7164 574 24101 28284 -13820 -13163 -15649 29615 -5672 2332 25742 -13490 -32443 -23149 17406 -31487 -4315 24212 -5991 12458 -30450 -19744 -19577 -19752 -17234 -30846 -3630 -5583 3808 17581 3856 8895 -18307 10353 31277 31683 31863 123 17100 32419 -23846 9920 2091 17926 6987 -10412 -17929 -16246 7155 25760 -24389 6361 -20105 -1123 -29175 5044 11830 -16922 4904 -10135 14477 -3378 -17133
-2888156855
-11811 28562 17590 -7686 -1744 -22204 3058 -13323 -18819 -21329 12998 -32403 6432 7880 -20133 -22200 -28064 -24998 -11142 -26128 -24108 -7794 9449 4947 -21630 -16181 -7340 6417 -28731 25658 31347 23102 11964 -27549 -30630 -8531 -27719 -6050 26294 -1073 -12100 2661 -26355 -14195 -24915 25696 -11426 -1612 15826 32605 1633 20877 8388 26645 29994 23210 -22970 17132 18809 -20265 -4090 -14824 31048 -16073
-10138 -794 2717 -1500 -23095 5280 22797 -6957 -1853 -1251 -24472 1720 29876 18512 3025 -24258 17936 22428 -10743 9478 -19157 27295 28457 -23202 -16514 -25212 14660 -7078 2469 -9718 -5518 -12455 15840 -17447 11105 -24001 -8085 24329 -6562 29868 6543 -6994 14112 26818 -4092 -26382 -22733 5496 -3638 -21801 26593 -6634 -9692 -25836 1154 -22364 -24171 26217 -22600 27993 -28651 -30585 6406 -9194
-2169129466
-17486 14492 20404 32446 8684 5759 -9014 -16787 6362 24798 23132 -8722 -17258 -26064 -21657 -4044 30136 -17527 30505 16228 24447 21152 9219 6333 -26385 20767 10369 -24604 15375 6818 15603 4094 7458 -6599 18908 12087 7148 21292 20975 11506 21146 -10804 -14286 -11046 -29306 -465 14905 25104 2610 -22769 22912 10971 14693 -14525 -16922 11705 24449 2551 32679 -21677 12362 13279 8301 -18916
-16506 16227 24917 -20445 27284 27760 30065 27587 -3802 -8583 27325 -28993 25581 -19994 28160 24582 -15368 -13081 -10565 -5634 -29330 -7353 5235 29255 5574 -21767 20396 -12229 -9360 -6266 19975 24513 -19410 -8434 -18486 15223 27106 19484 32381 -11221 -17932 -20136 20697 11887 -15584 -12978 -15460 20178 -4695 24186 11423 -11470 -19037 1981 -14280 4776 -31106 6109 -2136 9710 -22106 14879 -32027 22608
-2276233172
-10995 11826 27855 -8249 28433 -20113 -14326 26971 22916 30765 3806 24444 -16089 9904 -1103 26908 17397 -32735 -22722 -1770 -9769 -16747 23020 30709 -3435 19762 -5206 -8317 16829 -696 -21456 1033 -7700 -22763 -27593 -24540 8100 212 29392 13325 -9759 -20198 11878 4625 -21814 -30206 29230 17935 -18084 -8057 13513 32050 10015 -24043 22250 -3107 -4168 17933 15525 3150 25894 28616 -17014 30111
19375 -32082 25611 22282 21430 4113 3496 -28117 5759 -11015 31855 32350 26054 -11667 -9389 6602 3746 7352 -7144 -883 7409 -15355 -15314 -7693 -7909 6659 13464 -28263 -14378 27451 -4950 4654 20790 11286 18304 4423 21034 12308 16769 31372 9936 9126 -19583 -21571 -18758 -2372 5433 8494 -22342 11726 16292 -16959 -11720 -21254 -10331 24524 23183 7779 7668 20352 -12484 -18933 -25104 24879
614359704
15650 19389 -2503 -21228 -875 29152 -11954 21115 24073 -13536 -26810 -11876 3506 18114 -20278 15658 15245 30598 -30258 22769 27034 21351 -6286 -14618 -7933 23921 -791 -4929 16654 26227 -6825 -10331 30127 26882 31580 7951 7536 -19644 -10813 23327 -4388 -9161 -20074 14005 29806 432 -24145 2910 6568 -14341 -30408 -23313 16017 21353 -4095 25976 -19552 -3915 8290 -24018 536 19451 25209 9221
22898 8700 6918 26377 -2909 -29315 -8192 4403 26786 25900 -24358 -28414 -24023 20348 -4301 2028 -23086 -22176 891 -22463 -31692 -9616 3487 -31744 -25774 30285 3372 -9307 18522 -7263 -10437 -17806 -17109 -18629 32633 31462 -1412 11766 -31577 -14803 31736 -5744 -14764 22295 3652 -27455 -12306 -2468 6617 -8258 -28628 3401 594 -568 -18358 23785 -497 -12281 16979 -172 14180 -4353 -18513 -13148
2242066815
4644 -20192 29821 2410 26400 -17931 12287 -7319 -4380 11094 550 -15108 -10063 31838 -24735 -341 -15454 -14452 -3262 -15988 25917 27346 -21800 -15796 28405 21010 -23957 21884 -8274 31582 26979 -9533 -7876 2462 7164 23879 -14478 2944 -12978 24282 19707 -26145 14067 20948 -583 -21033 -10919 -10367 -13937 -20834 -19105 191 11744 -27494 -30862 -2722 15181 26382 -29643 -26788 -7117 -28463 -4831 6572
-13239 30634 22740 29780 -7872 21630 -19983 -3818 8185 4813 -25893 31686 10334 -6749 30002 -6864 24035 -3533 -4613 20804 -18913 -17258 17011 -6981 8994 -23247 -23284 -4921 -4544 -29434 3650 -32311 -15125 -31940 -28927 -23275 -7945 -6102 -29152 27109 29584 7850 31234 18535 2258 25709 18360 -30912 29744 31032 29135 15520 -11186 -15815 -13023 -7578 6864 24144 -30382 -5815 5930 28056 9104 6682
-3143887598
-28801 -27532 18011 -9820 8269 24509 -2016 20016 -3549 -12230 -28372 -16895 -29517 26388 20124 9522 -14262 -26353 -21744 -12562 -21982 1336 12223 -20561 14999 9991 -13766 31184 17756 21220 18054 29462 -8171 7976 -18465 6066 -26320 15975 21424 -25946 4549 -17307 -24277 10399 -8649 23537 -6880 -14063 10536 6426 -311 30416 -2248 -10544 12160 -16004 -14082 -1539 8942 25796 -5467 -27943 26636 -24232
-23769 -1526 -157 -25962 23845 -4660 -8917 -28036 -18519 -27134 -26969 -8414 25689 -20194 -30498 8330 32254 -31507 16148 27034 18960 -4748 -31789 -7611 -1045 1546 -17537 -27695 -6141 -32680 4700 -13288 21239 -16813 -4726 -8328 -27746 12369 22603 5189 -1391 -28554 27357 -31012 -9660 -16008 -6372 10636 -16703 -32445 -3932 -31344 -23300 23433 148 11461 -19290 -16523 27253 31813 -12675 10211 -9418 -6169
-3269496880
-1627 3563 31098 -31848 -20217 -7707 30714 3038 -6073 16891 -29059 -14030 26356 26093 -15998 25855 -19575 10765 16913 -18102 -10282 -31878 16070 25312 -18165 -5747 -24884 4032 21098 24272 -9936 29784 20154 -45 9291 9705 -31329 1248 20449 -24382 -19146 11489 -26512 5317 -16719 -9939 -13328 -14767 -18953 -13053 31754 -18112 7623 -1613 21022 -21052 20171 -31342 -17634 10042 -4931 32147 -3208 -19200
26063 23784 -7399 11680 -20916 -2077 19385 24687 28627 -22310 9743 6272 -19375 -31582 -20517 -14893 -16703 14919 28087 3247 17223 4906 32440 32642 20890 13902 17647 -9284 -10774 -1626 8385 17208 -12986 16109 31361 18541 1189 22719 32106 10808 -19931 -2394 -19872 21478 -20621 -19659 -24821 5291 2340 -10546 -14952 -3023 8685 20510 -29456 11860 -484 -330 -32301 -32441 8622 19248 29268 5247
1225040472
13747 17860 -18882 -19409 22332 29163 -3624 6721 -19892 14125 -1842 771 -20778 -10776 7091 22422 -13517 18150 15820 7924 -5502 5200 16098 1888 28110 10255 7227 -25454 -7092 -21581 20411 -29012 1893 -20654 -26151 19152 25866 7091 -16943 -20225 32646 18722 30035 2154 -27893 -8208 -24057 -30168 22925 -27980 -25148 -15870 26668 -29120 31553 19983 29510 3053 -9104 15715 23394 -31027 10240 18710
13524 -8010 31936 2711 -1178 17101 -14335 -7550 -2526 -29051 -26172 18114 1743 -18424 32144 -14464 31846 -3351 32291 -16393 27791 -18548 11249 -16642 23734 7223 -13805 -1057 -24790 -7384 10570 7603 -24561 30499 20626 29160 -2680 3202 10359 2071 -3167 26697 28533 -26369 -12249 6696 -17066 -14828 -15848 2650 -17840 -21616 3047 6561 -19007 18705 10326 -18481 6650 -25941 28353 -21500 4113 -23535
2568109146
17923 -17791 -11828 -20858 -24810 233 8981 15798 -32719 -3134 -2413 19335 -14343 -5335 9181 27932 15640 -27659 -6923 -4694 4072 21725 29571 -21895 17082 -1076 5921 15132 -6321 -26343 11496 -27865 5753 -4600 17656 24432 -25164 15884 27746 15640 -26788 -7052 -30974 -26083 -32185 -13539 10746 -13141 -22161 -28964 -20603 19048 16384 10865 -25691 -23782 -20642 5258 -8947 32582 18177 -384 -13176 -30724
-15805 17383 -29013 -25001 -18661 13859 -25741 18429 7789 -17214 -9430 -2224 2043 -21156 -12153 11407 -2122 13893 2527 7471 29885 -12588 -27044 27139 -16391 -11292 -24545 -29910 -434 27306 13912 -6951 -9967 21281 32528 11437 11424 32196 -5233 -21397 -8782 -146 -10711 -2878 19137 -19335 -20030 -18730 23517 21004 -19348 25818 -26623 -18824 -9195 -6181 27031 14368 4856 23756 9927 -30704 -2788 -18577
-1063001114
28539 6943 11836 -5249 9682 -9778 -20096 11920 -29676 -849 -7688 24291 27661 -9547 -22776 6607 7112 -5270 6140 -30216 11895 -25361 -25771 -17410 13155 16756 -27371 28494 17707 18002 -964 30552 17022 6137 1536 -28900 -1828 -15584 -7067 -26008 21369 21220 31423 -11088 -15501 9796 -10325 -26491 27044 32444 20163 11940 -7773 26571 3268 13536 21546 10932 -27389 29082 28007 -26430 6036 8386
73 -7453 21189 -781 23815 -24196 -19349 -23580 7530 30797 12820 12402 27570 16786 -20075 -26046 21433 -20192 14065 -22684 -22180 17950 -780 29011 -19173 -21463 -5152 22831 -32488 -9435 -17819 29811 524 -16990 4033 21019 24228 -11620 -3037 -11441 -11577 -11334 -13357 2545 -10780 29426 -20598 21891 22170 8163 -31328 32384 -3700 6578 6383 19222 -19744 6614 -29393 -4156 17830 32258 -23216 -22642
1473241906
-8781 -10999 2375 -14677 -28674 13116 19278 -30176 7839 -22172 -29451 -26576 -9203 10108 -9146 -20945 -13857 7264 -13056 -26662 7101 -31603 8738 6360 -9177 18762 27464 -2652 -23160 23454 -12742 1211 -28656 -31845 -28058 18268 11533 -1455 5285 -23936 12407 9248 -16657 -7424 -23697 -13894 7930 -28277 -5876 30040 -31973 -5361 11122 -29479 -5734 -31585 20420 -16866 -6928 -17617 6215 6189 -25297 28769
13644 -28163 10481 -27182 -7352 31823 -31122 -28437 4101 -1969 -29059 27785 14514 7968 9031 32357 14633 -9456 -7875 26722 -16748 5303 -19028 22650 -18202 21333 13121 -23893 22791 -30380 -30044 31509 30399 3996 26554 23478 24355 -4968 -20556 -20734 3291 25802 17713 -3298 -18631 -28212 20669 -640 -8654 -4218 16313 18594 -9407 -2552 -2474 15986 -28509 10694 28653 11169 -15874 26815 28949 11816
-2452724910
5018 25549 -15776 32465 -6895 -9037 -12124 10921 -16672 31320 27933 28554 7863 -22632 3567 -13591 -1037 28505 4518 26067 -15972 -21730 -4698 -5780 3606 -10609 -1285 -31524 -27212 7817 -19584 -394 -28935 -25815 15300 -23992 -11135 -17814 8644 -12986 13979 16636 12541 20753 -17443 32079 -8222 18851 6929 -20056 9145 18489 -10454 1900 -15391 16250 29605 2970 -12747 -15701 -12382 -1126 -22900 1522
-6344 15494 -14702 -185 12739 -14496 -21257 -30342 16054 4317 -11268 20090 -11103 22211 8788 -8234 22020 -12858 27781 23573 8981 -29859 -14676 -28810 18399 9394 -27987 2822 -28630 1955 15200 -17133 -4508 9141 -18864 23950 -26517 22485 -29898 -18820 -13564 25495 -12044 -1710 -5762 19384 -8486 -21606 -12812 -8387 -31743 11178 -20025 9578 1381 -21108 -20109 -10736 9063 6616 -22640 -16313 -21152 -5652
879492146
-6812 841 25529 -9562 24919 -14797 10001 17206 -440 -32533 -18545 17673 -9204 18409 27703 8414 -30467 4211 -18850 -22852 28535 28654 24529 -31631 29365 -1113 18937 -24517 11593 19558 -17619 -27784 -31578 -4459 31332 29569 9832 -30096 -19195 13039 5056 22145 11352 -8953 -3286 28723 3091 -11040 5174 -21370 -22709 3006 13498 -3433 3081 18569 1818 32317 21433 9261 24505 -2627 15895 7313
-15663 13182 -10091 25599 -7010 11373 -21920 29816 11851 3768 -5249 27441 21658 13229 -26678 -2805 19244 -26285 -13669 -12510 -26905 -1065 -15116 -26597 -5332 -10547 635 26315 -21611 -10780 9353 5804 24696 -382 16685 32063 24259 -31259 19689 -16022 14342 1912 29229 29452 26934 -11453 -260 11376 348 -2929 -10735 -27454 -26856 -7680 29907 -21106 -19901 -28973 -1104 29545 -4945 221 5789 25942
-2792917007
-23043 -6737 -22997 -21907 -23830 -31906 -17607 -16487 -25396 -3339 -21560 -1573 10963 -23544 12445 15964 -30427 -25019 31003 -11496 -11507 18511 13654 22769 21242 28 -3376 -18426 7727 -28723 2765 -29203 -2668 -15512 25537 -21153 31233 -4572 -25967 735 -14582 -15822 29102 -3522 -3174 -6890 -17787 18623 16409 7266 -5823 196 10338 28788 23675 -16217 4700 -14143 17665 -14470 -9745 26560 27674 19059
-7460 27482 -13831 -24219 32108 8182 -18291 3008 14070 -21118 6694 4869 226 -20639 23464 -21331 -30682 6588 10282 10139 -13493 -14149 -2918 21518 19132 -21358 -28856 3182 -25557 -1573 7494 27315 -2522 -9172 -9214 -24648 -29886 -23158 -9053 24439 29987 903 21456 23862 20245 25827 13399 -25888 21004 11274 -23092 31746 -14720 17190 -3980 19105 9244 6466 21862 -12800 -27062 -1725 -4625 -17923
676853718
-22793 -4466 -28813 -10601 -13918 28326 -27901 11577 19264 -24566 -30894 763 -23910 -13694 8439 15753 2893 -11242 -9726 -23198 -14099 27751 21041 -4401 -11842 32400 -27412 11951 -19487 8576 -9377 -26424 20192 -12066 -20832 24713 19238 -30549 7793 31007 -2891 27431 -17088 32295 32191 7692 -1728 13281 6774 32400 13567 -28560 -28788 -4837 27741 2781 8378 28349 11702 14003 4339 -18993 19442 18705
32196 -26623 11190 -26108 -10313 -6764 26353 17871 -29623 -2069 -604 32392 26337 14584 30151 29224 -27959 -10698 -15079 -13655 30504 23920 -1843 31292 16901 16648 13442 17053 -6500 -9840 -2897 -8204 -1869 -26951 -17605 18891 17227 -9400 -24265 7374 -2664 21926 24024 14874 20558 3795 24490 4234 -10038 3970 28353 -28084 -22074 17434 -1050 -14602 -9973 -986 -10578 -4578 -31881 -31262 18062 31555
5181993154
-957 8115 -24756 -1905 4737 -21286 7951 -16656 12253 5640 -22700 -20563 -23458 -14919 -3858 -17256 25305 -6373 -29758 22475 9003 518 -15967 29043 21866 30219 -32002 30175 30861 -4957 -21707 -1395 3869 18812 4390 28030 -5597 3097 -3722 22790 -30434 19262 29892 15097 -21115 -8320 -3118 -29884 -8323 -4598 3344 -7124 27529 -3543 12533 -19985 -10961 -32021 10750 -13181 -2206 19604 -10871 23052
12340 30270 -10353 15889 6475 30666 11027 -25332 6857 14550 -31899 -11264 -3689 23728 15094 6035 -19797 -1518 18731 7130 -16586 -27373 515 -10333 24234 -5411 -11484 -18739 -20580 -8970 -13533 -10554 19295 16034 16776 6499 -23790 28076 22897 -23610 -775 8317 11265 19801 -4632 24950 -15957 27001 23894 10550 -10603 -31131 -15606 11493 -22561 -16368 -7003 1384 5424 -27047 -3863 -27759 -9700 -26966
-1344808210
27456 -20573 -13696 -19358 -6709 -17748 133 1467 6941 4108 -3710 4289 28635 20523 -5609 -7717 -28143 5690 22319 26571 -31161 -1140 8058 -2848 -28053 1015 -15919 22367 6262 22441 31715 -1274 537 -8639 -31932 -23594 -30389 21067 -22953 -18640 -10390 2212 -8421 19625 -31462 30288 -6665 16394 23501 12146 -15194 -23279 14606 -31989 21295 3048 -22552 -32080 -12341 8207 -25141 -17137 -23261 15630
8103 27899 -4814 -27591 18330 -14677 -22408 14329 25302 2164 -30618 -3179 -24718 5004 -10575 2426 8166 -9777 -16874 26731 -21435 -13243 3195 -16523 8539 1526 6196 30139 -16287 3982 7476 -23935 -1126 -30547 14344 -28740 -8569 26228 25158 4270 -10850 11437 -8015 22536 13679 22475 21476 31201 -1524 -27279 15722 29627 32520 32209 8728 21494 1992 -8518 13238 -6328 21504 24133 9133 -16034
422429109
-22502 -28774 -9146 -19558 7063 12464 -25160 5538 -32417 -30750 -16979 2782 4769 -22975 2857 -16799 1677 27930 -19378 16723 -7201 13410 28269 -16586 7888 -24681 7935 -15820 13834 -12318 -12134 -15375 26460 -15168 -5531 14502 -2491 -24790 -1701 -7935 -6163 30667 -2676 -16018 22895 -14276 -31072 -19912 -6071 18160 29766 22645 -85 -15744 24100 -24338 23962 4637 -16622 23900 -29261 9869 11429 -31468
15318 29125 -21751 13712 -11824 19336 22912 790 12108 -22554 -4482 -22116 -32158 -14404 -5715 24724 16989 -16087 10102 24534 -32 28358 25823 24312 -23100 -19560 31755 11066 21041 -22363 -13354 -8301 -16335 20661 28832 1427 146 5524 -27242 28578 2730 26327 22715 -27737 -7946 -20601 -21630 14092 30909 13915 21819 -32088 -5066 -24547 -31415 29812 15081 -1491 -393 12 12885 -17548 -27905 -26021
-191743356
14888 -31883 -10759 2026 -7314 23093 13039 5449 3399 -19287 15643 -1100 30186 27979 -24749 -29137 13346 -30106 -25628 32062 9908 17599 -9874 -19071 -29395 -24939 13507 -9831 -8806 17001 18391 -10310 14241 22248 31194 31978 -10236 -4691 -22465 -18212 -1844 19137 -24984 -17355 -25348 11340 -28292 -22695 -1604 -30843 8412 13882 20066 5329 5683 17885 16026 10119 -26346 9808 22801 -27402 20811 -5653
15281 -15804 -15121 28960 2117 31822 -29769 24447 -13519 -30966 -2005 28970 -3269 -2816 27486 15545 -5651 -4806 8981 -12042 -2444 15792 -13888 18237 16193 30565 -19596 19171 -3321 -3941 24373 -23369 18397 14068 -30520 -25834 -22006 -2251 11702 31189 -11585 -26837 13687 4603 17398 10650 -3693 2479 23949 -9169 -22071 25946 -31577 13282 -201 -1786 4771 23175 16062 -30722 -32267 -8250 21980 -15601
-4488266502
15863 3513 18255 -20386 -24156 13640 -639 -11503 -7169 16792 8261 18016 -20653 -28959 -26153 -7676 7694 -31842 -31344 16584 -19054 -12001 19130 -7910 16552 23404 -25813 -19823 -31895 -25413 -7593 -13482 18744 -22088 -32487 -14227 -10974 -6616 6983 -8094 -19236 19745 -26127 -1341 -31568 25592 -22540 22160 -30076 -8692 -26308 -7490 -23766 4386 -15526 8565 1635 20382 15632 15237 13857 20756 979 2643
-26446 -3916 15230 5332 -3624 13078 18804 8266 5739 11843 28058 -1776 -25961 8704 32742 -24456 -4575 1615 30690 -15330 276 -3254 8183 22947 -9518 -15747 -21941 -25684 32460 -16854 -135 18277 -27393 -26532 28359 18850 -23046 26204 1693 -16368 4359 5563 15417 12484 26392 -9108 -9814 29349 22385 -32641 23686 -1165 10942 28626 -6205 5856 3376 -4532 -10561 15148 10219 -11965 -3562 23947
-4270280348
-31706 11364 30679 -19675 -8420 31775 9079 6995 21959 17047 20817 24361 -1577 -24357 9339 24568 11853 -24902 17675 11353 -25790 6339 -23220 -14818 -24523 -32100 4459 16193 -9875 -25149 22740 26740 -32417 -8899 -22455 -27667 21133 5862 11346 28270 31323 -8256 28808 -28776 -11491 -15852 19939 13361 12160 -18178 25703 -18232 28950 -31129 -15779 1401 18366 -31112 -15582 13892 31726 -8329 -6130 -18449
-23676 11511 -3004 -8472 11029 -15045 -20909 8923 -10525 -14466 8043 -15256 32214 19761 14694 13714 -12601 30052 -13120 4949 -559 17115 -12879 4986 -18800 31527 -3349 -10259 -5964 28199 8877 -22064 -28294 -18693 -28874 -30994 -976 30282 19539 -25342 4880 -23187 -21085 -349 28761 14400 16885 -20719 -19870 -7286 664 -26335 -7330 -28886 -25526 -22059 27556 -28036 22043 19482 28592 -19826 -20403 -20754
2854164523
-28579 -2276 15273 31913 10460 -24949 956 -5091 -18981 -25515 3569 -16376 7414 -29056 -16163 -11572 -32427 10350 17140 7924 4796 -27751 24522 -22883 -2729 2985 -28001 -1207 -32209 -6235 8043 -5785 -11595 -12857 -23037 7830 -5803 -19665 95 -3204 -14544 -16153 -15140 21581 -17186 28046 -16905 -6515 -32698 29313 -16337 24584 14971 25202 4068 15390 -1128 -31349 20229 -9309 23384 -19380 5265 -17711
26332 -3603 -20118 -30123 24017 -1765 -2511 -4725 -32371 29438 32289 8257 25936 -12030 7752 -15087 -25130 -20861 14437 25689 -27917 -16073 -26864 3522 5441 -17317 11078 -636 -23525 17781 -2578 -25078 -5379 -481 -27987 -25955 -4631 -27929 -32561 30680 25020 8322 30903 18675 8431 15377 -26586 -32302 -6210 6138 13905 -24342 11502 29769 31981 30445 24169 21950 16987 -31471 -6869 -3374 27943 14450
1919980399
-2185 -19436 -15520 25393 -7294 27874 19545 -6423 20021 12360 -30959 -17817 8284 -4100 17062 8927 -2648 13238 4998 -7991 -6973 5908 12245 -4514 -27958 -13297 27799 2600 -8136 -6147 3550 -10847 13780 13990 3535 29328 -30830 29809 -11066 19587 14540 14867 27723 29315 -28188 21616 -326 16656 -12095 -11399 -21390 -32026 -6372 3074 31572 2086 7329 -3218 -6397 5188 -4229 28923 -12148 -12146
7814 5836 14329 9002 -11832 24593 -12289 18939 -3666 71 12043 -2396 -30826 13758 16444 -17611 26978 -27059 26447 -1931 -5722 19264 17922 -25243 16381 14846 3674 -29367 -7891 28704 -18130 -25082 2153 30633 13077 8872 -2241 13042 -13806 5539 14950 -13439 11944 12449 29885 12845 -17445 24970 -30244 -10672 13193 -10752 31612 31180 -14820 -14772 26417 -5901 -6688 6497 30187 2933 22328 32456
945896978
563 13899 7776 -23800 -24176 -8774 22053 3125 3492 -20905 -19589 29927 1258 10935 31974 16978 -10264 -19742 -28385 -24003 21956 23109 5377 9710 28022 -15064 9044 8575 -12025 4759 3231 -28695 7332 17040 -21751 -9228 9987 -2587 -4639 17396 8225 4898 30608 4899 13429 -15009 8094 -5439 -10933 12381 8311 -24110 436 16866 29367 18942 -2787 -17477 -7402 30999 -22532 21459 -4001 -13697
-25759 26432 -26438 -10723 -12473 -7666 -2496 -19443 -332 -11297 -21932 20816 27282 -31205 -1632 -19337 9861 -28697 -4286 -13265 15302 -16768 -17160 23071 225 11925 -665 -7657 -16045 -29879 26998 -27293 -12283 20717 -9073 23202 -8973 -24611 -8767 15888 -202 -31959 -30914 -7938 -16730 16248 6242 -14317 21692 -11437 -22455 -4328 14970 30063 19483 -14883 30864 -7370 27382 -18816 9627 15356 -31308 19461
1542250558
15950 -19040 -25785 -31729 -24125 -1635 -10624 -6297 -22011 -24148 -2820 28481 1703 32519 22567 -8840 13377 -7516 -28547 28307 21538 -2422 22756 7749 -13949 -8374 13385 -22744 9403 -27608 23511 -19913 -7624 -23844 25961 28713 27359 -13339 -4884 -23834 17056 21798 -17879 -15679 8379 8071 24111 -20025 -26942 -6954 -5261 14039 14485 -8138 -14520 20341 -14215 12392 19703 -10424 -8632 22448 5065 -5396
-32253 -29178 -17324 -26239 -8813 -21673 -3032 11914 5163 27427 25300 12429 13565 22012 -6672 23552 10437 -16295 6787 29959 30213 -15979 948 23216 -24194 14526 -16383 -28300 6360 -22047 -19214 6362 -782 -8911 -3877 -6113 6002 -16761 26889 -10889 1052 -23010 28308 -23536 17772 -7724 816 -18838 -21027 1672 -27032 1561 15553 -27071 -6882 -7586 19469 -19362 -21917 -7048 17946 -17670 -15729 -27658
4024159024
-2317 -18723 24472 21582 21374 23010 -6815 12339 20603 -1387 -7863 -10636 -16628 -32275 23878 7070 -26048 -31859 30109 -8363 -8377 -20798 -6255 -6149 10608 -29948 -7854 -12008 20774 15013 19410 -31056 28523 16844 24894 9634 25548 -2163 -16276 -6008 -22899 -20376 -11097 -7212 25302 -5917 -12181 -27531 -17483 25637 -3306 1411 16007 6883 31418 11467 14170 -7689 -27923 -12905 7417 -18215 23967 25118
25624 -15722 -4025 -7391 -22921 15497 -20986 -20286 -29751 -10659 -24639 -4601 14327 29664 -25103 -12415 23777 465 20927 12664 5568 -23366 9342 11442 -25473 6315 26172 29259 -15767 -30783 -17605 -32265 3510 -25561 1943 20929 10733 27967 -10461 26588 -15241 25092 -16213 -24359 30882 -8931 24373 29785 15613 22256 14347 29169 13803 -16886 -25252 -23167 27732 -5218 -16531 18854 -9367 10580 10038 -20126
-3931301946
-1786 -18222 -30033 -17476 4382 11896 10050 15581 -11064 -31101 -4020 -11761 -24304 13288 28076 11530 -13949 -30398 29112 -12704 22505 -27777 30986 24941 -25238 -24304 -4121 19815 25934 -24821 -457 -26230 -28400 -25395 31357 -492 20229 -20387 29417 27624 7484 -32507 -13726 24653 -22104 -21254 8493 -29817 17485 -5211 22868 9066 -10489 505 28506 -7253 17125 12070 9877 -18009 -16757 18643 25743 -16783
-8121 17364 26007 2811 -31125 27737 15978 -24080 23665 -21332 19100 13168 17160 -24297 699 -8282 -903 -68 22663 28784 -4049 -1199 8987 28413 -30939 4849 28380 -18945 -9422 -7301 12309 614 11593 -26872 3838 -30284 -15217 -4877 -27917 -1402 -25668 2187 26079 -26900 -3445 126 2831 27179 8778 25672 -10538 13806 9988 -10945 -12984 -25055 -25234 -11105 -22785 13399 -30704 -5759 -10221 -13450
-4109824590
-26028 -15374 -21900 -9581 -20271 -19901 11581 4944 13908 -27563 -10 26824 30089 -24442 -31323 -20101 -5401 -31636 -8296 -26614 10319 -25687 6577 -14921 2775 -21854 14625 -30578 1769 -19345 -26637 637 -22440 1255 -3718 20878 -18542 27080 29965 -15956 12867 23372 29124 -32632 -1497 -16477 -17428 9541 30687 30947 -24307 23128 -10843 18626 -19549 4778 -20106 -12455 -27279 -29014 20771 12944 6319 17061
-9726 8351 11300 -22283 14885 22130 9668 30131 -12925 -21034 22629 26784 -26100 16355 22682 -22694 -12781 -21250 4947 -31125 9731 -11980 20079 -2591 -251 16344 11345 -769 -29325 -3448 -29574 -28284 9931 20004 -27956 -13772 -13856 31084 11069 25210 -13627 12089 11389 -2294 18222 24331 14912 19479 -6458 18335 -4644 22664 30429 -32636 -582 -21425 17423 -30272 19527 17925 7262 11645 3351 7758
2076910389
-21484 27951 -17984 26962 -29170 -29344 -27630 -17202 -6742 -17987 25814 14872 -4964 -27915 21576 5609 -3600 -7362 -11509 1507 10515 26427 -18035 23177 16246 24525 2218 27142 -31603 1103 13391 -32751 -18276 17084 25330 -29803 7178 25964 14918 29934 28108 -21969 21678 2214 11269 2896 -20860 -1039 3813 2935 22511 11087 -12487 -28236 -24809 -12869 2213 -22326 775 -9215 15851 -11591 -20192 8752
-21863 -27939 -21080 28900 -2017 5713 -173 27781 -13007 -28602 -7979 4446 -2879 8455 19846 -17740 -8405 -22600 7365 7117 -12512 -14700 8212 -3894 -16531 -20641 -15612 21107 15516 6591 -19958 -14671 -18148 -2134 -24892 -22310 4985 19 12525 -4562 2480 6800 14121 6657 8569 21357 -3027 18176 29533 5691 -14286 12689 19195 -25060 -17922 22485 -17235 29534 8864 -7744 5356 -20309 627 32341
1095267599
-31252 1315 1136 -15914 -23014 -24674 -11261 18693 3349 -24120 -9913 24623 -9387 25529 3574 -12690 17653 -30435 4083 -7640 18346 -13750 19187 -4694 19267 26024 -15120 31904 32439 29125 -23403 -4017 23982 17869 -17559 5154 3371 -6917 16259 -7025 12504 32109 2976 18831 -22394 15602 -26757 16250 -24369 495 -1973 -22292 30648 16763 13360 -26471 6303 7753 -30412 26585 -7071 24027 30094 27052
-16533 19017 22096 30970 32412 -15353 -10702 -79 2310 29650 -27073 18565 2579 27096 25483 -21640 16977 31087 -10417 -1860 6988 18228 18264 -7980 -13766 15013 -8438 -22862 25136 27912 3735 -248 -26970 4265 -10393 -5905 8949 24833 -12736 25219 -20416 2103 20645 -29596 29231 20935 -27501 20814 -14733 -6464 27730 -27118 -1432 -23108 4038 -9286 -6298 -11559 16263 24357 18045 -17951 4842 17975
1522362095
-2857 18381 -1906 6422 -10081 27411 -4709 22383 -18015 30320 -7053 -22367 -13398 -11174 -17110 32529 8682 23159 24397 10815 -3260 -28010 -17551 21688 -23336 -30321 22616 9445 -27498 14775 3240 -12658 -696 -26514 12864 -21844 20796 -24452 -15869 -1021 -29473 24766 29565 25294 -17772 3662 -23750 7110 23755 -28012 11046 -25262 -14553 18033 9903 -25977 -7420 29301 -1709 -10208 -12355 -32161 -6407 -8706
10531 -21525 -25706 -25779 -18824 -27400 13791 -30293 27903 -1861 11871 7811 -7203 32202 -25243 -22177 -3907 -3767 11556 18022 10693 29002 31595 -27119 -25038 -3865 20986 14603 -9048 -27270 -16910 -25312 23265 28107 -27552 10751 20312 -23040 3278 -3424 -31086 26720 27377 19979 -750 1831 -20092 -23215 -30612 -20893 -11948 -25013 -6029 -12601 -17243 -22651 27304 28396 23397 -983 -14704 30399 17179 -4885
-242113652
4704 -19381 17506 15328 -11289 31377 -7756 16349 59 14822 29114 3079 -15101 -1068 -13788 -953 11912 16777 21971 11222 18945 6950 1884 -9828 -5933 -21346 8898 9768 20650 13149 -3101 -13201 -30554 26081 23961 -11627 698 -10568 -20284 14551 19880 5020 -294 6759 -10109 -2146 -2050 -17577 4010 -24013 8693 -30466 -4327 30474 -12517 15578 22363 26228 -21397 -4625 28584 4709 32370 -5728
14792 -23753 28414 29705 27467 837 -1927 15756 -28213 -815 -24998 -25472 -32659 -7302 -11634 31082 -25219 32536 -6947 2368 -15962 -25275 29891 13272 -12927 -17989 17587 -20147 -22505 -21378 -4092 -31821 19476 144 8693 -28803 -11162 16296 -12144 -982 19631 -4809 11255 20145 -6768 -27224 -16564 -29592 14643 -28731 -17360 20914 32729 -29582 29024 -31795 5603 -8707 -6488 361 14553 -24707 -17726 -14481
43282268
-9240 4884 -2916 -3377 19118 -11429 -20494 -25786 2047 15041 -1799 -5439 8417 5132 -15972 14391 22058 -5037 18739 -1808 4122 -7872 -3435 -1394 -4618 2007 31772 4042 13215 13594 13588 -7097 -12442 -6765 -19163 -20078 -24850 23616 -31414 6181 -26427 20324 -20980 -16267 11100 -27280 11231 25165 22625 -13857 32667 -6440 -22929 -19959 -26180 5596 -18106 26599 -18826 20614 -4260 -25725 -26926 -30015
-7876 4432 -9157 31794 -3744 29156 -17316 -30641 22404 18742 5801 9062 12471 -31392 -26377 -2293 1588 9148 25471 -24655 5950 -4223 26507 11580 22792 22844 -21514 20172 -13028 -13502 -16706 23663 27694 -3653 11464 -6601 30826 -26959 -6743 -24111 9460 -32244 -2564 27343 -27176 1567 -30811 -14881 19343 -30638 -24211 28555 -12016 16937 -12719 -24180 -30383 -875 3767 25136 -30050 -26660 -11266 -11629
-1241830380
-25516 10837 7556 22121 24013 -22062 -20281 -27189 32730 3165 19762 -13150 29503 -22911 -16258 14277 30243 -22872 16711 14378 11789 7635 10138 -6835 -16202 -3674 26292 12880 -21025 730 20076 -14930 -97 20074 -8199 -20269 -27208 14060 20791 -25710 -9984 -3966 -15455 -26056 3947 4446 2775 13763 6184 -13365 -1129 -21313 10747 -27676 26731 -4715 23696 24099 30298 26844 -15856 25650 -31630 27788
11777 -13006 5084 3669 -7025 -7640 -5496 -15155 -11091 1279 31110 6847 10448 28802 -24279 23090 -11778 -25742 -14348 -10770 -24481 -21377 -3444 -20819 -15396 -31209 22490 22079 28633 989 17345 1359 -8102 -22294 -8828 -15604 17760 -30078 10415 12546 13559 -10195 1557 -14019 -9501 6401 -19177 -7404 -11682 17344 -21871 -26830 22269 16063 -23527 -2544 2043 -17333 -30471 -8263 -31693 29810 -31954 26565
1183957762
-31769 -16723 -6383 29753 22610 -29466 -17739 -28394 -14187 -6394 31373 -8826 -13760 9024 10818 -14692 7603 -120 -29237 5636 14412 -9886 17073 -25050 20179 29510 -13315 18443 10699 -2428 -28739 -20809 -15073 7378 26961 -2028 -12601 -4031 -422 -28030 -7893 31640 -24172 -7428 -27403 5693 30941 9191 2166 -10330 8954 15310 -31226 -544 6336 16661 11553 17292 -8898 6079 -27892 9697 24147 14825
-24803 25038 -27744 -3959 18140 -12250 19212 14097 14554 27368 -7974 -1791 21591 8672 32689 16162 15081 3769 2849 -14582 -21067 23372 -15564 23211 -26312 13671 -7891 -30763 -6060 -25136 -18524 -21659 -14514 3815 29677 -4899 27692 24440 -24300 8395 26191 -17640 -26961 22478 32327 -14631 -16486 -25661 -30240 -1509 -6252 26666 -21216 11351 -2277 16785 21479 -12824 -29253 -1153 4566 1864 22653 24071
-616163617
9568 -12444 -31804 -30171 1583 20570 -32768 8211 16993 -15403 -14403 -6572 1958 7758 12948 16576 7059 2317 -7549 -27790 -12328 -28418 -4479 -27199 -10656 -32034 -32252 -21346 30136 13586 4827 -14310 -28213 23428 -18367 7518 -4572 3103 -22621 31445 -21280 -24638 -19135 -23093 -17190 13814 -25611 -17159 -28512 8044 -7135 -31085 -6066 15558 -14663 2873 9173 -25472 23180 -31568 32285 28148 31560 22281
-7703 -1250 4946 22248 -14819 20049 -18456 31798 30888 3899 -7875 6261 -21584 -28726 21322 -30656 14924 28995 24275 1435 -3748 20226 18856 28994 -16117 -3948 -18637 16160 14087 -17148 -15284 -5477 28906 -13333 -4788 -25725 11867 17304 -16607 12595 28369 29996 4273 -21888 16998 3724 -24255 -30931 5919 10881 -8722 -14220 -28553 7007 -21683 -13506 -10443 5292 5877 7260 30403 7625 -9982 -19017
354498830
25774 -11661 32226 -10218 -23961 -29022 12273 27050 12773 -30973 -3660 13262 -28540 7750 -3939 -4954 -2609 -24663 25658 -17735 -24704 -4444 8299 15449 21838 -24247 1570 5328 14887 -2408 22388 -11814 14593 -13268 4569 20602 11044 3515 28255 -16237 -16178 24435 -12184 -22691 13733 4212 2586 -12624 19895 20476 -6615 21199 -12998 -26071 1585 9198 -2775 -30772 -30024 30655 2669 -9668 10882 -22445
28446 12943 1581 5452 -11823 23427 9623 -25470 -4952 -21066 -17140 -16488 32408 -26988 -32659 7865 -3665 26673 30885 -11995 -26646 26488 12770 26243 -21792 -5503 10347 -8509 -17106 -16140 -3809 26372 11911 22183 20097 -3702 -18296 18239 -15414 27733 -12398 26918 26390 15676 27807 -4232 -5826 20656 15187 -16206 -22614 19225 -1402 -21884 4318 11103 -16527 -13865 -15971 8909 -23784 14619 25981 1263
1064036551
-26802 3411 -21888 -5290 -5816 23705 -24699 28534 21062 -21503 -9248 -9733 20623 -25067 9025 -29768 -6619 11114 -9518 21793 -16322 152 -32216 -4948 -11333 15705 -9408 6473 -4422 19504 -25601 -31534 -30024 25066 24898 -19785 21078 -6850 -11004 -16204 -10304 8400 -3499 -23052 -29062 27390 22522 -12029 18280 -21951 -6994 17385 -23132 -9801 -26513 29266 18621 -6568 -18853 -20614 -4173 14972 22981 21789
6237 -13767 9894 -11922 -20848 29967 18605 -10187 15695 6095 -8344 -15639 6362 32130 -1425 7939 -1631 -24265 -21429 -16139 -1621 23608 -31718 2773 -18479 -27223 32092 -24665 30174 9900 -27560 2764 12019 6994 -26342 26499 -17981 -27417 13351 -16218 6440 4206 17292 -5011 -4518 19601 7589 -16516 -24640 21026 19409 27536 -21531 -29269 9707 -8383 14055 32390 -1221 5889 17252 9956 3354 -2142
-758771004
-16317 -861 29986 -27561 28512 -3972 28323 -16971 -23007 -12032 -28208 9555 20453 -3276 -10946 32515 7471 -14322 -12753 -6 -11749 -31790 18885 3121 30644 -27994 -5052 -22612 -29247 5670 2556 26390 7031 -22549 18796 25838 27896 -30495 28610 -29346 2984 -7271 -10594 7208 -2474 20715 11377 5609 -3049 19791 11321 9096 24207 17436 -20291 3381 20125 -26688 -26333 -21306 30192 -2618 3506 -8695
13036 14776 10554 -977 -12830 14838 25417 -10529 -12446 -21833 -32204 -26845 3330 -8605 -32621 25340 1639 -4783 3837 17485 -27636 28996 22424 -8194 -31696 11824 -30074 -23348 2147 -23141 -11451 -15062 -14331 20162 11494 26197 12237 1994 -30685 12999 -15398 16290 2547 24315 -2667 -11904 4666 16933 29131 252 -21104 -21734 25467 -458 19806 18887 -32216 -11051 31365 2922 -27329 -1047 -8430 27866
-1675746367
13720 3875 4574 19452 7867 30511 -10703 -8898 11126 12555 -15916 20123 -9823 30352 -15019 -21555 12453 -31069 26736 4697 22373 10976 -5131 21999 14263 -15041 -9831 29770 -14376 19632 -21155 -15413 -28158 -12676 6744 19611 -6716 -12452 7539 12657 -13839 16194 -22812 28904 -4607 -9711 24240 -10251 -19449 -18295 15725 -25330 537 2950 -17670 -17446 -24273 -30457 -31540 -9858 3981 -21580 -10458 -23774
-24067 10503 421 -28787 12256 -6811 -14273 23559 -31343 -19325 -15672 27837 28015 3796 -31474 -27245 12939 24987 16901 17878 -7792 14415 9817 -25985 -2632 -17278 -3358 24050 -14515 10851 -14898 -5259 -1863 -28798 14890 25000 -6930 -15608 -1239 -1847 -11193 -28790 24216 -22914 4340 -21570 31301 15496 18890 32038 25063 2160 2581 20268 27707 10652 -12366 -24030 2363 -12224 -12179 -25525 5126 -9290
2173143412
-18419 17282 12420 3687 -23232 18675 14441 19041 -1382 9968 6489 8425 -18794 -5381 -12633 13842 16172 3103 7459 -20880 14734 28381 10637 21065 1056 24898 3317 11347 3526 5012 649 -22116 -12814 -7745 -7477 -10305 -5679 -28435 -3573 -29093 29764 14600 -8771 16276 13253 16974 14143 -15849 8027 23810 21572 2585 32331 -3434 12628 -31621 -2775 20265 16857 8297 11683 27400 -27581 -27826
-18384 3366 -28087 2697 -25168 -1 23564 9227 16680 21036 20006 -22436 -10108 7163 -10876 27532 31315 5912 -24562 15515 -18822 -8140 24781 666 4416 -25830 -14472 -14061 -23522 -11968 25031 -5866 11138 22132 -23189 25521 -23553 4762 -17685 8509 28243 13973 -6352 4035 -23713 -5594 -19515 21624 16838 978 -5797 -5952 30400 8211 -14238 -22972 -27781 4473 -7510 -22123 5536 17649 5999 -22325
2829037784
4604 23471 4536 -21842 -6686 19103 29882 24081 -27257 -25492 -28660 -32621 -30690 -23345 20442 15930 -1512 -4170 6832 -29897 -30615 14090 1157 32330 -32740 17293 21711 -29815 30492 -25960 14477 -17744 -26631 27844 -28808 -12246 -22594 1831 22337 8836 1668 -14750 627 3387 18587 7791 -7371 1544 -23888 -32088 25358 14583 29187 -4964 -22939 -18810 -16553 25976 17613 -12083 8777 21502 25798 -17115
25705 26962 -30840 29606 -17886 19179 -8518 9799 -2310 4399 12617 14675 -297 -11439 -21791 27812 -17974 27182 -21648 -13687 21534 855 -17745 10129 1271 19871 -26068 -2378 -1082 -981 11758 -20853 5285 23844 -9 30664 -31252 24899 6713 24761 -14340 -19191 1321 19910 -10295 -16535 -25679 -23915 -17761 -17210 26634 3695 -14704 18730 -17906 24919 19799 24839 26887 -15554 -26805 7033 -28785 -16220
2974346482
3174 20370 11502 15406 -28800 550 -1834 1528 -16466 -21817 31713 25495 -8785 5043 29963 -26468 3592 -3677 -2525 -12915 23730 -7036 6654 -27725 21986 -721 -8201 -5980 -13978 -11879 12908 -32414 -23173 -14760 -11550 19143 3686 -19321 27598 9887 -29942 -8833 -15374 -9943 18120 -12342 538 2233 -10879 -13706 -31291 -4644 -6941 27313 -20563 -27938 9018 27668 3280 -25692 -31395 -30912 1760 -32522
26982 -22996 20058 14942 -14952 -31566 4001 25586 335 -21130 23263 18216 22674 1684 -26799 32361 15341 -19306 -28562 10316 10451 4263 11178 -31746 24005 31993 -30579 26294 12790 -28786 23672 -11523 -2451 -6616 5612 -19510 -3469 29025 -3853 -26276 -3859 728 -19515 5577 8409 11011 -26653 7930 18150 -14094 21743 23946 -15475 31872 22329 -22066 5377 1822 -11745 25992 6619 -21516 -5133 -23572
3105415455
-8328 -4410 -23147 -17793 -2699 -13779 -1360 -27113 -19399 -3984 11447 -20670 -26433 -25967 -4679 -25371 -4918 32767 16831 32646 -17122 30458 21909 22377 -3130 -23590 -25785 30470 3193 -20741 4949 -25050 26372 667 -27661 26241 -15170 -23085 21115 21867 24064 -22413 29535 31778 17633 -17694 32357 -11571 -23229 -29536 8516 27928 7725 -28415 15641 18981 908 -17075 1318 -30288 4023 -4877 -8897 -10547
12275 32609 -32502 4209 9660 998 -4454 19660 -18864 -27125 25365 30175 28142 -1868 -14410 16963 20769 23285 -30551 27012 841 -26209 341 6238 -2733 -31386 -32698 -31710 -14368 10980 -625 4233 15144 16363 10028 -10262 -21096 -24813 -8997 -18027 -32450 13203 -2468 16529 27852 3149 -22818 -6925 -10572 19055 -31486 6374 -19494 29949 26355 23308 -22845 -1150 29681 -22116 -20303 -1661 -4392 -6385
-935656524
-7478 -18814 29694 15835 -6609 -11134 31607 18774 -18386 -17824 -13772 -25582 26665 32608 -681 -4284 27912 14602 24239 -12298 1480 -28733 -19043 -24475 -14733 -9123 -16845 27574 28743 1620 -1960 18579 28418 -3871 24563 -14937 5316 9002 23379 16668 -28080 -16485 -769 14395 10900 29395 14523 9382 6723 -6106 -3469 29617 -4744 -9649 -16566 -24234 -17194 17955 8408 -16795 -12981 27130 18961 -20561
-783 20960 -25788 13209 8422 -2093 -17730 24146 -20439 7046 -7405 -5468 -25446 -23311 -28259 24265 -7068 10963 19864 3228 4129 -17409 5324 -31020 11731 -31811 -29523 5297 -6191 -3743 -10473 25627 7648 -8626 28687 17143 30567 -27266 -14812 -1611 6200 6746 23041 -31183 -4329 26566 -18857 26669 -5738 15502 -31249 2866 20509 16995 -20969 -23695 18481 -9053 -10413 25385 7625 -22844 -22123 -5180
-577813497
-31116 19796 -23229 24029 25118 11418 23568 -10145 -27232 13967 4894 -4893 -32529 21299 -31564 -17614 -4296 -15215 12711 -10549 2358 -4145 -25682 -6051 -23473 6413 21979 2093 -272 -25104 -13670 -1070 -22533 -30778 10746 6327 -32733 -26723 -16328 18021 658 -17439 23533 -13528 18809 1892 3382 6858 -20586 -2170 -27899 -9252 -32147 -8579 -22087 4886 -23348 -17185 13786 19730 21588 -15187 2378 -13916
16950 -24370 -19732 11883 -29718 -5595 -25655 30010 25486 -20784 17240 -9629 5634 21148 14203 25859 -17880 31538 -1209 -9941 -28219 16440 10572 8795 -16739 13825 9907 1653 -3895 22714 21079 -11956 29406 -853 -20488 30850 -32591 22176 28545 -24916 -8271 -32658 31904 -17227 -27939 -415 24600 -29040 -30243 -19197 12817 -2220 -11105 -22426 -17895 14432 -17204 6492 32215 18277 -13863 -17705 11300 29308
-2560264223
7068 -7443 21124 -12930 -20885 14761 16828 23730 11036 -30191 16548 -18437 -32332 -8543 7819 1720 8390 20863 -21035 6358 16055 -5856 -4204 22562 23144 20213 11795 -24447 29102 -12378 22568 28841 -17795 -5834 -14641 26286 -9594 -6060 17413 28811 19346 32646 -12551 32640 16312 6949 19549 -6746 -32028 13095 12054 14950 18619 -12629 -11652 25203 6639 -29408 -2188 -3733 7621 26400 -8708 -17324
23798 -26485 8294 26099 22769 -9773 -31660 -25988 -28065 -5314 -9118 -2585 -1188 26445 -22679 -15413 -14698 -14446 5069 32562 24149 5071 17374 -12186 29717 -20067 -40 -8914 13783 23030 13864 30594 -22742 16231 -2759 52 14516 32306 -20701 24217 -808 7796 -23188 -26404 -30120 20423 -5297 -7180 21279 23544 8323 24026 -3467 5052 -22568 -12976 -3347 3246 -9827 -14626 -25132 16831 10884 -32232
-527161756
-25466 28086 19970 -24694 379 4712 -14951 10991 20118 -9168 -31060 8003 -6416 22600 15145 20129 -15285 -27308 1504 14009 -16022 10761 -21687 -27111 28530 -18967 16765 -10938 -25093 681 -25628 10996 24475 2021 2807 -1517 -12644 17470 -22168 -8296 -14295 21154 1432 1383 -11255 -3447 22569 12009 15487 25670 20298 12081 -411 31339 20009 8605 -6194 31892 18044 14638 12139 -27157 23899 -22789
23660 -8641 -30195 4756 -12287 -21984 26927 22282 -21218 -25593 15389 -14453 31058 -20285 26378 -29540 21444 -28499 -24911 -18073 15725 -21677 15539 -44 19793 186 26279 -15767 13709 -24602 10895 -6242 31877 -29753 -30560 -27654 17620 -18465 -25900 3329 -502 -30141 11391 11905 -14109 -19759 -31070 -7477 29331 -14180 -15601 29761 -5670 6402 25431 11818 30595 -16806 -25261 -26803 -18450 -6503 14258 14421
-4812507295
5041 -26097 -1520 6079 29921 2077 5558 -14883 -20302 -31662 -16616 19744 26649 -31579 947 -32594 6143 30859 -17652 -1783 1604 -20268 15291 -1917 -15163 25341 19547 -12590 1512 12669 15817 20340 -18874 29152 -12238 3553 381 -7154 5552 -30539 -20400 -26925 25543 -21311 -20313 -20494 8146 23397 -915 -25358 1356 21073 -10886 10933 -15502 -14987 28106 -5083 17089 23558 1830 -2531 -15712 17455
-15518 -7750 -31059 25485 9028 8071 15305 -31117 13962 -30426 -10007 -11670 1849 22162 2138 5205 -10641 26102 30735 -13910 3685 -25467 17 -21044 31550 -27385 6461 -28149 -24806 -8412 3562 -8885 -9321 2548 -27845 965 5 11956 12095 -32413 8184 -23281 18301 -20742 4088 -14576 -3641 -27208 -19574 32265 6381 -27810 24086 -19793 -803 -13893 -25684 13850 21204 23210 28007 31143 -31504 -21900
1834838740
204 -3909 1495 26397 -8955 19419 -22715 -14946 -13728 25626 -12679 -22613 -6533 29409 23465 32153 30696 -19013 -18926 32704 -14701 27050 -4531 -13507 13247 25703 23160 -30498 -4900 -3370 -18862 -3113 -31364 -28374 22953 22767 -20824 -8458 2273 5585 6585 16387 19123 10577 -2997 27750 26054 23170 15801 1516 22258 -18710 31390 32117 13842 -3070 177 27694 -7982 -30799 20413 -5816 -2922 15748
-27590 5462 819 3891 -15609 9305 -9083 -20589 29771 14346 29759 12518 -20948 -5645 12303 -6043 -740 29550 2504 -11059 -9756 22628 -32612 -31833 -24128 -27485 -5960 28295 9400 -8013 4225 -28747 621 13673 21896 32391 23362 24517 25657 -30277 -10758 -29273 31473 5145 -5165 16534 -28036 15239 31857 21797 17866 -7135 -2947 -11058 -24660 -11957 -4673 -28686 -17505 18335 -12050 3223 -16755 13608
-2097206438
10713 -15338 10653 -21069 -15182 -6133 -24646 -14769 -10524 -29883 23065 -22354 27285 -24558 -6097 19557 31417 30581 25695 -5799 -30813 20130 24449 2782 -23327 -12675 30132 -11262 -14576 -14977 -26672 6111 15023 3646 11040 -17019 -7879 -12590 -14699 13218 26886 6089 31073 23760 23752 -6168 23584 -29497 -23105 -15166 -30616 15361 4398 20681 18367 -10242 22319 6539 21168 29704 -4096 22842 -19088 -28528
-2837 -4231 20052 18621 -10842 -25101 -16910 -5748 -23963 -1495 30281 3031 -8203 7114 -8426 -26917 10748 25226 -29452 -18513 -1270 -17442 7903 -14041 24821 -12310 24882 -24209 -31510 17650 17951 2398 15913 -16274 -3326 32492 26869 -19467 4088 14239 27128 -1291 -23258 -25470 4888 7154 730 -5099 5542 -7457 6788 -11770 23970 16806 24200 -26429 -21652 -11635 -12465 22468 -23479 17152 31384 -11427
1570502659
14016 -13963 -1934 -21649 8 30245 -29210 7814 -25881 -21246 -14909 9273 -32458 -943 -19231 -7759 27172 17196 11585 -29810 -28885 -402 -22108 21636 10569 31944 4732 932 21084 -19591 27703 26075 6335 18884 1310 -32575 -16641 961 12278 3968 20664 -11004 -4676 29975 13392 25791 20069 9908 10420 21315 20017 -29137 8466 12038 -2055 29156 -30811 29400 4931 11163 -6788 30341 632 -27250
15562 198 11158 -7327 -31230 -5824 -22678 1002 -13438 8178 9539 -25138 -19728 -28459 -3103 -6492 19086 -29985 18600 -16163 2919 28277 12317 15432 29996 -6699 18387 10278 27893 751 20373 24979 -24232 -9470 20015 17352 29181 -8618 25360 929 -5276 8710 -18273 -21875 389 -15792 20135 27629 -8929 9122 -10843 -883 29083 11180 -30418 8208 -19732 -2409 -18682 127 27850 -27703 -1387 -19456
3066383691
15213 371 19716 -1926 -26981 -18883 -10418 -6559 -9387 -6452 19389 31977 12087 15330 11776 -22595 -32448 -13312 -2322 -14338 -761 6557 7720 -22409 -186 23183 13285 32086 6427 4762 -15756 -14218 -965 23251 -17043 -2518 4515 12521 25795 16024 20559 25557 -31360 2444 4456 24316 -24038 11366 -28425 -12782 11779 6742 28532 -11074 -1154 -23518 29230 22119 -22579 -1998 6133 -28062 -9354 -23818
27489 8576 7783 -29069 -10259 -3698 5075 4302 20331 18722 -2547 32538 -12561 -18174 -5632 -6245 -31590 3386 23445 32352 -14323 19870 -28458 -21435 -18505 30233 18729 4151 -14933 22741 30514 -6900 -21939 -17654 21521 8709 7101 -9773 -10201 28780 -27741 28054 21280 16992 24228 -28972 16224 31315 14941 29254 6370 -5300 -22377 -22392 -19584 3917 -4946 26192 -24577 28540 -9634 -967 18217 -24513
1114404449
-1281 -1638 23984 14105 -20663 23643 -31629 1328 6706 6521 -4169 27538 -22017 -6293 6954 28526 3133 -14716 25845 -1484 1935 12955 1204 -8598 -28876 22678 -18295 -132 -21159 874 -5076 31111 -15369 810 21225 22748 -8208 18287 -25590 -15281 17380 22562 -8221 10504 -9219 -25487 3384 4963 -28363 18606 18269 26219 -17724 30533 -17146 22932 -10429 13211 -6085 13923 -29081 29744 5592 -9032
7953 -32256 -8263 -9046 645 29748 17358 -5088 -30844 22895 6548 -6850 -12187 -13946 4345 20526 31006 15703 820 25487 -11393 7625 -17364 14826 -24187 32358 -15715 -27406 19831 10163 12652 15599 15459 -7216 -27185 -23282 12842 -2120 -14922 26889 -27743 -15628 12719 -20486 30183 -14160 13889 17152 11062 11292 -2997 -9769 23047 -22250 -17330 28609 29103 20854 17269 27966 -6519 -4976 -13422 -4399
-688723831
29775 3566 7053 -32482 7369 -22727 -7082 -12747 6786 23918 -693 21703 -9992 -5516 -16471 5758 30848 -19608 -3088 -4177 -8723 10856 -19722 7726 -12510 -16304 31410 -6556 28444 30739 1000 -16381 17820 -19159 6213 9638 -28808 -18763 20909 -27876 16402 -2216 4590 2043 24562 17524 13443 11277 -1335 6373 -4076 -27158 -23561 14944 18531 -10258 -3615 -25464 29553 -16648 8919 -8950 -22208 8858
3022 27703 -27639 14665 23577 7268 -17136 -8001 -13957 18155 -11487 667 22963 20707 17123 -25000 22383 10332 24203 -9428 -22573 8803 1616 18769 -22046 1095 -10118 -5650 14369 26170 -19706 12882 -19250 -11996 -7869 -3392 -21379 11281 -23832 -19665 -10129 -6861 -3998 -1833 -23434 -21436 16854 -20639 -15960 -3566 19237 30311 -5612 26977 -29312 -18548 -8087 -19480 -13511 28113 27684 -15695 22882 30824
-622039859
26525 25841 -30193 -847 9344 -30257 -3908 -23426 30453 -5890 -29718 20749 -2284 -25390 -11517 -23478 21467 -7486 -23345 -8573 -4155 7087 -1418 30488 17850 26587 31887 -7680 -27651 -14762 7205 30192 3941 -24290 -18740 3853 4200 20718 -26332 13386 5943 5215 -5688 -13122 -11293 32186 -8728 32576 7128 -22511 -7502 -19097 21230 8716 -12977 -3735 -20345 -20665 -6876 1887 -25732 -7936 -26158 15482
-20216 -15610 -10875 14075 -9454 6495 16013 24698 -8176 23638 -5166 -28998 7297 -8464 21252 1185 -24039 -28286 13668 26952 -29319 16714 5877 -23813 -10087 12891 28169 -10755 4317 -27646 19621 25765 10203 -15102 -15548 10432 -25166 27757 -23986 -13239 -11071 8465 8994 -7991 -23610 -4060 -1970 4466 4588 -9010 -19717 31883 3138 -31677 -5207 6313 -1420 9385 24867 -27834 -2391 -2109 10542 -20889
-764233250
-19550 6217 27783 10458 10605 11717 -26316 11082 -27729 -23643 26055 -5450 9388 -28386 8652 -26873 13410 13453 24496 6825 -23680 -10748 24030 4368 8522 -3347 23487 -19949 4328 27432 27404 29501 26292 7736 28041 -10960 -28574 -25580 -751 -27416 -28764 -7487 -4725 -25703 -28524 -30177 -26732 -10633 -12015 -27345 -17833 30987 -2751 19227 -17021 10763 7445 1177 30246 -27131 20797 23192 -23682 30067
27649 13680 13847 9369 -22673 -8388 -2992 21155 6108 -3507 -14638 12885 -28846 -30598 -657 8886 -31100 12803 24662 -19995 -6794 19069 18875 1293 -31251 -20787 25976 -21274 3354 3777 -20998 -10106 -3248 24862 -17439 28172 -15892 -5195 27837 -1706 24822 -17791 7991 -21221 4452 12195 -11112 -16902 31468 -9457 9234 -11076 -23059 16425 24695 3242 -20230 -18034 -23816 5366 -2505 28483 -30024 -25980
-765127945
-30158 331 -12635 23108 3429 -29681 15737 20333 29391 16093 -14403 -31151 -20243 -23850 11876 24387 28142 27764 8027 -7703 -31623 32275 -29846 -10872 -16571 -15365 15312 23647 27190 -16216 -7044 6181 -7318 18018 9265 -2895 -6137 -2769 16334 16986 24247 -16708 -31984 15604 20956 -21250 -25266 22072 6222 3191 2005 -11113 10926 -30219 -1895 26556 723 -27915 -22695 21594 18045 27383 23007 26435
-28209 -10963 -6548 25679 13529 -21184 -20908 -29487 -18006 -16833 -11894 -25904 5761 29602 -10492 -4738 21477 -24239 -22672 -29973 -24861 24218 19026 17199 -7186 23451 31156 -16369 -12414 8378 -29250 15681 -27002 1834 -13281 9184 2409 21566 17558 32395 -24106 4387 -1896 31752 19490 -9558 29420 -12776 -16712 19408 -30374 -32664 -12057 23950 9574 -8591 8648 32349 28278 14714 4465 -7530 9383 -14188
-1162486597
26640 -27148 13275 3750 -14821 5190 -7282 18256 29426 -7762 -20908 -24255 4326 -2845 -1054 -4658 23906 -20958 -20382 -4592 4229 18651 18986 15986 -30139 -60 10632 -24865 -8699 -26305 25328 3830 6234 25785 23604 -18937 -3624 6741 -27324 -18143 -20862 -32479 -9649 15650 5306 -27901 32653 -6212 23315 -3114 -27974 15586 -10550 -17848 -16794 2117 -17627 13267 -18 -21441 2224 23591 -9838 31163
5463 9588 18108 27147 -31986 -14876 -27376 -24704 1784 -7094 -11203 -2896 -23046 -8160 7542 -19213 30837 -3064 7177 -13008 -1830 -20772 -3325 23422 28583 -6336 11270 -23259 3535 -27872 17699 -17384 -450 30662 12273 22293 -5579 760 -24386 -29206 16964 -5851 7938 7725 14362 -27864 32736 -24992 24273 -2880 -20675 30534 -3634 21585 24972 -31163 -25243 19057 -27574 18870 -29354 653 -32704 13086
7947321032
30237 26538 -29373 -14898 -31415 -7833 -8055 -25983 19933 17708 -29495 -8435 -16286 3531 -16595 21341 17669 26079 -28649 -13279 -26744 3642 -9358 -21780 -3893 -21020 15089 -28070 20619 -15229 5883 -24071 8156 -2561 -29895 25430 -21956 -20833 -26681 1802 2985 -27361 24758 18856 4578 -24906 -3260 31958 -6982 5425 -18669 -19306 -28958 -19829 -10276 6011 -11857 -13078 -1343 -27868 433 -18799 32506 -6708
-26728 -24617 6015 -1515 -30013 -3226 -8859 16016 -28484 22566 -15254 -31718 32428 -15231 -999 23054 32004 26202 28570 25325 -15785 -7863 -28261 -831 32558 -2874 14035 -15668 -18682 -5001 32024 22373 20577 31462 -18688 -20675 383 11457 12670 25075 32620 1870 -7842 -30221 -31659 4188 9727 -3637 11143 23491 -16368 -22776 -8300 -15359 -32498 -8385 -29071 19608 1696 22258 -8491 15333 -11299 27702
-1110851984
-13111 -30042 -29521 -16385 -12896 -5007 -13595 28894 -21995 -5972 11471 -22766 -27900 8440 -25806 19519 -28485 15098 -24463 28121 24824 -17307 -29703 -23982 -12321 -31179 -14353 21736 -18349 11345 31376 -25550 29270 -6976 -9499 -23680 18074 -23608 -16266 7441 11496 9943 9455 6053 8031 -22434 -31825 28773 -28035 16127 -26367 14583 -29112 5712 -10767 20293 842 22207 10013 -15781 -5309 -8724 -20316 13408
3047 14919 6303 26068 -24652 -31096 -18291 -12651 5499 -23726 10449 -29576 4747 1542 23586 11251 -18248 -875 26631 -1247 -27324 18256 -24272 23615 -6531 -7287 3217 12134 -10257 -7467 -5105 -3250 -24899 22722 13835 15813 -7361 -26535 31649 -9448 18543 -2000 -9887 13454 -30345 5033 -5088 1817 4022 -29010 -9772 4454 -20558 -23802 -6633 -14853 -4268 -9658 31469 -29199 13538 -2015 490 27708
-1513570493
28642 -10521 2973 -5023 -6129 -18234 20696 -31412 5821 -4194 22628 5510 2618 30931 1706 18591 -4885 -32028 -11182 22817 32066 -11241 -15979 10645 -17191 14854 5004 2709 -6338 8299 -18125 4197 -17281 -25735 -21066 26381 2562 -6998 24875 1700 27867 -5336 14462 -5970 -31766 10639 4267 5706 21956 -16443 -7352 16408 28841 24280 29719 -7324 17948 -568 23129 10968 16667 22152 32437 -30777
-27634 -24574 -31732 17688 9694 13914 -32241 1905 9818 30742 -16581 14765 -7891 31753 -3653 -29911 31366 13522 -10555 1394 26732 -20793 -8855 29639 2521 -1899 -4742 13071 -6166 22618 -20399 -4221 9263 18707 -27044 -4634 -4694 9589 -20173 -32591 12697 12580 7268 -7800 -11516 -11769 -9344 13999 -7058 -3675 31716 -2485 -24109 26418 -30746 30509 -13570 17343 15756 -7550 27053 1675 531 -28150
-363565128
-18431 -2018 1246 -6489 -137 31671 -26071 20595 13096 12922 19655 -10216 -16175 14707 27927 -18642 -25318 -31267 18940 -11739 16920 -1272 -12744 9445 -10999 -3433 13003 31186 -17444 -7172 -941 -2673 18056 5009 22118 19189 -17718 -17251 1494 -30273 -545 18137 -3235 -6974 27766 -11498 -11114 21257 -27578 22416 -32685 22503 14722 23251 -14355 4506 -15560 1472 313 5605 21317 -966 -24310 7525
-8142 -23139 8102 31149 12566 24489 17766 -15329 14226 -10408 24827 -27710 -17079 95 8811 4722 7261 9618 16536 7903 -15855 11989 8136 -31042 22634 27487 4871 -30442 2442 -23272 29060 -30519 28128 12490 17963 -32253 -17744 -15496 -14480 -7326 -20714 -2826 -3185 28315 12133 -19275 -4193 21297 24102 24988 27403 -9648 10143 4532 19084 24028 18361 21108 -32605 27382 23545 1248 -7818 -23335
499829158
-23559 20698 9452 -11556 23803 19537 25465 -7108 23448 -5246 4497 16780 -21167 15088 15882 17006 -11520 19982 9357 -14332 16375 -20309 27737 -24342 -25502 5421 -24864 4113 -17928 28669 24550 -19663 30722 -14070 2290 5923 9884 8996 -18967 -29562 20046 -29747 30567 17209 21920 32589 2990 -20098 16476 -25479 -31790 24358 29631 14051 16972 -21452 -31454 27748 15460 -641 9597 23086 30612 -28251
-13385 -6021 -32240 -13141 -24132 25717 -11885 -22426 12001 -26346 637 -27610 9600 1355 5613 9674 -17589 -28956 -6410 22302 -14131 4129 16114 -25131 4347 8043 -25760 10032 -13863 -20665 30221 20827 -22128 2425 13520 -16770 -9574 -7283 15292 15522 -10021 -29137 13069 5686 1881 2379 14413 5130 21873 30256 -31685 8508 9024 25749 -31130 -30301 -18068 28798 15514 -17006 18562 1774 -9011 -4808
3226217025
-2461 -22128 728 -9097 -24433 -3810 12909 5418 22487 22093 -5811 -6873 -10541 -25028 -9508 14797 14591 -28264 21237 13144 -3441 -23713 -25134 -23183 -19199 30225 -13743 32067 7519 14692 10128 -31282 -15506 -31344 -10353 -11642 17325 22778 -8293 -3738 -19083 -29367 9359 -19139 -31134 -16492 -18601 -31215 -23056 -13762 10360 14274 3871 -29179 -3417 -16710 -2288 -13239 7901 -2637 -8459 -7315 26500 6220
14664 -9373 28345 22097 -32719 1534 24002 -9885 14698 7838 27754 -3275 -2258 22028 -27231 26383 12924 5921 4768 5327 -22266 -26009 32450 -5308 22145 -31734 4888 -12099 -15118 17553 -32144 19352 -25499 -9501 -12630 -8448 -29436 28639 1725 -26975 11538 16113 18874 -9977 -5252 17526 24747 20247 -1630 17604 -14620 -18428 -5159 22304 21701 18837 21122 -1699 408 8987 -13909 -16191 12892 29122
-2264135056
26896 2811 -13462 -32161 3588 -27668 15951 -18131 -12078 10483 -6555 -14371 -15843 -20950 22745 30685 -26812 -14803 -653 -27271 22748 4278 -5165 12815 -8336 -4894 15550 570 18579 -10947 5480 -12353 28229 -27986 15094 29499 3657 -16281 -31277 -28775 1022 -10550 -16081 -1176 1633 17261 20496 -13056 31603 -25607 6235 -27662 11388 28280 -28082 -20515 16491 6612 27814 21664 -1801 -25648 -11521 -1650
15796 30029 23514 19881 15545 2971 7994 -15455 -7091 -25508 6281 -30573 32740 24609 21429 28735 -32215 -30652 18905 -4675 -761 25428 -26976 6747 -8085 8898 22873 -3198 19502 -10381 -2081 9638 10956 -19319 29060 2690 -19841 -11934 12166 -21088 30975 -3373 -28039 -30726 29162 10061 -2815 10127 18096 12311 -11354 5150 -23887 -9207 15685 16139 -5811 351 17421 -24293 13892 8808 -18845 -20215
3864368950
28021 16745 19199 -27276 13128 31190 24919 -21620 -20207 30112 29696 -20005 8840 17410 -13727 17321 -11180 20292 -25660 -26293 -17142 5994 13598 -2428 7592 -3458 -11070 -20023 10414 32164 2826 -10957 -29950 -8382 9118 -28853 453 12875 -24384 19270 24989 30617 31596 -3147 30728 3916 22100 23459 -17658 -15332 26607 18145 26016 -4543 -20178 22345 -9200 5200 -25858 31257 -25790 -19957 -26875 -25600
-2026 12864 -1853 1003 -17248 -31473 31676 -17917 21131 16183 -8106 26561 5162 -26904 25111 14931 8336 -28556 -17606 30829 369 -12348 28613 -23291 -28779 23374 -15172 4362 -17167 5943 -9311 28342 13259 -22557 300 -7291 -22588 -5030 -21740 7691 -16319 -12658 -29387 7918 -10503 -22087 32217 22049 22340 -8532 -26798 -1759 -29674 1556 -24437 -4924 -17577 32062 31215 30360 -12774 20116 -17904 -18686
-2732865870
6086 -23114 18094 25500 -1099 -15618 -4173 -22810 17021 -768 -11327 23966 12080 17763 7930 -27334 5933 -11960 15815 -22464 -4532 -2634 1470 26870 -11515 1140 -3642 29178 -2333 -737 -7652 -2770 -12835 10609 -8507 12641 19994 -30964 16888 7712 -8600 -16838 -15853 -14054 11310 -25899 9212 -10396 -26095 17128 7011 -1286 -1579 -28795 -9257 1168 6157 26124 -8097 21428 -2010 -21393 -23862 31135
-31359 12203 -15204 -7173 15876 2060 -9033 -28989 31684 26269 5768 16524 -21026 -12672 19932 31866 -26996 -8352 20969 32216 -15717 -17798 26713 -2140 -3713 -4551 7152 23060 -13184 -11768 11272 -20042 18095 20115 -6527 15139 32713 3663 2568 -27162 153 -16878 -19573 -21550 -4919 -16100 -1740 -17084 5212 -31236 7572 -5475 7607 22015 25698 -30316 16199 248 2493 -5075 -18500 -5211 -9302 20440
1192443225
25442 1502 -19854 5127 -12470 -7348 8991 29459 -827 4342 -27949 29749 -759 25489 12260 9538 3829 -15997 -17706 14936 31463 19004 -30882 -19377 -13576 9617 -17841 -23920 14397 4030 -21692 17135 5855 21578 24521 13734 18931 9114 -20337 26141 -31388 15619 32272 27462 19750 6631 -4724 -30866 -22934 30148 18483 13203 -24623 -4380 10866 29700 -26307 -18334 28988 24342 25008 -12005 -10560 20604
-21438 28223 21583 5929 -29556 17361 -2934 -22212 -32719 2648 -16721 11017 31652 -15072 20007 7940 -21318 -10819 13721 -19204 21548 -14285 -28919 2083 21827 -26349 359 14227 31342 -8311 31986 -26722 32404 -15230 -27049 1435 23410 -11539 -16609 -23024 -15724 20064 6559 22276 -9256 -5713 -32757 -17826 -31851 -27466 8186 19158 -6919 3519 16905 15308 4118 2164 -10476 5790 -858 12473 -26912 9490
1099845605
9615 -10256 -30588 -24511 -4795 -16991 6314 -30407 17945 -5450 8815 14187 17190 -26980 -17689 -30224 15539 15401 -25669 32572 11292 21149 -24828 13878 9548 16542 22807 23568 -9889 8573 3003 28677 32385 -7733 13905 10677 11385 -10047 -28345 24773 -19909 18918 -16238 -5236 -15048 -7190 13282 -26082 -23999 5398 28852 30581 16458 -1412 17498 13550 15300 20344 -19546 9506 -31206 17732 20455 23768
10857 27565 12117 17884 -25023 32473 -20743 -23679 -14533 3835 -32337 2971 -5101 -11811 19489 -12521 -30620 26342 19865 -9425 -21291 18183 -24898 -17677 -27005 -28259 12423 3713 -2552 -5378 28100 20684 -30196 7603 -15475 -29698 14495 7567 -11381 6381 -22856 -9452 14104 -3851 4791 -21854 -1903 -1785 3189 9977 -24190 -15288 25975 20491 -3293 22734 22721 -28805 30806 14913 -30869 -8992 13109 -3907
-2242146999
-8796 -10461 25597 16103 511 28347 15322 23285 -8643 -18978 -18022 -9666 -22248 -19972 31222 -28039 30717 -14593 28776 3224 10352 -27078 5964 15361 11135 -25052 -32444 19790 -6880 3448 -7654 8761 -6262 26687 -24811 -11471 -7745 7731 17349 7430 17952 -8621 13020 19424 23123 9456 -8669 -28744 14011 -4531 -13992 11236 8803 19920 -2328 -18231 -10891 31553 21707 31590 1766 24146 17518 24245
-18264 10358 -11686 -11912 -16305 -3590 -14657 28602 24958 -24550 -22964 7716 21954 -11104 -3359 -27732 31320 26578 -549 24559 29438 -19306 21256 -7195 -13477 -25262 5815 -19755 2113 22394 25341 18072 -31305 -7523 -24418 8421 17826 13631 9942 -21313 30439 -2415 16477 11358 -1495 15685 -1188 6203 -11781 13776 -31088 25119 -17298 -21273 -12190 -948 -2781 17677 898 28604 16493 21112 1237 6663
5926487584
-13182 -20661 17814 -9449 30807 -2424 3641 -8694 -561 -30451 -2668 6563 16201 -22708 -16156 -10126 14248 -29976 -1995 26130 29625 -14560 17540 26477 -26396 -22178 -2946 -8809 18848 26716 30959 1268 1418 1862 -1176 31919 30271 321 3427 -9606 -8384 -20487 5474 -13449 28534 7412 3058 -23417 15502 28289 394 17269 -2644 9099 -5097 -26532 19282 -29298 -20064 29930 -1928 -15478 -1676 -15690
21508 8135 24453 -24246 -3832 -1256 -11887 26714 4419 11703 -23019 -4258 -875 30341 -13947 3867 -2266 -10923 -11728 26760 -21005 27383 -14520 15123 30207 -4616 23339 -28563 -2854 26605 -18502 17890 633 -29992 -13436 32315 -28236 -21677 28153 27649 8618 14457 -20306 20281 19306 -23793 -8869 19374 -8436 -24149 27675 394 -22906 -5636 -26620 -27805 -11087 -28259 -18361 6262 -26886 26093 -12161 29917
-1724231206
19827 25744 -22054 -10595 20579 -22479 -30363 -25689 20341 -1725 24466 -23482 11481 -1464 -2100 -27449 21797 -1682 1926 -11820 10278 13388 -14371 -31115 -4161 9223 16213 13597 19950 22619 -24616 7060 -29240 30293 20954 953 -19685 23391 -10330 -5048 -1191 -20899 24245 -25641 -23805 -5799 -1085 11806 -24697 9727 15272 1960 15314 31175 27722 25600 14570 12605 6107 2479 -7904 18934 -29498 11329
-24797 -8797 -4448 -17734 22544 -653 380 -1748 -30289 -5817 19175 14731 7496 11024 2396 -12706 11701 -9887 3026 24649 -7594 -31755 31121 -26279 -10891 29919 29157 -31139 8744 -12679 -10038 -14113 -30072 -16115 347 12705 -22603 29109 32659 19673 18258 -25798 -19390 -20826 10414 14736 -18681 -24065 13300 -30973 -18976 -2837 -23359 -11956 28091 28517 23293 14563 32368 21008 6970 16513 7752 -25895
1714956616
-4281 -13495 1815 -5506 1220 3014 -24227 -8416 11742 -10610 11564 -19785 -21834 -32198 25839 -20846 32107 24231 178 1684 -29680 8410 28054 -20182 22169 -18509 -3824 17012 27701 11639 31121 -2911 16861 -17917 3108 -23679 -30842 -24370 -17810 26031 -2525 -21555 -17044 -11441 124 7544 21704 14773 25212 -7357 904 20882 7761 -4621 -17181 -30578 -18468 26974 24234 24660 18866 -27314 15649 -11169
-14240 27231 -12543 19778 -14444 -17425 23546 -23460 28152 -3201 30853 20914 -8536 -15653 -19831 -390 -24920 23017 -27395 -12136 -6587 32608 -942 422 -28595 21790 -18956 -7406 13911 21152 393 -8527 7731 31276 3413 5606 -3949 22080 7980 10192 29087 6518 24177 -1441 -15952 17754 31419 4513 -25972 7465 -4354 -27332 -3065 24290 9207 -14186 -13395 -7932 -22117 15709 8253 17646 24641 1535
-2434864469
30216 26661 16814 23092 21050 11 15542 -25167 21532 -15871 -3913 204 11356 -3153 -3435 -25800 30962 -18859 -1889 31632 -30994 -28222 -10878 -25103 -17214 18741 -13043 -20311 -21414 -4343 437 5355 -15942 3028 -2510 -27223 -8227 17419 243 -10633 4163 -20332 32234 1716 -20779 18699 -28440 -22044 25663 -31463 -32316 19182 -2536 -12049 -26506 -12811 12985 10657 -9779 -6983 19744 26959 19798 -11762
3152 24767 -4650 16825 16112 -16098 -5342 -28045 -23829 11462 -20047 19382 13644 -820 18504 -32113 -15333 -14422 -25016 -45 16637 -20576 21707 -30574 -20365 -23419 15797 -10272 9845 15631 -15838 -5242 -7652 -18874 -12903 -17249 32152 22596 12986 -15868 31216 -24699 22382 578 16409 21059 -19834 24484 24732 -6095 -27919 5789 19525 16384 27097 21645 -26051 5420 31753 1886 10465 -20409 11679 22895
4288547672
-20575 -25030 -20203 -10805 -12047 14023 -14162 17186 -17541 21372 16089 -24265 -3573 -3194 18839 -19359 -7505 23306 18522 -8653 1675 -15835 3919 -30263 13346 28567 26120 6193 -27733 24639 -8735 24334 -18738 -18552 13796 -6292 -25906 140 -3345 -26192 21022 8038 24337 -22894 23795 9099 12792 -18795 -31017 -15509 2645 -2220 -22502 2684 17438 28991 -3098 -1480 463 17840 29164 -18388 -6091 -6115
-22394 25093 -16279 -24150 -1657 28262 2648 -12968 -14774 -2526 -3068 30695 -23667 16433 -20138 32569 -16482 21802 32397 -10239 7014 31516 -10880 -26683 -14854 29178 -19202 22051 -30628 -13636 28670 -10220 -32576 9735 -3981 -5760 -32313 -27266 31439 3599 -5330 28442 29660 12202 -17810 31911 -14512 6254 -9668 27656 10760 -25159 -8700 16051 -1972 5622 7602 5142 -9957 -17836 20099 -19886 -20442 -16695
3208828362
13452 30364 111 -25159 -16105 -16512 -31486 1769 1690 8754 -14550 31319 7152 19846 13714 23201 -21643 -14566 16703 19669 28218 -19866 -17459 -15236 17315 -31105 -4231 -3520 30204 30463 24680 -30272 -23816 -30913 -25607 23823 -23507 18523 22914 10764 -24228 -6069 30665 30624 1867 -12585 14288 19326 31828 23094 5915 31924 -18251 -17277 -5508 16075 -21662 11819 31839 -8717 -8024 -2208 1453 -16689
-25978 7219 -22785 -6648 22703 -14658 -1098 -17849 28164 -2324 7988 -1832 15499 -11315 -12857 -17625 -13110 -4949 -2974 -5731 -29934 5628 -10398 -9446 -12137 13424 21154 -18323 15886 23979 26744 15055 16575 20422 17715 29739 19821 -21237 -23489 -1850 -15778 31273 -8636 13508 12508 -25689 27847 -31292 2283 -21308 30058 15552 -11283 -29562 1276 20653 10748 -18558 22499 28642 -7842 -21963 31886 22688
-1224595474
15148 21635 29516 -25050 -27472 6509 24716 -5246 13741 7744 4580 -22067 878 29291 -29716 -14922 32735 15323 25303 24759 -8625 8447 688 3630 21407 9354 -25029 -13510 24391 -4309 -31352 -3740 902 -3998 -15756 14868 2280 -4887 -16022 11646 13414 -17514 31706 -31000 23938 24911 -16344 -15242 20555 -8262 579 -7223 -8447 8604 -519 -25151 -32348 -10596 5495 12531 -23448 1689 4665 -2634
-9784 6842 24950 31114 -27516 7572 4854 -16578 5867 30295 24753 32047 15892 25811 -31409 22458 -19584 -8637 -3522 -4204 -21995 24031 -26095 -32566 -23833 -28031 -21259 18620 22377 -18333 -3916 28709 10856 18259 30526 -17841 23064 3940 -29238 -30631 -9834 30794 23390 -15503 -18008 18895 30234 8043 -10623 27633 17192 -4539 -31170 13113 25830 408 -15350 -31103 11537 -27531 15131 8402 -27276 5113
818033325
32546 -5712 11992 22043 -4188 2531 -29372 -20017 -13617 -27338 31726 23868 10919 22989 -10006 28427 12001 24542 32596 -21548 20689 438 23344 15375 -14244 -21442 8310 -13042 23154 -26698 -13208 -6768 -10310 8607 -32172 -9607 -25501 2003 -20852 20510 27735 29932 -28095 20290 -26403 14457 -19416 -10351 -8361 3498 9650 -28958 -18416 -19925 -8943 16611 -14478 -27918 19011 31162 -28018 -26845 -26834 3455
-32689 23644 29702 -3212 381 -6399 -54 6544 -31583 22965 8606 -25066 -23854 -23126 -24250 -18529 11213 18320 25679 21026 -5226 12592 20171 20404 31621 21523 -21719 11642 -2848 7174 -3670 3431 -997 11387 23097 25114 11807 -26269 29220 -19153 1611 -22374 632 10716 -15145 4317 -22621 -30477 29755 -21853 -24915 19239 -972 27680 9472 -7494 22696 5532 9745 -10443 15073 -3785 30043 -8847
-7572778779
28438 -15854 -17213 24562 23508 -30770 2081 22786 9749 6724 16016 20044 -13294 22413 15127 25727 -6640 20344 -25565 -23430 -28271 -25990 26746 -2677 -25597 26025 -16207 8738 31441 3860 31905 -27513 -29062 24543 30815 -488 -4016 11955 24673 11213 25088 -2903 -30275 -5358 -31277 32315 27657 10718 -10869 20503 9379 -22739 -3541 -8302 -11373 25197 -7681 -21007 -28275 3735 16282 -10525 29169 26268
23200 6325 400 17156 22989 30993 -8113 -28154 -14894 -25555 -17812 -16332 -32397 25073 1010 4750 -7146 17577 -20515 10018 -23685 15888 14297 18105 -15227 -20053 15830 13793 22010 21479 12334 15718 -6146 -17940 15176 31482 -19757 -26566 -205 18012 -19333 29999 -30964 -19939 13125 -16759 -28036 -29444 17848 -19072 -20370 -25501 -17385 18527 15569 -14892 -6040 -1614 14746 7209 -24291 17961 23064 -12098
-945665698
-25449 -3631 17121 700 16023 6506 -8875 -29991 -5445 -22734 21881 -12515 -1953 2692 -27665 -30656 14793 20358 -4895 15562 -18050 -19209 7993 -25621 11085 -12934 13524 5980 -2155 20626 -1233 17329 -23310 14174 -1457 -7296 4843 10517 25670 24993 -15310 2051 10743 -12863 -9101 2941 7708 2593 31726 -576 -12298 14166 -2684 7430 -4156 -28765 -17756 6237 27758 -21076 -32233 -27400 20597 -5423
30148 4303 10691 17283 31030 -24767 -9445 32191 5453 12390 18494 -11968 -5556 15759 9297 -2863 3713 -31634 -26300 -20324 -29991 -3246 -12660 18280 -23385 7225 3455 8537 6592 13045 -22900 7091 -3598 30726 14555 22841 28825 -12751 5699 32163 4947 12527 -23435 4246 -22669 -11994 7358 1608 -15810 9000 -4161 -18007 -8698 -8983 -19128 -32572 -3118 15293 -28464 -7182 -16407 -10171 -32652 -11719
-462182741
-90 -11486 17542 22854 11502 3326 -16383 -371 7821 28479 6659 12515 19275 -26460 3352 15273 -23039 19249 765 -28588 3142 -29623 15151 -14267 26174 -4426 -4587 27847 2225 4921 -23566 27249 -19416 28081 -189 25777 15336 -23879 -4702 15284 13369 -29709 5688 7608 1738 -3348 6392 25612 -13189 -12016 -31069 -7949 -15744 31244 19464 -32557 4573 6678 -24451 10101 10574 -15648 25209 -21431
2110 11046 29788 9193 -19421 9753 17409 -18146 29735 -31972 -21192 15291 18615 -7274 -17557 23334 -16564 23629 -12415 11672 -23889 -5787 20888 22908 30892 21121 -17647 22444 7437 -28472 13900 28459 -22420 26522 3795 -3783 -24809 -815 -20903 7231 25868 -18577 -5178 17228 30765 28719 -6890 11291 3456 -25004 1408 11488 9515 -12289 12304 27338 -15098 -29288 27389 21129 26503 -2811 -18337 -18792
3292644141
11980 -13677 25644 -731 11079 2495 -2462 -18269 1629 15802 15583 -29085 31061 -16202 -8956 29470 2007 -8761 -14815 -12144 8146 27526 -31427 29323 5415 23545 10796 13062 -23304 -6085 -13393 -5298 20200 -7907 -8707 24048 19527 17192 -17859 -16311 18112 29600 15019 -3864 4255 -18646 12710 17210 -10268 31289 -14457 27115 24360 -17873 31344 -26926 1117 10729 5205 -3059 -9449 5254 21126 25015
-16958 -21010 -30704 -13782 32711 26261 2860 22988 27663 496 -18218 -25471 11648 -30509 21381 6338 -16214 27457 -25496 -30737 6868 25931 32017 -19639 -23143 8152 24429 7261 -18638 13411 19052 17239 7683 -23605 -32411 8854 20206 10634 -23105 -15622 -11734 27222 -20537 31089 30673 24815 -16503 -14001 30169 30154 -8315 -13082 27745 -28168 -1887 29093 29487 -14165 -4296 -12741 27408 -19667 10161 12352
3024528144
12606 -12953 -2628 -13367 11338 19168 -1982 21311 -19495 -7961 -15561 -4906 24576 26175 11009 -24325 -15242 29400 -15170 -15103 -16321 -21408 -3511 26898 -22703 17080 31214 19775 -11741 12308 -13599 23115 27489 15033 5163 -10712 -16512 1195 29360 207 10729 -13854 29807 -14924 24548 19630 -7883 13655 707 -9687 7582 -1463 -4110 3578 8870 31978 -10990 -28591 13652 4830 -5561 25742 30484 24093
6804 6881 26118 -13156 -14502 -15111 2915 -4643 -710 -2101 -29951 23187 5764 -96 27566 -5468 -7283 -31451 11226 -12187 32354 12058 -23540 -3595 -27094 -22954 18269 15908 31556 -21084 -22060 1747 -1027 5631 -3427 -10134 -13033 -9199 19308 -24580 10685 -29614 -15566 28890 1528 -18805 20267 -19174 -22521 -10880 26458 24113 -32505 -13838 32400 -531 -6340 14903 27311 6225 -23350 -20805 -20203 -30658
-1592876965
-4251 26405 -21158 10292 -14122 -25747 -2721 19767 -9395 13910 -19868 -11107 -3427 -23302 16184 -6300 30281 -24929 31519 -25691 26795 -744 16177 25858 -26445 -14014 -26954 27274 18241 -9390 -3264 20694 22702 4714 30707 -20486 4575 29146 -898 14383 -6426 28871 6770 -30335 -31589 -21507 -2367 13689 -31874 -32306 -31342 8450 -24814 5258 -16825 -4465 -8539 12468 3280 20208 27859 9791 28730 -11656
-10821 -7669 31543 1509 1574 -10559 6709 1027 6366 -20619 11120 -26414 26922 -21243 11063 -12727 -14767 -7637 -17673 4880 8988 21370 -11432 -31606 -15229 -3194 -13138 -11691 -11545 31639 27708 9528 -13773 2912 19936 -23329 -26777 -14404 -16510 -26316 12040 29255 2952 -4156 -8790 -32228 -13858 -14738 6107 4631 -6798 8855 25001 12358 -24109 -28762 23685 -17773 -4822 -25126 -26020 -14222 1563 -13536
-1889804382
-26170 23877 -12440 -7672 -26402 20306 -17049 -4735 18198 13407 -27182 12354 -22355 -18797 1853 31211 15822 -12412 32644 17382 14574 8346 -2155 -8638 -27847 2917 26983 -9764 21449 -721 -28057 5752 -20430 31195 -5583 -21677 3291 -28309 4032 29436 -30746 19155 -1652 20489 31217 -18568 -15679 -1878 -9262 7412 -31728 -10468 -13633 12140 -20803 -17941 9771 -10928 16366 -31169 1194 -18785 2129 -15139
-3630 -8377 21956 27849 22138 -29976 31153 27940 -19711 6912 -26716 3096 19496 20047 17903 -5179 -31105 10318 -4100 -14741 28438 29076 -9971 5169 -16277 8272 -11773 -27457 -2517 -2468 8695 9156 5498 -11410 -18448 29309 20524 -12935 -2513 -19472 -15615 -954 -17094 2842 -29196 374 -17500 -32425 -6762 -16525 -4248 32542 -25172 -8937 27667 11447 -31795 -25687 -31259 -4945 32163 3922 -300 22530
-5844481238
-15529 -30095 -6146 -8020 -20585 20185 29964 25215 23410 20212 20194 6897 -32342 1572 28692 20167 -6141 -12234 -20056 -8881 22579 -10490 -6922 -28554 -3299 8706 -22422 -9116 1743 -1018 747 -13869 -14047 28604 -18265 14688 30411 -27652 23576 19443 -24260 -6844 -24266 7975 3259 10010 29371 -1078 -9585 -19865 965 -32324 -12458 30470 -9051 26623 9299 21569 -20235 29781 23032 30108 -17669 -11155
-13851 18225 -15996 27381 12723 13864 -13544 -14865 2566 18002 -5711 6305 -15429 -17561 -13664 -29150 -14261 28577 -24195 -24190 -17692 -17947 6334 13115 -6671 -22417 12494 -32359 -18496 -4704 12000 18749 6292 2231 -13455 -31514 -1017 3112 31847 1371 -28434 -22037 -8087 28410 -12774 7876 -32366 -16871 -17966 -14861 -26205 -16130 18701 31495 17014 -22 -12316 23644 -6107 -13670 8522 3679 4693 -29045
980551906
14812 -343 -17048 -5706 -22880 -20576 17929 -1958 31186 -14776 -13600 -11827 -15031 809 -12889 -20540 14373 27689 -25984 9516 -21159 -22695 9026 18150 14828 22273 -1587 27288 1373 -11606 -16641 15779 16569 -6639 -2687 -19951 -7617 -137 25670 12013 -6776 8188 -3292 -8943 -11891 -7829 14677 5717 -16656 10449 -18818 -28624 -22670 -11163 10991 19155 16934 588 23913 4920 -264 25014 -11200 208
17657 -3252 9650 -22313 2608 -17129 -6256 8575 21278 26625 20050 -18406 -32167 4495 29740 12441 -22795 13262 17231 20728 -28428 -5687 -13713 12907 29652 -6996 15426 14107 -11131 1484 6199 30439 5746 1712 -1752 3242 -22453 -29775 26432 15799 -19865 -4782 14221 28040 -6732 -26303 12050 4193 -22130 -28713 -20904 14491 -11766 -11760 4067 28524 -17735 16846 -17495 -16391 18246 -16206 31524 26752
2912930835
24049 -4199 6290 -17519 -4637 7423 -18060 5376 15281 -25402 -28104 27725 248 -4402 -22909 -12030 11190 10629 -3228 -4644 10580 -3579 26046 20441 3465 -29778 28171 -9831 31571 11838 -4495 20990 -15017 6469 -19265 -17450 -19390 -15752 23219 -11576 26626 24553 18230 -30471 -17914 -32185 -16176 -31370 24909 -25083 30626 20061 32187 -30746 31177 24120 15759 -19773 6058 24923 -22245 23014 28313 -8270
-9366 -20288 25002 16835 -6873 -13128 18869 -3338 -21969 21588 -26168 -736 -16614 18553 15222 13662 9809 28464 24223 12675 -14048 -16582 8052 -9020 2432 -27935 29795 5379 -2148 13881 -16170 3246 -21076 -21049 -31134 2144 -23862 19171 26800 8586 -4369 7258 -10779 20264 6059 6413 17346 -15128 2729 -8652 -29800 27974 -7211 -8162 -25547 -15189 28934 -24206 -12472 22019 18855 23900 13169 -31533
2120272887
-18209 -14531 3693 1951 8184 31208 -29718 20747 15103 26192 -6294 6997 25921 -24210 -10728 -24345 4386 -19393 -11787 12844 23041 2837 5350 -24479 17044 171 24375 -26410 -486 29399 13556 -11920 10974 -4321 31237 23975 12542 18204 -12113 25245 10569 -12039 -7780 24537 21767 -4946 -21686 5955 -3113 -19606 22631 16916 -29703 -15168 19336 16605 -22013 -254 28805 7001 7585 4995 4657 19547
31808 -14050 -936 12343 5443 -26102 -3607 378 -4134 -19235 -15681 18632 30425 -24095 -15789 -8094 -20709 30330 24530 -30260 5891 -3977 27271 -19320 -17117 25444 -2602 6105 811 28573 -14076 -27601 8812 -21864 -21161 -21826 -18782 9160 -16683 2204 -29552 13939 -27569 21984 28148 -7885 24369 24021 -7083 8180 5408 31760 -12543 -1192 30071 -5607 -11738 -7326 -19059 16562 -11586 -17809 -17764 31373
1561097565
21624 20686 22360 16060 10224 -19675 10915 6344 -26274 22150 2910 22153 27821 7238 -3932 -24527 -8634 26645 -25778 -961 23675 20777 27977 29661 3535 18624 -14703 16129 27970 7983 916 -16837 -18376 16479 2167 -14515 9481 17253 -15483 6617 21287 -17987 -2495 11437 5205 1121 22440 -30821 27692 17177 20814 30448 -31159 474 11430 30552 -1353 -3725 20325 -28991 9653 -5584 -9778 -27694
-6065 3296 23988 20476 -2064 -7826 25128 -15146 -25695 21870 8052 -20199 -14647 6632 16942 -21639 -9437 -18255 3094 1834 -3313 -16487 21636 -11228 -30537 -19454 -14384 -12322 8213 22384 17669 -27773 -6022 28234 -19702 -32232 8982 -26284 14713 -911 -13619 -8841 8953 32484 -15889 24592 970 -26882 -32334 -24682 27743 6156 25390 24358 -7135 -6497 -8003 21107 -31031 -7716 -19527 22406 29871 23718
-186079576
-31434 594 32345 -14702 -32254 9836 5821 -19001 24425 16354 -3023 -22709 -13757 -12939 -10347 -15410 -6829 27559 60 -1062 728 2495 14528 -1324 4619 29265 21192 6187 20351 31687 20683 -32531 30295 31333 -5265 30108 1802 31572 11295 -10376 -10241 23522 19010 -24967 -9879 -3896 -10293 -2718 -21653 29051 -6674 32402 10444 12425 17416 -31645 11528 -10116 20036 22590 -10237 11549 18506 -30317
-17590 -19840 5683 -15002 -22872 -11964 25832 15285 12886 28163 -23387 21111 -5833 -1466 14488 8737 17642 7104 21042 8439 3517 11687 11043 31643 10153 -26553 -5901 -25298 17005 -345 17979 -133 -25956 -8801 -27786 21351 12976 31633 16814 15472 -26252 -9047 5390 14702 4785 -3678 -22418 -6200 -20746 -25174 -7286 15230 30017 7916 102 31034 15043 32368 30446 23184 -22159 -9238 8602 29171
2375043748
14101 -25332 10831 -3711 -5957 -4023 30765 8518 21738 -22618 -4767 30684 -21146 14623 19760 -4931 2411 5991 20017 15683 11898 15321 19198 6235 16784 29423 -21597 20355 -17546 26163 -15884 5291 -9824 1739 872 11406 -10776 21725 -12144 22478 -3799 19484 -12237 -31268 -6482 -29607 -8854 -15682 28238 7328 3584 22949 -5410 -21904 -412 -9066 -25213 -25188 -26480 -21464 -23570 -18261 -3643 25478
8983 17379 11139 -28089 17982 29940 14410 -12383 -12959 -30649 -24513 -982 10167 -17835 -19856 -6011 -13116 -12816 -2132 -30710 -23829 1561 2725 4666 2946 15538 14168 -2217 -22819 32288 1368 -3018 -19496 18964 -29500 16974 -11810 -20782 27637 32202 -32133 7015 -2405 15422 -9409 -8378 -22724 16498 -15564 -29145 8308 12302 -16926 -27931 -32433 2715 22878 -27402 5 -10143 17950 -20757 -29521 10813
1768319008
5673 13805 -4934 11864 4382 -152 17730 3712 2564 8378 22219 21057 13346 24785 13515 15466 1476 21823 11434 -27392 12444 -6915 11928 6261 21680 28801 25760 10321 -15701 -10074 -24940 -28131 -32276 6094 -20256 -26857 -19406 27433 3055 -32320 30801 17489 -30777 -2432 18631 2110 -19971 -20887 8695 11440 11187 -15847 -23781 15735 17688 -27107 -6173 -28801 -18077 -8098 -5082 -31376 -19659 -18742
-9944 22223 17237 -18851 -3139 30348 -32229 -2896 -8089 30881 -15161 5705 -6047 28275 2053 6790 31526 -27686 -30042 -13708 -20299 -32305 10609 -30343 13776 29266 -6687 -8555 -9618 -14229 1975 -310 31247 2137 -7692 -5373 32560 -12462 20500 -17642 4201 -12562 23317 -9173 -10556 -20452 -17495 -4641 18952 -2768 25938 -30351 24206 -11287 -11107 24709 21716 13165 21574 -19885 5308 -23526 -16098 -21445
-1011512717
-10873 31603 22620 32375 -23955 -8522 13988 -28401 -27435 22704 482 19692 10856 -17576 -16499 22966 -30989 -26820 -7066 26581 -21620 -3882 21238 5232 27183 -21819 -12877 -17142 18971 -25134 31557 -11544 -9995 -20206 23612 -7322 26620 -21027 -31548 14165 21280 -23082 19887 8554 -5467 -23055 28224 -18446 8329 -4878 22730 -16374 -2765 -17062 28092 -26920 -15297 -22994 -11058 21806 16330 -32403 -3068 4929
12412 105 5835 9045 9102 19492 -19552 -9760 17238 -2241 -2090 28191 -5088 10408 1335 -24471 8125 -19451 5932 4391 27934 31245 11159 -947 25633 -16816 -25162 -3083 25670 27345 2689 3300 31010 -2778 -20187 12610 -11864 14477 25348 -9005 28659 21163 -29944 11805 -30007 -20022 -24959 -9329 7933 11716 21898 -30733 30625 -10479 9791 -5969 -15657 10843 -13415 1526 7376 -25806 -21895 -20254
244796593
12812 14506 -31324 29653 11467 5940 -4685 -13362 -547 32516 31186 12668 -15775 20767 13009 -21034 -27401 -28379 -6013 -10771 -9362 27477 12297 -15449 31361 23698 395 29093 25730 28171 23080 -15735 20502 20586 -20272 -25863 16256 -28202 1673 26346 15587 -21670 -13011 11291 -11157 19233 -29571 -6893 -914 1276 16872 1799 -9069 -27594 -11558 -16818 32117 3013 -28298 -8572 -3427 5681 -32460 15955
17914 -27268 -1569 12323 -6373 14999 30366 -29252 -21271 13375 4917 -864 23734 2964 -15527 -791 -31808 22320 -23908 -15768 -10088 -16097 6604 18730 -26057 -359 9716 14724 4998 -24540 -21198 -26852 29528 19693 -12198 -5944 6917 3572 11409 15019 4358 -30496 26865 -13016 18588 -11486 6435 4861 14455 5588 -25746 -746 -4390 -31632 -22561 -18805 -10163 -22496 16918 24663 -4753 11481 -8889 -16188
1070444567
-24826 13766 -15126 -28002 24764 27856 -7599 11918 -13211 -10812 -27810 -15195 9786 -20784 27133 11814 26698 21233 14835 -15285 7384 19878 20994 171 -17478 14379 3123 -32097 9534 9867 31778 -31391 -20126 -21176 3000 -7508 24517 1834 -27625 20658 -7264 1543 -18715 6568 -21713 -20256 3065 2203 22527 16135 -30193 30495 12603 24932 -2517 7754 -31411 -8692 -9754 30412 -1854 22633 -6722 18227
32424 -25681 16655 7783 -30625 6999 -21738 -16429 2724 -23211 8219 24364 21636 -18360 -26482 8877 -28979 6529 -25388 -1665 -32077 20287 23164 16958 -426 10547 2624 21449 -10668 30540 18796 -19221 -2350 -4977 -31304 30102 11395 -29359 -18789 -18879 7916 -22790 -20584 -15541 -2293 -18213 23228 -11671 -23745 2236 7658 30725 -11482 -25447 28409 -18933 2232 32576 3182 664 5190 2619 -31495 -13314
-2371959631
-3683 -32643 -678 -32009 -26905 -26998 -6337 -2512 -15763 -28048 -18581 -20315 -13791 19283 -31309 -8618 -32194 -12127 -28245 -31547 8012 -22147 24769 -11905 -20042 -16620 23097 -9981 -29151 15901 16036 -20418 -269 22993 -7464 -20923 -12522 2534 11275 -19193 10015 -9755 -19576 10982 -18563 -20003 31637 -19379 -28654 13764 -29836 -16346 -21096 -10860 -22038 21309 14263 12833 18325 -1784 -19492 -19448 -27939 -20517
18068 27010 -3455 12196 -1320 -14258 -1215 1448 -9094 -20444 23974 13112 9264 30180 -24739 14404 -21129 -17694 1938 3827 -10990 -26332 -23018 -3056 1230 -17919 2780 -11336 19962 18252 19702 -12413 2545 -5773 15936 20519 -20003 10278 -19908 29396 -24585 13388 8543 -20704 -3446 6782 -15357 -12356 14143 24789 -26849 -21648 20684 -11137 18204 -17990 11057 3051 -21835 12412 8710 11653 -28629 30316
-1129634454
6787 -31058 -24577 -21667 -4893 5884 -28252 -10891 -26740 -20855 -250 22917 -5499 23676 20500 -19403 29912 12119 32584 -32202 23335 -24276 -14649 3602 20243 -27185 27814 -7337 29309 -25677 5156 -12303 27109 -29123 5353 -13411 30234 31805 -30350 31215 23032 20974 -10920 29701 -145 -1845 9672 -29920 -18679 -12204 -22739 -17968 -10000 -1773 16744 9011 -30775 -15784 -14464 30883 5178 -9511 8373 27200
-300 29244 -9623 17038 30727 2271 13378 -30007 -23353 -25893 -19920 32473 -11849 -25009 -135 30281 -18785 -30256 28191 10868 -31589 14855 -9758 11113 -28433 -19147 -16665 -19338 -30077 3094 -29749 -31489 21017 -28858 -15425 25157 -12232 11620 -14935 -21903 -12736 -26603 -10735 7082 8542 30688 31521 8776 8214 444 -20196 1994 15471 -8947 29336 -23418 20907 17788 12626 25661 -2605 -8547 17753 22453
-1674107765
-5526 -865 7281 14569 -26055 -4147 13439 -21379 -19162 -6266 -15243 -8278 -22500 6939 -32194 11917 -22924 7702 12325 -6174 16989 18845 -27356 -25445 17047 21350 -26403 -14396 -21374 4025 26004 19618 -18237 -3841 22359 24821 -8923 -5138 31999 -23971 23030 25254 -2946 14525 4062 27246 -6043 10864 253 -19375 -16425 -26859 -10660 -17597 -16846 5385 -28839 -14587 374 -1167 11561 25134 4732 29694
-6930 19031 2050 -25925 762 7949 -24822 -4695 -3782 -27062 -8364 -14708 14864 3927 8442 -22887 -5428 -11640 2876 5423 26820 -18560 -10097 25389 -11137 -1879 -20002 15363 -59 -26586 -17502 3686 25011 -25063 17699 -12252 10017 31707 25298 14719 7762 13150 -14163 -32679 -3197 -28739 24533 13870 -2547 7243 -17670 -2452 17365 25115 -29907 23779 -12170 23181 10299 7768 18259 -13355 -27700 -16560
-2925524193
-7447 -9526 13191 -3115 -21052 -18730 -1965 -27525 -8912 17354 2063 17316 -23749 5563 -17497 -3180 -23482 -2423 -25878 -10206 13914 25211 -32456 -27660 26099 -31592 -9192 30290 -20694 -17139 -15011 -19544 -14406 31945 -5722 -5360 4379 -31750 8975 -6061 -13462 22605 -14370 18112 -12752 5532 -25176 -2032 5309 29026 8094 254 26188 26163 8758 -12094 -14733 -1544 10078 19622 -24884 -17680 -2404 14760
6788 -16052 -24244 8544 30081 5081 -12784 30178 -6762 3688 -27673 22675 2608 32371 -6190 -15126 355 -17937 -7501 680 5012 9361 -9026 -20362 -17205 15881 -530 -26083 -5895 15370 12438 16300 15184 -6286 23904 -2924 26813 18683 -27007 -13505 28997 -26780 21994 -2440 -7257 -6781 -12905 -11429 2897 16968 26874 29695 -20503 7288 -18914 -13727 5690 5233 -18038 -29660 -32019 15614 28764 31064
-3730433585
-4406 31622 -22421 23679 -20717 28527 -24262 5559 -12639 18663 9263 -14095 7498 18110 -24178 14251 -11387 -10538 18136 4025 17893 18643 5503 26094 -4922 14486 29743 -30585 32108 -18880 23247 23054 -4907 13672 14402 26873 -27401 21257 7613 17012 3359 -9341 -27432 9953 -3130 -5603 -20580 -26577 -23413 29672 11303 12821 -27097 30531 15635 21054 -19012 -7560 22484 22118 -10361 30114 388 24039
-3893 18440 23935 -5834 26022 -27771 -23955 19064 26395 1093 -7836 -25892 4813 1150 29740 -31586 26643 -27910 -1385 21421 -25204 -7613 10329 -8432 -26661 7251 3114 27505 -8420 -13652 16007 4691 20882 31780 -779 -8991 -2174 25167 3853 -29138 -22938 5466 25547 11318 8407 -11298 -31245 7012 32403 -22258 -25614 -21745 -11801 13197 -27930 -22090 -8799 9886 -9729 5853 -8265 1127 -9198 16420
-4268474284
-25758 -16052 22060 -21889 -6406 30621 9936 29922 25130 14440 -4634 1534 -31300 18850 19361 7352 30134 4371 -6424 7811 17399 20296 -31274 -409 16895 -17603 30630 11839 27521 29252 -24995 776 -25557 10446 26386 457 9158 -32081 10913 -15609 -32058 29573 26742 15763 -20130 -24287 13530 -30151 -8576 17560 1533 3652 -31144 -31885 7673 -18871 -9427 28937 -509 -28341 -13455 -14220 -6054 31238
17157 -10441 -9013 21593 -24387 -16856 -24126 -13674 13703 6216 -20447 -121 -29964 -31647 -5771 926 30729 -9758 24156 -2406 32616 -23560 18200 8331 1907 30116 -5595 12267 -8144 3898 -16519 -1522 -10819 11460 -7935 15427 -3666 801 -14022 -5054 32758 8964 -596 2344 -18554 22310 11570 20142 -6190 6984 -29855 28576 11630 26221 -12995 -22842 24407 8948 -4662 -17215 -31713 -734 -27856 20496
-1376034971
-31004 13426 6914 31193 29969 -10183 -24546 -13398 -15762 18118 -16520 6903 2394 -22388 6159 -18868 19325 -29690 -21154 -28237 -5868 -4663 3942 -2019 -29697 -21008 30130 9796 1223 -6238 -20309 -11148 14403 6361 -6680 -15321 -8533 11772 -3051 5510 -10779 -13207 29591 -16764 -22114 21583 -13956 16931 -4399 20291 -27394 -9676 3031 15147 -30996 -4961 5353 -2605 -19401 25299 -11084 8931 97 9253
21985 12274 -6917 -4148 15229 -1124 24937 16009 -32741 15698 25446 13488 -15811 24174 -5178 20104 -1416 27688 -18334 14680 126 -6102 10513 10803 27065 32667 21823 28347 -3225 -30177 -5794 -6244 25863 22808 9070 -8383 -16444 -28863 23969 3996 -14482 -30090 -22680 29484 -4650 11111 1062 -31570 1832 20683 -31052 10053 -7993 -7133 -3134 9610 -8603 4076 -13259 -27500 9871 7174 14165 -11531
-2629186329
21603 -28028 -6952 -726 17992 -23926 1608 15276 -3581 2098 -4330 25141 18981 -12836 10334 17829 -15026 15475 2580 -27793 -2890 -31445 22197 25554 -19885 -7176 29031 1248 -25985 28634 7822 2353 16046 24742 -3035 15635 8985 25612 -32195 32047 25174 -30214 -15006 -28430 -16338 24979 -31436 -25419 -10606 1054 18864 -31859 5027 -24119 20949 -17303 9934 -9673 -22515 21532 -4705 -15338 17379 -5140
24978 1620 1270 -26395 4991 -9575 -11603 -15360 -16578 -8285 27635 20976 10405 13331 -24431 27203 -11363 -1020 -30372 22930 2196 16564 -8344 7764 -18037 26548 29223 -27849 -16018 -7968 19340 -18270 5200 -11379 -1950 8599 -24223 18262 -28812 -18684 11390 1951 2725 -1933 5875 10194 -12076 -16027 -16940 20270 20829 21734 20837 -31878 -29672 14241 2145 13320 -18230 -3903 -19731 -28985 28714 2272
4341582644
2929 -6057 -16976 -14524 -6646 -13330 -31333 24501 -26942 24952 6068 17514 22042 21052 -22377 12983 -5778 24733 5780 31349 25912 14575 -24913 9737 20805 30984 -28950 -20048 4273 21155 8653 31144 1973 21583 28569 -15098 -8144 20968 -27750 -25329 -20902 -1937 7418 -32494 -13991 26250 -7911 -26059 -2072 -26691 -4722 6851 7359 4906 25525 -20667 20297 -1312 -32478 24016 9513 16653 22678 19208
-25686 -20407 19488 -722 4046 -17341 -30604 4396 22661 -24156 -23027 -21804 4325 29773 -27543 10153 -24381 -18473 19616 5176 2721 17211 30115 -12265 20320 -2009 -2008 3158 15962 -6611 -16128 -22223 -7157 -21070 -16257 24379 -17371 -8668 5710 19675 -11901 11581 -2353 -16932 314 -22531 -1026 -21285 24428 -5702 17714 -6858 219 30263 14501 28859 -1865 9056 9015 -16362 21407 11294 -7886 -28244
-2845219288
30655 -22695 18287 -20739 10974 24026 -20624 26471 13426 -9665 10099 2493 1104 7691 6264 15917 2892 -20947 -23089 16281 11664 22088 29948 -17793 -47 13800 12831 -31695 -10039 21409 11921 -7193 -19223 7599 -17932 7627 26861 -4332 -27198 30387 1649 -1215 -9186 -20631 31973 17747 7353 28189 12507 3083 -28271 28942 -18634 -21441 -25429 25447 -23383 -728 14716 25988 13229 -22528 6248 -15768
-12731 5515 -17414 14767 29508 5445 -19248 -27232 32296 1394 -3090 -273 23223 4846 25526 4026 17301 30218 22443 3154 -25191 -31602 16049 -22415 -19983 20956 24992 -308 21177 27008 -13339 -25424 -23589 3229 10189 26123 25836 12557 1241 -6371 12259 27004 4562 -11769 8480 15327 -13222 7314 -15208 20691 -23925 3876 -13906 15916 24179 246 17683 -4906 14609 16946 -9852 31144 -31865 24679
57506804
-5631 7256 24501 10709 -29130 -24532 -5522 12242 29011 -909 21147 3089 18695 7096 23201 -7566 -7756 -29173 22503 -9883 -40 30862 27909 21070 23595 18409 -15859 -8408 23534 29437 10721 7808 -22875 -11572 -84 -11690 32299 3231 -22479 -11484 22051 -32316 16765 11002 24803 -2969 895 -28372 -13989 -11582 25429 22316 -22193 -17647 -19810 23031 -1596 19220 28876 -680 3977 26358 23632 13754
2597 24288 -17287 -30331 -26422 -4816 25069 -13979 28227 2770 10855 21397 29771 23096 5258 9327 -5093 -17238 -5755 -8338 -30981 -15873 -12544 -9494 -5659 -1863 10184 10805 -8599 8106 -31319 -14136 -32224 5519 -8838 6975 -32698 5054 20174 -4412 -19660 -6911 -24071 -23641 18353 -25972 31774 -378 6262 17053 20032 11658 30354 30990 30623 -32423 9959 24737 -28481 -27705 22073 22525 -32165 -18552
-3417914777
-3289 19151 -17750 12976 27331 24079 -518 -18485 24109 -13227 8858 1405 2480 -832 5271 -23752 6 -8633 28342 -12267 18821 13587 1713 -17103 -12857 20209 -23295 10598 -14226 24238 -25282 -11030 -10258 6944 2889 -22347 28798 32289 -11185 32130 13046 22202 -16438 -11161 -32045 11262 26768 -12696 -8919 -12383 -28855 -22404 -2040 -9277 -7442 31435 -16412 3249 -16034 16134 26243 -19595 -10497 15469
31981 16265 15974 -25561 17906 18590 -30201 23126 -18766 45 10211 18974 -30562 -13336 3873 -9235 7615 -27184 2653 -20873 -28258 14464 29894 18297 -25537 21557 -27749 5081 -13 -31462 -13084 3450 -19624 -1961 3702 -30789 -21128 21843 21007 -16851 14629 18179 -27693 -3864 -22871 1696 17617 -8966 -19741 3798 5511 -26656 -11848 -20955 18904 13959 20202 30836 31624 -17186 26527 14647 12469 9720
4052816708
30958 -14232 1379 -26511 -3788 11656 6067 -14911 -11773 -757 -18392 -27692 18242 30665 26033 -6653 -5031 27098 23404 32140 2906 9344 -28347 -17778 -3638 -14165 -27998 -5390 27900 -22055 680 30976 -13381 -468 -22644 -19382 -27310 9873 -23388 15006 28092 -17303 -31645 14682 -13295 29623 -30990 -23836 30379 26975 -20976 9033 -9437 -21224 10817 -1355 -4065 10298 -13041 -24288 -25434 32611 23795 -14099
-28091 10452 -21602 14465 4502 21199 -2461 -26003 -20348 7964 31517 -15143 -16704 -11454 2781 16071 4211 -16092 -28932 -13166 8892 10383 7625 -9661 -16092 -7266 29826 29605 3572 21303 21539 10024 17310 -9844 5676 232 22512 13224 -22303 -8461 -7671 31422 -28810 6430 -17245 26860 113 23811 2399 25646 -20887 6930 31491 -28946 21881 524 9934 21045 -20484 25013 17732 25928 26222 -10517
-730904787
5569 6919 31000 28969 -3716 -27743 -14119 -17296 -21391 2986 -23984 -12904 27523 -32692 15593 9587 23480 13612 -22056 12410 -14138 -13514 12762 17693 -12655 -19751 3982 6668 7443 -8046 22200 14821 14285 -607 -22768 31123 -11621 23657 -27996 12386 14289 6403 22487 4871 30380 -10892 5777 8310 20977 6673 5320 -4918 -4509 13301 16011 -14523 -4958 3165 -13398 2236 -22202 15845 -28401 15351
25005 -7778 26740 -20029 32280 -16288 -10961 7965 -14150 -22588 -259 25695 19616 -956 19266 383 30685 12827 -22221 13873 -27509 11319 -32357 32632 -28356 14713 -2578 24274 -10056 29894 -14819 -3820 22471 -3877 -9483 21893 8819 -26885 27210 -13348 30985 -24210 -28502 7800 4533 -2362 11747 24219 -263 19950 -29615 4062 -28152 29054 20355 -32567 31803 -14949 -18229 3485 29201 -4714 5843 -23740
2673158089
-1767 21880 1310 6032 -31663 -20302 -23826 -3971 -10371 15020 -1559 190 22312 6437 -3487 -25286 -32266 -16300 22337 -7826 -1760 2970 1635 32362 27103 3055 23860 544 18722 10852 -18839 -27055 -12829 -7995 15077 -1670 23128 28908 -32697 4297 17044 30960 3178 -28301 21263 -5599 -2897 15714 -21263 24746 29809 -1960 -308 -31292 -9342 -12685 -28252 -6953 -11077 18566 -15533 18356 -9751 28856
-23913 867 -16547 -8265 11159 -30160 2712 13899 -3363 26255 13732 -11394 19946 21477 19615 21831 -8033 27044 14740 -17972 7333 -6824 24814 -15540 -1367 -6505 4228 -30007 25437 -19043 30180 25759 9043 -19351 -10616 -26670 1153 -30899 -10226 21852 3836 -4026 5795 14067 -18648 26507 -10091 22948 -3026 28081 18194 19927 -1316 19187 2615 -12868 11018 -31280 -19290 1341 1503 24731 8927 27040
282667464
11246 -25377 -1516 8665 8755 -22748 2172 -27465 5225 -18585 -9021 4522 31448 -27303 -24747 -23105 -32731 2507 12967 -19123 -29661 -22529 -9001 27685 -6432 3259 -17552 -31661 32220 -1281 -11404 -16081 13890 340 -12039 -17681 28541 -26524 -21785 16729 -5899 -8609 15506 -3729 21833 24128 30714 31603 31012 24892 -15308 -25491 -4808 -25614 -8532 -28487 27344 25461 -18875 -28916 26320 32223 6044 27920
18544 19315 22946 -32185 -16191 7345 13836 8511 -31059 -10420 20470 3828 -2831 15947 1158 -7736 -12217 20411 17488 31603 11555 -10873 -18505 23979 -26003 24974 -16873 -17590 14865 -18691 25469 24158 19641 -24132 4729 -30001 -11442 -9339 -18137 4998 -5925 32656 -6645 -5711 -8245 -22713 -15540 -19606 10621 12295 17456 13214 24977 -25979 -25258 29968 30964 -29565 28095 -28145 22085 15186 13694 -8814
322054008
-20034 4917 6704 4287 -23792 -1656 19908 -22152 -22974 3246 -29854 19879 -11102 4567 -31270 9540 -17342 -25167 20466 -20719 15308 -16898 -11735 21094 -20877 -21067 -17438 15228 8312 -27185 21801 14197 5425 -19958 -7015 24270 -24384 22335 -15136 -30253 -16882 -13041 -31696 14048 -14732 -7670 1988 -17868 14449 -24677 -7941 -19647 32638 15413 -25166 2461 -3869 -2269 31869 -28443 -4181 29092 30659 -31016
21391 -4875 -7593 -10412 5719 -19263 -3431 -26912 -18580 10101 11094 17903 450 -4144 2848 -24271 -12719 6242 5656 -7835 -8046 31914 -14965 -30350 1365 -6513 -2631 12185 9269 -21660 27759 26058 -14502 -21084 -10740 -16740 -21231 15080 25490 27278 -13150 -24546 -24569 -27980 30104 -13689 -4732 -8933 -9110 -12776 -16483 30906 -5159 -24436 -8579 -25818 -28513 -21638 7142 -7173 6541 8352 -21408 6456
869985859
-11943 900 -11735 9753 1928 -32342 16025 29014 -17925 25586 -9362 -27317 641 20732 9336 3328 17968 15879 1137 18507 -32128 31009 -32199 -8524 1832 -19819 3127 27833 -21866 -3999 -26918 -21167 9546 733 -1169 24332 -4831 26420 -11027 -2335 -7466 -18477 -170 -897 -13105 586 -30265 -11021 24734 -30578 22364 2172 -31620 1805 1240 6650 -30722 -26089 26692 562 27829 7416 24624 11377
31968 23122 -6870 -1823 -12843 -2487 3176 915 32034 5083 9165 -26285 26384 31491 -18519 5905 -3081 -19454 17021 9574 -4090 10514 18156 18180 27134 -9324 25337 -27677 -20562 -17737 -16254 -30477 19479 -13735 28 25861 21022 8992 -22450 -2856 -22599 1946 -8163 28706 -31818 7796 -23684 -7298 -7710 -9299 -3130 7333 3021 2676 -24267 -2037 6179 3189 7134 -20689 -5414 -3592 -28728 -7221
2602941076
-29555 -10259 31847 29488 -14851 -22907 14207 25079 -19779 -13542 -6039 -21281 240 -17833 -1470 18666 -5963 -16669 -20952 -13115 -31649 25526 8480 8908 32615 -269 9059 -421 16163 18537 -31382 -27967 -18770 8750 -21692 -7980 -23241 -19105 -16900 -4751 13166 19439 28183 32431 22771 26402 -8874 10640 19902 -13741 15893 -13213 -5931 -22385 1907 1579 15070 -21708 -1636 8398 -9986 -22275 -12359 -15715
15011 23677 -19415 -21731 5496 -13299 -32743 18956 17861 -23101 6072 21574 15407 -26045 -19688 -23920 16139 -494 3960 6238 16596 15063 -24733 6093 -3834 7695 3157 -19688 4408 15156 28644 29947 -12216 -23985 -23983 29843 2710 15016 26580 9127 -15322 -24953 14875 15119 -31062 -691 -4761 1959 15791 21721 -26606 -553 -31326 19642 14747 28325 1759 8482 2835 15294 -10975 -11152 -32734 -4294
-4986676325
29297 30636 28329 5734 -23459 -8718 2619 18695 17787 -24124 -7427 -2889 28353 -22712 -2703 -9296 -9264 -15324 27776 23214 18147 17591 25905 -9950 16415 -17005 -7801 23713 27058 -12357 -10520 28008 -4547 -17383 13299 -20112 18371 26209 -24055 30797 28806 -27316 28360 -941 -2879 -20515 -19784 16600 16692 -30649 -11936 23148 -29295 5568 -11031 31790 2887 -23370 21618 -25691 3286 11661 32184 -10556
11746 -25045 -18883 -13198 10598 15520 21303 -368 10874 16219 -13213 11941 2441 27650 23711 19543 5769 -14173 -4745 21180 -525 20903 7220 11239 17568 23792 31360 2106 8417 -13425 -20926 26189 -7358 -30826 -22108 -30414 2614 22070 22706 20576 13003 -14288 -26375 -15553 -17422 19056 -8738 -13005 5315 -21406 -22709 -9896 3985 -25517 -18064 7191 10020 -13467 -17982 -22434 -32088 23785 13253 15629
2855032000
-3159 -4358 -9776 -17360 -15180 -21495 31555 -21120 -14945 -18014 8830 30293 32234 16106 -1798 -8866 -1382 2704 -5130 -18080 27706 -14908 -13179 -2957 24126 -21380 -16209 19550 20708 7741 -30382 5966 30651 11752 21690 -10006 21055 22100 32339 -12539 23188 13556 5400 -3926 -25231 -11551 27035 12510 21980 -26278 -4225 8998 -3298 14146 22261 -1625 -14687 -17681 -10601 -14984 -12793 -30925 29980 23287
-25814 10240 -29716 23678 -23584 26326 10763 -4524 -26018 25870 -23639 15906 -11421 8825 16711 -21990 21685 -26543 28216 6616 -29310 18652 29510 -30509 24734 876 -19075 13718 -8550 18673 25019 13766 -31702 31426 -4400 10433 27904 -21288 -18721 17530 16009 3503 -14822 12254 19813 -29485 7527 -545 -26670 -14555 14333 -26047 24629 23206 -12996 -19303 15639 -18708 -8212 7567 32168 -25896 -6176 -24015
-3003899024
-997 -27358 11453 -17032 965 3183 15826 -12212 14036 3221 -5003 5196 -2754 -15148 9065 7824 -28122 18460 303 -24832 2502 -19676 -29195 5231 -31787 -10903 -3791 -4730 -14667 -29954 -4778 8588 549 336 14972 -14996 -20749 20463 17636 13980 5632 -16636 -3072 -11534 25247 -8596 12936 22434 22195 -29017 20669 23509 13831 -14054 21331 25454 4679 29839 -22373 -19344 6779 8635 19867 15413
29423 -18091 18977 -20999 12024 -1620 21431 31016 -13690 -3873 -22605 25587 -19714 9141 -5916 456 9793 26796 -30407 31642 19388 -32129 -29817 14770 -17048 18819 -4859 -13908 -13072 -21092 12141 32250 19796 6683 -15586 -10206 28350 -2339 -30033 -27283 29798 -27298 -1561 24053 -426 -25195 11860 5576 -20376 -28825 9289 -19301 -25352 -4395 12414 3619 30142 16781 30478 20453 -17905 5206 -6963 26266
2594839787
-27056 -888 13683 -4415 -15359 -24992 27703 24718 28949 -3773 26300 21580 -11015 18555 27671 25295 -10650 1171 6495 -1265 8501 -2263 2174 -30216 5813 30156 9495 9471 5665 27853 2666 23402 -29393 7179 -11976 20599 -25527 -12644 -27496 25707 9838 14024 16908 -27928 25737 -22215 10738 -18987 31793 29795 -32176 7765 -18973 24159 29420 -7348 -1782 -10525 -31479 -15572 5703 -20924 -27565 12401
-3374 28674 10064 -23526 9957 -16351 -16744 -17052 29574 7507 -27631 -27093 14497 -11954 8102 -10776 -31609 12684 -31733 -19877 -5120 4746 -4453 5432 9399 -30011 11392 690 -18248 -16790 -16127 -212 -23925 -30823 4482 6212 6680 -14146 1972 6876 8770 28068 11274 20950 -22434 28880 284 29715 4108 -15074 -17928 -9088 17064 -4248 -22664 21176 -28895 5952 -9362 -19763 18741 -11340 -8449 32222
-3148485831
-20610 310 3672 22740 21861 27549 -19508 22025 8919 -20449 -21038 -31324 -9877 8858 20915 9801 19227 -7428 29091 -6837 -8504 12453 -18340 8461 13290 17309 -1692 -31985 24939 -26752 -14975 -6613 -24057 26076 -21486 13867 4342 -21437 19891 -13968 -18488 10703 -25088 -28360 -31455 20689 -26604 10389 -9082 7694 -26545 -754 10410 27438 30579 -17797 29957 18208 -21982 -8839 -13262 -15410 -15914 -822
22673 6441 31454 4320 29452 2496 -22312 25226 -23851 14663 -10570 11631 -6894 10501 -7316 7748 -27071 22856 14726 -2365 24685 -1868 -16906 31309 6003 25767 -25784 10244 -15213 -32697 -16649 -25134 410 -6977 -22747 -21290 -12382 12141 -8586 9018 16110 -14877 -10646 20923 -26482 -12827 1647 10884 8559 10146 -209 -32127 -675 -28110 -8404 -6626 255 -13501 -17957 -17077 -31303 4120 -21501 -10728
1497400376
-7563 6651 -12260 22156 2352 -344 11483 26925 15208 10320 -14034 29045 -6779 1630 24773 -10221 -7367 21202 9633 -16027 -27528 30390 14317 16356 -17575 -24774 15851 30769 9854 15875 -6786 6090 21428 -13877 28053 -5765 -18768 -11682 24696 10903 13522 15985 -24370 -3709 23092 20854 -7128 -22058 8190 -1738 13165 -6760 -13354 26998 27904 3496 -9534 -16311 -28128 9316 -31179 -27622 6589 26539
20007 -24908 -9804 15582 -25135 -20757 -29213 20175 4612 89 27341 2246 -11993 -19415 28451 6224 19377 12825 16318 -13883 3559 16691 -12311 -26412 -1997 -32350 15270 -4650 -26193 25169 -14449 -26823 13550 18690 -31267 -20567 -13084 25626 1480 -82 26347 -7 23353 30943 9472 14005 24775 -25027 1280 -10765 -12857 31216 18383 17780 24495 -21537 -11289 12345 -11850 3925 2796 -9071 -21963 -1329
2633213684
-23025 -31371 -30964 -19938 -19642 -30577 23237 -2604 760 -7947 15507 -21925 26549 18322 26237 -7582 -25326 -25037 -19056 -2373 14212 18631 907 6368 -9176 -7471 -5780 16326 -21231 -25037 6803 3252 -8923 18841 11393 20671 -32668 -2422 -27268 10302 -8314 6409 1201 14577 4766 -1280 -12908 -28939 25109 -20515 -6479 -32170 -29757 -16696 -12702 -4554 32284 -11408 -631 -8006 -13928 8062 9846 -8861
7837 25039 15609 27071 21026 32388 -22077 -19974 -28916 32617 31002 -24576 -20423 5801 26806 -22416 -21503 -22030 -25676 30736 23789 -21078 23514 19420 -13284 -30659 26483 29607 -2850 -14482 -28630 10506 -17116 -20914 7282 -22815 427 -10832 -16397 27525 12003 -32383 2762 -13039 12591 28175 6809 -10573 6411 -6002 25434 -7098 -6221 -11579 -17508 10654 10116 -9887 -6644 -19555 -4863 10809 -30349 4966
1042114320
-19849 1582 -9427 15322 -2649 -12316 -29384 15892 31028 13602 -5676 -25705 29758 -6283 14472 16940 -28332 25226 -11999 17887 -20431 1383 27311 -8107 -24101 -2051 14260 -555 -23517 -23217 25057 -20675 23793 -16875 -28435 -21087 15615 -23083 19715 -6581 -9776 -16185 -18100 -25796 -12694 -4708 9987 -27378 2634 -4681 -13907 -27473 -10003 -22791 -3991 -9872 -21121 -14735 5647 -9526 8195 -6735 -16134 30347
11772 -28820 10458 24163 -17420 -2633 -13277 -7937 -31393 -7717 16765 -11531 24810 12111 -10090 -23422 -20251 28551 -12189 -8299 -15709 -28007 12991 -19582 -13168 -850 18010 -5402 -8642 -18061 -13114 -24956 9177 28285 -29269 -8251 -13173 -15131 -23633 28225 -16495 -11627 -1625 17247 20270 6684 -31940 -10140 -32397 10632 -30390 1563 20324 -8157 3656 3856 -16782 22395 20846 10784 13199 -15183 -6105 -10891
3088380211
-12736 25393 -16177 -24852 7234 22449 30511 7678 558 -23601 3788 -11674 -18103 -20510 1643 -11250 -2755 4167 -27904 -930 10934 596 -17701 -11846 29608 -9911 30362 14008 -9573 4935 15576 -7888 -139 15339 675 -25510 -30102 27651 9192 -26802 32074 -25584 -30193 -27326 -17434 -28612 16661 4262 3676 -21366 -13447 -5846 -19781 -10121 28095 25523 8072 -9794 14254 -15756 -30290 16386 -1413 -12922
23969 -3433 18832 7475 31211 -27385 8814 11946 17948 -7195 10497 18139 24850 -31921 19720 21556 -13722 4944 15600 11129 -4870 24484 21635 131 28637 -12582 -18042 18051 -4722 32391 25199 -10456 -4516 331 18020 -16666 -16992 7595 -22739 -24068 20807 -11902 -22332 -8124 -23131 9496 -27366 -23777 -28482 -15233 29557 -10148 -8369 -32427 13573 4203 3619 28019 21893 3588 -21469 -2913 -27852 -24948
4521234132
-31274 32492 14789 10776 -22701 -20766 -9641 -28406 -13036 6100 -28666 4781 17525 5778 23835 -8738 -26827 30604 -19489 -20805 -30591 32757 -24224 -32143 -5650 -3268 -591 20929 2945 31562 -12948 237 -22395 -7139 18246 -24048 24026 32508 31213 3337 832 -14574 26775 -18952 10458 1528 22646 4980 -28953 14279 22609 -8996 16884 24238 -15461 24814 -29214 11803 26085 3320 -24029 -3531 19919 -20737
-14851 -11391 27422 -2964 -16714 -31585 -6173 -16786 32653 -25710 -20320 7405 -24007 -20796 -16844 4603 29251 6787 7303 30226 29010 -31250 24234 -27150 -140 -15869 27449 -6273 5897 30258 10272 11444 -32132 28066 6907 27310 24918 -24615 -26519 11764 -11020 -30395 1593 2393 3887 17640 31151 -20245 20080 -14056 -21985 -4328 3660 -27978 15425 -21784 31823 18398 18149 -14668 -10381 30108 13042 1413
-3581921427
-2716 -25972 -23783 -10754 -15657 -22840 -19229 4896 3746 458 30671 -24267 -18080 18129 -6817 -14998 -26156 10984 825 -18309 31920 15989 -30059 18373 31951 9268 -31605 13640 -7604 5270 6472 8558 23246 -8892 22419 14124 15605 -21034 28566 -23000 -17193 17553 4350 29449 -23446 5623 22622 -17938 11626 -10221 29319 21407 15935 -21313 12635 -4738 -4387 -17885 -29471 26693 -4902 9094 13292 -29778
-20815 -26534 16199 -8041 -16933 -21096 -27880 18244 -16201 -25029 2908 1770 -8600 -30594 -12616 6039 -28579 -21900 12033 -32597 -20359 -12882 -26000 26713 -32612 26607 6658 -22532 8071 24040 27598 17059 -5364 -26296 -1275 9590 -32083 23391 -11812 -9020 25557 -19856 3538 -2245 -21866 -5755 -27885 -3800 -15962 5202 8457 -19291 25419 11037 15026 -340 -5790 1363 20360 -17994 -11230 18148 13668 23982
-1265174235
-9273 -14852 -21212 12343 -13917 10703 5435 -18244 7503 -20934 -10135 30615 30308 9379 2905 10540 7132 31877 -16422 -2596 -22754 -805 -26770 -30527 -10405 -5802 -1393 -18771 -29734 17899 -2871 19361 -6202 18333 -8348 19598 -14066 7543 5364 3309 -32675 -906 -2065 -21833 17206 9893 12692 8258 11145 3172 15363 12566 8963 19589 6625 -26421 -5177 12135 26813 -13837 -17261 4798 3727 -18218
-27114 -2345 -30995 -15936 12781 25430 -21716 -3763 -10654 -23922 26720 6153 -6630 -5911 -7094 27221 3350 -23308 -17742 30673 18686 2072 25197 -9728 -30155 26748 1757 170 -12819 9263 12342 19061 -4248 -6507 -10588 -24788 -13548 3648 2522 -23289 123 7356 -7172 -13370 22135 20568 10206 29743 19229 16983 -4308 -20215 10695 4439 -25902 -870 21593 24904 -17592 -15741 -18042 -27636 -6235 -18111
2185970176
5412 -6374 -14316 -2203 -16584 8813 32253 -722 30868 -25937 3947 16466 -25969 15442 -25864 25896 -13009 -19683 -15226 -31294 24916 -13173 -25333 20140 8536 -9980 28109 -29534 14313 -15244 -27850 -19237 -14121 28095 21321 -28939 14546 -23878 -21359 -19898 -6550 31166 -28681 13599 -9463 26623 -7925 -26187 -1337 23591 27513 -2503 -22178 23083 16941 -6823 -18255 16952 -20554 29506 -9913 -8909 -20172 -17912
-610 11374 -15615 -25279 -4761 -14424 24434 -28719 -2882 -32742 6678 4164 15087 -5930 -16238 -23624 -13031 -9878 -28762 -31374 -9184 -22655 26302 10902 -1283 -8341 11418 10381 -5510 -19485 -29902 -25258 14980 -28882 -3293 15097 8694 -23398 -927 11491 26398 12368 2644 2290 -11607 -17512 -30738 -10685 6121 24432 1964 3918 20501 28301 12211 8081 32534 24772 -7588 -10123 -950 -20372 -11715 -11023
4725992137
12377 -30429 6979 -11253 -5232 -13489 -1346 -24128 -24670 4210 -17042 -23073 30593 -18596 14036 32450 6417 -24551 -17287 -18982 -18596 -24403 6031 11161 -16360 -4207 -30543 -24244 18467 -17777 1680 20101 28796 20080 4333 -25071 -6510 26955 16392 3027 -8241 -5400 -26022 22704 470 19309 -15681 -15247 -26868 -18941 -10890 32373 -49 26715 24572 -10706 -5195 17143 28103 16674 16157 9484 -11828 6024
-12699 18690 18413 26650 28045 25805 -28578 28686 -27570 -32602 -3734 -3589 -31705 29218 29887 -4553 -2399 -10514 -18962 31933 9594 22525 9590 17322 31023 17217 28387 3810 -20554 8705 28496 -9028 25213 18129 -3617 -2563 -10601 11544 17106 -4178 -24219 -8003 18252 -8992 12419 29645 1490 17795 14246 1472 11504 -25563 -16335 1690 -6393 -12335 14772 -13976 1084 17444 14997 25479 17146 14797
-4651213898
7041 -30559 1326 -3234 5067 -10053 -12091 20081 11142 -14969 -4939 -15116 -29722 -4395 21011 -3063 18043 -6762 -18236 16851 -16860 -27097 4976 16660 17074 -512 -9062 -12808 8804 82 5723 -6215 -31796 17786 13799 -20988 -10651 9734 26957 19334 23682 -16978 -18130 26456 -2278 2074 32048 14465 -9316 -29641 -9012 -25359 -16977 28604 12035 -18470 -18062 22689 -17048 -17757 -13963 701 14730 8581
-12334 17842 13230 25588 -24323 -31981 -6721 10608 9640 9394 -28888 25083 8194 19116 25051 -12390 -24195 -15741 11875 -24772 13989 -19123 -8169 22161 -26313 1893 -19755 -10515 -21451 26694 -17737 28927 15998 1238 -26215 6159 6711 19090 28270 -14027 -16236 -10777 -17715 17975 13734 -25811 15831 21837 -21573 20046 -10774 -27208 29934 -9140 31840 18959 -17746 5724 24131 -19357 -18837 15616 15839 -10930
219218015
-20612 -4332 28757 7701 -1599 9043 -28736 21778 6349 -14302 -2164 -30181 -8467 19144 -26251 -6110 -18597 8691 28654 -8636 26875 -7475 29243 -4974 -5809 30413 8930 20574 -14727 14711 21964 3127 18435 31081 31772 473 4740 20485 20845 23814 -10296 31135 27084 -23103 16165 -3590 18912 -12308 -30211 -24963 -32361 18047 -1092 31225 -26832 -2906 -1257 2789 -23664 -13168 -10936 -16397 -30678 11502
-30576 -14721 830 15308 18052 16869 -20657 -5960 -19644 -21478 -17707 26310 9316 -4062 -8553 -19504 30085 19222 -22742 -15162 19672 -23263 13332 -13342 -15799 -11142 25694 15659 11227 -4898 -28706 -16397 -11484 -4484 -14175 9768 -14195 32065 -2981 1140 -14208 18042 23588 28382 5155 -7513 -14804 5593 -16564 -5960 -8257 21522 -25119 -25211 -8421 21151 -3652 1470 20080 -10819 -3697 -15799 -28861 31816
2814778107
25481 -4041 27280 14259 2195 -12894 -5025 5255 -7668 29797 -16165 -2575 -24326 -23526 -19051 13569 -30896 -14139 -11780 -7426 -29214 4746 29426 30118 -17541 20439 -26107 -18893 -5974 2212 -3154 -875 17671 17005 -21969 24065 -11543 -31600 16114 -15798 -1015 -30401 -29768 -32481 -17158 -26459 1160 22823 27973 -19596 14587 -22434 6805 20470 -30001 4450 -27491 -26152 6580 13055 12798 30180 27328 22112
12089 -12363 20033 26542 -28010 563 -2276 22976 14473 -29624 10892 10888 -10837 -24499 -11085 -24753 8953 -32207 31731 10201 -6004 27243 -5546 10508 -24827 28012 22951 27250 4948 13734 -32582 -24954 -29710 32695 -2952 15344 8032 -24601 1997 20700 -31705 -12300 25825 -453 4327 7094 -13007 28173 -7157 26448 -16268 -16837 -3332 13009 22927 8334 -23868 -25107 -5420 -24950 -8430 -16272 -16513 -3422
783745123
-5433 -17134 -10811 23630 26866 -27991 -27494 843 -14456 -23658 19987 19491 14376 -5891 10453 -29973 11837 -17241 -19730 16226 12115 -10656 -22910 -13921 -9800 -24132 -30449 24775 -25479 29858 11106 -5025 -19819 30677 -17245 -21645 32653 3722 -27765 6685 -3867 -18230 -10979 -20453 9549 16232 -16970 4202 4242 19802 -26626 18317 6567 26245 2165 -27001 -4016 28269 15362 30274 -17722 292 19088 -17475
17638 10296 -2208 -15668 -7141 32359 22881 10947 -12148 18199 10431 -27674 -1887 -23939 -28278 4846 1051 29458 -17325 4216 20217 12572 -13232 -24219 -29961 30436 21696 -10935 21220 -12237 -7223 13849 -11914 -16986 -29734 -19918 -17297 30453 -28972 13485 -21511 18212 -18452 -27272 1627 29982 17394 -22351 8318 -2012 7369 29747 -95 9978 -3312 19839 8899 2749 5337 32737 29898 29800 4333 -31884
-1988080417
9419 221 -20470 -19032 21593 -9304 -5627 -5002 -1554 14401 17093 -9761 5739 26169 -5544 -3510 16331 29836 -24342 19812 -30961 -14647 16575 1763 -16350 -14439 -12129 31275 -15732 -20962 -630 10116 -14543 -15128 -27347 16437 29387 8915 11471 -2493 -14235 2924 3470 -10217 -26743 -22691 6010 -16003 6428 10133 -6796 110 26693 31603 -13636 -19663 23923 -6690 6623 -16952 13690 27466 -22156 32510
-525 26811 -1579 -30501 -23724 -24240 -21640 -10468 18941 10857 -7239 2518 16608 11537 -15105 3365 -3232 18208 7708 -20826 -2633 330 -19432 1843 5177 6904 25638 -14694 -12743 -1698 -21647 32372 -19901 -14432 1786 -9032 -5001 23045 27446 26250 26903 31815 26417 -29430 21534 -3351 -16100 -17284 -4925 -13686 -30525 -18798 3665 8928 -12973 13740 -22752 -15103 -6464 20506 8798 4449 -19275 31813
1812093627
-11620 -8756 22687 -9642 -20768 30149 1579 -1193 -17076 -6325 -12099 -14382 17784 -32271 8340 -28220 -17431 -14235 30787 -14813 -830 -29353 -17418 -31995 17785 -31979 18480 9795 26973 -19150 -10634 -333 -22335 -820 -10938 7375 -28102 4765 -5116 -9319 31358 -21286 838 31729 -11811 27061 3729 23478 31375 8907 3097 -18583 3521 14729 23357 20142 18452 26131 12489 -23131 12594 -29962 -20762 -2471
-8509 -20783 8048 -30605 -9924 -11074 10746 -31438 -18057 -28315 -30663 -12366 -22199 24115 8563 12390 -23396 -13101 -12277 -4535 -9923 -13891 24279 3420 -22901 1340 31629 28800 30591 -12496 -14095 27359 -3545 -18741 -5428 7467 -31329 29261 -19662 -6003 11142 18409 -20980 20276 -24463 900 17713 6677 -26211 2035 -19152 24380 24037 16457 29937 -21353 -20484 7758 9974 -3644 21600 -20048 -22948 -275
5226867106
-16598 32385 15352 -29140 -8669 26805 25315 1265 26572 23421 -17297 -20685 -17784 27286 -30635 27489 14344 4215 4698 2669 -20922 -29253 29005 -23164 -9253 15874 8604 28473 -19898 9799 23311 6718 25716 -668 -7441 -11761 24189 16611 20594 -433 -7465 -27553 11877 3079 4398 -20084 -10018 12958 5448 -9754 26120 26757 11792 4211 -3168 19178 -18584 10705 3151 17718 -23554 11224 27815 -24766
24855 27795 -7688 -18704 14721 -3734 -27433 -16519 2028 20938 -21527 32582 -21475 7044 -10834 -927 12357 -11239 24226 -21310 22653 -30488 -25349 31934 -17315 -10180 19556 31434 32412 32395 16619 689 -369 20058 1436 -31337 -18736 5726 -31127 -9651 29926 7111 11124 1417 22556 -12150 28391 -12974 -5826 -6999 -28280 -27340 20848 -31964 5653 11072 9416 -20749 -6513 26617 -19448 2016 -17300 -28895
-60097789
-375 -14673 5734 -29042 6118 -25365 5369 -1125 -3368 -18943 12524 21455 -27439 2386 -7137 -7822 15042 -29269 -11336 27724 13526 17963 25918 21781 -29648 -30294 1118 -5997 -16477 -15408 -32134 18133 24418 -12717 26079 1853 -22895 8835 8571 14539 19397 -2195 -30001 -6921 17580 13022 31667 -9404 -6097 -1692 -10548 -981 19182 3594 31528 18277 -5153 -7343 11368 -4922 4686 -7415 -12941 29786
630 17503 30587 -8280 -25412 -1031 21130 -2266 -1535 23777 -16562 -9669 23262 -1779 19812 11766 -22581 27110 27016 30705 7965 -3704 24030 6281 9113 -5271 26602 -13742 -9956 5399 27103 17174 16190 -8377 -7411 27516 -20621 1589 12939 -30133 -17685 -14342 28512 -13969 27639 5717 27708 -3500 -17437 -18202 8018 -31897 25563 8782 -6509 -28359 -8595 -25824 -31388 5375 -11649 18176 12804 12840
-1175734631
17866 -25356 9826 1768 11938 -16545 10638 -1990 -32359 8771 3844 21382 -3991 -8300 14184 -12602 21327 -9427 -21703 5267 20127 -13680 11280 17948 -2707 -22433 -4872 -30097 -25887 7867 27130 25677 -26593 -10947 5713 -9681 25162 5751 20374 1502 -1950 -17937 -27014 -7308 -6650 -18499 -20506 7602 24271 -21542 2500 -30718 -19450 -21583 27445 -20634 -31272 29019 19739 -29855 7875 5573 -6257 15744
11688 -28378 31730 24053 -19721 -18658 -9693 -11620 -16851 -30555 -6867 27661 -22574 20520 10851 23473 13082 26296 942 17266 -21763 -17127 5750 19604 -24479 14238 -25425 860 -3354 -7562 -15376 21394 -23667 13654 -25055 11623 -21184 -149 11930 26615 -6126 -3341 -14049 -2087 27982 -21176 21422 -19191 -11655 6390 26494 -6762 -29458 5294 24427 20235 -13751 2700 20656 -25616 -29216 15651 8187 -7671
4206649715
8176 -22286 20579 11482 4375 6727 8683 -19455 2939 30013 13933 12286 -20251 31838 21999 -20018 7705 -27890 13553 6747 -4998 30351 2373 25170 -28290 23684 -28768 15630 -31742 11599 -12914 1254 17229 9990 -24082 19541 -31358 -1166 28680 2030 -7772 -3657 5355 24369 23786 -2688 19443 31690 18278 30705 746 2217 -14996 -20023 5540 26858 1009 -22061 -6534 4121 -27475 25640 -16506 -13913
-31709 -11682 -22950 -28148 -2020 16336 26987 16185 -23424 -2651 2077 -13019 -22018 -32381 10940 -16398 13541 20519 16275 -30709 -32562 -21157 11137 7230 11863 -22439 -6668 19220 2157 -12 -21294 -16631 -20738 28794 -8241 23740 -15510 -27638 -12567 -28543 -23922 -25433 -27096 7615 -152 4988 21241 13407 -16583 -3054 1779 29399 848 -5535 -14399 -22671 -14076 -32009 8660 15634 838 -26899 13239 25588
-1659477035
-29732 8015 28380 -7946 29473 18628 -22603 28664 -1620 30688 22364 22844 20454 25844 13142 -10699 -24549 -18988 -12790 2760 1495 -19587 6633 26767 -27031 31575 8758 2832 -30613 -25539 15935 18869 -27702 -28591 19006 -30764 13456 3337 778 18624 -32533 -17632 -4548 -16412 4812 -7491 12057 -31598 18383 -28954 -8194 -28611 -2047 -14947 -18808 -32286 24692 26384 15573 25648 31375 -10658 24760 -19325
14192 8667 16407 29501 25971 -427 928 17695 -4616 23402 31100 6347 -17949 -9707 -29637 -32464 10794 9384 -21578 27182 19670 -504 10536 31690 28945 6676 -26236 -13212 4625 11178 -21170 -10890 4724 22523 -12179 -14674 -24526 7851 3576 4083 -8997 -22064 19000 12844 -31236 -9575 30244 -11850 -817 29646 8512 -27033 -17577 -31688 -31215 -27796 -3073 17803 1612 32118 5869 -20831 -25018 -20921
4608317013
-4379 -6311 1099 18854 -3693 -21314 -8383 -9041 15725 -1251 -12870 18671 -11008 7044 28265 -15742 28671 -31463 9225 22007 -9281 31160 -18426 5519 -15498 5909 32031 5556 10624 -9349 16298 3386 -8612 -6061 -385 -15668 1056 -20545 -12014 -21686 -15977 -14112 -1825 26356 28276 -31124 18289 29271 22313 8332 28194 -9406 -12920 -31388 11494 3979 -13833 -30772 -3977 8335 -14666 15618 6090 30087
11764 -7589 -5127 -4298 -11293 157 -15821 -27112 25434 -30680 -28063 22223 -15664 -1254 -30533 1902 17368 4269 25177 -14653 -20606 -3774 8085 26728 -9743 6563 15436 -552 -30275 -14360 -21840 20581 15471 21628 -15109 32404 7679 -8489 -21104 -15463 -4470 -11290 -19357 -6100 1169 2634 19070 -27298 27047 17196 1899 -17355 -16113 5194 10424 -9206 1086 2203 -16419 -4788 -345 17281 22172 -4174
2294135617
28126 -20760 28420 -26739 6891 20114 -26795 -13067 -2461 -32602 -31022 527 24743 31186 8168 -11440 -15985 -29771 -9998 15156 -8555 -15946 -12597 -970 -3970 2281 -18208 -24653 28713 -7282 19375 -30163 -12409 -31963 -24576 8728 5372 8720 16503 29536 -1682 -10915 12873 -19915 11752 27490 -2521 -18920 12292 24535 25579 -21364 -8595 -28162 11110 -823 -21927 26884 -9349 15923 18085 32602 -10188 -8064
-27325 -22663 -7586 -13812 1145 -27477 22710 -16524 -27604 -6701 -17344 -28910 23431 -21824 -26116 -4609 -2408 23138 -21358 -28906 -25501 17192 -5111 -27235 20938 -24049 -19577 -28655 -25676 -24197 26231 32185 3123 19166 -31952 -9328 -20241 -26560 778 -30072 -6488 547 32282 17871 20953 -22350 -3909 -6713 13083 -28160 15479 -22181 6865 24750 30764 21445 -7281 -15751 -23235 26476 2031 22182 26893 10916
-2121894876
6974 28544 661 -20273 -31339 -1483 8933 13017 -4512 -19444 -2707 -31916 32553 -20292 23312 11428 -30011 16931 12607 15777 31445 -27971 -19203 -13225 -31797 652 -24629 -24295 24597 12906 19403 7248 6672 4011 -1167 -28963 27691 12777 -24831 -26108 11319 -1396 -22296 -25965 26701 -18039 -22915 14162 -16161 -11135 27788 21980 8446 -21559 -739 -28007 29267 30838 -808 -28558 32462 -26485 -4215 8224
24281 -29965 31199 30515 -12297 -28434 6951 15303 19209 26708 27572 17127 -6830 18394 9865 14143 -31490 -14994 12143 29067 -21512 -1424 8538 7648 -8478 13759 6455 28563 1694 20644 6326 2317 -20588 29161 -25418 9391 15707 25420 13213 9340 -8903 23909 3074 19825 -4743 -749 22397 28333 -25945 -18724 20936 12744 18917 -8274 14708 -24614 -24369 24602 17416 -10348 75 -27638 18599 25327
928088813
-17923 -14138 -28443 10073 -11598 -4948 -21430 -25676 3988 -1366 -23992 761 -32195 3685 -9491 -17111 -27063 -9149 -3799 21404 -20634 -9650 -21393 17940 15743 -26189 25534 11080 -5805 -8363 8589 -1078 22216 -29101 -14523 -14426 30255 31200 -16249 17008 -32162 12840 -30544 9911 20133 9779 4837 31224 21908 -17624 31374 6462 -19546 3846 17537 19666 -14289 30636 -10651 -29057 7090 17501 -2515 16299
4228 -26093 -90 12210 -4632 32263 -27008 26951 -31963 29478 12032 -20574 1490 -13336 26342 -16169 -2237 22288 -31248 6855 -12267 22151 30304 -1401 -10487 -25726 21139 9292 21004 -19757 -32426 5729 14294 4118 21308 6109 20499 6084 -21954 -12943 -22124 -9848 30549 -18733 30039 -3759 13901 -18897 -4314 -28820 -9082 -1339 24396 5382 -7918 19960 -15992 -18937 8636 2306 30795 18115 12802 14430
458397218
6674 -21045 -3503 -1898 -29256 15482 -22096 -4889 -20059 -15634 17096 -13507 -4243 -7294 -27439 -580 -25798 -21126 -31498 22416 -22804 -8665 -15148 21816 -20066 -13229 -30781 9876 17736 -22330 -20211 -15080 18674 -15934 -1842 18990 -12717 -14372 18328 -18820 29387 8455 15840 -14681 25908 14071 -10236 -24815 9414 14896 -5290 -29869 -6841 24289 19069 -1991 28092 -24196 30027 24964 -16793 12000 11182 -32703
-26761 24576 -20768 -15692 20739 -9823 -13183 -22409 5804 25751 16692 -14729 -22275 -20546 12338 -21225 -5844 17148 26600 -7620 -27124 -1480 21667 -6206 -23 -28874 -14435 -17814 -20281 -3194 -7796 15181 -7506 28905 -895 19277 14236 -4024 16111 18235 -197 8307 -29223 24136 -22825 31408 592 8874 18959 26740 11797 24634 -4181 2100 24679 -18151 17981 7650 9550 29767 -11727 -23226 26269 -14347
-965727251
22658 25928 -4644 -15182 -9669 24248 7821 30664 -19889 4184 -12966 -8119 -13385 -16065 6931 -20848 27638 9802 13542 9246 6312 -26468 23482 12865 -28204 20979 -869 -1399 26600 13472 -6630 15857 30732 -15775 -19921 8846 -19475 24087 23360 22719 7188 -2058 -19366 19768 -2474 20784 -30213 -24859 -16020 7136 -3571 -7267 13991 -18558 -19958 216 -31381 448 23885 -5219 -19906 4704 16769 -16396
-10832 -27337 30156 -4778 2375 -6299 -12271 13375 -16145 -1412 11759 -25343 -20762 -30387 -28254 -15560 -4795 341 -19288 11905 -30300 -2028 -12588 7038 -21874 29919 19107 30853 21442 8362 -26023 18704 13188 -10393 -27086 -14739 2373 2241 10950 -31580 22510 -2671 8492 2187 -12987 31965 10121 -3398 31715 28018 30669 -23510 -27229 -25311 -11296 -4883 -18936 20037 -3938 32427 21986 15156 23244 16899
3292272657
17902 1615 -24803 -27594 29262 -20926 13308 -17279 27704 -6098 -19714 -29727 13387 15010 9575 3493 -5112 8783 -8012 -17896 -21300 -14644 12534 27710 32327 -3322 -32205 31616 31036 -8065 -3188 26728 -23832 -8152 -16126 -28381 -26305 -28890 -532 -10143 26431 15426 -32288 16812 -28127 -25993 -15563 21096 22420 -3094 13389 -16001 -28725 13641 -28164 -2585 13472 10375 -29315 3561 -3202 -23396 -8903 -9032
11967 -6337 -3890 -6772 16313 25134 16674 -29650 30879 -26342 -2879 32713 10588 22409 5873 15373 -10760 31408 30779 -31770 -2798 28303 14176 12313 23234 26356 19735 31931 -19821 24670 24296 13186 26346 -30686 27675 26324 23523 28028 -5824 -18164 4165 5104 -16005 -32226 18890 -14631 24217 -2145 -17274 -26405 31629 -13241 19853 4360 -14335 22985 12033 21273 10209 -5479 -13944 28787 27692 -26399
-454715436
-22785 -18911 10132 -32705 -11480 18499 -13835 -11188 9845 12658 990 21000 -8759 2584 27304 -1730 -7267 -5814 -1942 9190 21792 24897 12588 -21673 8905 3376 12252 -11643 32664 31928 -21334 24986 17024 -6105 29845 13495 -7048 -1437 4237 2001 31758 21442 25154 2994 -25676 -9631 29342 -12238 -1942 -28789 6533 -21115 4326 -23036 -664 -10030 20775 -11520 -21494 28745 26201 -18876 -6842 -20145
24160 -19742 -21251 -6973 -2435 15867 17682 32461 31057 24419 -2806 13366 -29229 -16285 29970 1794 -23373 -27171 -30245 31139 19223 10956 29198 19582 -9075 -12515 -29194 -117 -8712 -29082 14315 -10079 7786 9208 2695 1424 -13094 -15824 28419 7655 31704 2115 -8063 22495 -2906 6368 7140 15048 27171 14835 28369 651 -3856 14177 -1907 -2102 -1530 23642 -10334 -11867 31168 16747 -3774 -4
1385202980
-25592 29989 27696 -32170 -6665 23275 -608 31283 -15744 -14635 11479 15029 31061 6072 10726 29645 31486 19791 -3145 1944 -31934 -1977 -10650 28732 17231 25924 23475 -20488 10333 -304 -27355 13242 30553 -11882 -32671 20296 19110 15333 4246 391 -7128 -31153 -24017 28366 -19142 17890 -30817 1042 -26587 -30533 -8832 1176 7920 25813 -20356 -28977 28460 22363 1224 31085 -3370 10571 -22653 12743
25842 -28471 4674 -23880 12299 -16357 -15081 5173 -31690 -11366 -28068 -21367 8692 27050 1014 -19246 125 -3908 -8850 19949 7722 17676 16130 -373 15967 19944 -28501 25538 3507 -11190 29737 23742 -9785 -26720 -24097 -27234 22074 1594 -17169 26195 10639 6817 31787 -31720 6831 14996 16811 23592 -21674 16943 11293 -8673 -12313 32665 13392 -24128 22199 13353 -21580 -18837 15485 -26836 20262 3792
-3320655039
-22795 -17992 27592 6116 -2964 11680 -25177 7512 3957 -15111 7378 24796 8494 -924 -11565 1151 16989 -13571 19692 -31259 3760 2421 3372 -29805 24916 -18742 -26042 9060 22606 3520 17280 14595 716 -29180 7817 19964 -18303 -15218 -3710 14847 2398 5374 -24242 -4910 -2205 -10124 31469 26915 -8665 17047 12105 29948 -21585 -2619 4691 30131 -15996 20757 21187 -18757 10010 -6482 -29558 -1468
2761 -19924 -7609 28008 -32731 -18037 -6836 -16064 30213 -24236 9737 17396 -14541 -16460 -14107 26395 -10 11207 -16567 -20252 -27664 -12037 11763 31779 2711 22570 -26480 -11063 13023 567 8829 -21201 -14651 -26190 28004 -31134 -826 30915 32413 19630 -12949 6084 -23866 8802 -15790 22987 -32509 7549 17534 -25399 -18139 -18538 22046 14129 -11778 -26155 16852 -24766 -25467 -30549 -2449 -13271 -30337 -21451
-2133988258
-4859 5444 10235 -28794 -2588 3849 31823 13098 -17501 17644 -13067 -11105 -19829 7189 -10035 29229 24714 17613 -19280 15422 -8293 1708 -26936 -18694 -32292 -10321 -17256 -8515 -16007 -22704 -26173 -30021 -18949 20220 20451 7612 -14471 9537 12787 24570 8238 25347 21460 11783 -14008 21821 16268 -2765 24915 -10701 -15954 -20945 -26736 4728 -8102 -4287 -26482 3833 31496 18130 -24526 10342 25395 -10286
12581 19132 23246 16062 17717 -22694 -13615 1966 17410 20602 -23288 21140 -14171 13408 19050 2754 9043 -889 -24168 -24324 53 -27377 1091 2892 3470 -14738 -22929 -6154 21666 6063 3472 -21231 12405 9643 9220 -28807 24705 -16936 -4097 -27929 12359 12079 13351 -24310 -12853 28581 28818 8036 1537 5776 -27360 17450 20489 14951 12126 -6408 7226 -2253 30550 -16717 -20104 -26156 -23647 -784
309766000
11878 23560 -3822 14568 17746 11532 27138 -32187 6047 12242 29383 26183 -7859 -17422 26585 -13412 -30472 29271 6041 -14332 9386 4481 -7004 -27665 -19751 -4173 26106 -12855 -29723 15690 829 -13431 -29205 -30230 30454 29630 -31105 28177 -20930 -11094 22515 21122 15267 5841 -463 -32503 -22723 -30967 -16193 -8795 15170 -30582 30115 19228 -26851 27700 16885 -5933 -18164 -1883 -4325 17838 -10288 -16884
25371 -31109 21138 8336 28828 -14207 28985 -24008 20725 15960 -25427 31957 -420 9009 -18496 5855 13428 -16141 -21469 17572 -28466 11733 13721 8787 -25193 -20534 -2186 25715 -13266 -25757 -6954 26262 11996 -27120 -14979 -32732 -28219 -9480 -8015 19603 18061 -26092 -123 -12340 -20882 5682 -32146 8443 1003 4153 -21169 -19461 -14715 -21075 18132 -21629 19665 -9710 28295 32027 -23891 -10433 -7373 13137
-3233554595
16287 -24314 -27628 -6216 -18854 -5075 -12663 -7960 25015 -24722 -5751 -5119 21491 8474 -31476 7587 -28797 -24263 -10494 -11090 -8759 14453 10063 -13351 3285 12738 31291 -1236 -3793 -24563 11038 8769 26362 15043 4735 -18292 -23264 32161 8111 -9687 8948 18064 -14387 -30314 16131 -1644 -14155 -27937 5667 27493 1659 -32479 22378 -1284 -29762 17832 -23325 22057 -13097 -803 7028 28820 -24904 6894
15919 1006 17158 28435 23772 7253 25872 3515 -17579 29314 -11975 -20325 26810 17918 28639 -15583 22474 -20910 19220 30810 -13184 32556 -26342 -32365 4412 19941 -26176 24859 -14336 25381 23832 -23641 -7842 -506 -17518 -24160 2178 13198 -2410 28594 -14476 -3300 -19355 -8445 14412 14983 9175 -29522 -12755 -11330 19786 27876 -4966 -23839 -27326 16483 28258 -16604 -4999 -10650 -17369 569 -12339 29247
-2872345625
8029 16565 17565 5034 18510 -26274 -5217 15131 -11333 -6663 -5815 21646 17171 -32545 -30798 -8753 -30455 15225 -28549 -27967 12677 14545 13932 -10850 28849 -22359 -31045 15027 -20628 -15866 -4700 -23037 19076 -6754 -9901 1863 -2958 13614 8087 -22510 18217 28343 -29187 -23464 -31294 -128 -16161 -11197 -13342 9075 27416 1375 -19583 14668 26836 -746 5803 -28295 -20611 25503 11232 -27019 22182 6983
-28853 13859 24802 10642 -5002 -3176 -22422 -12759 25059 -14782 23534 19772 -7255 31790 -6727 17047 18412 -12386 20793 -9541 -22333 -27747 -9313 -12716 8162 4074 -16215 7287 18297 11131 -12629 -25887 -24070 -27043 30491 -7958 23674 8626 28849 28564 303 20069 -16744 -17782 -21355 10989 -29285 16312 2202 -16854 19194 -30799 20853 10392 24751 -7940 -17202 -20201 20525 -21927 -31065 -30931 5160 -29087
596412451
17486 -8209 -13723 -11805 -3381 5815 28829 -7527 -17023 26895 14577 8122 -10408 3755 -11669 31315 29982 -2970 -12223 -19139 9568 -10101 -6444 -13288 1853 8417 12681 -27502 6074 11396 -29752 8072 -2106 -17250 16346 13348 -8922 -27651 27540 8591 1005 4330 17259 -9325 14090 -26829 -17250 27944 -27099 1531 -6328 -2882 22335 6248 -632 -7368 -2610 -3685 24228 -23728 -14123 21873 4627 13524
7944 -26305 11497 -10557 32746 32126 11459 6745 7732 9286 -8641 31912 19017 -1385 -20455 25907 7181 -16947 28237 -8034 21950 -32054 29692 -23415 -593 15385 -29896 7573 -18409 24246 -31167 13507 -20674 9582 13460 30428 -25117 -18834 28959 4213 -18517 -12648 -29890 -13284 -26894 -8377 28974 17411 -9454 -11469 -7860 -4572 -2826 -14642 14308 18224 -18556 -25211 -9198 -8979 -4661 -3571 -29056 -7455
4583047187
-29273 -19222 10435 -30656 31044 -2656 -7169 4882 22436 -14301 -29559 12216 -4112 17755 4692 1578 17330 5471 15226 14770 -18721 26805 27358 -22819 16818 23099 572 3375 13714 30685 -12915 -13754 -6656 2785 -3144 20569 26880 6759 -12646 -19109 -28498 -31948 28652 -3693 -20002 12850 22262 437 28522 25324 -242 6077 -4352 31850 -21458 -2946 17558 -3535 16727 8098 11783 -18631 14485 -26993
15294 -20156 -4069 30943 8933 30624 20500 8805 17479 -29400 9256 1702 11491 28439 19374 17893 -28516 25159 -28800 -10430 25581 24023 -19872 28128 -31961 8188 -30074 13678 -4538 5932 -31441 -5166 2489 -2202 -6967 4288 -32221 -5574 16308 4941 -32026 14984 9761 27951 6234 -6007 14430 5312 10040 269 -11764 -29854 -23059 -31291 2247 -6469 17769 20967 -2987 -28157 -26511 -18754 -7511 14532
-3214673712
-22559 19527 -3853 14235 31470 24283 -20346 5246 -7156 10721 9023 13510 -1766 3942 26620 -31041 26591 11865 3372 -3939 23953 -19114 19049 -2421 -1416 31163 -27552 -19280 -21328 -16913 -18132 29039 9642 11146 9616 -6679 12386 22146 4181 -1761 16986 -31465 -24386 6371 -31648 -24153 20317 -8437 24243 -8058 -9385 -2793 29248 -21731 10355 -24220 -19689 15899 22828 23467 6336 -469 6830 26373
-885 462 -22196 -12199 -21888 13661 21159 -21120 27015 -8455 24869 -30884 11428 3433 18098 -21041 18911 -25030 31757 -18190 -1794 -6656 4315 25182 -13213 26715 7981 -15105 10519 10412 -23492 -24813 -2847 16877 13043 -962 22321 21070 -7350 10631 -15515 -28893 22556 26528 -14134 25595 29142 -5502 19325 -14986 -29553 30633 24395 3342 -3506 1604 20783 17476 15946 -20695 -16013 17058 -7671 -14869
2669634803
2368 19994 4033 -20009 17417 -9763 -2736 16289 23517 19516 -28291 -11649 15913 9943 18102 -25144 -120 -17667 8484 11436 -19079 -10262 16598 -17658 -2830 -13393 -2821 -22080 -21797 10436 -14410 -26574 2716 -2987 -9045 -478 5571 -16399 -4574 -31984 22636 16203 -13585 -13285 -20049 32409 27189 -16967 -9132 7735 -13497 -20395 27611 -4349 -18722 -16555 13266 -3508 16305 -101 24046 19726 -13690 10775
-3880 -18500 31856 16137 -22852 -26486 -31930 -27303 -7707 19223 32319 -22636 -2804 20200 12468 28157 32566 -6897 -18802 -27606 -11918 -2157 -24416 -8379 -28305 -24068 18073 6287 -13664 14091 -25110 -18073 27016 6975 11538 14001 -11198 23568 28799 3102 31574 32107 -25049 16521 10944 31044 5929 -22217 12723 -537 -20618 22187 7290 4306 -7098 -32663 -30636 16021 999 32328 -6472 -16292 -15372 30613
1399077839
-20500 -9698 24656 20395 -31712 -29522 6058 -8815 -25106 -12767 12621 -1944 22704 -25950 -16760 19376 20655 9465 -21045 -23206 -12309 31426 -25739 -606 3780 23366 -18926 -32358 -28095 21932 -8145 -9369 -2522 26173 -21589 10454 -22402 26138 17208 -25363 7531 22930 17076 -30199 6240 -11144 19017 17504 -10184 -17765 -26625 -28551 -4860 -31209 -31266 -29263 21661 21313 2549 24889 -7818 9413 -27164 -9651
17157 21901 -1980 -5312 -30022 3651 -23787 -13654 3550 8630 -321 -2258 -1482 16251 5644 13102 29065 1983 4047 29635 22210 26638 -7451 -27785 26293 -11861 -19581 11408 13738 14851 6573 29337 7263 22572 -5699 27830 26537 12257 -25392 -25038 -24662 22074 30743 14122 -18972 -4231 13346 -25858 26038 16470 -8122 15339 19474 -2551 29960 -15321 25740 -971 28857 19936 -18022 22567 15224 -26375
735165949
24541 2528 -29269 17774 29155 258 -32590 3602 11738 -24731 -21483 30583 -20550 -4711 17614 -31234 -7330 7201 12641 18128 -27506 25164 6059 -24599 -7302 -19026 24278 13036 16064 14273 -2880 15522 -14792 22184 -10036 10913 -26757 26803 5735 -10075 7158 24237 2372 28142 5272 -31243 -18193 -23464 9196 -19643 3227 -15831 3164 -6315 -23355 -5393 -31465 -30365 -4844 -13593 10821 -28231 25852 -9087
-25103 -15070 4900 -1501 29302 -769 -735 9262 -11100 10421 32143 20557 -10820 5637 348 17675 3913 -30679 12538 -29459 930 17088 -18888 -15928 -26653 24633 -11066 28000 22589 26790 20558 15232 -27562 -13296 -27588 -6799 -78 -7399 1395 21992 23326 685 -21166 -14089 14487 -23114 -13167 10621 5066 -30556 -1062 -3640 17075 2923 -16209 19590 -11094 -13938 7330 -32130 9885 -20229 16117 -9460
3883638189
-7261 -17737 -5631 17238 -3702 -26600 -25119 22334 17875 8633 1374 -24256 -26202 -27931 -32630 -6943 -29735 -19340 19323 -24894 30278 -25787 -29933 -2285 10845 8099 27689 2125 6534 -26098 -30873 1612 -17176 -27033 -10479 -12765 31572 -28658 26968 -15358 2920 32339 4620 4114 -899 465 -12153 16242 -31920 15298 -17664 26728 25865 -31916 -1834 -19504 1518 -23310 -16760 6815 -25638 15207 7665 -30412
12577 19728 -2720 12849 30251 -6345 32436 4231 -19302 3037 -32315 -26777 -25261 13304 12448 28721 -11994 6596 23574 -23521 7088 -17482 -26872 7499 1641 22509 22307 12057 1003 -11941 2871 17964 23298 -7518 -28542 -32064 -17407 -11971 -25229 23015 21780 -8651 -5986 -16888 -14280 -4239 -27454 -15623 4116 -24916 23077 16434 15347 11145 -11632 21040 24230 -12427 12339 17797 5742 -1517 -4868 -29235
2070051464
-27489 1836 -15042 6477 24383 23007 26770 27623 13153 -10564 -31378 -2159 17077 -30671 -4992 25750 -15402 -24778 13785 27551 -27305 10525 -10157 9066 -8984 31823 31730 -25117 -4978 6749 3768 -4251 8287 -5540 13330 5531 -6713 23286 -14100 17843 5178 -16159 -24398 31740 -11393 -15408 -26244 14257 21231 15273 -29498 -16881 -29702 -22218 2957 -18572 25464 6940 -18883 7494 10715 -7206 -8496 7188
-22425 2138 -29200 -8352 -23078 4864 18 20920 26401 29526 -11241 -6258 25121 13992 8627 7861 -18954 25358 25026 -12386 -12094 -16677 13499 -32035 23522 -5361 -28474 12629 23189 -28286 -6491 9938 -14402 19323 -9391 18971 -21410 -688 9400 -11818 23961 -2011 19902 -11526 -7941 -28357 -15356 -12741 24631 -31780 -31361 22229 3125 -12509 30677 -22317 -2824 32592 -14584 6485 -15744 -9577 11012 -8217
207883564
-3381 -12925 -11188 -12562 -17948 8680 19547 -25145 12443 10574 -14090 6300 30452 661 26000 17609 22734 5158 25341 -15706 -17412 -9408 9830 -3756 -1980 5165 4048 -1819 -27358 29000 19728 -22883 20794 20172 -3372 19201 -12118 -29089 24491 -8535 -10038 23818 9645 -29450 -20641 32320 -16762 26060 -9991 3119 3232 -29166 10370 27602 -18985 -15864 -9132 3999 -2874 13909 -16921 11198 -11406 -14838
-23407 -15605 12250 -7001 11121 -21748 -15446 151 31251 -9816 11417 -4674 -18477 -22576 -10195 -19817 -4063 30611 12924 -32275 -10910 -12638 -28600 7085 6869 -7029 -20817 29249 32761 -12492 -14561 -12268 21874 -7440 3158 -26137 4601 9906 21520 3745 -30087 -5369 10664 -5070 -20897 -25540 507 6544 -30748 31681 3937 -5994 18951 14513 3322 -11111 3955 8213 -29253 29929 -1488 -1976 11991 -12375
-122113603
-13255 11866 26490 12863 6804 -19238 3444 -2287 -19488 -8094 -5184 24378 19367 1056 -24840 -14615 -6609 -29430 25278 -6978 -2167 18914 325 28643 -93 6290 -31754 30045 -32112 -13314 -9681 -7722 29425 -23015 -27163 20947 30233 -9102 -28723 -15029 24892 9640 -10246 20972 8784 4096 -31693 -24624 19414 -68 18157 -14350 27133 29872 9204 24658 -11707 24377 -3644 8551 -11560 1411 15790 -2492
24992 -31724 11455 17956 416 -16436 -5756 29537 16460 -25660 -15935 -15760 -21470 -20601 -9664 -13692 8589 11467 4196 26514 -31796 25126 -10802 -10338 20426 -12982 -31594 13056 26740 -7258 -147 27844 25140 22977 1121 18125 10260 4561 9124 21626 10073 32709 -24026 -3235 -24271 -27114 6770 -25638 29547 24564 -2754 -25378 17399 -24651 13654 -32481 -5097 3576 -12071 4819 20594 15190 24384 28503
1108521657
20273 -14673 11971 4423 -8253 2608 4899 1064 -17451 -25163 23912 22847 -2968 31833 3339 -1978 20488 -4086 -26692 -3444 8013 2840 11553 -18319 30437 -30991 14362 878 -27448 -20685 -30992 -22222 -29513 -9867 14918 32372 -6182 -409 3813 20439 19330 7285 -32663 4526 16609 -28204 -13881 -28802 -30926 -15597 -20812 19496 14095 23181 25039 -31673 17159 26782 -9409 -17585 4777 4747 -23146 -7762
17008 29423 15306 22037 -27512 -7945 -850 10799 14362 10641 -19807 -6436 -13765 1574 12606 -32389 28204 -18426 16437 31690 10132 2481 -15617 1152 16894 28794 17552 -1528 26 -27340 12585 -30174 -19055 -5687 -29327 2237 31769 -8332 -2412 24877 25089 17978 -16254 1728 -28744 -12451 -12490 -23051 -11400 -9267 8987 3706 3148 8819 -29983 20917 13945 -7696 14205 2286 10229 21387 -18470 -3932
2286335511
1428 -22829 -21150 -28413 -21404 3173 -17729 -5711 23672 -14190 10666 -25365 -19997 -30406 -3691 1445 25982 -27629 -22317 12740 929 16360 -11779 4314 -17528 -14205 -12013 11203 -29086 18881 -28727 29775 1596 -29115 -1644 -1191 14599 11756 -23036 -21911 21985 10041 14557 30851 14474 -7443 3142 -12159 -27585 -23642 18444 -1236 21288 590 -18951 29512 -26556 11848 1328 1821 -30584 -19346 -12422 1824
32147 -11200 4780 -13382 11772 -19759 15088 -7686 31458 9569 -30442 14919 22509 -6324 -26654 -20963 -27767 14133 16538 8531 16526 -26577 -18647 -2158 -14416 3272 9666 1453 17144 -11453 14278 -18043 -20188 16646 28381 -10904 -7841 10498 -17285 13168 -270 17103 7227 -3402 -16307 9514 -27743 -15135 -19837 18515 -23110 -18857 2251 5108 -16565 28252 13224 -11665 28620 -30723 -21507 19273 28796 3228
-3523800722
722 -12058 20041 -6323 23481 16053 32242 6814 -21614 10522 2259 -9811 -14351 6130 19870 17634 9907 17381 21916 31640 -26010 9407 27481 29392 -30262 12019 15935 -13509 -28104 31156 974 -9433 -11472 -12214 32036 16454 -20702 -8187 18357 -30194 -30161 7079 -24478 -12835 23348 13927 -31802 11622 12273 17586 4806 -5123 -11012 10904 -5812 4280 -31882 -6446 24492 -8656 -9986 -23774 29636 -29558
-4840 -30951 -9950 14834 -5489 26071 11499 4022 17617 18396 28100 -2245 -27137 1447 22093 9364 -18443 14374 31611 -10929 802 -24589 6227 -29157 -29255 31159 18389 24477 -9503 4242 -28314 23213 -30220 -10327 21879 -10771 -13106 -8142 14909 -8327 -4981 9708 -21396 9897 -25362 -10625 -28796 13175 6786 -24554 13672 13124 25835 18660 20921 -19912 17259 8899 -9716 -20537 25926 -18440 -14862 18836
3196581915
-9974 7351 10627 12464 19368 -19895 26491 17508 -24844 -32168 -1650 -19916 -23876 -4303 28374 6039 11964 2907 -20935 -12206 -6479 23109 -10943 -11457 29925 18573 -32344 -7691 -8246 24195 -18198 10914 1890 27961 22714 5969 5473 -6679 -20073 30451 -10129 -4312 25151 22545 27635 905 15778 -6923 -18206 13182 31749 -9156 2194 -27343 -1898 6681 27031 -16355 -18455 6442 -15630 -15422 -20231 -8496
21568 -12963 -9666 13421 1572 -5179 -15314 13556 -12699 28349 -25854 10793 32590 27242 17714 12847 -5054 -31707 -17560 -15006 -23671 23229 5890 18358 18673 14494 -32719 17290 14019 11122 -3842 27548 28441 -30509 2322 15171 19291 -20237 -17806 -26176 -4964 26325 12321 -32328 4505 31878 -15308 20398 -6539 -1925 -29515 17414 -30417 6888 19489 23572 -29074 -14335 -8991 11429 23255 15983 22801 21453
-2543065125
-19458 -11780 15170 3298 -21107 29130 -32118 25175 28294 -5178 -17715 -21653 -6166 27542 5869 9617 -2857 7757 29357 -16955 -25557 3851 -1223 21203 -25046 -9097 -12477 23747 -23832 -13317 27121 -1400 13187 -15325 14358 4862 -26332 -9392 -7197 -4916 -7305 -30865 -30310 16181 2509 -10766 26810 -4719 -26952 -29677 -21926 1740 -6268 -6045 18998 20732 -31406 -31808 -17322 29633 1423 -16282 -20248 -23888
2548 -29762 28875 -4546 31659 13594 26989 29320 -11378 -28658 -1494 -27413 22333 27745 7857 -21771 26479 -24570 8547 -22070 18656 -10292 -10078 30550 29171 -875 4849 -15777 23353 -11287 6126 -19079 -16930 -20584 -31675 -23383 5641 -23881 12821 -14560 -9681 2114 -17159 11278 -11635 -32349 -30144 -21202 -23874 6493 9548 -10740 2889 3662 -3240 -24881 29334 32589 6039 -18330 17612 23666 -13536 -16601
-2428244328
3658 23095 8913 5892 6017 -14767 -32622 -6860 28130 -1026 -32376 16799 7353 23478 -27841 770 -27055 11534 27379 6950 -22189 27605 20116 24045 -3252 -27550 26097 18839 12998 2163 -35 23816 -19552 -10140 13591 7414 -8805 29039 -29466 -3571 -21569 -31063 23448 676 25296 10288 32472 -25141 15510 8645 26679 2327 7808 6727 -14020 -19693 -13094 -16073 20974 29450 -4661 -4718 -13622 31702
18146 -25210 20578 4687 3336 -15173 2733 -10445 -17055 -15786 -9273 -16003 28213 -12702 -32736 10081 28544 12488 17597 27136 -221 -20381 -20579 6746 -17804 16607 29318 24462 -18816 -3415 -16869 15658 -21050 -20902 8902 -24552 31515 -23999 -27838 -29874 -21989 -4520 2674 -25837 13450 -3869 11259 32512 32240 22200 3761 -12048 8665 17171 13538 -12597 28167 2946 -28141 -11685 11857 -3675 3118 10244
1421726517
20146 -592 25958 19500 856 -8299 -30167 571 -26821 -22930 -4756 1464 -11442 20433 29495 -21640 32703 2191 24115 -9051 -19592 -1194 -7799 12440 22104 13216 25760 -5346 -18663 2777 -32262 -22178 -10775 -23518 29622 -17047 -29857 -12881 -6753 29095 -6373 -16515 -31909 -13513 28837 27183 598 -15727 7121 -22441 -24231 1497 -17473 -30176 -32049 -23178 -1450 25674 8408 3548 -17421 -12592 12869 -12484
28626 -13610 -4149 -18560 -29529 6758 25409 13520 -12866 24834 27531 -28108 -28623 -30378 19500 -5428 29169 -17346 -8510 -32156 -14320 8963 23158 21970 -3449 13013 -3826 18411 10413 -16694 -5145 5137 -9760 -13972 -19762 -25746 19341 -10515 3086 11774 21329 -21900 -1252 27546 23661 23430 19420 -6490 21920 10613 8400 -12908 -14842 29767 3887 -21060 -19223 22658 15295 9845 20178 -20975 -17436 -24166
2028397471
-24519 -19994 -25293 22734 30513 -30403 -2984 8735 -15270 -32549 20544 -22319 8479 -11910 16492 31701 -29570 -3290 13635 -2139 -9863 -14043 -18586 18621 32231 -2081 3234 23328 31712 -3922 -3007 -12453 8932 23807 28297 -11323 -13847 30659 -18682 -21140 -28855 -19517 24356 22590 10369 -1071 -20636 -17300 -11741 27592 1245 27459 4687 20700 15112 -12848 16261 -8805 -3181 -3699 -13509 6477 -9998 682
-9670 20536 -24336 -9170 22854 22554 -12887 -1003 8489 -11958 -7670 29687 -3428 -16719 -19304 16554 838 25635 26701 -21471 25742 -32291 -7861 -5416 30121 -18190 190 -22970 -3092 18658 -29394 23137 -30123 24191 -17375 -26033 17086 1277 15857 17140 29889 29950 -607 -26951 6471 12374 17900 19403 21407 7666 15549 18791 -6770 5544 -6992 -18469 -15883 -23115 22831 -28971 65 -10126 -8798 -23098
-2033148853
2147 17024 -7705 -13466 -28061 -21359 -25770 26999 -10293 14498 -19308 21720 -2824 31815 -25336 -10037 -21809 -465 1412 -22276 -25090 -7339 31760 -28162 31922 1503 16688 -10332 10875 -17078 -10997 -17240 3862 31303 11142 -2926 31185 -23587 -149 19355 13541 -7214 9555 30268 31057 -20512 -10782 -10277 -28229 22782 -19610 16835 -32351 -19698 -20347 2494 -32045 28804 16065 23638 -14182 32688 9874 -23218
25138 -10623 26423 -24823 11501 -30112 4129 21127 -25605 -14779 17148 21970 6428 -13453 -6577 -17941 -25588 -13464 -13100 -15932 9071 -6673 -30572 -31415 -24782 -26781 -31596 17164 -28567 9850 26987 -27370 -6992 1193 17279 -29108 -9014 22752 21282 30365 -32135 -3039 22513 31655 13128 30266 -27628 -14919 -9214 -13788 29387 13335 18850 17380 -343 -5589 -12708 -2072 -25179 -8281 5174 -30946 4152 9996
-2160449422
8908 -19793 32109 -17844 14758 -14210 -9099 -16088 -22853 9473 23719 -6487 26302 -6777 -25791 -31994 -6256 -7677 -25780 -26757 -9524 -7569 -25704 11364 8345 11292 8342 26160 -9230 16886 -21543 -25005 20066 -14836 -14190 -14703 -27982 27756 -6984 -296 -763 -1341 -26700 8735 4470 24589 -3246 24128 -20640 -5821 -12651 24978 2329 28641 10450 7258 28814 19243 -25610 -21097 -5012 -18639 14926 3810
7299 -7616 -11711 -16496 -24870 -14042 -31439 -2863 -5468 -22684 4260 -20706 28325 -4530 7622 -28670 26128 -22853 13511 20758 26751 -10180 -28741 12089 8132 -5704 2621 26904 -12730 25084 25193 -4317 18517 22429 -23635 -23598 27505 -22165 21637 12176 -12315 1854 -8311 5773 1019 -15373 -5118 -22434 -4188 -24520 -6407 -5132 -23964 -24119 -14460 19673 19654 23930 -6014 -9518 -23080 12511 -8831 -11673
1660234519
24308 10946 8949 18327 54 -4727 -26027 11757 25395 -15641 24498 -23424 22233 -3061 -22463 -10034 31246 -24534 14786 -25498 6156 -7858 -11424 -29962 29599 17377 -18890 27379 29447 -4090 -32605 29754 30230 -19219 -21755 21803 32637 22596 -15606 -14836 -2727 4044 31994 17074 8037 -7788 -20546 13248 1839 2921 12045 6498 -11449 27421 9294 -32028 -3608 -22102 29466 -3933 977 23444 20760 -24498
-11366 9813 11114 -7920 -20389 -4265 -18583 -3349 11703 -29934 -17548 26982 30873 17907 6330 8716 20944 29796 10152 -13822 -20104 -4884 19641 -3964 -510 19215 -20903 14743 20165 21522 -20537 7914 -10979 9498 12452 2897 26345 -19158 20462 -19526 13806 19587 22255 30126 22179 -4536 9183 -4518 3012 13859 496 9301 -2593 -19446 19500 -19260 -10653 5061 685 -1651 -9452 26968 -31762 22556
3796730636
17076 22306 14252 29447 10112 -26042 14435 -16144 -1668 24260 -7342 14935 -3655 -20463 25782 17133 -17196 3015 -3177 22090 27879 -22754 4843 -2170 -29539 8541 32575 -8916 -17513 23275 22528 14479 2132 28280 -30343 -31267 -19102 6534 78 26554 -10448 82 14553 25158 -32637 -30425 2230 3507 -28235 3228 9206 26128 -22191 -30282 -21828 3497 10540 23394 31008 -19807 25403 3385 16914 -13533
-3051 25618 -31847 -6140 5240 -18820 -7221 27238 -17614 19716 7358 -27349 -29978 31352 -17760 8363 16255 28937 19459 -9854 2114 -821 -3546 -23189 11556 11984 -3401 11831 -14814 24673 6133 20300 27281 30147 -26182 -3605 -18446 -24320 30197 16080 14522 4635 9221 11817 -28786 -31200 -28494 30018 16458 8643 3956 -20553 13051 -10836 21271 12362 22735 20213 -26222 -5169 -21073 28583 19479 9172
2631826259
12014 -10954 -12288 -25866 20065 -13731 -1908 -11613 24745 -6865 29693 -27348 12389 -13190 -7424 -25571 21554 17587 25026 25859 -30783 -17262 4460 -15573 -25050 -7727 -6578 22616 3039 -12507 -19032 -2006 -24281 -2645 7182 5453 22638 -24000 -19174 9600 16732 12361 -4310 3913 3347 -29381 30107 4867 -14200 11404 -8642 -32110 -2399 29643 27244 -12769 22289 -11089 28562 7382 11995 32581 -2058 29824
16202 -20343 -16890 19843 -15041 -26817 26370 2320 -9676 29576 23293 3262 -23494 28583 28755 30672 15193 -22363 -373 -29508 -14482 4050 -27268 17842 24250 6852 15939 24430 23043 7873 -4637 15584 24089 135 27064 9137 15982 -30082 29785 21214 28691 335 -3500 28176 -9324 -22683 379 -25987 -29958 -31033 -3459 -14431 -9739 -28478 31907 -1988 -20427 28096 31127 -3389 16643 -20533 -4567 18837
-108338007
-20065 -21865 4586 -27530 32495 -20497 -5513 26561 17631 20633 -7302 -2521 -32381 19403 -21115 -29236 -6597 6552 -19234 -12707 1982 -20923 17132 -22216 23202 17546 22771 -17802 19866 -32201 -19879 30054 11469 -6461 23235 -13881 19106 -7264 -952 95 12559 -30558 -29256 -11983 -23020 -31211 -10561 17716 16393 -13486 1222 5442 25362 -24858 -22609 -23668 -11256 31215 -28856 30650 -25302 -7515 -17238 -5885
-28423 -20351 -14462 -9687 -14785 -19240 -8765 -25508 -14129 7075 -27884 -17976 11320 21685 -11588 -32571 -5761 32657 3429 -25696 -18132 6588 -5194 -18759 -6305 12877 30614 24921 24442 18240 30958 -19101 25948 -20004 24462 -1795 -20365 1118 -13659 -24824 -802 14878 -21223 15753 20382 -23288 -9749 16073 24473 -9958 21052 -22065 -26142 4452 9222 -19593 9394 15116 -3753 -12986 -2933 -25687 13604 24478
2739767765
6294 13033 9857 -25840 -22090 2179 21179 -24342 30140 -10847 -199 -27135 -8441 20005 -19619 6458 -31276 -11031 9887 5223 14422 -28957 -3494 -19484 -16049 -16153 2983 -17572 -25970 3088 -16404 -7706 -25576 11342 11948 20140 -13366 22600 -22630 22979 16108 -32610 10783 -14111 -9558 3190 11615 3850 -1543 7639 -11322 10638 -9594 13705 -3820 24427 -8448 -16135 -30941 -7605 12560 -4536 18910 -17772
13290 183 -16908 -1130 5610 20424 -28403 22887 6863 -4994 15244 1802 26514 -7239 16703 -30571 30035 -10688 -18185 29527 21218 -17827 12669 31371 1840 -1883 23240 1920 -3840 -3886 5787 -22110 -12176 21069 -5594 -8088 -2537 13359 -21392 24779 -2744 -29922 17655 -3494 -5697 19404 12829 6454 20670 -2518 -7330 -30562 -10851 18971 -11746 8351 17450 13074 -6533 22785 26273 2877 -29934 -12264
675600383
-32581 4302 21416 -31367 -29624 28260 -18229 30264 31552 -30903 -28667 8917 2092 -7426 19511 14304 -5202 -10610 -5361 -32318 -14834 4891 -28154 -26059 9820 -21464 14252 21710 23270 9110 18696 -25075 28035 30275 -27652 -25889 -16680 21631 5109 -8565 -1268 -6238 -15201 -22586 10978 31248 24570 -22408 22171 -27659 28581 -3428 14821 12141 -28955 -10735 11876 21266 -23989 -26869 11090 -10097 4444 -28757
11392 -18290 -17000 -21251 -8925 -9006 14680 20779 -19646 -412 -13304 -4243 -20328 -9602 -18522 16485 -27703 -22918 -25129 -26773 -21820 -1238 -4062 26405 6139 31452 28921 -30625 20426 -3390 -18431 -4900 5705 17912 32260 -10854 10982 -4184 8765 29397 2273 27750 -24543 10967 -32008 3957 20370 30098 -3107 -3862 -18110 27283 -491 -30623 -4720 14489 -23810 28383 21789 28600 -15758 -12784 -14790 12913
-2916243098
20988 -14579 25928 11032 -24646 16523 5279 -25787 -2255 28807 -26597 2796 -7956 21446 18753 -18745 -25234 1580 1866 12125 23582 19051 -2783 7120 11922 13659 21536 5176 10325 20173 -4558 11702 5887 -12703 30730 7830 23807 -24327 -27571 -4817 4386 -17230 -14935 -4123 -31693 -20239 6632 8876 28360 1392 -31994 16270 -11804 23508 26996 22756 18425 -25091 27455 -4050 12110 16057 8489 -15547
-13268 -7648 23460 -19581 -20060 -31116 -31257 24646 29413 31368 -12500 4909 -31388 -8639 -8891 26214 14 -27390 29592 -4806 -3856 18931 16090 24808 7470 13327 11923 -15860 -4220 -3404 28423 29561 -23260 32101 -21161 16278 23780 6149 4199 10670 16630 28765 -17893 27779 -24840 15774 20241 10137 9236 10537 -16612 -11547 27106 27767 14390 -23406 -9384 -14343 -25643 1452 -16337 -8356 25253 -12914
872747121
-14788 4726 10877 -4623 -21346 -29127 32763 22517 22729 32669 21706 23808 19320 -12129 -32134 -11175 -14957 25937 -8631 -28098 1838 -6802 -12876 -6256 -9189 -18159 8412 -12123 -9783 -2463 -16615 -23992 9584 30808 -3861 -25644 16029 30149 32100 -2016 -29731 11308 -479 -19811 -26862 -17709 -11110 14316 -11321 30492 17030 16686 -8588 -7161 20361 28986 -29484 -28232 -1253 1392 -11217 25767 13382 26146
-9031 22046 -55 24822 -17294 464 15777 -9267 11744 5823 -6699 3865 24436 -23711 25165 298 -21380 7564 26630 6541 19703 -10023 19116 -13169 2331 -20207 -804 -22450 22955 3707 -19631 19156 -14572 -25761 -19048 -23943 31203 19022 -8714 29242 12306 26618 -29048 -32364 21193 30480 17411 -22263 -22942 24204 4602 27561 -7379 32712 -6754 -4048 22790 18180 -23272 -12284 15426 16084 23952 -11755
1074448479
12147 -18687 4978 17282 -23752 -9382 -18773 23867 17823 -20773 -6585 -21754 -12435 -14734 20450 -15459 -12669 -8145 6774 -21815 20258 -3257 -10956 30859 13587 18884 13278 31402 -2551 -28211 29127 19411 25308 16259 -23146 -21992 -5313 3720 22144 14244 -393 16962 -2812 3211 -16068 10483 -12057 -6083 -11114 32009 -19900 20448 -25066 21264 23721 -6257 -28121 15698 4017 -14219 8630 20975 -26061 15385
11931 -13079 12924 -2002 20219 -5119 -25909 26814 -3402 -9209 12270 8201 -32347 24757 12716 3068 -20272 -22920 28317 -11566 26714 -22628 21795 16379 -31662 -12438 11726 -23719 -593 29064 2416 -8507 14617 -8876 29128 15669 -13183 -9048 -12712 -25150 22409 -28772 -9730 29908 2234 13422 25392 20942 -31275 30455 3359 -7121 29069 2822 -20317 -5434 18802 30922 -24729 12857 4866 1466 -21625 2290
-922676779
30049 -9127 -17558 -9870 -6302 -1253 -2242 30270 18020 27327 7269 -15731 -2382 18659 -25201 24862 -556 22194 -4699 29194 -11039 -32630 4414 -15815 -6107 6788 -3145 31420 -13010 -1360 26336 17433 1052 709 -14386 27136 -25405 6246 8763 28258 -25682 18669 21170 -2138 2274 -18378 -4847 4142 14445 -17154 -29524 13551 17728 25366 5937 -25370 32352 -27835 -27184 -15875 10365 1758 -22178 -26647
12064 31491 18296 -15137 -13738 14897 -4738 -23061 430 12429 -19235 -8884 -19272 -20879 -14069 23339 1159 3751 -8111 -4407 4205 -23659 -32404 14952 15361 -25617 2765 -3607 29279 -22195 19516 -8458 27519 -23161 -13817 -15168 -1317 -2879 24461 18662 27603 -17146 10273 -11416 -8427 -27900 -31754 -11733 -15992 23630 -20418 16855 -21464 6189 6545 31592 -31069 20524 27048 -1818 24296 28519 10363 15622
-2863211929
-5131 10024 8120 32124 31157 13868 24312 -19860 -26024 14492 -18914 7727 21308 -11932 32 -21477 31500 -23618 -19578 -10144 8922 31348 29758 -32748 -31163 -32666 12832 -14357 -11905 -21815 -22979 -32744 -1457 -17403 17965 26849 173 -5451 -24754 -3263 -9958 28186 -12470 -14055 378 -28219 -31977 -16335 12298 -28006 -3711 -29236 31998 -15266 -7632 9472 -7082 7220 -28868 -17101 -7656 -7370 -1190 2182
-32257 25059 -15350 -21840 -3853 30501 26258 27543 10400 -24572 -17188 -1739 3125 -26014 13696 11763 -18198 12705 3045 27547 12888 -31656 14670 -8263 -7297 -28970 8896 -25654 -14659 -19330 13735 3235 7801 24765 13044 -4883 15369 9772 -28531 -4686 -111 -9922 684 18282 -12560 -26544 -28162 3182 15673 30759 22555 -10071 -24963 16643 -12279 -31363 -10649 -16275 -6802 5906 -6987 21513 -28510 -23051
-158899132
-24312 22822 -12018 -15284 16029 -24322 7437 25037 -27255 2292 6297 -20347 6818 -2544 11156 -24693 17091 -27554 -31704 -22567 -12791 -4854 -23692 -10567 2108 -8790 17871 3210 27153 -11272 21989 -4679 -9676 14136 -1463 28893 -12079 28083 -27409 27990 18470 -9223 -4449 2488 7714 -29701 -27158 29259 -6665 25364 26635 10582 17617 27072 24385 19389 -2302 -25622 15031 13723 -26822 22173 9339 -28323
-23746 -8665 -13747 -17336 -19365 24934 4224 -6757 -12436 763 -18273 11827 -22462 -25396 -21715 7533 -15093 14042 31130 -6000 -22742 -12241 5068 -22980 -20524 3410 -10884 -13895 19795 -18513 -20183 10676 -2374 29630 14864 6501 -28068 7750 -3887 -14135 9319 -32495 1887 -5287 4943 -5252 26260 12434 -16595 10458 689 24631 21653 8859 -8678 -28341 26856 -22873 24324 -12038 6200 28975 19938 -4672
1344919413
-6143 -10765 3318 530 9279 -11040 13093 -4330 -20429 9410 5555 -3547 8399 13747 -21436 30576 -28085 26960 -6775 16187 21346 18150 -15279 -26266 -31058 -25257 18659 104 5250 -15597 16802 29551 -11844 4463 1449 6301 -22269 19189 36 18693 788 9027 -30744 32653 -23361 -28292 -3445 6769 30718 -6467 -27772 30212 2932 -2615 16372 10748 -17692 32151 12262 5658 32 2518 28417 10402
-19885 -26425 -2336 86 -7894 -8294 28974 22517 19193 31165 23716 -26491 -26659 -19919 18783 25570 -31441 -11901 3992 5103 -19207 338 26315 -20290 8496 17576 -27606 -14574 10028 -28079 32522 27688 24348 6703 3731 -31844 -6625 23189 30023 2652 7518 -10062 1960 -15730 18042 15133 -9749 6962 -18286 -25482 24356 -4401 -22944 20778 1502 -25074 12861 -5919 31229 -12979 -23702 -8000 3578 3693
-1117214084
-32273 16043 -5874 1243 -15894 -23446 -19333 -28341 5840 -2983 -16190 -23238 -4429 1176 13423 23123 -25058 7100 12375 -29697 -13949 26402 29374 5821 6253 -6464 -15610 -2634 -2968 15458 18910 -24574 11500 19304 20010 -11552 4317 24972 -9085 -11353 -29138 5278 -11131 4970 -23730 -14094 3330 -32309 -18414 -24595 -28793 -2456 26668 7198 20146 -1071 31506 -13128 17354 -12888 8166 -1239 620 -28101
-17311 -18522 -30764 -9080 -12073 22651 -8021 2522 -27834 -28486 -13114 28759 9331 30897 30419 -6476 -10047 3795 -3154 2533 -31716 7974 21391 -12969 26477 26560 30584 16361 -11123 -1585 -23303 -32598 21735 616 10673 11517 -19042 -31545 -11684 -25145 23725 -579 -18135 26040 -5600 6072 30212 16560 5210 -13857 -4032 -8195 31031 32738 29531 -3535 -8186 32678 5657 25591 -23089 -15682 -2116 3135
1087651652
7309 27158 -16520 -4781 -5995 -29712 -20300 28985 25137 28193 15432 10656 25679 11207 23001 -28935 19807 16066 13453 18352 -5914 -23011 8616 -20120 -19310 2634 -90 -2735 -23640 -26124 28070 25614 -22874 25148 -30936 19267 -3167 16938 -15804 -1778 21202 11793 -15201 28788 -11062 10148 6951 27476 -6976 -15448 20711 -10129 3887 32454 -20564 5962 -12373 -9941 -5233 -15693 -31079 -31572 8834 25481
21241 -9176 -18324 -2463 30047 -19357 25482 31877 -28232 4206 -6845 17362 -13851 -29975 27512 -4231 29690 -6126 8760 3835 29057 -8849 -13226 27054 -32676 32681 22611 -19936 -15129 29776 29042 -16421 -16680 -9515 -8834 -32429 32020 -17850 14268 7771 -15623 -7562 -28504 13845 9474 22171 -11509 -8022 30490 14882 -4510 -21890 16593 29118 30431 23545 12508 -23794 -1717 -12531 13123 -19415 10333 9379
1780922245
-3610 -25058 28115 -6880 11549 20559 2791 6069 -8556 25106 -8277 -10432 -3183 -2087 -20550 23560 22571 25957 3100 24762 787 -31701 10246 -5039 17342 15371 -23805 -19497 19229 -19897 -6387 18296 8803 -20494 -15660 -11699 12735 14948 2797 -7348 21438 -20609 9190 -11893 15613 -9346 12597 -11355 -20592 -31761 21818 16842 15021 -3609 1994 25218 -28508 -2345 5766 -21616 4227 19268 -7262 -32383
-1771 -15241 -30733 -31639 9584 -4149 15408 -20743 4082 -17800 871 6416 -12476 -22241 -32005 18140 -12154 -21073 1171 12642 28226 22866 15716 -12377 11382 -19072 32256 -30494 -27075 -28152 11016 -3642 -19865 10105 -29327 31276 31003 -16905 -19582 -8614 16835 30698 -27490 22919 31721 11694 28436 5597 -28969 17575 -22692 -10149 24888 -10488 -16051 22958 32136 -21190 -12929 -22577 3013 -12805 18786 -7897
-1541783328
26235 -20006 18105 -12915 24826 -22137 -4347 -10377 -19329 9799 6790 -15511 -28072 -7657 30428 2249 28514 18908 -26561 -7269 -1645 30808 -13969 -1962 -26987 -11570 25 -30501 -24636 -8045 -18379 7724 -9360 6935 -14165 10355 -20778 -31604 22193 -29013 10690 -25800 -23889 3088 20656 -2041 -18890 -394 -7874 10486 5251 -9465 -25620 22987 -21804 24906 11084 -14640 -24745 29115 -30607 26742 -2059 -26071
6148 -31422 -2574 5824 -24689 7396 -32294 -3767 -17226 -30413 -31407 -5082 22252 11153 -14772 15984 -18859 10384 -32146 2200 -27358 15253 -3765 -5482 4061 -26815 -13447 -19397 -29721 18025 -31383 27130 1460 -1019 16888 29383 -5992 31927 -8917 1629 -26652 -26339 -21390 -10208 -17775 -15524 8332 31505 24672 23385 -31450 7821 -31135 -4252 29612 -2291 10366 -17585 29087 -31455 -15481 24182 22173 -21284
1546993366
13986 -19908 -677 11771 27053 -24625 -1274 -13625 31859 18699 15937 321 23999 1700 25612 29276 31236 -15388 8759 11389 -2592 9376 24423 -29358 -27008 18059 -3721 23945 1056 -6226 -6268 -14252 5895 -31432 -32619 -26500 -29357 22846 130 25695 -4899 -2720 15491 -14833 -32509 -15088 2477 32296 -28549 6704 -31435 13792 20884 10890 -9506 -19412 -439 -2433 -21276 -9921 2363 -7447 -5010 28531
27561 -22648 -8627 -19379 4308 31861 8490 -29145 -27947 31691 -29360 -18042 22034 15292 27462 -22797 -28297 -7919 -29287 541 21019 31174 15235 -29789 -23438 20356 -5149 6911 424 17418 -23113 -11816 -7563 -28146 -27749 15383 -31818 29166 1346 15811 26710 23743 -10014 -20140 -9872 -24531 -11571 16188 12492 12469 -7236 -598 8272 31296 -9115 -7724 -20927 7708 -25661 6207 -2430 -4277 20589 19770
8150157522
22785 29703 -27102 10051 16596 -14469 28215 31868 19287 -22861 -4919 -32205 4058 -25677 24225 5173 31454 27564 24293 -25899 -27748 -5446 16381 -10272 10480 -3573 19111 -4789 -30644 30458 -16280 -8018 22038 26809 14384 -6317 -19364 -59 18664 15960 -31962 27981 17123 6964 6549 -18424 -20678 -26557 17577 18962 22543 10121 5577 -8736 -9366 -893 -21692 2152 -14710 -7474 17439 -9095 -10253 14761
9563 5434 -20132 22987 10664 -31095 17566 -22400 7144 17059 30209 10620 12946 19187 872 14078 19380 2509 -13282 -16758 -10482 23213 -13530 -7039 -28288 -11851 -31606 -10433 6021 -11240 -6465 -2581 8374 26934 6641 25879 18974 -10988 13131 -20771 18944 14332 -18376 -26882 -1594 31742 24433 -26293 -7608 5676 9460 23873 -23630 28885 -15116 -22259 22642 -25331 -22363 -8568 18050 -29939 5319 -7668
-178523288
-25280 -24350 -21834 31184 -11957 16480 23174 -25889 16499 -19186 7690 -15844 3157 -2090 -6720 -3796 -1991 -27032 -5352 -5237 7869 14427 -14166 6362 -27326 21502 -32510 -11101 16963 -3400 24867 27087 11494 -28173 775 14184 32559 -13747 -10995 -2770 -31607 15574 11570 -30044 30721 -4284 12646 9602 -26933 19618 23163 -7341 20185 28849 -7444 -15322 -26310 11655 6918 31487 -20265 23902 2313 -30148
22941 26241 20315 -20866 18150 -23778 13036 21353 -30976 544 -16890 -2109 14343 -10317 -24550 16280 1642 -6967 -30808 -2402 29303 -22305 26516 10391 -29108 6290 -23394 30021 13354 -3799 -15405 25406 -3806 -2107 15660 3424 -31244 28601 12995 26098 11951 16014 20628 28309 -13127 -21532 -15595 -18975 -24991 -13368 8314 -9961 6455 -24385 -10094 -31432 5410 -13466 1374 2555 -18755 -31299 21235 -30664
-3680089490
15747 19044 -29481 15718 17944 12734 12776 27252 -1598 1368 26057 18540 29668 24766 -17582 14596 -28053 -15491 -5572 17070 8952 -8840 32207 -25569 20205 -32239 20626 29022 30152 3340 18279 -5575 -9702 -30745 23175 21876 -30521 14314 -10774 -25664 29730 -30574 20628 3027 2645 -7760 23435 26748 -21810 13250 26989 -15992 -188 1566 -12072 10341 27186 1492 12142 4956 -17724 10301 -1908 -29472
12199 -7739 -25271 -20678 8184 13751 -5747 -20668 -19325 -23851 -22490 -25730 -28093 26581 9301 -11988 -9707 26913 -13965 -24814 -13082 -9708 -257 -5169 -10099 -10618 26520 14172 10631 -32016 24513 18201 -17159 -8850 -11231 10954 -10324 18133 8963 -20317 -11543 3388 1684 -3200 -14861 6308 25984 2895 24432 24023 -1125 -8672 -8475 6866 -28066 -13057 -12561 27749 774 -29264 29017 10183 -701 17696
168964112
-6141 9635 -29116 -13706 18011 -3395 21816 12906 7471 -17987 4544 -14172 27450 -20818 6097 3680 -15087 -5252 30183 21668 11664 11205 10871 -1956 -21377 12006 -371 -463 -4389 -555 14412 -15953 -19294 -21847 -3511 -21561 -14056 9965 -15045 -23714 27112 -10547 5227 -6337 15722 13035 -27531 -2460 15303 12339 27704 -15343 7788 15195 31286 -26331 -12751 -13796 -16957 29195 30925 -31380 1450 -11844
21653 7739 -12754 5065 18614 -25399 -18089 -25482 4620 1467 -24383 -8289 11057 -9698 27143 -10466 -14439 -8107 -12752 18338 -5716 -18456 2007 22505 -4494 21978 21586 15502 -18167 -20347 10206 -15235 -5144 -21286 -21269 -1995 3154 5887 -17178 25736 27251 -17492 -17320 16452 19013 5752 9103 -27874 23189 -8041 -19271 -16307 -22612 11468 -31515 29429 -14075 -9301 -16103 -9799 -7423 5420 -4627 -15945
943142484
19934 17153 30180 25986 -30861 -21191 -18357 29226 25584 -9803 -17312 11279 -27112 -3892 -10623 -8307 -10092 8193 21049 19812 31418 30540 -23299 -6652 -118 5753 30082 566 -4016 -20408 18091 -31516 13748 24207 13717 6577 -12467 -3361 -17538 27189 30267 -11292 8767 16671 22572 -2650 -9148 26676 21115 -22771 6769 -17493 -27119 6274 -30331 -541 20036 -20574 23949 8715 -9074 -7003 29772 -17622
-6602 21020 28215 5780 5308 -14485 14623 -8949 5623 -16530 -19519 -6518 -21502 3066 30514 -28883 19618 -12740 -4556 -25336 -15955 3219 -1639 17039 26383 -7705 -23090 -23471 14467 -24052 -5890 11362 466 -10766 20362 15362 14066 5224 10013 14005 28687 29818 20120 10304 -7025 -32269 -369 -28599 -26825 9430 -23065 20791 12234 13878 -607 13837 2575 -11935 -25570 -30946 -9931 9091 -15895 11741
-2852402083
25454 719 -23102 19083 -31726 -24979 -4784 -7964 13666 21724 28085 -29041 29267 -29459 7027 -4412 -2984 -30859 -578 -18042 7376 -14974 -1249 6488 13372 -28441 -14090 -17615 -29931 12499 8707 28055 28496 11814 32573 2258 8926 -16382 32098 -20479 -2678 23836 -15960 30475 27197 5455 -10045 10848 31021 -22194 -8166 -17869 -3004 -13447 -22233 -25119 -26021 -28975 29416 25330 -15547 9368 -30695 -27288
-5783 11000 -3025 -8715 -29963 -7687 -19714 -23772 7287 -7321 -21949 24522 -28643 18242 3562 5662 -16811 1269 -30385 -21094 -3543 2960 -3942 -23187 -31623 15714 -2059 14768 -14133 11259 12396 14440 -16952 5790 15154 -30963 -1050 8452 15949 14318 4068 -11056 -32767 -29599 -2678 17798 -21824 30064 -19324 21445 10710 -15586 -6467 8252 -28398 -18014 -415 20896 6979 8969 3796 24834 17461 3751
-1926957166
-10759 -28516 23492 23506 -22237 -21439 -9335 -2035 19601 29272 -22617 24717 -27601 2220 -23030 10681 -32168 12799 -11414 19620 18553 367 16361 -26316 -17197 31749 29833 3344 -21375 19074 -9553 15198 -8277 26091 29052 -15004 -12432 -6210 -13381 12270 -5831 -31073 25101 1920 18645 -16779 -19274 25233 16419 2636 -28387 -30687 14708 16284 9358 -20063 -16947 24780 9350 12806 -28926 29028 12808 -15483
21277 -23527 1274 8455 19950 -30355 -21655 861 16478 26486 21686 -13340 -18488 23250 28980 6018 -3648 7999 -24437 -18190 7111 21854 -23966 -8707 -19412 27714 -3775 2044 6205 20592 15677 17477 4803 -11710 9894 -18920 -11619 12806 15600 -23491 19325 29116 11324 -17366 -25590 -10252 -13288 19780 -75 -10338 13817 -13776 -4565 -10330 29227 -22173 -21448 19004 -7519 23226 1719 -17506 16939 32316
3100607410
23195 27981 -16509 -4108 -27288 4821 27660 11808 -26547 21787 -3989 -5677 -1281 -14259 -5445 29057 -13629 -12417 21429 17147 -11815 -30177 32172 18374 20066 -14483 -17818 -903 -5010 -14914 643 -4888 -23829 -16321 -13106 1941 -14678 -2535 4746 -2006 16371 2005 25091 -21433 -8210 -20607 -12838 -15076 23227 -863 20494 24671 27448 16904 3280 12355 -14546 -12583 3649 10 -9588 2379 -1122 5498
19845 5094 -5161 -15087 -20051 15894 -16480 -11790 25264 16038 -261 32209 14148 18376 2218 -11716 6456 29949 -27172 -26580 31696 -616 -24283 -11624 -4382 -22711 -14844 20470 9985 2989 -9782 -15788 -3719 11605 262 -18420 16322 -8176 826 1464 -9728 10372 -12647 -29013 -8101 18089 -16685 31384 458 3168 -19972 -12487 29449 -23911 27059 20113 5288 25515 -25232 -10942 -31821 -28272 -32341 12270
-3615963156
-21620 -28132 17560 -6243 16134 -29078 23626 -29440 -10184 -8505 30867 11752 18731 -8719 -11623 21228 17609 -5876 -6780 -3712 13983 4039 -29972 26797 -20463 18195 18935 18254 -15581 20968 8492 -24850 -1293 -6988 -29768 -24945 23138 -22331 19059 2184 -11856 -25959 17798 25052 4010 -21867 -20260 -9820 21510 29171 8955 -5547 -17953 26866 -12352 -19539 -11901 1642 -4124 23361 -2222 5201 -25422 -9407
3983 -20686 7643 -17342 19691 -25999 -14779 18746 -18728 21208 5022 -20112 -19161 15388 -12859 19124 31412 -11946 -26058 -4035 -32691 -273 22340 -9729 -26393 -15551 18358 -26410 13632 -12095 -15263 -7111 24261 -30155 22919 3818 -6577 -12664 13115 13353 -4763 28992 27568 -22792 18458 -11281 9247 -4748 9216 -24357 31693 -30948 -7233 -6377 29574 -6664 19220 16213 6793 30004 30870 -32660 12505 21987
-1378120390
18096 -17424 -27095 24066 -17914 -17472 20715 -27426 28237 17913 -2977 18977 -17490 -23633 -6529 -22580 15571 26774 12908 -29707 18981 4948 -11085 6599 7195 10537 -31792 15357 12847 6810 25733 -29567 -11343 -16280 -16440 30234 -16922 10931 10070 10361 -10454 -4422 -21360 -29706 -12443 -8870 32673 -6581 -5574 -32045 29013 -9344 5642 7129 -15419 10105 -12422 -2257 -15965 -1059 3354 -11823 -22859 -24365
14643 28156 19265 -6521 27323 -32148 11510 23124 6238 27986 13923 -18941 -2890 -15460 -13159 -17381 -11010 11510 5192 -20745 -7209 -13481 -19201 1029 -6340 7697 -22615 -18312 -21911 22950 -14007 28195 -12421 -9495 4844 28347 25620 -27895 -9084 -32630 -24935 8303 11720 -30632 11196 -30838 -25853 -10173 -6124 5746 -14131 -23919 -17049 30418 -8356 -2981 -7395 -27716 18632 27857 22838 -6775 -11984 13654
-113920376
-6266 6603 -17863 -26650 12788 32477 -1950 -15661 -30759 7734 15487 26094 -22928 -15154 -4234 -27067 16630 29543 -21961 21527 -13516 -8120 30618 24121 -17189 -2786 32518 30050 -10370 24620 -29487 175 -12745 -1961 -925 4098 -21197 -15453 21402 -12373 18814 2480 -23029 -6223 15245 15378 -18988 -1546 911 -9714 -15719 -2987 13735 27255 9834 -11436 32764 28051 15916 32137 -10276 23253 -4048 -18322
-9867 20286 -26448 999 -4317 -8069 -24614 1893 21743 -5665 -9410 -22959 4798 -21973 -13478 -30493 20715 18256 -9282 -8926 -29550 -15007 -28729 -8318 -96 31153 20131 -23541 -22295 18902 -21358 17282 8471 -29119 13839 13948 -9168 16735 -19487 32284 -2097 23560 5906 9243 19546 25958 -141 20656 6212 21767 -24973 4054 -25346 14910 -297 -5271 -8824 7309 16806 20659 5135 -1442 -30986 10455
2109815516
-382 -9171 3606 -31003 -18832 17150 -10439 -17775 1251 -6567 -29368 -21988 3140 -13127 -15419 16099 -22084 13806 207 12626 -10288 32487 -8604 -3890 14819 27970 -28615 -27934 13616 17311 31326 15811 -15667 -15843 -27399 -26364 30418 -19569 30891 -11604 -20140 -10951 -2748 -24081 31743 19067 16850 9830 -11478 -6423 15758 -15832 29091 9614 16085 -2546 21733 -3933 -24291 13666 12592 12968 13707 -111
16305 -19568 -22700 -625 11348 16035 31726 -14629 -24577 4105 18544 -15627 26599 6449 -1776 1463 -13743 -2856 10671 -4656 -15762 -31166 -22608 -26125 3001 7855 23614 -16893 -27370 22709 -10306 -20183 22611 7818 16020 837 -4297 -14314 -4056 -10666 -10492 30830 -23684 -26577 13932 3723 -20968 -842 16801 -87 29526 -24826 22924 -32509 7865 -31064 -30509 27482 967 22607 -21345 31534 4109 17898
-141891334
-27696 -7787 29393 -21229 -13871 -28188 12811 771 -24186 -5687 -3108 -32323 27524 22645 29136 5962 20432 -28323 196 -16718 18070 -25303 -25470 -27231 -30948 3243 31737 -32463 -31284 -32514 20666 1293 30538 -17383 17486 8908 -24965 -28503 5409 -29915 13342 26166 12635 -15103 -16806 -22060 15747 -17126 -16226 14304 -21640 -29194 -27658 16229 -5185 3581 -2274 -9954 -5833 18105 24560 -32513 17703 -27132
365 -24011 -28441 22830 7879 -6514 -18384 -6691 10571 -20985 23141 -14722 -4752 10016 -7989 -29230 -2790 -8988 -13126 29731 -11192 7787 -30321 -24163 -13576 7269 12447 30560 11666 -1380 15474 -10532 26264 4235 -28851 27567 26311 21111 -11168 -29244 -12709 -12375 -29988 5483 -18871 32552 6957 6566 2236 17391 16072 -3174 5155 30214 31872 -21643 21626 -19578 -1607 -4038 -15638 -17139 -14133 2252
-2119202884
22529 -19444 1132 10907 28224 27377 -438 -11651 -2427 -21554 -22616 4209 -6945 -20375 6945 -1919 31152 22813 21755 5021 10842 -18308 5538 -4652 -14569 -14031 28725 -19063 -19349 6781 26916 -1274 6291 -22203 -6372 26929 30815 26544 -25411 -2559 3370 -7594 -29999 -9779 13062 8104 20397 31 15197 11728 -8604 -24360 4146 -15624 21302 -16186 -6737 -10506 -23188 7954 -1973 2532 7760 7602
5404 -4404 -24955 -2679 -31464 28286 14544 6717 30247 17066 12646 18670 -2495 -5507 -12585 1841 11659 -14738 -9553 -24512 -10120 6155 -13151 28072 -20163 -22344 -32188 31814 -23177 -14563 -130 -9407 -16411 16542 -22308 7089 -24394 4014 3911 9392 32710 18979 18688 -5209 -31343 10949 -31192 -17711 27127 16142 -15645 27914 23206 15611 -17321 27260 -30613 -19704 15768 10945 31431 7556 -7204 9454
-5154828717
25056 -9884 -14781 25529 -5384 23919 -18750 28383 4990 2508 -23352 -26246 -19577 25892 -8105 -17436 13655 -15796 29368 18327 23764 -22529 13461 29058 -17266 15468 -3579 27042 -8001 2768 -17412 28878 12850 -11878 14177 -11188 -9459 8864 25936 -5047 21875 16522 -25702 -3033 27091 -17997 -23071 -13689 -7630 -17038 16662 -19339 -25104 4822 31186 -6702 27272 -30344 -23713 -22597 25627 -11041 2101 -18164
17742 -28623 28852 -8480 -23788 19806 -317 5208 556 16317 -12013 9646 14637 16158 -29240 5433 -18465 -157 12501 -15140 17484 32011 -23682 -11406 19011 -13404 -27620 -8493 -7349 -716 -5981 2583 24783 -29483 22875 -14100 -19475 -11057 32123 -17242 -6754 32290 -1145 -2863 20855 937 -5055 -28419 2758 -32722 13906 -32431 11265 5389 27626 4296 -15268 17512 10708 -29493 30225 12878 620 -23388
5767752512
20237 27246 29731 8110 5187 2596 -23009 5644 -2104 -29082 29820 6138 -6508 2003 -16297 21322 28345 -31496 -4087 10555 29366 9942 12320 18409 13235 -12243 9196 -3720 8113 11163 -6544 11731 8116 27897 23341 -845 18811 -6924 -2122 -22952 -32601 20557 -32634 23858 17204 7423 5314 28939 -27361 -21186 -29725 -15658 3265 4914 22615 -14886 -21674 15395 -2484 3573 1761 27983 -21722 21385
-17523 -23748 29845 20533 10624 22602 11346 15497 -1035 -28981 22733 -31883 10846 -4196 -20833 -10495 5774 10542 -13007 11095 -31038 23901 5510 -28398 17708 -14128 1990 755 -9355 6435 -4918 -24781 -20663 3854 32403 -2829 10147 25461 -20869 -3080 9978 4319 -28093 -22985 -25041 24530 -31492 12544 -24090 -4751 -15108 -18430 -17041 -11031 -1618 -7376 10174 -22709 -22219 24829 -13102 12688 -8038 20528
3276834465
24512 -20871 11192 -13 -15651 -23216 -22901 23180 4749 -7215 19395 -29422 -26484 -17059 16121 4672 15811 -6249 -15349 22025 -3410 2845 3970 7831 16678 -29301 -1965 -6737 -21294 30350 -20452 -12018 16347 29476 -26619 -4359 -2414 17492 14521 878 -31700 -13682 -3782 21405 28843 25059 3900 12274 -32694 32434 -27337 32119 -22563 -26486 -24531 -9909 -21285 314 772 23173 -15696 22904 17802 -2302
-23829 -18740 11002 -5090 -12182 -25379 -17318 -20358 -4938 24741 -32537 -4776 12210 6614 15665 13853 18016 26556 12856 -27858 -18497 -13273 -16656 -8944 21147 6638 -13135 -19330 -5191 -22165 -32202 14664 -21928 24763 23122 -27427 17851 24293 13147 -4970 -32480 -4593 13438 17494 -16066 24707 12343 -5723 4613 19369 865 7168 13181 20451 -20213 8148 15490 -16164 14213 -576 -10876 1639 19675 -18110
1771619499
18819 -23263 -23485 -5280 -29949 2215 11076 -15720 3852 6710 28058 10015 -8877 -22028 -22442 -9012 -30679 7894 -26722 18380 28341 -27254 -21562 27078 -4542 -23350 8154 -27696 4136 14736 -26863 -30600 -16150 -14421 -5564 7755 23302 25409 -31077 -28482 27152 -29650 3981 -22764 -19084 -20456 -16413 10712 9505 -6653 -21266 -7271 2817 -2752 -9283 -15493 -29830 -13979 11649 26974 -32286 12424 -25421 754
25314 -1866 30678 10011 -1502 -15370 -10635 20676 -20882 4145 -4620 -8666 23565 32551 -30939 -5681 -22069 -19405 -5108 -9753 10991 23458 8686 -27615 11655 -11281 31429 -12017 2104 -7087 21692 19884 -29293 -3567 14293 14828 -23323 -5537 22534 12122 2725 10466 -9797 18705 31077 27603 26146 -9227 13293 -8514 25566 19441 18527 -5424 -19540 7347 7510 -20095 25284 19301 15883 -14407 -23834 17987
-5528461831
-981 13917 22196 -23658 30689 -9019 13932 18349 -15768 29800 4588 -22670 19985 29858 23447 -28234 4223 7916 -24446 -4895 32743 4728 16670 23643 -8193 -29564 -27183 19891 10819 17192 -27732 -1922 28494 1363 -14324 -21364 -12291 -24610 30079 -501 -26206 -24493 7705 -23183 29550 3493 1231 -10680 1609 -5275 -4289 6944 4880 -26067 31770 -14631 -30078 2557 -7349 13001 8619 20720 -17043 -27165
-3408 23930 871 -7371 25354 -10943 -8932 -11122 -8740 -15566 11469 -12288 2053 -19963 24779 -19080 -25860 -14429 18140 -24308 23749 21901 -9481 -4166 12521 15899 -11402 23454 15356 24056 -14029 -12916 17772 -17546 3994 -29635 -1250 2144 12058 -7982 15691 16969 17678 -8320 31947 7105 18457 12614 2212 20554 -14349 -9953 -32070 -7022 -14609 1910 4353 30397 16234 -29679 -5195 15934 -22811 11170
3903507585
-17936 -21332 -15622 21420 -32591 -10850 29785 12236 23109 -26750 8856 21524 -27662 -14750 -18835 -28880 -6293 -12517 -7518 -24924 26134 -10659 1017 -3882 7740 4714 -26043 11964 17226 -1672 19442 8723 7005 1242 12754 -14630 8653 12061 -19341 28170 18861 -8531 -8947 4023 -5240 -28416 6984 -26269 -30205 8597 16461 -21831 -276 -12212 -21626 -32020 -23050 -22329 -2878 20779 -20612 -12364 -16588 -13911
-28272 29877 -14075 -24051 8957 17737 -19020 -18776 21282 30416 -20264 -32006 -31285 -404 32266 -11189 -7383 -23600 32417 15321 -22417 28738 -14318 -30547 11205 17604 23121 -22251 -14750 15472 30968 -3328 28639 3693 -30296 16608 -3301 -18553 -32395 25599 29274 6301 -3091 6614 7065 -5234 -13220 -2087 -4653 -11305 29402 7156 -28189 -31830 -8572 29868 8824 2693 4234 -24378 -22741 -3044 13742 -3679
-2944981334
1535 -30382 -24696 19713 -3759 8910 2287 3965 -3122 -12725 25849 -10571 7405 11221 26981 -21914 767 31087 -1794 22110 -17818 -21268 31418 27109 -7454 26289 -29492 -32260 28489 11047 3564 23402 -29616 7326 31532 -7370 3152 -24092 -21971 31580 7214 -4847 -20397 20307 32001 880 18975 16234 32397 -26217 2820 22543 -9665 30739 -9880 25093 24354 -28805 9276 -17567 6656 2970 -6174 32138
9502 24527 -22913 18317 25291 2399 6302 10815 -18530 -1943 25932 13763 -10759 -29530 16562 19087 -3337 -30997 21335 31797 20322 -24267 -14677 20742 3177 21019 10057 -25332 7975 4504 -7043 10979 29900 -22885 27053 23812 -8393 -15977 14000 -30120 -28024 -31255 22292 5508 19194 2131 18576 -23532 3352 -8559 -5351 25584 23119 25206 30777 -15490 74 -29836 21842 16893 32345 4860 -20545 -19309
2090392910
-31595 -21207 -32597 -13119 10807 -10742 26871 -15975 -25272 -27232 -16283 -21032 14943 -25785 -7267 1369 28478 20910 9046 -23903 -25065 18891 3873 -28449 -29844 -12718 -25722 9220 -25531 -20679 -11908 -13452 -7112 24412 -707 -12315 -26858 -9943 14233 229 28878 -30542 18065 2494 13832 -2876 16717 -4647 14828 17966 4555 22467 -14303 15542 8846 -24165 23570 -8959 30812 -8355 26663 -6668 -5727 5722
-13657 9459 12855 -14097 9496 -32746 -31995 -15625 17115 21820 -11157 21164 5562 1079 11610 27216 -29777 -25835 17379 9131 2920 -4292 -23679 13437 29111 -5880 -7969 -22355 -4721 7230 -2084 23205 18015 17874 -8787 30695 19630 27023 23051 14589 23409 10103 -28406 23471 20510 17829 12773 27684 19346 6511 17685 3358 -20609 32767 -17559 -10713 -6291 -26125 17423 23138 -27576 -16695 -29382 31399
-3307130210
5328 -26707 572 -14371 14367 5188 29130 30125 -29811 29995 -5647 29208 18099 -31778 -3551 -28208 -1179 -11491 -23078 30433 -3659 -469 28146 -18114 -2899 -18225 16988 -26967 -2213 -10186 9168 7056 -617 12697 -24817 6521 -17953 4968 -11262 -17215 1655 18222 28311 22220 -10020 -2510 9289 -3358 -7275 -3698 -20543 -10293 15774 -8221 -6757 -9642 22479 -1634 -4263 -6496 -29838 31282 97 17974
23730 -6916 -20750 -13123 -4591 19634 10116 -12449 16379 -28157 10537 17424 -720 -5456 -4784 22907 -31110 32686 8750 24576 25962 20162 -32348 -19418 -415 22028 -16788 -8472 -30435 -1698 -29186 19819 753 1292 28288 -6975 16501 8501 -26971 -29275 -5259 21291 -21347 11539 9109 -29811 -20048 -8170 -26428 25692 17188 -29961 11306 -15973 -3918 -21541 19092 -13711 -32515 -11342 -14333 -30064 30830 25429
-979312325
-15197 -11802 -13450 -20771 8588 -29691 -5732 -17245 3547 3102 -18914 -29632 30872 -1790 25655 885 -10406 -2096 -9170 9474 -4751 20141 -10339 -19158 21345 -20454 29875 1178 3583 19865 30168 -1357 25400 22304 1300 25386 13204 7318 15285 32310 -30431 9318 29801 -5718 -25848 12949 -2549 -25170 -25852 21764 -30552 -9550 -24000 24800 -29417 11295 -13134 20438 -30744 18351 13541 -18097 -19356 -30879
-25017 -24981 20782 -24365 14279 7351 -151 -7966 26199 23432 16405 -18305 8699 23042 24601 12522 20472 4556 9337 29211 1559 -30791 -25349 22705 4050 -11698 17836 15682 -11252 2684 -27889 -28582 17002 -16493 -15268 12148 19733 -28383 28199 -20851 28674 30957 -10642 7346 32546 -27862 -19359 30641 27316 31309 24896 -26672 18156 22985 -15856 -15468 -14445 13349 -5398 -26666 29980 -18772 23880 20746
-1560139512
-30971 -27893 -8272 16877 21656 3573 -6099 10681 -1924 -14329 -29161 -31472 15106 -21862 15323 3334 20594 -23885 12184 16708 -18938 3515 7398 1789 -9839 -6295 19979 30688 3785 5158 8183 16158 -27447 -24742 28589 9326 26583 -321 26951 15965 5142 -20044 -21894 -31582 -3438 -11772 31347 -10792 -17584 20151 -21334 -10531 5155 -21043 -18267 -13676 -25038 -28745 -15103 28048 -28323 18266 -25782 -29679
20000 11836 -14516 -10138 927 -32151 24285 -7012 14789 15084 -22231 -28393 -249 -13688 -16184 -8915 19408 -10768 14867 -26469 32003 -22412 -12866 1348 21030 -193 -1584 -23424 -10403 -19162 -2052 -14079 -25097 -25527 31077 11292 -19191 11537 6061 -9008 13063 27766 225 25145 -29615 16460 10125 32443 -9560 -13314 -16488 -22089 14894 9500 -24765 -25921 -9911 23316 22130 -454 9966 9360 13108 -18199
-827321408
-28450 -9209 368 -18929 28875 -32758 -29216 24437 -4805 22092 8298 16928 -11491 -24057 -11397 24935 27806 23753 19739 -12979 17587 -18626 1946 -20008 -25022 -31400 -13627 -11866 4354 2412 -15738 -24303 -24114 -2272 -12498 31147 11168 2669 20118 -19649 -8006 -28683 -5256 29865 5481 -26970 -2604 -29673 459 -7390 31962 -116 22487 5839 17470 17681 9889 -10120 -28320 21346 8790 8907 6004 697
-23700 20960 22076 16534 -3470 11083 25552 -12400 22595 5067 -27189 -28326 13781 -12334 3776 9025 11798 2251 28077 -6238 -23328 -16308 -28405 -16118 -19680 -4176 22058 14257 -25214 11396 -31029 21608 -12722 30663 1662 5366 20339 -31124 -9772 -30243 -22807 28621 -18451 6988 -32194 4133 22730 -23466 -20941 -15316 1380 4639 412 -8937 -31664 14270 -23763 -6750 24285 25323 13414 7386 4335 -1126
134454276
5435 -16827 -7536 -13231 21301 -20659 32676 6134 570 -26158 -12995 -17568 28346 -8193 -28143 16983 -2858 -24841 4353 19248 -9460 -13667 -17338 925 -7955 3998 -18519 25707 -31796 8748 -27398 -4301 5378 2255 -28688 -30829 -28720 27747 -1269 -1088 -29787 -4993 -26897 -16885 -21105 -22475 6200 -1014 21692 16015 -21667 28751 17145 -28353 8193 -29023 -12853 23806 -30352 30325 4426 -5113 32665 18123
-10382 -20811 -2398 -28094 -7878 -23889 10897 -13926 16255 139 -10847 30414 -7800 12684 25107 19334 -15937 -24975 9580 22702 16167 -29269 -2711 -5339 -10470 22183 -29536 32611 -15752 -22343 -3308 -27834 -19878 -5358 796 -26319 17108 -15695 -25915 -23904 28068 -29765 11387 10906 -9217 9008 5132 14607 14411 31351 -1829 -20020 -23810 20013 23653 4943 -31117 15260 28712 5547 31368 -13842 15698 17857
2787931400
-4551 19272 -20909 -26913 15256 -16592 -14179 1859 27837 8476 -30478 28671 23908 21760 -26165 21123 6806 -9911 22133 13046 14181 -19023 5282 26370 -15769 17708 29618 -31176 27253 18060 -25399 24933 32746 29673 17730 -3436 -8762 -32266 -29912 -25436 19668 20176 24468 -4955 29018 -16326 15498 -16001 -21691 6723 -16935 17515 -17379 -31421 15084 -14404 10841 11524 6763 28406 -32035 -10020 -19660 18803
-6795 14000 -32179 24074 -5476 1487 4796 -11670 6546 31642 30295 22171 -2484 -31933 -6132 3483 13260 -30427 -29271 16425 12833 -21409 -18095 7670 27564 22559 -16892 15576 -28655 10828 -28364 -19716 -1074 -20443 19201 16271 22016 -26077 -20888 25822 -1739 26584 -1273 9307 -14219 6187 -16291 31892 9954 25290 -1599 28378 27720 -10265 -16088 2648 27737 25967 -28777 6457 5617 -7488 23995 9381
-1318776297
-16543 31620 24935 25103 13366 3672 11426 30931 -5077 25465 -203 -24131 -23693 30674 -8783 10880 6019 15077 31965 30279 -6285 -5039 14049 -9362 -27668 13084 -14147 -7963 -12891 24596 -27149 13566 11705 -32094 -16908 31679 -2548 -22938 13120 28951 24435 -3830 -27833 -9021 -26419 -8537 -14200 26648 -24630 28706 -17439 24097 32548 30545 27952 8115 -5516 12911 3997 5178 32470 25602 -16671 18069
-5875 -14984 22210 14715 -6324 6463 28092 24783 21054 -1104 -22471 9145 -8673 -12384 -15476 15475 15388 23767 -16921 -3287 -26157 -8414 3193 -9970 3088 22140 1902 5668 -27268 29527 -22404 29323 -20577 -13699 3579 14525 -2392 12244 -11594 518 -26040 22684 -5654 -1652 26783 28186 -3245 24476 7786 -9626 -9524 -23022 -11704 -24635 25307 24928 13303 -8792 26502 956 -29659 26402 -28943 -29275
1619371737
22934 30557 -7431 -6330 20742 -24886 -29226 -29877 23619 -13844 -17194 -9021 16588 -16335 3725 30639 -7256 -29422 2692 -21968 -32311 10208 21158 -27140 -4931 -23293 12541 -19522 14992 -19608 7471 31337 3341 -10549 -17295 -13928 17280 -5511 -22837 13690 7826 -31596 -15676 19394 -5607 25444 20958 27667 19602 24740 -6003 -18543 14136 -31638 12248 18059 -23388 29032 21128 13950 12433 -3534 -2436 -3136
1662 -23918 -14224 -29346 -2425 -13229 -30075 10552 -9581 -14291 17269 -26635 -1339 917 -9245 -16949 28040 -4393 -31990 -452 -2500 -10202 31846 -993 2866 -294 8818 638 22517 -7884 -23361 11182 -11454 159 -16095 20830 5973 27152 11387 -30558 23070 -22383 -24946 -17628 -895 -22718 -11079 12062 31037 8317 -26977 9295 -3017 19930 -17934 -22073 -6140 9957 -23047 -26602 32717 19871 -28720 -19353
294237036
25861 22618 29580 -19830 7275 21767 6918 21619 -11337 -13900 28858 20519 -29648 -32213 -17209 15143 -22266 20317 -5465 14439 -17210 -13801 11816 -16207 25204 -8469 -863 18409 -9941 -8339 8624 -17515 -12585 -26365 17238 -8316 27144 -15086 22422 30 2728 18384 -19098 -23378 -29888 10975 -13372 3867 2906 -32574 20885 5115 18241 31731 -28017 -20739 -28988 16625 13464 -32013 23510 19144 24015 -587
18457 -3671 -30916 4379 19467 2527 16631 23747 8350 32202 -3415 -9026 31427 -19817 5633 -7727 6451 -23839 -7306 -25704 -15094 24945 -883 24118 5715 -5534 -8703 -27905 8959 -24374 17458 21864 -24425 -6299 -8929 -11404 22654 -5563 -3056 29079 -21770 -30582 9790 24617 -23350 29977 -7493 -7910 -28837 -16258 26470 -10388 -2318 -3738 -6963 -10843 -1353 -23528 -392 -4930 -13037 -17596 3041 -25900
-1785794538
12342 8450 -27873 19509 21099 -1777 -16050 23019 -29277 1485 -9595 -28811 -12982 -6622 16252 -344 -12366 -2285 10815 10723 -29289 6006 7034 25519 -26848 24025 23512 -22783 19531 -9932 12630 31164 -21095 5729 17088 -23586 -10899 27972 20890 30417 -22039 16461 15018 30601 4324 386 13153 11233 -26869 -28547 -25338 21912 -14950 -8551 -11436 -13911 19119 -24251 22637 11217 30077 6407 -29244 -12583
30795 -4735 22022 6707 -19650 -251 18873 -8222 -4277 29817 1386 -11616 -28754 -3524 -21729 25943 1036 -23433 10241 10261 -20039 31082 8508 -8983 -28414 24915 -8775 -29543 4949 -3820 -18633 10737 -19216 9566 9051 28317 14212 -1749 29676 -1390 -32514 14619 -12495 18642 -12562 -20570 23814 -15554 26512 8137 -5361 -29044 -18998 -27516 -3640 17321 832 -113 19991 9725 -12010 -13753 4396 -21909
3293872536
29392 26054 -4750 8884 30755 -2150 23678 23181 14319 -28426 -15729 14516 12207 12627 1237 21685 1833 -32574 -24444 24270 21649 -21841 19793 -16032 -15178 18204 21022 30902 -25127 -14592 -27936 3031 -460 -29365 -24064 20055 23283 -5004 -25155 4066 15114 28886 -2059 -8890 -30276 -7937 13963 20953 19576 26141 16579 -19025 -32743 -22059 16123 16233 22789 -32636 398 -6715 27711 21079 13442 -516
-1605 -24570 1661 -28989 32297 19573 -21847 -24429 -26534 23304 32374 -2661 -29586 17244 16175 31630 -24433 -8865 -21963 4057 11409 -32235 -10215 -9738 15391 29733 -917 -8049 -2813 1028 18278 23304 -26398 785 -13976 15809 2102 23780 -13466 28074 -13765 9751 26084 -18908 -20293 -32003 30343 20427 -4416 29403 7022 -12407 -10823 4734 6429 5167 12200 -22700 3371 -10439 20360 -16059 -8422 5306
4932331012
-16961 14244 31332 -32161 -23656 16401 26317 -26349 23386 27412 2931 1846 -13083 -15174 9044 -21819 -3421 -15299 16718 -14289 9848 22626 -5089 -7914 -13297 -15090 -5476 -14803 2059 16406 -9241 -10250 2433 -1112 -12809 28729 -30781 -7702 3005 -13072 22036 -22579 -31330 13236 29952 18621 27115 23076 18073 -20635 -30894 24173 -15392 27548 -948 -21952 26241 6345 -32229 14509 25967 -1028 16251 3909
-18777 -11083 -6724 13252 16585 -12243 14528 7390 25787 507 -17278 13137 -15290 -12316 22683 16312 -13623 16150 3197 -9280 -26848 190 -7972 27728 22924 22161 -30850 -30381 28752 3720 -24407 -30207 21877 -21987 32666 4582 -3928 19030 30146 13827 28562 13018 4003 2702 656 18960 24840 29222 4326 19942 -28733 18045 -7971 -22257 -24802 8730 9722 23764 -14824 -7308 22881 -19575 16521 -19933
3682274150
-18556 -7302 17598 9623 -19224 6845 -7950 15355 -13131 -15787 -16720 17106 -23872 -9298 -11375 -3263 -8567 12271 26056 -5080 -12876 3505 -5412 20635 -25047 -16444 4199 -29188 -14346 4779 -1357 -28960 19653 -18026 -9685 -22499 -1093 22010 24697 -6484 -4093 -21856 23447 15475 -22003 -7287 -16369 -29513 -30835 13816 -13465 7352 901 26461 -26151 599 -2733 2537 -29304 -19027 250 -10319 -4491 22934
26270 30837 -8465 10097 -31367 -19933 30781 -16173 -18191 -3204 -31146 2476 14845 9649 -27530 -12618 -2728 31497 -17547 -30569 -15692 -15412 -10722 3545 -13394 13643 31257 17296 27379 12527 28714 30449 4057 8651 25393 24378 30166 7571 -26028 -957 -9973 -17288 -29190 -26072 13599 4799 -13868 -10487 7790 359 10293 19143 4934 4437 -30839 -2140 14469 17975 16036 -30167 -7613 19996 -24858 29553
-1612333198
-27101 9822 21800 -15027 1344 14720 -20728 -17259 15213 -22553 -26563 -4758 -11581 28810 -21271 -31669 -31 9336 3304 32038 3909 -28645 -29669 13172 -29167 9910 -16620 -26800 -7893 -17596 8197 15954 -27384 -22699 -19264 15039 -16805 21260 -4527 4980 -11124 -8376 32111 -18319 21907 -13265 -27919 -14724 13320 15134 -20562 26081 15360 -23497 -7442 -8333 -5959 -13014 -14527 -8965 -30129 18175 -3138 -14643
-11175 30577 -3311 23771 9322 1743 1034 4942 -9239 3315 -19885 15425 -4208 -4084 -28037 -17677 -6854 -4597 6703 -25292 -31107 29654 2568 -18701 -30542 10958 3372 -11673 -1634 775 -10504 8038 -18151 -18290 16715 31677 17639 7250 5912 4069 10301 -24164 -19177 23728 -13415 21147 -28501 25531 -13116 11121 -16428 -4847 -4807 6563 8142 21651 16477 6327 7503 -8655 -27672 3416 2805 -20941
1123401815
6041 -25759 -32413 -19584 32482 27581 -19802 -14759 271 16187 21814 -16951 -1963 27064 29840 -27519 -8086 -6797 -26093 -20337 23703 21494 -21109 10727 18291 -24846 -11810 30527 -4433 -16270 16222 -3291 9399 -27118 6717 -30141 9836 -29253 23693 6390 -20576 -2297 20963 9284 29049 14333 -23496 -6750 31444 24269 12487 -23217 24263 11495 -14942 27464 -26993 17611 -23149 -14333 14820 -3290 10221 -21794
20623 8342 -12415 18798 11841 28773 -16223 -26511 -21178 -5887 11270 -27478 2392 31925 31330 30560 26945 -566 -10916 27240 30661 -7245 -423 32111 -11422 19350 23380 16721 -13893 -11544 -31554 -4458 26220 18915 16132 7812 -1094 25344 -14238 -8595 -26277 -860 -1534 11339 -32127 -25644 9546 -27092 -6332 -27946 -6076 10171 -31539 11858 -18025 26935 23729 -26980 -32495 -5880 -12047 -13792 -29309 19416
-1072098402
-27091 -27657 -17249 -3674 -17715 27424 -10492 1980 -3264 22215 26386 -31821 20855 8824 13701 -14606 23111 -1883 22667 20077 -11880 -7519 -11642 12550 27389 27402 -5172 18121 28894 16809 30154 -5011 -8728 -23035 -12335 17366 -20707 -3598 -17490 -17 -31129 28240 3154 23698 -28754 10285 12966 4818 14077 -7363 24705 -5924 -9062 5904 -13215 -17886 -10630 -7358 3156 -11130 23927 22498 4269 -16732
9580 22383 5463 -26032 2419 961 13239 -2602 15518 3338 25101 31947 18195 -26686 23451 29147 2105 -19321 18395 -31550 -10939 23659 21543 20324 30371 17428 12590 31595 3153 -21519 11626 -2529 13274 -1334 -31233 17881 4027 2002 -8605 8405 -29595 -22283 -20644 5297 -9995 1052 -24043 -24740 31739 12669 1529 8912 14917 -30543 -14012 -22564 23790 -19886 -14111 18577 -23864 -20630 -24459 29947
-91238876
-12024 -27008 21340 2207 12069 -27042 80 4096 -24816 20558 -7549 -29108 -13188 -16919 -29802 -1610 -3490 -902 -23404 -26883 20673 6063 -25992 18491 -9044 -14252 20766 -21061 16107 117 -19573 -23838 10056 -4943 3468 -25402 -26136 -31119 -14389 21601 -27654 -11534 32286 5646 13042 7270 9901 5164 -23015 -5179 12802 -11901 26646 -27449 -21607 -10848 -31724 -3042 -7698 -29334 4811 -1700 23682 -5416
-20086 17670 11120 7356 343 -31716 4438 -30857 -21254 -22361 -13651 23508 4970 17018 14917 3659 8545 -18785 8959 -6876 14784 20843 2899 3284 4836 6612 -14115 -3870 -9952 7976 19206 24218 -28500 -12117 -22681 11748 15638 23054 -10979 -8915 -5154 6195 24646 2430 -26378 -17177 -1989 -28687 -27570 -13731 20797 -31109 31398 27322 16367 -28536 77 7421 -32277 -20828 -29156 29177 -9444 11309
-1422696076
-32672 6902 -26995 -23195 2147 9553 -3422 12013 14402 -13348 3682 3838 -23832 -14582 -19835 -6099 6825 12747 17214 21639 30256 25222 -23711 25186 -7713 -30968 5682 1979 10712 -31330 12758 24012 17886 -18483 -12727 22760 370 23645 25693 -17142 -20955 15218 28471 -31322 -13858 -32559 -28318 10251 26295 -16178 -23319 30757 -1844 10907 -26065 -24767 -6912 31868 -23586 -22051 -13949 1292 29208 13903
11201 19288 -16223 25488 -27920 -28020 2342 -29778 -19410 18085 -25984 22324 -23997 -28504 10610 9771 -5627 -30546 -27297 15668 5815 -4229 -10613 13015 -21172 23490 -15016 -24323 -2168 -24848 25575 29687 25668 24277 23709 1802 -29195 -4539 16653 9400 14763 8054 -6102 -5459 -6405 -25783 1732 30916 -25817 -4949 -30506 30051 7928 668 -3180 -26298 31592 2158 29157 -13628 -3862 21965 32103 2111
3475050792
-5607 27271 -19046 -15057 16618 -27886 -15667 26424 29873 13510 -594 -6384 27875 4625 23183 -14662 23665 -1185 27866 -30676 -32653 -11157 -11288 7409 10441 13092 -17448 -1433 30405 -14058 -6352 26737 13729 26862 -12085 -6394 -17688 -21093 -26691 20002 -26342 -11871 -2087 -32705 -5113 -3907 4386 20107 22905 -32153 7048 -1740 -7767 21399 -10476 16425 -7658 20425 -10932 20576 3694 -19751 -24342 -23527
-14944 -5691 23717 -26395 -11803 -21160 13413 -24826 -19796 21409 -29930 14380 -28803 -22926 27262 13250 9036 -16225 4126 12236 -2948 -27569 13530 -7090 32168 -7156 -27429 -21367 28315 13759 10225 2032 20727 11173 17746 12420 -29587 19683 -17651 8939 -26190 11821 13307 13656 -2267 -19798 1116 -18697 12686 14922 28882 -13552 2306 -7668 26096 -21155 -27546 -15198 13282 25176 -29399 -30694 2158 -25631
1532822555
-953 32054 -5412 -24839 10689 -5510 -7789 2046 4624 1464 -13120 -2614 -19384 -30905 -5788 -25797 21790 -29669 27625 -32039 -26880 15476 -29364 -23317 22857 -15268 -7647 -4868 -14350 -2179 -15498 -699 22177 9370 17078 -12839 22617 27996 -28020 15089 9101 27943 -8713 -7238 -17648 27151 -23151 -13206 2326 30692 18613 12493 26179 -6836 26804 -17343 23362 8652 10106 -4551 3295 -18661 -9443 -7985
10390 25337 7850 16444 12615 -18758 16766 3787 6790 -18103 -20048 -12544 -30438 -30471 14999 28916 24620 -8004 -28525 31592 25581 26576 5402 -12788 -27419 2425 22267 21773 -1308 -9809 -18882 3552 -23031 -32754 -19574 -12227 -4090 1885 21311 3653 28421 -19950 -6767 6750 -4666 289 -25791 -6708 27580 15025 26973 -20730 -1194 -6788 13677 -15176 7392 -11051 8535 14583 8012 -22148 -32130 -4446
892951645
-10911 6494 26109 -31322 -25555 24887 25181 30295 -18734 -12140 13268 15361 12285 28123 12177 4549 3311 16598 -25249 -11383 27586 -5776 -5722 -32742 21202 2820 -22637 -24000 14166 14400 -2073 -30565 -725 -27678 396 -24605 -14879 -27199 -14271 -9736 6299 10369 -15183 -7487 -26938 -29577 337 20668 -1335 65 -23021 26627 -29726 9133 4732 7088 22226 12223 -3958 22693 -4215 18273 -12642 -19880
24390 11801 7240 -11038 579 12709 -24313 25619 -6896 8603 21271 29873 -17406 22381 24657 16553 -14595 25645 31279 13998 32173 23686 -32126 14224 9222 14836 27521 -8317 -20638 -1987 -3504 11894 31365 26735 31854 25096 24072 -9761 15325 2948 11985 19187 -16622 7032 -15077 -9305 16655 20545 18186 -30016 -3319 5663 11627 -31105 2831 18239 -5000 14500 -11592 -22286 -20386 -11592 23902 -5834
287631699
595 -14608 -10566 -11710 -18799 18389 9707 28576 23681 10108 1789 -32426 17418 12847 14242 -4576 27517 14397 -8589 -16984 21135 26612 -7186 30790 -17877 4244 -8240 -4858 20320 -3307 20107 -25738 -7770 21019 -16169 2118 13945 -18541 -26680 17397 -11466 17861 28901 24927 32760 27931 8859 22880 7697 -28453 -14279 -27958 -27133 4853 -27071 14575 27867 1432 -9878 -5257 23957 -30238 -9670 22968
-10615 24137 -2757 13027 26028 31994 -8728 31817 20482 9997 -13939 -7304 6101 -29427 13568 -13161 -15092 9885 -7146 10457 2242 -7845 -20306 -9826 6755 -22334 -13528 21833 32193 -10994 15886 24604 -12331 -23006 8327 17425 16088 -21335 338 -127 3227 -5431 3042 31297 -30165 30727 -9834 -31162 -25407 23621 -349 -4273 -3030 -23202 -24641 24210 23141 -775 25326 9441 -10270 19570 26215 -27879
-533949805
-20824 -18335 -26152 -18531 30058 -1275 -10357 -6696 -21191 4125 -25466 -26588 32680 -11928 -27162 -26786 29341 -17653 -12564 32678 15118 10413 4942 24411 5419 5602 -3000 -6768 -1002 -27873 -24321 15719 -140 18220 8932 -32364 9172 -17290 9625 31019 -23530 4351 14762 -23912 -27892 917 10054 22495 -30137 -29439 17939 -23194 -6238 16950 -1830 21949 -29383 -5673 -26631 -8067 -11746 -11378 -10953 -12416
-11159 -29614 18606 16647 -3161 21531 27625 -13729 2553 20754 -10704 -9865 21867 4425 -11022 2843 12423 -4466 13190 18499 22811 -16794 319 3998 17178 -5931 -1451 24248 -10421 -25308 -23371 -26268 14732 21219 3061 -24142 -20970 30872 18961 -31796 3444 24968 23766 30526 -4647 -378 11107 25807 15188 1452 30608 -5208 -32113 30889 -23208 -14741 -3087 -17149 -2359 19967 -14045 12562 19849 19575
3434652626
22417 1043 11426 6135 -10769 -13036 -23131 -14130 7401 31323 29619 -32426 -8414 269 -13049 -11597 12912 24247 13288 3561 20159 -3274 -4424 -24177 -2593 -21632 -16060 14416 -15078 8606 -20032 -26026 1309 -8336 29583 25478 2974 -15282 -4303 27199 -31374 27260 -31795 -5736 13839 -9269 23454 2819 29108 -8655 -18254 17676 -8897 -19279 31575 -2631 -25713 -18608 -1750 -8041 11606 16798 -24355 -29487
19217 1243 7832 32657 -24648 -31317 -20858 197 -22377 -6056 -18247 17069 5920 19860 5759 -14487 31477 745 -30929 2092 -30537 24499 5469 28061 -29805 11790 9299 -1374 -24251 -7738 20013 -6365 8523 29450 30593 32550 7186 6485 22809 -26751 29640 11979 -10776 -30662 4623 27352 -24424 2021 8809 3038 -12265 -18564 -27193 -23772 26215 29562 -13229 26029 -26304 -1356 -23550 4145 -20018 3518
237749058
-17579 2756 -26386 2813 -17886 5917 15682 -9342 -10037 6428 -3577 -7111 18388 21581 -12834 27032 31873 -22317 -24379 10815 -19831 -28070 8288 -15298 -3698 -5260 25628 -24777 12718 -23042 29012 32036 -4044 -1820 -31239 100 12890 -19562 -25090 -14071 17515 -1090 -4239 -28983 677 -3688 19082 -3684 -2842 -5496 12473 31488 24653 10110 -25067 -3232 30261 -5306 25011 -29695 29063 31884 -13887 -28744
2676 -20838 -25024 30865 25126 -5446 31229 -14528 -29154 32005 -15679 8738 -30746 -31797 29844 -16899 -28711 -15027 14722 16082 14652 6875 -26034 16313 -8928 -25045 31740 6390 -7219 766 11854 -5237 26733 -29606 13449 -16038 -11739 -1090 14126 18044 -29894 7745 -9874 -15851 -5626 25062 -19611 22461 -15929 -27667 -1828 -12566 -22778 -5344 10334 -25681 -29186 -17154 19896 27801 3870 4725 -6371 25916
-5964160399
4712 20351 -19530 28411 14914 -11805 -23617 -26999 -21946 29060 -19067 9511 -6018 -12612 16184 -10018 23721 -32743 22025 5017 -19798 -5975 -24501 -27338 12698 30017 18792 17091 -23366 6346 9683 5525 -16747 -27953 -11707 -14526 -10458 26443 -3673 -20719 382 -15409 8203 9232 -29327 -1993 31846 -3437 -2362 13918 23377 22958 28838 -28312 -11273 -480 16661 5879 13703 -16460 27942 10932 15031 25670
17595 -3960 -30356 -23151 -31981 -20917 8525 8666 23896 21039 -25640 -9056 -7217 -25579 -11807 -32516 31715 -14121 29487 25342 23902 -27671 -11271 28194 -11128 4165 454 15898 26206 -30358 26087 -17519 25969 -17901 21372 -22242 -17596 18286 20139 -30954 4698 -6677 31319 -2396 24052 3272 -4409 -31777 -27591 -5464 -8826 19722 -31317 201 -7388 16671 30352 -15114 19199 15876 -18689 22980 14367 -24203
1180048931
-13770 -12613 -23345 22778 -29656 21246 17961 21410 -12000 13210 32760 32113 -27359 -27110 29385 -6659 9227 -15760 28368 11183 22452 -24956 -15207 -24071 5093 31056 6826 32665 30567 11136 -28904 21231 1815 -17885 26202 -10462 -17331 24634 -31996 8425 -14761 32470 -19047 -15825 20846 5986 -4446 12795 -22808 -24982 -10919 31667 -13485 6021 10256 5034 -23700 -8587 -14739 -11462 -14524 -5222 29275 -22446
-14827 -17998 -7301 -25065 12707 -25257 11598 -27827 -30441 -25952 9208 31893 27669 -14205 -685 -26017 -14815 -18790 -10937 1416 3348 -26683 -22527 -18777 4957 -11608 18433 15211 -19756 2242 -18012 -10665 -18256 -17263 -14155 -10820 -4942 -15436 -7252 -21456 -24328 -23372 866 -24955 -10898 -9355 -9787 -15672 28090 -13477 -12599 -23564 -22404 -29556 21147 9284 6453 -15208 22330 -29622 24336 14300 22577 22700
-237826995
-6439 1033 -17001 -16792 -25135 -24786 2035 25404 23625 21548 8374 -3938 1112 13748 21798 -14548 -1329 8081 -22816 -21730 7744 8400 -18144 1970 -3273 28767 14887 9299 -1062 -4487 14427 -6892 -14367 8458 31091 23421 -25966 -27608 -500 14011 31244 1925 -27128 13305 26412 17563 -13489 8954 17529 16712 -5780 28123 2978 -24491 -15357 11747 2285 32414 27057 2223 -26650 20039 -3345 28894
-8553 -21716 -30857 17966 -23341 -16403 30438 -5353 -25543 -13117 -19120 -19662 11980 -17721 -1759 -4124 29478 -4791 -4354 -8731 -17161 29992 -30228 -23112 -29111 9137 -11269 12216 24356 27301 -6188 -4898 20827 -29676 9517 26328 -18091 -24288 -6115 -20140 29761 -23089 -946 29832 -13535 15626 23865 14039 -9248 -6488 10662 3680 17533 -12999 -740 3858 32571 -22541 98 22469 -31790 17150 28948 -112
3868499606
4267 -23709 -11475 6025 -22348 -1134 11295 -13283 20396 9168 -30751 8784 -26795 12833 -2357 5476 185 -32583 10466 -12298 -7899 1190 13572 6500 30347 -32471 -22705 -19081 9854 -17291 -6056 -12696 14680 16644 4634 -21042 30532 -32160 30887 -19966 -23877 -28915 -25146 -20279 25518 10103 -30095 12382 -14743 -9957 -23422 -2538 -9232 24206 -11174 30351 11727 -5069 32422 -10964 27164 28809 29175 -32725
-2751 24852 -15728 24595 17351 17024 -15922 -32237 -10737 -6143 -1659 -13972 -19375 -4652 -24247 -24850 4948 -22988 27708 19741 -9421 -15179 22486 28827 29750 30762 939 1505 10692 6273 22130 -24164 4340 28244 30129 -23356 17254 -2439 -26551 27231 9555 19809 27996 18133 -9531 26503 -3784 9203 23964 -19471 -32049 5478 14915 14249 32371 -5695 21459 -1748 31996 -9623 -10131 11035 11192 6362
1572637209
-3434 -3403 4094 3135 9751 -30061 31988 -7257 -5767 -6851 -27947 -24235 586 -471 19027 1365 -19775 32334 -26792 21763 5459 193 23945 11173 16460 1472 11791 15660 20037 -32238 -19485 27838 -10141 1922 -29360 -29707 -4900 6704 14889 -18072 28342 23852 -21287 -10862 -2331 -21407 -28003 -16514 9261 14462 2164 11613 14486 -31426 4441 12535 1426 32306 23106 8852 29010 14145 -14181 19246
2309 14681 5327 26034 -5158 -8698 20437 -29833 28665 -2451 21167 -31847 -18674 7649 -19456 16140 -23525 10632 -1344 18133 28659 -7153 -1728 1297 -27143 -30819 -18158 5804 14733 -4056 7540 8390 14433 9298 -27759 14765 -7687 11040 -19841 32563 4848 5295 3307 -2614 26339 -5750 -5113 -20575 -11564 -9407 -12413 24670 4342 2344 -7618 19677 17998 5349 -24501 -6642 -1484 4503 -30280 8050
2700138069
30182 16574 15447 -4547 -23479 16422 -7730 -14550 -13246 -4608 -29327 7377 -3488 -28169 -21687 8355 -21038 -19030 -26511 -13460 20062 19608 14013 -14183 25599 -1833 -19254 17464 25708 26608 16950 17112 13953 -1371 -21892 -1150 -25127 -3491 17568 -19493 -22683 9370 12886 6573 25443 -5996 -287 17113 -7157 16366 -19818 15164 31996 7211 1306 13871 -18226 -32004 14407 -27482 23373 -20400 17281 -22140
-3942 -2024 28276 16892 21391 9213 -17615 -30032 -11695 -11946 16229 -10754 -4107 6354 -22 17950 -636 2800 -19916 -26412 21578 -8551 -24704 -157 21382 -7485 -32482 8060 -19685 -24963 -12522 19266 -7240 20904 20712 8875 15497 29805 -28530 -5699 28478 20920 -17885 -29012 -3218 -16708 -14023 -13051 -26564 -10366 21862 9362 -27256 7420 21234 -25721 29185 -4651 -25059 14307 31023 13083 15807 -3909
-3177442783
4717 13916 5683 30290 -31589 9794 19777 10389 -9435 17158 3711 -23434 -24583 -2762 -21100 4709 24030 -10918 -5235 -32012 -4478 14226 27137 24442 9346 -20342 -30311 -1951 8262 4332 -6378 -20311 30818 7262 26725 -22150 15054 32066 25744 -27965 -7658 29797 -31078 -19000 16974 -13406 -10526 27276 -22315 -5371 7759 -6171 -6487 -14746 24843 1538 -18188 14707 -14294 3462 -1870 -24193 -7605 -14708
26588 2954 3372 24891 -11033 3112 9032 -4025 15686 -23934 32743 30489 17500 1468 16721 23814 14579 -1056 -9460 -18487 10879 -22623 14314 6687 -11724 16365 -7410 10685 17372 -15969 11077 10549 12427 18753 -707 -12983 17068 -16048 -6475 -21076 26576 13973 -26087 -18085 26195 10879 -21551 16641 14691 28625 -11492 23500 -24054 -11877 -29930 6580 -6163 29782 6598 12284 -30899 7471 32672 -25350
3045450942
-16709 -10749 11847 7570 28768 6353 7298 29843 -30832 -20698 -28282 24819 29031 24866 -22908 -31484 -317 -30957 18620 -15798 -27616 -29424 -17655 2783 11416 18288 -26420 -14448 -14984 -2261 -681 2178 -14787 -6196 19706 -24940 2907 11930 30278 7293 -16131 -15498 31197 -18350 -4155 15686 13799 -12470 -15700 17581 -15038 27403 -24431 -28672 23639 14212 9685 15326 7249 22791 -18681 -22678 -4716 17344
18817 -16775 7783 -8006 11903 18207 -3520 -3896 -24483 -808 -31646 32367 23748 8500 13393 -14003 -7970 -24275 -18167 13817 -14020 9425 5999 -4394 28496 12983 -4862 10811 -9916 -11646 -31698 -9764 30065 -1786 14189 -19746 -7318 7831 -32012 13536 14989 11642 28805 22321 32391 28452 -14279 14566 10462 -16708 -31436 -22026 28061 23482 8541 -22841 18179 -25252 23792 13611 26697 10531 -16656 4702
1781739763
-4921 32204 10571 9215 26413 -19030 -14620 10275 -10026 12776 13806 3173 -26532 10113 -18362 7051 -5321 -7181 23055 17005 -17198 -17655 -16137 15160 -370 14723 21863 24260 -30925 19897 10036 14414 20732 -20632 -9467 21262 20545 -10139 18914 1402 -3076 21375 25194 -16834 -1108 -30331 -4119 -7479 -19963 32378 16920 -16108 -3682 6392 -31644 13876 -1310 -18801 -26004 -21724 -7646 16530 13202 23357
-8425 11495 -12822 14056 17299 6259 -3514 28877 4994 26142 -28355 -8685 26368 -8286 2453 9202 24195 -11306 -8525 9789 -26767 19843 29075 8409 -24112 -19204 -17546 -26617 24004 32694 -23897 5017 -13867 -24512 -16988 5539 -1267 24376 -22720 30342 29246 -15151 -1924 -22934 23865 -25435 16544 -21079 11977 -14031 14401 6895 18933 -6516 -20563 -16566 -11586 -17714 -3315 -6096 29034 17241 3631 29274
26057692
854 26884 -1659 1115 9545 10886 -5097 -19422 28401 18714 -21643 10696 -30000 -139 -19083 -2486 8072 -30385 17765 -18500 -19399 7469 27745 -23776 26293 -30035 -13021 12380 18027 -31700 26027 -29792 14046 26787 -31084 -2697 -17496 -31371 -17165 23593 -18865 -10635 -8497 860 12734 31789 6369 -7144 -12024 -18954 14642 -9457 -29151 -1610 -24540 -32182 1754 20123 4098 -7454 15030 20774 26708 -28922
-8779 5251 -1328 -19399 2557 31050 6183 11158 -20162 26368 10208 2813 9856 31017 -22745 3336 -9398 -31808 -17569 -22396 5950 -27803 15118 23015 -28197 -28408 -1111 -15429 8283 -30657 13297 21004 -4579 13887 6137 13178 -31624 12238 31182 32560 3190 1820 -8391 19175 32482 -30322 14799 30165 -28034 8472 -14406 -30847 -12137 3745 -26411 -22978 19338 22074 -17179 -18404 18930 983 18179 24269
3849505514
4126 28402 16029 -30860 -24718 28109 -889 -14724 -31560 11257 15393 12476 32285 -9338 -22751 14032 5319 -20043 -13462 -29595 -24806 22844 -32109 -704 11309 28278 -18842 19838 27636 31355 6948 -4220 -15639 6521 2558 28142 -11578 15315 -3745 -32142 -549 28312 -30970 -16148 2529 16285 30217 25982 2572 -18498 7655 11056 -23387 16298 -23618 10438 16464 15875 9552 996 -23112 -21640 21703 -12105
-26263 -10260 -26389 -8707 -26005 5656 12492 17442 -28073 23585 -2306 29645 27188 4674 11904 25045 -26334 24733 -24619 -26328 23797 29967 -12915 9144 -19794 15251 -9050 28192 -41 -14264 19595 -12183 -11516 1854 -9091 19347 22915 5846 -9128 -26181 -26018 30319 -21332 -18616 12660 -12893 24053 -4128 -9500 -11520 8330 2058 21518 14098 23936 -22521 -22717 21650 -8651 6914 -25552 26705 9240 11712
6889589202
23272 4809 -18305 -26268 -19672 27481 2612 -3670 29135 14176 -16217 -11953 -28828 -11741 1009 8352 -24520 1917 -1143 -9205 -17118 -29408 4369 13186 23111 25229 1270 -14297 13583 -28364 9563 -16575 14432 21734 -2634 28359 -27131 22688 -28858 -19537 -27661 -25148 -18510 29869 32466 -10118 23175 16218 31702 971 -32382 31372 20667 -7651 23057 3760 -30558 -21039 22384 -16430 -10024 -8654 23669 -26952
-29175 1448 -21018 24547 -20130 -31034 -18712 10513 -2161 -8739 -28443 31663 -5837 7166 11142 -28909 1790 14439 27051 -4456 -10551 -24302 -23932 -4158 -5686 24180 5823 -5300 27181 17431 26248 1625 -11910 -12016 5022 10195 -15807 16284 18018 6872 912 -362 10814 9459 5227 22622 5008 -9458 22002 -26650 14257 15414 -30643 -5335 -21906 1640 24660 18959 -17972 10588 -22286 11712 31779 -19360
-1109938350
9536 -17440 32430 -20495 -14613 -22197 17766 -16835 28620 -20853 11526 27290 3544 10145 13610 21222 -15543 -31292 -16922 11012 -7440 -8144 2417 12518 19345 -5696 -15320 16140 -7551 -18770 -29265 3469 -30597 23965 -18950 -16237 -31992 20170 11545 -17083 -20522 -1194 -10616 -28749 -2418 -11983 -25851 -7539 -27826 -2584 381 5142 -13756 -3967 -7032 15919 13402 6928 2824 16034 -10598 -22313 -23956 2277
-23987 6306 8319 3780 13645 -19312 20934 -30639 5066 22896 26382 20280 13092 -24979 -24593 -3354 28900 11533 23056 -30583 27468 -25201 13475 -28272 11633 14907 8534 -4768 5836 25810 12620 -6581 25874 -30860 12323 -25583 8060 29416 -27350 -1429 24751 26098 15518 -13209 10408 -8375 1233 -13341 -15183 -6114 -30118 -19256 -26231 -7395 11586 9947 -2463 -6289 -16280 11368 31886 3927 24440 -8951
-3625272438
5992 -17891 -3017 -14009 491 -94 -14237 4093 -23544 -12893 1239 20079 5312 -29486 16574 23080 -28548 -31011 -21314 -11641 18857 24859 -8718 19176 -20207 21819 -9312 26733 6060 21797 14936 32383 30237 -9023 -24721 18830 -5730 -29559 -2244 -13751 192 -28540 32582 -4151 -4752 -15172 -20869 9421 -2224 -1718 8317 -11727 31367 26623 32543 -16353 1340 27125 -7444 15936 26891 -3723 21003 -14534
-32063 -8767 -12479 -25284 8932 18298 25537 983 19851 -30691 -17625 14057 18747 4010 6360 -26770 -15278 6519 14933 23411 -5252 16845 -1613 13355 26804 815 -19979 -19751 -7192 -16859 19537 -20528 -25723 -29626 23266 1071 18557 24572 -13029 32119 -19388 26110 4799 -680 -10730 25860 25969 -9391 -24846 -23808 26618 -19300 -27621 14677 -24271 14497 -15226 2499 13903 23558 26628 -10633 6426 20878
-5683678987
-21111 26947 -5595 244 -23096 30455 -31517 17635 -4123 22956 -1169 4976 15521 14085 31525 -24050 24101 24691 27474 13895 -20903 -27706 19484 -7349 -25638 -5483 1110 8762 -10648 -20029 -195 1057 -6563 -19742 -27875 2180 -17895 -13691 -9957 32759 24300 -27459 3217 -10190 29133 -1682 -14631 2143 -31098 -22726 -22146 -5423 -11997 25359 -31523 -12339 -284 22104 -18294 -3664 -27267 3477 5467 -27107
19485 32594 -14407 -8346 29023 15270 17836 -9846 -32029 27199 -9029 15669 25852 12272 31701 -14706 16025 19843 -28675 -1476 -31795 -2469 -16531 -11238 26250 12864 -5723 -1091 -12249 23035 8286 -31722 -20620 -2050 17497 -4439 -21662 -30857 -15187 -8702 28911 27611 -13561 -5204 -14237 28955 30106 -27809 9685 18099 32449 12990 -13188 -20041 -10528 -6183 21093 11801 -16267 -13753 31475 -18729 26172 7552
-668238302
-19914 32358 -6405 -28822 16478 -14549 -10932 -15150 -1137 -18632 -14913 -2991 -23660 -26312 -593 -22361 19650 15255 30674 11823 9423 -30364 29854 -29430 21647 -19934 -7501 -10510 6082 -23376 13250 -16606 -25662 -27779 16759 -7244 12047 -14420 -6819 21728 5290 26101 -26213 -7415 -30736 29922 29495 -22296 -25976 21520 12754 -8181 7533 -5771 15714 -9630 4753 -11546 -20574 15179 -9680 -78 7203 -18299
13140 18220 1858 -31459 -4491 -20668 -20237 -22559 1150 -25413 19211 31226 23732 3094 -7836 9739 29897 -16536 -20284 -18018 23966 -10031 -31734 -19854 -12842 14683 -3620 -28920 -5087 -19696 2042 -25414 1245 -26541 9274 18663 -17686 24584 5427 -12032 -14230 -11993 -2846 -2272 -22270 7404 701 11485 21793 8641 -32006 16960 8918 -30528 -12094 24338 12640 9294 -29449 15865 -3548 -7411 -7537 -13866
1713986862
1361 -20266 -23059 -26590 24157 12592 -17022 31528 -7236 26311 13602 5591 -28766 -14662 13612 -26360 -4030 -19919 -31477 30837 -28131 -12054 -14332 14303 -2695 1699 -18557 -27520 12592 -19662 -19773 11096 11812 -14797 15124 -637 4324 2255 -31502 -8902 6168 4967 2612 -31448 3506 -32238 20761 23105 26385 22430 -5373 -2927 30987 24444 -5524 18448 -17350 -17945 4520 -18620 13542 -14097 21481 18655
20899 21503 23693 14525 5317 -10860 24378 6993 29545 -26303 -22329 3451 -31240 -19037 -15136 -11016 -12435 -25536 10420 13209 8814 15384 -31390 -13798 -237 21475 -5230 -24528 27762 16573 -22181 22406 -5964 31373 -3080 -21 23185 -19396 -4111 11694 15750 -28873 -7905 31289 -29823 25851 14799 9530 27124 6349 29942 -21473 5528 25756 4373 1627 30076 -9358 20067 -8302 -18989 30862 -295 -25253
-1165669168
6709 -26531 23690 -27618 6877 23698 16250 -26103 12684 10903 14173 -3883 27207 -1149 3978 17326 -22842 9383 28379 20445 31845 13196 20353 1877 29270 29353 -26708 -4968 14482 -11167 10659 23434 1009 4068 25012 1346 15498 -32342 -20593 -12801 12908 -18196 -21506 29822 10032 -19717 15447 16391 10481 28011 -19146 -13868 23443 -26400 7311 26775 23365 17313 -4631 -16630 -29508 -31886 28571 23185
-26229 -7252 27399 -22566 28659 -18389 14301 -11806 -30221 -14021 -27450 -13731 -20131 30541 -4958 -28001 -21436 10684 -10813 27291 11587 5999 13694 -29238 2815 -3121 -22515 -15716 -8627 -13697 -3781 16978 -3150 -4897 -12813 21578 30691 -1876 -3452 24051 18042 11765 -30638 -15508 10761 26891 13785 3071 -26723 30178 13395 13261 6337 2434 13301 4871 -6591 -29944 -17096 18587 25641 22855 18459 4171
914229127
15023 10492 -14557 -11673 9090 -25391 17567 11563 -2914 21050 2297 -14134 -7730 -31738 8639 -19929 13568 15817 5465 29689 -26378 -29455 -6407 -17361 -10315 -2558 -17876 322 11942 -11154 -18089 -6401 -751 17793 23421 32743 7404 -7184 20988 -7938 -31134 -12235 -17108 11261 107 15132 24594 -12211 21451 -23882 -10415 26633 -31140 27991 31090 21617 7204 -8291 31512 25008 -10832 30585 32576 19829
11203 7831 -22954 31089 -20299 -2807 13606 -17208 28852 16722 19029 31427 10920 31635 31580 15723 7818 -2726 25690 -32463 -25961 -27410 17660 13053 25949 -20857 32352 -9992 -29103 -9733 -12451 -7398 -19328 15691 -30211 -15627 -20226 -5988 12988 -11456 -7029 23191 -4491 19233 -27926 22078 -22451 8692 31348 17898 2749 4784 22269 -30645 -24148 -13624 19300 -20591 -19999 15368 -14412 -1804 746 12885
-4058877198
2853 11457 -18601 19800 -348 26797 -9563 -21054 -1024 32625 19561 8947 202 8461 21201 -29295 -17300 1345 -19158 -7183 -21964 -17811 1067 63 29694 -5713 -10181 -23423 22059 28252 30677 4428 9150 -860 16399 20866 1018 20820 3302 -433 20161 -12534 -12883 -19970 -9584 -15472 4359 5720 -11347 -15872 -25269 8360 31997 -26630 13283 18717 16633 -12800 10623 21026 -15209 -9345 29698 -167
-13668 11295 30778 5549 -6186 25140 14231 -27934 -15006 28216 -15757 -8876 23314 -8970 8411 28406 -10967 -5760 14742 19315 29907 12479 26408 18882 3460 27985 -17108 10386 1244 799 303 -3922 -1474 -8693 4463 3219 -23955 27270 -11276 26287 13750 22209 2230 -6187 -26067 23664 29079 3064 -28731 -25799 -22066 1846 23809 27564 -12623 -20055 -19035 -17973 14316 -32190 -30412 -32291 1373 7002
1142263253
3122 4713 11241 7508 9938 29149 -25603 2834 24362 30098 1261 -15966 -13868 -18453 -28015 -25967 -20819 5441 -30930 -14634 -2305 3994 3299 3656 -18761 -25238 -26490 -25834 -27514 -2863 28133 10832 -29804 -21451 25146 -10330 -12634 -17940 10877 -25447 12791 22013 -558 -17220 -1503 2734 19232 -370 4916 -25550 30408 3837 25232 -12851 1075 18073 23812 -16848 -11 -10594 13965 -17366 23723 -13292
13408 -7391 -24821 -11975 12538 9550 -23786 -21953 -15674 13451 8097 22404 -7900 27410 5535 30825 18042 7209 -7527 -31895 -13241 -13537 1018 16226 -30129 -17779 3310 -26736 -20837 23633 -23539 -11885 -21591 -18537 -8157 19487 -27447 -26146 -22608 -14340 -22825 30143 -15153 25321 -12500 -7547 11685 21759 16929 -5733 -9675 3272 -825 24549 -23089 -2923 -24332 29469 11614 -12505 -21593 6923 -3135 10244
332250598
23625 -22180 438 -27886 22199 -24996 -17180 24515 -3660 -19161 -25517 23407 -18671 -11064 -10240 13929 9335 -23777 -2463 11073 -24413 -25526 -6934 -27365 -26627 8004 19041 -18077 -9930 12662 -9590 -7712 -21911 -18754 9523 30732 10740 -10053 -16471 27881 -482 -30515 -32453 -31816 -4210 -5344 -15598 -18343 -17267 -16125 29529 -5532 9879 27844 25098 9608 9373 -22506 -9145 12645 26471 -23477 22296 -8125
-15826 15651 -918 -27805 -4896 -32554 -11689 -26440 -6634 30011 -5205 16086 23910 -14999 -9382 2701 8749 13321 672 11777 7900 8507 17092 -25667 5286 -29386 -17675 8861 29271 -27578 25459 -26952 -5912 29899 -31447 -13010 -3966 5816 -30304 16616 -22222 -3606 -21292 23343 7800 -18852 8487 8884 -22469 -20732 4463 -20259 27245 9160 9661 16422 -22773 -30333 -5373 -28956 13450 -18445 32724 4125
1742575769
2783 -13931 4352 -31959 -22561 -14872 31693 25171 -22757 -14508 14637 26226 22938 3813 -9388 8492 10419 32613 -15733 -17780 -22452 34 21434 -24342 -5298 25308 19770 -4465 -11771 -15756 -26565 13994 4220 -31476 -8551 23687 -25552 24346 -8587 3583 4250 -28972 27944 -23120 7690 1444 -29629 18482 -7138 9879 -22629 3142 3464 26449 -6922 -24930 -19355 -5424 -29865 -30792 -19384 -22823 -22516 -19355
30458 29313 15244 18668 29880 20887 12114 23921 -2259 -28082 12174 18691 -11010 18349 12892 14536 -19237 25742 -23304 19771 17528 488 18576 21289 -1300 2408 -11913 7288 -27450 -6094 13281 21086 14154 -4737 -4247 -19930 -10049 -15653 3261 -27520 5165 22144 -24137 28339 -4099 -27201 -14768 -5784 2283 18870 -27800 -5654 -19579 -8544 12007 11312 4927 -10282 7145 7632 -23725 20986 7297 16189
-2633210427
14428 19702 -8298 27504 -24456 -22805 -16283 -16098 -19812 -29311 -7403 -11396 -31493 -5429 -8002 -24383 335 27953 -15762 -30262 16838 -11205 -2247 -14528 8376 -22098 -22985 -26298 7826 17907 15480 2827 17443 -18650 26646 -3631 -24515 -16071 25257 19103 -1699 25607 16404 21885 27872 32648 -1724 15710 11153 -28175 -32167 1990 22361 -26873 -15103 27414 5249 13690 27686 -1955 15056 -29636 -25820 -29346
-25025 -31103 8024 -21711 -31379 -22831 -14122 -17962 26736 31156 -8164 -31942 -14318 -16921 9976 -12061 -3972 -18333 19547 -15778 9248 -28552 -7251 -23284 -23180 20379 31201 29148 2420 7306 -15982 -8996 24653 -13398 24791 -12919 5898 15829 556 32206 32620 30745 230 -6999 25543 -19745 -9710 6384 21398 -23402 -17568 24684 5196 1652 3886 7671 31491 26456 25488 -22776 -4581 -20914 -22356 11530
4330196936
-16622 27985 -24401 4763 18238 14751 -26366 -17121 2870 2648 5618 8983 -24488 -8823 23910 -2302 32547 -9343 15626 -9697 -30387 61 30886 -12333 28823 477 11448 26659 -25294 -10053 -23486 -12105 18678 15315 -10131 -5499 27470 -10043 25949 -14085 29055 86 -1901 27139 27561 -3576 32282 -8922 -272 5731 14909 -21545 -6189 -24505 -1133 8999 26325 -20962 -29031 14765 31683 -28439 -13915 -28494
-6734 -26351 -21592 -22321 -26719 -1537 13969 -31443 13892 3622 28370 7151 31388 14332 28057 1555 28356 18977 -6337 -16433 708 13642 -4383 23192 -25364 -5103 24778 -11587 21867 19765 -12723 -25426 25942 14658 929 13538 -26838 32537 -14135 -9475 -27725 -22601 -23011 -10757 8230 -6495 -30157 10309 818 19496 11093 -7877 -8639 -23317 -4279 5191 17158 -25706 -1783 14642 -22510 -6787 -27472 18038
-1853402535
-19521 26510 -29878 31998 -31119 -2858 19528 -30087 -3336 -23059 -16017 -8099 21592 -20047 -14324 -32402 -21116 -28904 14808 -30914 5949 23335 9908 30770 -14464 -26949 12514 -5279 -31142 -23875 -18277 -11614 15528 8635 241 29431 19654 7297 -14331 -3331 -28986 20472 -32050 16545 11680 6840 29984 25647 -6505 -2643 -6090 26363 -555 20327 10466 21223 -32508 9319 -21210 29951 -2055 23811 25855 -13441
3461 14213 22672 -7031 1520 28930 -26839 6295 8371 13988 -7354 -30807 -28281 14673 -4177 -7489 3178 -4486 3694 -13910 24085 -27066 -15077 5750 29973 -19836 3383 16717 11090 14510 15916 14946 1536 -18614 -255 -24408 -15812 5686 18695 -20660 -24024 -23865 -30010 31157 -32137 11185 -25052 8382 14582 -1151 -25090 16372 32512 -10586 26894 32080 -18008 13577 -10469 30098 -21407 -20364 -27528 396
-1611203144
-30148 22624 31181 -13475 -5715 -14997 -21248 23966 -15449 -12286 32659 -2581 29826 -11098 -7638 3341 4327 -17070 9071 8853 -17241 11999 -4924 -15025 14051 11719 14320 -23916 -22106 -3106 16311 -3084 -23847 29135 20135 15170 29825 25400 -8345 -32617 -19727 27179 -21631 12152 -32415 8637 16494 -16720 2267 -30418 17193 -21545 -20632 -20603 -6799 -14396 -15790 -18790 -16824 -32721 6276 -8699 28341 22957
-19603 -17211 16545 9127 -11192 9605 -32622 -13058 22476 -20828 -18565 -10419 2570 -6710 -5340 31069 -27302 -5018 -5972 13041 -23568 32492 361 16900 7580 -5555 -9504 -15350 -26351 446 15769 -26437 10097 -25539 11291 -29096 -6524 -23035 14285 26171 12961 -1336 -30640 5248 -742 10926 -20544 15112 -2382 -31756 18836 -23506 30400 -19475 9664 -21876 25753 7668 -28059 -6064 31308 -24040 -3211 19949
1997662278
-27923 29325 -22782 24704 -28585 -16769 -31952 -5512 28293 -1738 23022 -32685 20492 10414 -9096 22791 -2844 -19862 520 10618 5679 -6488 24316 -32560 -28128 -8176 1180 26372 8991 23853 31706 -24801 -20680 9614 -4328 -26024 -15553 -18156 -5996 -27354 2572 -30433 -6740 -11234 5197 8012 -10148 3529 21325 1477 12092 17270 20929 -3490 2745 29332 -19472 -6146 -28440 -24226 -21204 12744 25574 -3205
-18716 2875 -23548 22348 31987 32649 26356 -14004 27104 9452 22947 -28462 17886 31404 -31238 13266 22178 5861 8844 23067 -21735 -5694 32487 18219 27475 21615 26230 -21981 8688 17224 -20410 -5729 1057 -24718 22873 32379 -1730 397 8178 12893 8142 -17891 2927 29754 4177 7085 16742 28881 -17164 19885 21689 27872 28847 -7938 -23132 -24462 8494 -28982 -26801 -21664 -9542 -27308 19240 24491
2087505251
29756 2918 21903 -28744 -11156 -8397 -30442 31431 1360 7387 -23058 9798 -28950 4928 11164 8 19107 8993 14218 20842 13224 15764 -22383 -14319 -411 -21148 -7668 24504 27807 -3931 -13447 23834 615 -6079 24378 -15154 12342 -19432 23838 25776 4915 -16389 5678 29674 19105 -38 -14766 31491 30946 27558 -28004 -28553 3180 31904 -3263 20858 -24630 -16488 32571 16714 24063 -15952 8381 -26195
-8044 -24181 -31180 -4930 22101 20136 -18518 2227 -24936 10777 13899 -19770 -22647 6447 -32491 963 17273 11544 -28970 -24195 -31808 3927 17131 11299 31193 -19577 8328 26015 -13158 -25587 -29052 -7751 27947 -26531 27507 -11301 26310 29878 -10856 -5263 8446 -16161 -19040 12302 26154 7310 -13837 32328 15884 -28462 -31652 -265 3982 23985 -20079 16515 -29240 21136 -15392 20468 -12722 -20660 16557 -18210
4048001661
-3190 -21514 2578 -4088 19120 -19837 30664 -3127 -9041 14844 22378 -15382 -26552 4858 -20842 3346 -31030 -29556 5891 13886 -13486 3085 -32089 -23616 -27170 -7207 8512 -28545 30832 -11551 -11821 1437 -31821 -26178 30878 -24593 8198 -15934 1776 5533 -25006 -2151 31335 24983 -13418 -27098 23326 5018 -10571 -14297 11072 -14910 -5797 -27705 30559 -12958 21226 4102 -22136 4404 17300 -20129 -94 31268
20286 17001 6709 -3137 -29841 26155 4727 -3542 21200 -8861 30480 18960 -10074 -7742 -2473 4276 -29453 27358 -19140 4440 -5153 -24008 18932 -9839 23750 -28825 28236 27397 24645 8280 -12336 17270 28744 5180 -14291 -9176 -28627 12944 -27224 -9490 16214 -5288 -12661 1299 -11186 -9426 24157 25150 22256 -31023 1673 -6551 3518 4538 -20789 -24526 9580 -27383 -27045 28469 -14913 -13655 28371 -4803
-2371510532
-29415 -30031 32560 29743 -27636 5597 2243 27904 6732 -10021 -32211 -7986 5039 7076 28003 -25979 -30495 -4881 -11858 3344 -8038 8224 -29919 16583 7809 21529 -21856 -17651 -4416 17877 -12028 13505 -23827 26575 -3571 235 19663 -31319 16291 -20723 -21896 30425 2011 28498 -27554 -22676 1759 -20017 -18575 24314 -16276 -1701 -19671 14201 357 7475 -12384 2719 26194 29767 2025 -31162 23485 -24280
-11516 19697 -12441 23841 12946 29952 -28494 29131 -8431 -1751 14751 181 -5944 24307 -8772 -19129 -28377 22579 30313 -3131 29413 8086 -15903 -2738 26169 -17973 -23529 -20052 11389 -25937 -19556 765 5557 -9854 -18128 14827 -5432 -8937 -8808 25662 -27440 -1154 10792 -12196 -17730 21154 59 20553 -27917 -10132 -6686 21993 12305 -23401 7722 23749 5995 26823 -1459 25941 -20527 28760 -16439 -17316
338417458
-24063 32570 -19573 7392 24390 -23265 27114 723 15057 11002 -16043 24442 -16248 6790 30575 -32241 16288 -31598 -3934 -21395 21421 5869 6273 -23303 12405 -28765 14714 -1045 14457 -8818 28210 -17532 -10254 -31219 -9746 20797 -19707 3000 32341 -21916 18947 -26012 8091 19209 -10912 -24402 10632 823 28725 -14600 -26303 -4471 -16833 5398 8860 14522 -2120 -7312 -20339 -17955 -14256 31643 -16888 3346
-29919 21368 -20256 12726 -23789 -121 -4209 32084 -10973 29135 6674 26706 730 -5971 17228 -23171 8790 -2406 27444 19316 -9486 30210 17782 5087 2080 12411 -19879 -17057 11655 25829 -24825 -23173 12864 1536 -8478 25109 -17188 9720 -5847 27095 -7181 -17515 -25628 -4439 22401 -6487 -8468 -32621 -2340 11362 -26819 -1866 -3332 6768 -20518 26037 20625 -27240 -3424 30538 -3494 3923 -22292 -6982
2673664469
-32494 19114 -16131 6801 11343 -12280 -26225 9919 -216 -23359 26638 -31764 -4556 16254 -18710 -27833 27625 7548 6398 5158 5226 -29458 15864 23804 13225 12465 5940 30312 -2018 -5502 6513 -3433 -31355 19063 2166 12789 19169 -11334 -25676 11837 -21476 -32141 -2177 -2280 -16646 -28639 -10983 -21859 21258 8083 -8882 28320 -2877 -32706 20411 -20146 20524 20783 12893 -32728 4719 -15182 -30923 12433
-122 23082 23608 -11009 6006 1450 8944 -12972 -21994 29355 15122 -8470 -31290 -30667 -19804 -15554 -31844 22585 17944 -31510 -13651 4402 10634 22774 -4410 -10490 20310 -24378 -29331 19375 7666 -16679 9589 4074 -31144 -11575 14531 8888 20431 13141 -24161 -7336 2028 30885 -4678 -26340 2888 4562 -31275 13318 24561 -8770 -11379 -19420 -31009 -14223 16584 -23941 16454 -5679 21619 -23141 10222 -10002
-577357213
30928 -22624 -8248 -29958 14386 -17746 8316 19117 -10378 -29023 5357 -28683 15159 -26 12436 -1205 30275 16697 12102 798 -28003 -12385 -2489 -21406 8526 29295 317 11751 -6290 -24144 18118 12296 18252 -5293 18183 -18111 17329 -3751 -28284 9462 2487 31161 -8095 25664 22885 -24583 -1108 -11502 -1440 -2835 -27022 -8206 25200 3636 5659 23377 -23669 -127 -22147 -32005 24102 4110 -14523 -28158
11445 26687 14823 -20053 26636 -5578 -25798 -27826 -28853 -25228 22025 2219 896 23753 24214 -32450 6097 10697 -10992 28768 28148 3055 -20433 11382 -11406 -29582 -23748 3036 -14524 2852 21424 7097 25432 -26023 20778 -11966 17224 -22488 3682 -25337 -15559 26550 17423 14741 -26295 -10245 -2380 26979 -11145 -20568 5435 10729 11034 4849 -19049 8247 11458 -19996 -29243 25710 30926 -24806 13679 2359
1958356807
-30549 1928 14047 10601 2816 1938 -5186 1995 29685 -2469 -22749 -8430 28556 -1725 11593 20282 25135 -29612 18160 -19639 -20811 7243 -28688 -25646 -11268 21247 14468 25910 -23182 -19341 29331 27185 -22097 -26266 -27408 -14345 -30262 20024 -28402 19344 10666 23986 -27900 -30193 26283 -28268 -19738 -13348 11784 30933 -22174 23149 -5246 -13531 -11480 -16767 7200 -10467 2707 28949 -18673 -25881 4617 8350
17732 -23326 3430 2708 -14592 -19043 -13268 -29676 -22354 -22319 -9309 5827 -5218 -10185 17494 -20172 29186 18937 12049 -5275 20553 -24121 -18896 17872 -5445 17976 20465 -19162 -30012 -23621 6022 -24346 14941 -10385 13731 -28254 28380 29787 15555 -32312 24551 23478 5857 2173 -18057 31553 -1241 966 -12081 13843 16642 8091 -15246 4743 3453 -22120 -3514 25640 3328 -15404 14501 -6412 13247 32558
-2642756207
13733 2485 -19151 17092 -30960 -18168 -3652 -2391 -14590 -8405 -26219 -20134 12514 8378 382 -32288 -17230 27437 -21231 13950 24429 -24754 28538 -18893 3692 11513 20193 -28883 32712 -12689 -2279 -651 -25273 32127 20706 -23216 14725 9701 29792 -3626 -25849 31217 -1697 -17804 -18847 6643 -25660 -7624 -29614 31469 2132 28709 4121 -16403 2769 28859 -26332 -4077 28259 17320 31862 27989 -32654 30144
-28205 23429 -29352 12360 4067 23783 19621 -23831 32392 -23883 -24406 -2564 -31511 -26170 -2583 -12402 285 -23941 -19051 1755 -13945 -30578 15125 9701 14252 -20125 -1161 9082 15536 27581 -16242 -14164 -16383 -31198 5759 -21203 -26938 -17649 10100 22286 9475 -6226 -19216 -12524 -7661 -7459 -2757 23402 6222 11349 -2659 24780 -30422 -27251 14530 -28086 7938 -94 -27181 -7040 13616 -29466 19594 -11715
-2325105139
-18057 15329 -27387 22187 -11617 -30911 -27928 16486 -988 23950 32197 -20822 32255 26331 -30579 -12868 -28554 -24054 25289 7512 6389 -25109 -5358 29522 20071 -3767 9919 11532 -7240 10045 31592 12446 -9998 17113 -4443 3325 -4153 10610 -31616 -20801 -21333 30382 11686 -17883 19336 -24515 -9012 20803 15644 -28829 -32488 12695 -4194 -5695 24862 1217 13699 14118 -8260 13002 -25887 -29702 18513 25092
-15746 7561 -6935 32689 -415 3809 16322 16389 -3527 28486 -9785 -27506 -27349 16624 -22637 6315 4587 26076 -5333 -23267 -13958 16071 16908 -30480 -15856 -6085 -16215 19939 22149 19241 13001 23237 -27206 375 14611 -15695 16497 -13003 18770 12768 -26209 8561 8985 28543 -16038 11310 -9294 -17355 3026 5433 -4924 -10538 -9668 24117 14855 351 14346 29382 6432 2706 18372 -19219 -28915 24075
-325314034
6748 9151 22844 -28148 26012 3796 4104 -11779 -12424 13493 18119 -11525 -32412 5773 -15388 -11854 24569 1692 -8843 -18770 2828 31304 16168 3630 17527 22783 -4542 -31633 -30412 30840 -20536 -30937 -7713 -20802 -987 30959 26780 19854 -9398 -7994 10518 -5329 -4598 27626 -30963 9987 3002 -20637 -10932 29705 -4263 20719 -1003 9762 9092 -30538 -20510 -12538 -11724 2572 -1892 11303 -13459 2368
-15512 5424 -18192 12068 14386 -11282 2638 28713 7916 -1114 15695 -10984 -15219 32615 -4784 24843 -30739 21961 5922 32033 -10579 -30343 29735 22828 -10037 -2156 8266 9012 3451 -6730 -26694 -5385 -29459 -20081 2822 8518 -7681 -24798 27065 14639 -11464 -25749 -9442 -10018 8571 15298 -30701 -10611 -31396 2986 173 -13164 -3918 -21907 -6483 -5620 -30455 8214 -24270 -23832 16467 -10759 15389 25040
-1841812967
32376 29694 24385 10726 21075 24429 7227 12443 -24308 28035 -28929 -11231 -18737 3469 23738 4718 9393 -29686 -25595 1291 7046 2165 14255 -26463 -12933 11238 15004 32746 24023 11398 9908 32664 -26969 26513 -16464 232 -32253 18089 22668 -9118 9962 -9180 -16370 -9184 -27786 -21904 -21444 12287 -20703 26522 -19933 8028 10210 5302 1730 7242 14970 30713 2087 4969 2558 -8604 -207 -24430
-18412 4076 -4710 7080 -29642 12071 -25595 -13059 -25979 3160 11225 25804 25681 -28233 -21954 17269 -20236 927 7618 -17133 -10213 -15805 26784 -3634 12784 28554 -6716 -26028 2884 11149 24682 4216 -27708 26841 -9607 13214 29418 -32361 4337 -15395 28048 -22590 -2363 15476 -29082 -23862 -22520 31218 14931 -11218 20367 28496 -20423 1921 -396 -17058 6765 -14167 -26473 -20277 -9423 13500 27285 -2326
-1166460512
-6615 -4347 28851 -25182 22150 -4321 19108 -7410 -25394 -29380 19290 -13891 14840 -29132 28886 24661 -4700 3773 6012 13796 7781 9687 9330 952 -16232 -17869 29665 17715 5373 29247 24498 20677 -1 6181 21324 -14198 11438 -5528 -17404 -25167 11095 -19526 -3602 -5089 -32260 -3456 -15792 -22939 -18733 8325 -12607 -3439 -31492 -23341 -32096 2985 -26824 28076 12883 19724 -28196 26476 4468 -29075
4089 -6604 -20105 -19047 -31209 25081 15502 -28024 -7536 -7567 15780 21014 -16318 7062 -9412 1243 10642 -365 16933 24361 21501 7560 14087 -14719 28116 31840 -27288 32516 7840 19358 -3826 -2179 10857 19408 -25024 4499 28132 24174 -6293 23701 -10856 -21871 31114 31508 6006 -23304 5761 6633 -17158 -6776 -8490 7073 30579 -19901 7736 -10997 -22114 17002 4037 17642 -13893 -3453 -19805 2423
-620844809
-16178 17242 19194 -7964 7514 10226 32378 -31756 7184 3029 15816 22671 6870 27821 -25624 21386 16655 18888 29717 -87 15626 29783 23608 -29496 -23845 -24245 -27625 19913 1161 -14366 24288 -892 -25090 5572 25662 -15374 28188 26453 19232 28994 2438 22170 -9885 -29425 7652 -11023 -26079 8110 -18786 19064 -29247 9563 -32261 -21046 -10564 2141 -26080 -20792 8793 -24941 -23882 -30829 -30096 -28905
28717 -24409 -5780 28885 -11462 25872 -5079 -30489 -6185 5194 20177 -8161 16468 -5598 19280 14085 -17135 -18899 15044 -22227 1673 -15799 29633 -5058 19438 9741 616 -6110 7399 -15228 16649 1246 -32334 10366 3787 9218 -15730 19115 -32615 -21814 4347 16218 -3430 18094 -29811 -27822 11575 -15767 4823 -32359 -21491 -23875 22421 8121 11154 768 -28327 3843 -12758 -8112 16501 7686 31115 863
-3384575532
-6599 28012 -7945 -30704 30976 28028 -25889 -10063 -29637 -6626 6570 -741 -16834 11157 22500 11906 31715 18188 24029 -6172 12930 -1859 -23449 19661 17717 -26403 -23286 13460 -20801 -29322 31188 -13017 -25247 17636 -10426 23165 16669 6032 -18745 -5228 -25815 -23445 -16852 9139 -32047 -17943 10089 -11879 -32145 15348 5693 1316 22245 -31849 22705 19575 -4494 -28582 -22374 -28190 27226 14330 -23179 15571
-18822 11225 -30456 -25653 -16396 9265 14180 7704 -7463 15514 -24601 7630 -30264 -6395 -7967 -3466 14338 31136 2879 32338 4828 5154 10797 -10706 -28236 20310 -20679 32185 31108 -20452 17403 31435 -14156 -1664 4617 -26057 7585 -8068 28825 18618 3077 4803 -31384 30794 -3356 4115 -4215 11730 1244 -5738 6196 11042 20459 18175 2047 -22402 13565 145 -25671 10162 -13953 20970 -3522 -24399
225969212
-25716 15638 -1641 -29123 22873 1501 17569 -25252 -13924 10037 10098 2746 -11566 -456 13135 -20836 -13045 -17278 -20826 -19068 -30894 4259 -21460 -26992 18212 18522 18255 28356 27773 2699 -24916 -20787 -14138 18533 17595 -18100 16941 -16362 1980 28577 -20372 7208 24794 9355 5243 3941 -3823 27287 13974 -4991 -4483 -14768 -3523 -12260 -158 -8273 -24569 -11878 20511 -19154 -5787 19551 17564 -10392
28595 -9935 17373 26173 7400 -25848 15235 25446 2270 -23200 26098 8422 31116 -4561 -26657 -11062 27431 2900 13108 -9011 11283 -13886 -16920 23642 3035 -31643 12310 -13847 -15718 4631 -19293 -20722 -4198 30267 -27918 5469 -15911 31858 18938 11300 -25065 -7125 -7844 32045 -23402 14049 7151 8733 23881 -15133 -29797 16557 -5802 25327 -16929 6270 -1372 4879 18127 4849 22797 -27501 -14534 19778
-4393149917
1944 18640 16524 -7038 -9897 -15953 -14291 -635 -13734 1543 -3440 -18502 -14213 -16392 20629 4274 9908 26918 -13141 14837 24503 -30985 -17393 23018 -4794 -16582 16356 -10161 -32416 16531 -8427 9663 28147 10937 -29770 -2747 -12051 -5643 -31387 30090 -7452 30191 29490 28782 -12548 -20532 21882 -24329 -5972 28673 13980 -15535 6995 20501 -5411 11337 -5023 14561 -20606 -12273 -16517 -6678 -1048 -29348
-31879 -15262 9938 24700 -23664 16570 -956 17353 11677 2743 -750 9549 22520 -30214 -9851 28275 -12237 18018 5568 4525 -21387 -13056 26297 -20750 -26806 -31224 -19570 3453 20423 12635 15498 -13327 -6431 -18768 24964 -12893 23512 -8338 424 -20152 15236 -2629 -11356 12754 -16714 251 2714 -23418 7417 -11111 -30810 8519 4787 10668 4751 -17666 7578 6167 16310 -22891 -20579 14798 -15620 32037
-4602172025
-2813 87 -18973 -14355 8836 -28048 -19156 32227 22701 29552 -4207 21653 -5689 24222 12732 -11596 -11580 19236 10348 1809 -6368 12616 -21970 6411 31326 -13988 32193 14620 26805 30881 -26692 8014 -16949 19269 6617 8467 -6814 -18467 23905 -7612 24847 -22520 -4013 29611 6431 -25867 29132 -14276 -22215 -14121 -6901 -31086 -11146 24691 27882 -3189 8919 -19292 9812 -842 -15838 11825 25533 -5535
-29934 -4394 7190 -19711 -31459 -18710 -32385 20903 -3103 20627 5681 28634 28704 -9597 -574 -26852 16406 17084 -24933 -8024 -31478 -8361 24231 -6853 21153 -6454 -4030 21 6978 -5597 21804 16779 -15195 -21745 -27662 5374 23794 13980 28097 29566 -7848 -11601 -3922 -17685 -2442 913 -17853 20792 20530 22575 -19258 20011 -9966 30209 22729 -29734 -8367 22219 27673 -25085 -1470 -24513 -22962 20871
-38438784
19475 2113 31730 -10723 8841 2349 -13640 -13792 -11714 492 12911 -15832 21423 -671 -22671 17692 -27932 -6978 -25937 2993 29834 -3182 -18734 2748 -2373 -32208 -12440 -10075 5098 12896 -8810 -5359 -11195 17975 14768 22267 -20949 23554 -16546 25282 -4353 26876 10150 -31558 24789 5608 -8213 22005 -21701 -19266 -3711 32271 -15358 -11949 -2495 -26939 26546 -24912 -32675 -20510 -2982 4504 -2745 -17395
28774 -24336 31320 -10994 -3164 27056 -12226 -4740 1008 -15259 7933 -12528 12612 29241 -32102 -19736 -26745 -11773 -23045 28963 20088 23186 -2174 9960 22718 2231 -22213 -13382 -27970 -19079 -9847 14399 25942 -1016 16486 16028 28957 -27766 -24080 -6443 -26083 28186 -24805 -18811 26389 25413 -12638 12686 22446 -17826 20695 30379 6755 -16041 -25938 -19876 -22589 1001 19709 -24786 -16016 -19833 10841 18894
6759468399
-17407 -26749 -24801 -19860 12176 29335 -23216 10837 21504 12661 -14348 -4816 6485 3469 -16334 -16176 6559 -23465 -15536 17708 -21625 -19868 -11568 -5971 21057 -24423 11563 -19160 -545 -20233 -16127 2209 -3218 -31661 8116 -5667 26844 -18209 3113 12422 -29622 28158 24786 5736 31983 27194 1691 26701 4087 24636 -8930 -4088 -16219 -17751 -26395 20506 9352 -19743 16869 597 -2245 8612 18764 -15340
-3887 25691 25570 -28716 -5496 -19253 28345 32106 -9260 -18971 21272 708 -2097 -7479 -928 -16600 25962 15801 -11625 -9598 25268 17466 24781 12523 22013 25158 -17633 21086 -8157 -28495 26903 15828 -3060 13062 14950 -30069 -19512 6252 3474 15409 30211 28605 -31980 -25730 -10278 13072 30272 -26617 -1262 18008 -19298 24171 24849 25367 16328 20329 10859 18988 -7473 30248 23632 -18532 20857 -11815
-6737097008
-203 -24475 28921 -8673 -28847 976 25109 13657 7367 17507 -5557 20331 -17587 -6598 -21738 -8272 16382 7227 -2347 -1919 24301 -21680 1062 14016 -22656 946 -9450 25685 31288 -849 -30620 -13577 31268 -13767 17755 -28733 -16837 235 -7245 -14669 -3395 21784 -16092 12104 -26760 31174 5172 -12931 11125 14253 -29307 25980 460 28585 29893 -13003 8469 26619 10432 -8883 2689 -24516 -1536 10284
-268 16588 3592 -11416 27858 -14856 -31899 -10709 -21821 9214 8627 -10149 -21130 -30788 27248 -2829 8896 26555 28646 -18333 12112 -1748 -17714 18105 6933 7155 -5265 16286 -18553 -10465 -15836 17592 -1239 32419 -2239 789 25190 -15442 30021 24249 -16630 28727 -26757 19030 -5846 7146 -29489 11229 6714 23149 19687 9715 8575 11178 28064 18795 10866 -19196 26980 -14457 27990 10389 8301 24646
-424807990
-13060 -31956 29587 24234 -17235 18213 -29187 -27004 10644 -25700 -27011 23630 12741 -8253 1860 18159 18115 11312 16962 -21580 25138 26258 25820 -7992 31582 -27254 -32181 -23103 15141 -5330 -13184 -9379 25338 30826 -1930 -8779 28913 -654 -16170 -28577 -12283 2821 22069 12829 1377 -5842 -24480 5345 27317 31267 18748 -4212 -12203 -9255 -14871 -12777 -32411 -30715 -32346 17374 -2557 1587 8909 17369
-457 -21732 -27275 -19457 -20221 10332 -21788 -32059 25797 -7070 -24092 12775 -3545 -5074 -24242 26897 -18503 -18077 21793 14889 5489 18111 17378 -11580 8833 11722 7951 -7343 -15757 -14406 5254 23203 5218 -31941 -28703 12010 -25750 12743 -25030 12778 -29422 24274 -12848 4586 480 -25876 -30987 12983 -8724 -24199 -19297 -992 -10135 -25199 -18924 24898 -20428 -27658 -13625 -13736 3798 -6503 -25329 -26335
2944717710
-29526 -6233 24284 -11892 14913 31821 22950 -5262 -6435 5139 -21785 -20100 2183 11068 13122 15166 -11794 4730 -14195 8992 880 -27386 -25098 -19746 29692 26246 -976 -23158 -31062 -14729 17051 14217 -5556 -2936 -2378 -21479 -28399 -4541 -1213 -22801 -12592 16039 32206 2072 30307 -13091 28800 2138 2885 26686 13176 -31142 32525 -6401 7597 8701 25178 -23060 -11924 666 -30552 -25384 -30847 -3541
21628 23430 -12956 21049 -8125 27520 -28750 -20255 14318 22480 3824 24769 13046 -50 13807 -18408 -7925 19939 -12981 -6962 -21176 14546 6748 -4084 -2905 15286 30737 -4195 17806 -19258 -6728 -18759 -22267 -20158 -11743 -3024 -2300 27800 14819 -16410 -26280 -21911 -19630 14767 -26836 27921 -22400 -24852 20677 23395 -32297 3850 -10750 -16409 16925 26211 22130 12559 24245 20680 -21069 27535 19769 9937
-4626728508
-22925 -10829 -13089 20818 18335 -19680 582 14028 -6914 6796 -4876 -17756 -6730 -10783 26870 535 28755 23090 -25987 18601 -3232 -981 -13570 15377 165 -31650 -3852 -1123 31250 -16006 -28665 29009 20656 1725 -20749 13651 29050 27318 -8985 16480 15510 2538 -11531 -9045 -29946 -1479 996 -13066 3362 -9229 12529 32152 9021 -8777 -7763 -8663 -18398 -20445 -28230 -17920 22209 -9240 -29044 18454
-31590 -351 32758 -26415 -28476 -31634 -26489 -31109 1114 28687 32238 -29822 30362 1972 -6534 -26945 30022 -7793 -6035 -29440 -12033 -11313 -15816 7594 -9349 16555 28662 -21613 12582 -26425 22350 -13368 32322 -31999 20205 -26045 -3947 -30922 -28042 -7309 23851 28959 -17767 22501 22580 -30812 30589 -25480 -14348 9162 -22587 30881 -26699 31916 23346 -2526 21993 19418 4910 24906 -9528 -10420 1001 -19082
-3407028271
1185 -29331 5159 13615 26828 -24757 -32502 -27381 -5608 -17211 5166 -21517 -28656 23475 29509 -12196 12684 25436 5493 -16582 13698 4746 -29412 18502 -20163 26955 18364 -30440 20099 -652 -14362 9748 -20123 -28959 -12879 -30706 -28995 21246 14197 -25874 8377 -23662 -17526 3013 5390 -27256 -26857 -32212 7220 -9393 -21991 -5202 20025 11933 1938 -10626 32475 -19608 10214 20279 -4783 -29254 22422 -3761
-28873 -25148 9010 20720 17433 -26864 -18141 23863 -26080 4736 -18905 -25480 31180 -2604 12916 -2453 16292 -27942 28784 3996 -7666 3912 -29692 19281 -3786 -11385 9612 -7057 9070 -31595 -9915 -14551 -32112 14044 -19091 13094 -15989 18413 29915 10373 2490 16464 -21034 20092 -31070 8028 21538 -18904 -14750 -15318 -31214 -3713 -2579 -29138 12252 17455 -31615 -1763 15537 23355 26609 19010 27687 -15449
3785177715
-16092 -19375 -8680 2815 17486 11191 -873 -23735 2451 14947 24808 -26896 31481 -26169 14971 -27597 -2813 -18051 17349 30158 -23352 -29215 -17629 -4767 -25097 -26160 -5321 3781 -23959 -3225 -11991 16342 17496 7312 3962 13716 -17877 -24146 32663 31592 -11994 -1247 18185 6971 -12244 -13364 -4323 -17593 -7598 -29966 23176 -31404 25429 17884 21528 2653 14129 -22953 -28293 -3943 -8561 15978 1550 -23439
8121 -4713 31242 -9323 25329 -8366 32070 27621 17139 -28337 7253 -12504 21641 20170 -32721 20137 13282 -28130 1536 4731 -8144 23227 -19656 -31988 25073 7396 12158 25769 -15314 -26209 7956 -18892 19167 29356 2647 27436 17473 31900 30865 -27759 -28546 17311 -14488 25443 12671 29024 -31637 21661 -26948 14293 30520 -19455 -861 -25468 -13104 -849 -18186 26307 -197 -11389 -30833 1721 -3205 8426
-2476455476
28007 -13375 -19722 26550 12499 7730 28386 24608 10120 -6188 -9 1364 14141 29406 31962 3938 -15496 -1831 -6935 -8777 1365 -29679 31578 14216 19930 -6487 29613 -25702 -29446 27168 30127 1359 13946 16008 -1002 6639 23068 6389 22780 -28613 32406 -18266 -2493 -18590 -3159 11243 -25842 -8577 13206 -14916 586 -659 7263 24514 23487 9193 -27736 -7799 16971 -18086 -32517 -22560 -30328 95
-28312 -7155 12611 -26731 -22984 4254 31787 -4199 28172 16910 2946 -20089 -1676 -32013 22084 -5891 -14888 11266 -29020 -15859 -14022 5312 -15407 4382 -6992 -9431 682 18676 28032 14857 30615 -15911 -28661 -26780 22074 6859 -676 26734 -17983 -25280 -28698 5129 -9794 18164 13201 -23590 22059 -25166 10829 22154 5437 26804 -9845 23961 22372 14576 16099 -22624 7598 30763 -9003 -12453 -24780 -10512
-2084055797
-20576 23821 -6284 -13600 -17457 -15579 16158 -11202 -3022 -28228 -17835 -5359 -16022 -32407 9159 250 6040 19854 9491 -32601 -9617 -11383 -26745 29708 31261 -15983 -32438 4169 11255 -31503 -15522 24533 -29035 -16294 30562 11302 15469 -12800 17953 21154 -23192 28921 -13668 7553 15683 12779 12820 -4491 -12672 12975 -21438 -7502 24446 -5 12460 -8684 29267 -3420 -31627 -24685 1829 30702 3759 4565
-15618 9936 -30089 18259 26416 -4915 -15674 982 -23841 21658 -10837 31936 11429 -30468 16289 32169 16643 26803 -18972 19528 20601 30595 27510 17230 -26085 26390 14868 4769 -15814 -18805 5323 3892 -6093 -31211 -1081 20197 10917 -394 709 10084 -18879 -16624 -20493 2332 14690 7060 -9527 -1587 -13257 -13314 29406 -20470 28097 -10123 -27361 19642 24513 18751 -14836 -1131 22200 13949 -20206 -19508
956760847
17895 20164 16988 9354 10785 10889 30286 -4930 17773 16087 -29407 29946 30279 11850 18031 354 -20789 -20710 -24778 9237 31873 14414 -19744 263 7067 23048 -3787 2732 921 -27885 1639 17773 13825 -18685 15255 3838 9776 1394 -23169 6648 15000 30318 -9592 32437 -21198 -32093 5207 27306 -29253 -6289 28674 19158 -14985 13678 8738 18350 25811 10326 -2180 29105 -1712 -16296 -15826 20480
-8172 23787 -10216 5014 32591 -8533 17113 -5086 19122 11268 -29056 24131 31897 29812 -9195 917 -27069 17216 -2532 10356 14661 -8811 11026 24139 25934 27492 -14204 27981 26127 3486 -30154 -28533 -12376 -19847 19389 20057 31945 24686 2350 -6194 29547 -28822 10595 -32542 -27550 17170 22813 10604 -26718 24712 -22275 -27819 -9750 31918 4236 -27426 -27314 15729 -31706 -14101 9392 17197 9001 30423
3619913627
15842 22811 -6124 3375 -4443 21551 1693 -8997 -32395 32372 10039 -16619 -9617 7005 -14124 15771 11397 5925 15373 30991 31821 23192 -11573 -727 -28260 -9156 -12845 -25757 -26772 -9902 -12138 13523 -2382 -32350 -925 -15368 20759 7982 3455 -13361 3625 -4734 -31633 25498 10857 -9204 18985 -2781 25237 5823 -31649 5678 16769 31303 -19635 -25918 23296 -9730 27714 4367 15274 18769 -3874 -23213
6049 17606 -24728 8983 -8912 8174 -6564 9887 21497 -31100 -29796 -22222 25211 -20407 -1956 -3598 26310 6215 -4233 -12688 -26222 -10842 -16257 11638 27824 5393 21341 -29195 19652 -7125 11026 -18360 23296 -29502 -20249 -8037 -12608 28724 16546 -15844 -1172 14220 9894 18332 23236 -9065 -7044 31912 16242 21393 -18107 5637 -24690 -2670 -14822 15534 7344 30081 -10949 12251 -28652 12537 -28866 14600
-2272857953
23709 -9622 -15142 -28272 5636 -6713 -30122 23684 28791 -17213 -13240 32552 18193 20051 -19610 -17618 30424 -20546 -13342 -24326 -28614 665 26358 9509 -24026 -11559 -22090 -7166 -23523 -19353 12936 3931 18777 9137 25862 8238 30655 -13979 -364 3860 -25298 -12923 -22314 27341 -24053 18613 16314 -550 -3641 -974 14476 8546 481 -23220 -27378 -5784 29588 -16989 -2134 642 31403 10253 6127 -22878
29220 26576 20509 14133 18892 21033 22541 -32718 19284 -31262 -4020 26042 -29933 28818 21409 2372 9050 12599 32628 -17990 -17208 7932 -29842 22242 -5836 -29521 14851 -24554 -9664 30825 30326 3120 16106 16878 -28243 -1794 21355 -903 -23351 25098 29645 508 23474 1432 31148 27557 16966 9120 -32744 -31007 -13355 -15263 27325 -10602 28818 -7043 -18852 18703 4742 14136 -18986 13245 -18961 31749
-3454101649
-22783 -12287 -22876 -19885 10299 -18256 20134 461 24217 7313 -3977 27656 26843 -8413 24552 28549 3955 -27040 -17766 16506 -10562 -3569 3681 -8963 -2720 12869 -30998 -9742 31847 24875 -29334 796 8145 4527 -30121 29157 3423 8410 -668 -3064 14949 23569 -23401 -23445 -3600 -28004 16941 3356 -6697 -17852 -488 5474 17782 -26215 -5755 -24636 27247 -26430 22222 20357 -3869 -11401 26062 26602
-30829 10923 27602 -21940 -12423 -30935 -28754 30694 9866 -28024 3199 32080 16728 22324 -21023 -23955 10009 25097 7652 -14578 -23242 6955 -20694 31707 540 -9539 19829 -3133 -32644 25444 1600 23762 29225 -7704 -30277 16359 29069 -30363 2800 19268 30432 20175 14711 -4737 8458 22113 -2275 -4686 -25565 -20937 16525 30743 26956 -28227 29562 -19536 -18016 29334 -11489 -7854 -16337 -26121 22917 -11955
479456069
16149 6175 -5906 27514 -7113 25946 1975 9552 23698 -18367 31104 9412 -9711 1779 29637 -22960 -12926 -1070 -2 14912 -10480 -18112 -10912 -30481 24448 -23062 1580 -26454 -31305 -26737 3660 -28895 -16100 17368 22583 22846 -24993 -6899 -22436 -9051 12818 -4072 24902 9589 16266 -2102 -24909 -26804 -32417 -1692 -30253 17771 -21924 -10312 -22810 -22854 -3591 -820 -15771 28424 21312 -26661 15976 -8748
-20250 1030 4139 31900 -32102 14323 -17304 6340 2233 599 19321 25491 -18847 5377 11219 -12124 -2656 15227 361 -9921 -9513 25220 23311 -6905 7774 -20281 12112 -6871 -8749 -12038 21303 16155 -446 19447 28566 -11823 -7921 -15632 -10200 -16628 -29486 -13780 11219 -3830 -1982 8478 17001 30343 -19337 31587 11359 -15043 -20773 10034 12290 8927 30146 10563 27645 25667 -2375 29387 -32137 4946
2034854656
22663 18753 -7292 17394 16540 -24672 -16012 10962 -12114 -24841 -9344 -3665 21506 -18578 -29021 6104 -7165 -3518 21764 28534 25853 3726 16985 25886 -7880 -1415 21554 16336 -16251 -2729 -5661 20942 -10280 15172 -30159 -11051 28642 -26813 -21630 -17118 10892 28129 8574 -18945 -800 -32727 25344 -29837 4962 9101 10140 -16023 -27528 7601 6579 8129 11242 11780 -5145 22377 31763 29956 -4682 -29444
29677 -25183 5295 5597 -32271 31122 -980 6307 15226 8401 9232 -584 7312 -12629 22642 31586 4690 32456 -23828 -14619 -2701 -21959 15467 -3794 -5475 -18075 -22806 4118 31149 -25332 31042 12975 15108 -21599 4581 9201 -25502 26809 8272 32389 -21255 7054 22607 20512 -16765 -29115 -20041 10798 -4182 -24404 16843 -10532 -6601 -12374 32620 -28663 9307 5980 -13258 -14095 10509 26683 19628 -10032
-4841441574
31742 -20829 14338 6979 22615 -4213 15597 5525 16859 6022 -29954 -11530 18983 4765 -3569 29277 -18656 24278 -10898 -25475 -8997 -723 -14646 -22935 4439 12556 30373 58 23218 15006 -563 -1581 -12478 19699 21871 17486 -15559 30899 -17318 5091 -12395 -19545 28885 30825 18506 -6754 14262 -6102 13839 21745 -28352 -1221 -12562 8160 20589 5474 7517 -9856 15464 -24984 7568 -20939 -11331 21686
10815 28838 -5502 7018 -7245 -30321 12673 -5799 621 -24046 19947 -25024 15387 -29355 -8816 32511 -12551 11630 -29268 10333 10043 -23128 18988 -14999 -2095 -24825 2209 6561 -9797 -25014 10813 -18884 -10450 11215 13293 -10156 2891 -1844 31244 9721 -6015 -16431 -5652 -13618 18597 22977 -27147 6553 -10911 5587 -29203 -4140 8620 9949 -31407 -31713 25539 -31651 -14708 -3695 7849 23815 15568 7335
-419881343
-12558 -10442 -22103 -31603 31894 -28932 10248 9560 -8038 -14003 -6951 15352 5126 25205 -26298 -26631 -13808 20960 -11811 6112 -2194 -11160 -9050 -31425 -1420 2857 -22226 -5028 -13428 17926 -11537 16402 -14077 1552 18445 -15721 19074 25435 20184 3116 -26075 -7726 16756 30709 30288 -4109 11481 790 13780 5239 -28252 -24736 -10715 25516 -22675 -28577 15420 24993 25309 20661 15140 -9688 -32638 25738
14636 -11546 -14674 -29402 -10296 -19914 28824 -6488 -6216 -2183 -1404 15341 -15243 -16149 6826 -28642 29144 18254 24221 2134 19504 10968 -15269 -4995 15187 -22780 -16323 28400 -5357 -11212 15734 -1243 -23554 14006 -13847 -6673 14988 29785 9477 -22718 -20208 -9305 -3406 23714 2035 12131 -20743 -29492 19444 11046 -10030 -26228 4063 5179 5397 7077 30615 17361 -12505 18966 -7721 -8167 -11919 -29685
5712405736
-23658 23200 9071 32111 -30604 9195 26961 -11387 -30123 3508 10066 -30840 15435 -20559 -21798 5785 12345 13109 621 -19435 15244 -13433 1080 24379 -1435 13564 -29336 7073 -27493 -29317 6872 31673 2941 -19096 8733 -14820 15149 -14103 -31267 -491 -19751 26685 32621 15023 21255 -32275 -18464 -31655 24195 6951 11929 12404 14222 -9652 18829 10783 136 -16482 -6712 -15719 -23471 -3603 27753 -796
29574 19023 2450 -18312 9714 19154 -1389 -17947 26386 23302 32532 1580 -3138 -32514 22495 -29518 27475 56 26368 -8180 21858 22820 1074 10468 27515 22381 17879 -19564 14589 -22965 5217 -10171 3231 5567 13454 -10451 29838 -21041 -2043 30165 1648 9105 -10980 23833 -10580 26757 20223 -2949 -4557 -18601 7049 26238 -12170 -2433 -31555 8862 -30694 25735 -13282 -20198 14876 -16889 -10414 -12175
-2120777980
7308 14547 28985 31239 5622 -8011 -20092 11912 -12562 -5821 -28815 2346 -8831 29810 -583 -3072 -25253 -10557 18343 -10149 -10741 6600 -4674 29130 6474 -5762 17699 -13764 7895 16723 -198 10073 -15769 13714 -19546 -31572 -1030 27850 1124 -31461 29526 18827 28052 -11464 3045 9085 -23389 30641 21798 1280 -21235 -10769 -24023 -12894 -5504 -23364 -30828 -12947 -13751 -26812 26645 3801 -30046 -1620
27470 -15532 24311 12480 27968 -27022 -16714 27049 21237 -16848 27918 14415 -31999 9736 -27303 9293 2368 31378 2492 -3717 -11797 11746 30338 -9668 1101 17885 19278 -11864 30130 25834 -18576 25391 32549 1313 -13440 20607 -29621 -6930 30098 14315 -14948 32586 -13916 29819 -31335 -23069 17545 -2536 9247 30172 5326 -23093 -10594 31870 3112 10076 -22410 31430 22237 -11128 -14149 3139 -10875 -1096
-75563475
-22572 -115 -1234 24480 -29266 -15070 14181 -8026 13819 -32233 16430 1828 -11273 29222 -25368 12235 3246 -7320 -15829 -25336 13790 -12333 -19932 27581 11089 28691 -1274 18109 -2569 -26356 -22479 -29708 -13165 777 26516 -25592 1018 26738 -9975 20317 3122 -2042 -18367 -15068 9041 19920 -2648 32280 -13915 -5362 -9419 -23284 29631 17337 8344 -3084 -22460 18513 -28348 -17986 -30438 -31653 23560 9104
-18275 -9969 -31740 20159 3682 22299 11109 13488 -23970 -31011 5359 29516 12095 -29237 -26326 -4902 -21400 -11669 7564 -32558 14168 -4475 -25926 30802 -6894 27103 -22051 -516 19552 16853 5381 -12670 115 4043 27631 13217 22282 2453 -3321 -27336 -14771 28049 23993 -6909 -5392 32738 19171 3408 11612 13250 21314 22853 -22447 27479 -22681 -6004 32255 16803 821 -31594 23524 -17059 18106 17617
3200497357
-26812 -1289 8723 -10279 -30972 14829 16860 6245 2236 30432 -18759 -10250 13387 -6404 -29309 -24853 -30237 10661 -8655 4938 -14113 -5406 -7301 25971 -10985 -5581 -7817 17676 13748 -26427 -19788 -29942 -7391 16127 4626 25215 -10672 6038 23905 1919 9264 5829 3617 -31791 -7710 10136 21446 30792 19963 -18152 -21271 -3713 21853 30873 -18210 -20218 -11799 -28745 -8611 27358 13397 26198 25358 11223
-12893 -32099 -16727 3941 14193 -8286 22112 23290 18170 -31258 -6981 -17370 31347 -16982 -18398 9373 31105 23305 1964 8639 13419 -10422 8848 -24993 -18774 6233 12484 -7789 18648 -30527 29312 -15177 3711 21434 7370 22194 -5001 12983 19231 -4359 21591 26873 22731 23289 67 4372 -2458 -20117 25946 -6536 -29507 21043 -13602 -5277 -26993 -17203 16287 3161 -24914 -31072 -31308 -15785 -16437 21730
-43905539
28408 17019 -30402 -6041 -24646 -21867 -24383 32563 -19389 -8008 -6365 -23699 24788 1944 -25564 -10374 5693 1745 14057 -5184 21804 26708 -25936 -10808 -513 20494 20519 23872 -24265 6859 5153 -15769 -7998 -20390 -21130 16015 -27232 -13013 9016 -28539 26770 24757 -27261 -16545 5562 10393 -3069 14188 -31142 -252 14285 -26735 -16675 14005 -19064 6743 4658 -4791 27668 3439 4630 17336 31494 7886
12136 -3846 13240 -2043 20774 29700 -9963 -27449 -31137 -15432 12546 -32726 25732 -7301 32310 5156 -777 -21242 26559 -32330 5432 -24826 3437 31595 -9724 29798 18303 -2018 -24222 -27689 23538 -8179 -26686 -24444 -22100 -9747 -4019 5933 -11435 -12301 -8566 10371 -21114 5476 -24320 -11682 9450 -14281 7362 -13814 17241 -8504 -30012 -20330 17817 17665 -7831 -26859 10527 23980 -21799 31868 -32645 7290
1876273324
-23457 -18043 14214 25590 -29118 29701 5885 -20478 -10457 22712 -19161 -14027 5239 -25596 -32210 -17412 25441 15644 9760 -1242 27291 13879 -7043 -27475 -30556 18349 29446 17872 -24850 10761 4265 27146 30650 -13670 15703 -29226 12225 21424 23624 21239 29911 7803 4329 -7674 -13064 5800 -20765 24143 27472 -15229 12883 2166 12713 -2825 -18508 -29064 1526 6256 8063 473 -27516 19951 -16967 7254
23283 22907 13091 6661 -13141 -22836 -25758 -30257 -22117 -10950 24055 -23044 -14072 22550 12812 4105 24954 13134 -15334 23148 -23801 18035 -16767 26044 29188 -32346 -30512 178 -25103 -18345 -22602 20864 11138 21074 -2393 451 28813 31303 -8511 -21401 -8229 -14569 27484 21506 15456 -24525 26032 17356 -9781 25901 -11974 17876 24341 17593 -22082 27339 -28030 1583 -18605 -18737 -18211 -28350 -4796 25548
-4935922824
11944 30769 23229 18315 32660 -7931 -14103 -5975 5600 -12133 3462 30043 6867 32600 15091 12880 31762 1055 20539 -5002 -23882 -1732 29321 -16323 -18319 -22852 -13923 -972 13038 -30148 10654 -18316 4180 -850 12015 -18562 3323 -26316 -19299 29379 -19782 -9540 -17391 20726 26094 9051 -25382 -17404 19152 14421 26424 -13948 -13821 -15925 -3088 11536 2973 13772 27266 -11397 -26677 2175 24851 -29872
6784 -16245 7108 -20637 13108 23201 27623 -5779 -9316 25826 -26473 16887 14905 27329 -13471 -23711 -14613 -21482 3572 -2270 441 -19320 -2259 -14147 -16668 27832 8456 27714 -6919 -18925 -20709 24641 15595 -2376 18795 416 6693 21037 25428 26 31120 -21793 2712 10267 14878 -10593 -3746 -12020 -13806 2726 29042 7163 -25808 21025 -9866 10491 -12669 -30258 2129 21683 -20109 4750 32310 22476
-820148247
-7966 -23206 -27779 17885 666 18213 15242 -9763 -4315 11710 -8768 1741 26649 12827 12247 13453 -177 2040 10082 28152 24336 19583 2014 11878 -20672 18843 -22616 29290 -5275 -3400 30319 3641 9701 16612 -4541 -13131 974 -24599 -18347 12622 -8776 22142 -24612 -19869 -14171 -15726 -15457 -18525 -2387 -16200 10417 -18829 -19419 -8322 3213 24094 17431 17654 -28525 17945 -9538 29045 -25415 -10896
-8512 -24089 -30562 20290 -30453 16934 5750 -15950 188 -30514 -14138 -28061 -2978 7866 -18745 30679 -4501 -31154 -9803 -13373 31334 -15312 21964 -29219 -3728 -8497 -19665 -1067 -10278 -19797 2796 -21635 31578 18167 25853 13719 10666 -8133 16661 5766 -9189 -9256 24451 -19174 22330 28735 105 6030 -8105 18716 6865 31591 19029 5742 7550 22191 32023 7619 32543 -28469 -19744 -4235 -5490 -31037
563983509
-8454 -22859 31512 -27668 -987 -22172 -18915 14793 720 -5992 20449 -23731 -2686 -25048 -24187 15719 31223 29473 8304 -16612 13793 -31734 17755 24233 22747 -3271 -7451 10291 -3995 13618 24010 15453 11875 3538 -24234 16586 -18573 9154 20834 25110 6288 -12356 -9263 -32031 10132 6962 -3020 26111 -22334 5885 -13835 7691 2229 -28355 294 -19949 9491 30872 -18452 11850 26347 -29896 32068 -28170
23876 31427 -3703 -31652 24465 29060 30800 16266 -23530 24145 -10236 11649 8598 21724 -18704 -19654 -22561 -12522 -29064 10253 -18497 31884 -22049 22343 -29009 17433 2111 -27455 6638 -15697 8357 -30051 7778 20234 -20437 -15048 -15244 -5850 -29506 9451 -19755 13091 -3493 -6139 -8551 32621 25187 29661 -182 6307 13259 -14537 29650 -25997 -29495 -29457 -30823 24434 28290 -7937 31692 3743 18607 19808
-3584708631
-19606 -20534 29472 14295 -123 -28899 4511 -2938 -18646 23182 -22384 -9956 -20710 21568 -30575 -5891 31534 -2431 -32044 604 -5976 20193 14447 -7698 -729 -30470 -6283 -25603 8322 -11749 -26032 9986 -28138 -5719 13781 -26715 24971 12513 31638 -1337 22669 -3698 -4686 21194 -12304 -26608 -306 8513 16939 27207 21357 12438 20410 28486 -31845 -10715 31633 -6374 -17851 31202 -5684 -13739 -24340 -28834
-10908 -16492 30365 -19314 -20672 24131 -11011 21338 4546 103 -23288 13628 -23809 13267 -7522 -27349 -22272 21526 -5350 -23651 -26521 -17388 -4247 29971 2521 -21318 -7442 -23574 28323 4042 15713 -30544 -27733 8304 26208 20292 19103 8085 -8155 5154 28512 1051 29629 22656 4322 15802 15160 25047 -4297 -1455 17321 8072 751 25395 -889 -21171 -7101 -8654 -4839 -21818 -6283 -18961 -30554 -29178
5580861968
-16624 -21073 -15797 -22797 -25533 -20052 3125 151 -15295 -28101 1059 -25801 2822 -10835 -12429 17059 29235 -19438 -11634 -31905 -28094 -31051 19112 15880 -19352 27667 -23790 -30910 13074 -19182 -12938 -16393 -13786 3666 21466 25438 -32360 -31951 14684 -817 27251 19371 18443 7752 15032 -26377 8859 29949 20999 -31178 -6346 19801 -26766 -12643 23980 15956 16530 -11262 12890 15720 -32389 9708 1412 20285
16690 25191 7611 -25548 28536 23130 -22980 -30234 -2088 13672 26764 24858 -18922 18304 24282 24437 4587 10101 -28085 30461 21031 10071 -264 -8918 -14795 19386 -5942 23697 7349 17506 -1797 9786 4091 -10401 2412 -9607 -20190 -4198 -16650 126 -2403 -32708 -25547 -7331 -20382 -21039 -21038 28541 25144 -8296 -4727 1082 596 -3092 -1705 25304 -7003 -10505 16877 13125 -15345 11098 -5578 -4262
-2513198899
-16973 -21362 -19719 -6521 -29518 -3734 2691 -18332 -5489 2739 15067 -29245 -16127 -27654 -9779 23615 -26077 28003 -12225 13739 14031 7131 26870 31100 -19926 28666 1505 31976 -19883 -29809 3832 -12899 20512 1868 -5309 -16443 -17120 -32402 8349 -704 -18187 26767 15757 17128 8028 2696 -17559 -5326 -22163 -3686 21665 26865 -757 -21012 3128 -7719 -19401 20068 -6221 -27558 -20741 -10139 25561 14447
19149 7440 17419 6757 -31034 -24414 6910 19615 22916 -6959 8448 7609 -28961 -11690 -21563 -15393 5260 5406 -6139 -10782 18751 -17144 28631 -5643 -16059 19437 -27896 28010 19360 27712 1401 26292 14147 -24310 -29517 26687 22939 28365 20796 -2668 -1679 -14588 4095 9061 -28481 21334 -5691 -4711 -7374 -12437 4687 19912 -3927 11454 -26647 12118 26301 10652 24117 -18547 -6562 20616 5608 20595
557945432
15531 17898 26978 24160 14798 -1380 8111 2248 29249 20352 1386 3493 4019 9220 -22506 3758 -16456 9968 -28036 18724 -28190 -29995 -22852 -12791 29453 -17648 -5855 29222 19697 -4305 24823 32592 -13552 -5477 -5069 -32155 1499 -29442 26255 14353 14969 28851 -19640 27392 6143 -29002 -13321 -5812 -20826 -30967 -16846 17615 29447 -473 27133 16289 7222 -11864 27456 861 22941 31322 11168 22182
-12476 -5275 -22958 -29423 -23322 21462 -13632 27104 -21545 14375 -29727 15905 31346 24455 17583 29446 -8455 -20463 -2806 10176 31894 -26113 3253 8893 2095 -30749 -15551 20616 -13135 -2393 -16777 -15519 -5662 4465 -24326 16840 -8171 -16073 11190 216 -8054 16107 -32526 20012 10776 -29299 21688 -8974 -7521 11553 -28965 10380 18227 -8978 5913 -23387 -27076 -23624 -1557 -16130 -2121 23802 -21618 6280
1743211507
-19204 -5844 -20272 -4514 21113 -27562 -8211 -2536 -23626 -18255 29755 25905 -27966 -19865 7058 15942 -27065 238 15658 -31615 17902 17159 -20215 -24882 14773 -4774 -17736 -12435 22210 9954 -23989 7347 29791 -17056 -18753 -7653 -16943 -2391 -14119 22470 -15144 -15697 -27680 31634 3450 -1495 -17094 26139 12573 -19614 -11003 -27942 -29925 -22878 -19946 -3166 -332 32392 6989 -23971 -21815 13894 12300 -1818
-2458 12849 1062 10027 -26759 10672 -5737 -21415 6559 -29650 8940 25919 28252 9103 4708 21761 26410 27596 -5519 -22561 9908 -12711 -5468 -27356 1809 9327 -6231 2497 906 -26632 1238 -23178 -8433 17312 -17761 21631 -18758 616 17067 18939 -29107 3182 -2368 -32687 21927 -734 -24493 12777 -2200 -6663 29034 8139 6494 -4528 11056 23328 19589 18405 1120 -6546 -5710 1328 10309 -17008
766312021
-3197 -11773 14805 6647 11287 -19330 -11586 -27388 1040 -11593 4705 -7959 12518 10681 -1023 24258 9332 21826 -11676 17446 17898 -10354 5113 -3185 26169 9824 14475 -25077 -24492 24428 18591 -25732 18677 -28094 -31105 -11891 -6587 366 3675 1337 -27911 -21807 6949 13426 26537 -3840 7639 19321 -23671 22319 -11611 -24872 -9662 -2108 -2301 30781 -32288 -27635 -25422 16257 21691 30197 -7456 -12185
1383 -30149 -32314 -8042 -6762 26887 24414 11952 -5247 20090 -17530 17566 -5858 16415 28116 -28959 -30462 -9255 31666 18273 -6096 -16936 13374 20185 -4725 -17844 9403 12510 29478 -18962 -16950 -10087 626 -11664 15710 -28919 19286 28550 10447 -8593 26993 9975 32395 -20562 14853 -4883 -16498 3024 -1717 -26511 -17043 10263 30352 30881 -3832 -9528 2179 -15007 -26430 -9448 18114 -344 -24299 6901
-5142290152
19281 13921 -32493 -18429 -17337 1428 20167 -23755 7014 13430 -27638 11339 -18762 -26944 -27788 -5836 8770 30411 31902 3022 5655 -3709 -7517 -19131 7736 -21267 -25515 -15648 10453 19389 8258 -27905 12505 -15026 -612 18099 26753 -16175 7229 28191 19177 -17133 -26775 3761 -24328 31686 5405 -14636 -3806 -5769 377 10108 1737 -3034 5545 11050 15024 23697 -22879 30737 -21601 -30663 15376 9955
-15015 10255 11827 23420 -13862 -31662 31055 14098 -30839 -5285 4584 26087 32263 18205 -17882 8835 -487 2075 13119 19392 -22622 16701 -2967 -26446 29466 -3575 24523 1611 -21430 -22079 19291 32543 4348 24328 29703 -4209 -9854 -19992 24273 -25340 -9691 20980 -7561 -13583 30765 -15396 29073 9033 -7573 20143 21260 19527 -24338 -6873 1403 2270 8436 -14709 -4264 -10405 -13214 -10722 29019 -23840
-4099848660
29470 -23558 28126 20627 -32180 30110 -25210 -25869 -21410 -27297 -321 -18566 -10204 30916 18660 -7352 -9464 -798 15803 -23941 -17684 32518 -14362 -28715 -32712 -12552 18082 14811 15549 6622 20115 9662 -3549 -15657 -5294 15864 -16441 -29985 20314 -31958 8188 8031 31345 -30715 -23537 14543 -20816 20609 -23001 -32099 -10238 -18636 30674 -9513 5302 18 14641 -24206 -31616 3135 -21523 12118 -6732 -8735
-31997 -2951 25210 -4271 1127 -11080 17009 -27772 25918 43 5158 -11446 19785 32422 27668 6293 5445 31709 28511 -20194 29316 22813 -2881 10951 -1617 13980 18275 -14613 24122 11134 -21854 -31736 18634 -4719 21232 21118 -30094 14069 -29509 -22295 22741 14316 5374 13899 18576 -28969 -395 -2213 25938 7020 27147 -4375 -11348 -9064 5506 27340 -10514 10339 -6351 7126 -4298 24146 7354 -24334
-226202164
-21777 -3132 12752 10196 15412 -11468 5724 -23269 19738 -19134 27801 146 -24106 -5514 -7602 26678 10855 4544 -16767 -4211 -13997 11621 -8686 898 -5822 -9032 3721 -25178 -661 23315 7021 -15311 2138 -25149 3918 -24049 25469 32640 -10086 -14493 4964 17571 7856 -5207 5151 26575 17267 -18145 5308 -9262 -32316 -17568 -30183 -15364 -13815 25676 -20460 -2943 16995 -23710 18498 22491 -24660 -17381
19649 26387 10063 10809 -29234 17298 -17880 25698 17381 -20603 -30230 -31057 -20439 22891 -9184 7422 14406 -9630 -17813 -6241 26033 7909 352 1432 25070 6258 31932 28078 29243 23331 -28852 16831 1197 -305 13773 12149 -3004 27357 26616 19872 16928 -9717 2220 -28992 -11889 -11019 -6998 3725 1419 2767 1468 -4126 -29118 -2123 -31780 -18828 8455 29397 3111 -22708 20986 -8473 -15979 -11917
-81723172
7903 -10616 -7089 4297 -25711 -30741 29799 -29973 -30408 -4547 6846 -4183 28234 28698 -27841 13113 28152 -2570 -907 27770 13909 1942 -17710 -14734 15687 10727 22466 26058 30366 -17944 17451 30794 -16043 -13507 -9333 23218 -24968 5240 32628 14754 -31787 -17802 -10942 20904 -2092 20533 -17369 9169 23372 -22048 31640 21131 18069 26949 -30311 16801 -14818 12908 -20004 30139 3434 4939 -10452 29362
27853 -26561 -23634 -19316 -25552 31430 31625 -25476 12375 -20186 18700 15886 -12495 -5556 991 14543 -26953 5581 7104 31513 -19565 -3841 -15428 11157 -13830 -2967 14065 -27174 -27990 7837 27947 25759 -18551 17408 13553 -32468 8227 -13303 -782 -25217 9711 -22139 5855 -25664 -15531 27882 -19281 -9056 -7020 -738 29226 -32680 -10980 -32132 5065 -8614 -27032 9591 -14224 28559 18560 11230 -30631 26392
1444494419
4061 29187 -1657 15562 -11435 -22906 -24206 5097 22910 20933 14700 14502 29687 31580 3451 29897 -20965 14192 -20805 -28393 6017 3302 -32191 15943 -2185 16437 -10145 353 27065 16494 -28234 22653 -8152 2647 -21103 -2926 16045 -28108 -30070 22945 15461 -901 3906 29478 4278 20108 598 -2802 -6072 -21317 24445 1515 2441 11175 11440 -20807 -13863 -12960 11780 -14449 20274 26267 28067 2364
6354 -10863 22260 9820 19842 30169 -31246 14635 7980 13949 27461 27000 -14651 4171 -28610 10503 -32752 -4906 -22296 3397 -20628 -9907 3600 31602 -14365 29308 10289 -19705 -3256 25552 -17878 -32422 31364 14393 31488 -10017 -6970 -3420 20777 24070 1946 26051 -7301 -22181 -17133 3760 18624 -29330 13278 -10678 -15254 -5568 30685 23878 14129 18922 -27621 -11116 1079 -3482 10323 29220 2856 -12487
2612466017
23836 -22475 -23510 7529 10628 8885 2257 13925 -17108 24146 19963 31458 -13437 -12755 29064 23883 -16951 1047 11981 -19471 22862 -19064 -432 -22648 -27681 -10400 -17256 -31107 22649 -15926 -19022 31361 -9696 27168 12780 -28559 -7032 -15084 -26710 -6623 956 7025 -15954 28921 -32451 -30115 -16864 6560 13664 21395 19554 12672 -12591 13819 -8921 22874 21082 8587 -30457 -14323 6619 6722 25188 1805
29545 9315 23985 -29845 23488 9596 25992 9095 19042 -26738 -27728 -27515 -32715 -32017 3823 -26612 -17144 25352 -6234 5117 -28036 -15118 -28426 27906 -47 -14034 -4158 6907 -15069 10791 -32264 7630 -23514 -31978 23048 12090 20129 -10329 2901 29879 859 -31389 25005 14466 -30663 4290 15852 8947 -16270 -12432 4811 -17850 26499 -4259 -14669 -22764 -12529 -13137 -2574 -3262 24294 20596 9057 14684
-3922508142
1134 24956 -17300 22481 1115 8514 24304 -2588 30748 23908 29443 -31330 -5732 8602 3913 -23395 -32672 -12192 30865 -23593 -24523 -15161 -14339 -7075 -32658 -12136 27213 659 -7780 -5226 -9232 -22170 7665 -469 -24659 -15542 -1828 -17770 -2287 -23811 9539 31818 12518 -26153 -22653 -5188 17698 -14012 32496 -14328 -11926 7167 -10185 -11127 -7573 -29293 -2868 -14393 7830 16811 24034 12011 -25167 2423
10277 -5096 -23761 23009 -8612 -29926 18284 31695 -7218 -14367 11512 29509 -21972 -28256 -10051 -19839 28386 -2910 16509 -1048 19256 18663 3989 12210 6597 -5605 18433 7311 11313 9658 1040 -29852 -22982 19331 -4797 25541 -18466 2399 -20776 -11246 1502 26292 4033 -18543 -10059 -17513 -24607 20997 -4440 -22960 -20896 4533 27982 23737 -29127 1334 -13893 -172 31154 5210 21879 -5424 16568 -3983
1008334742
-24605 22102 -22261 21970 -31954 11843 -7094 1531 19029 -2830 -10271 9482 -23312 23094 -16809 26019 2143 -15203 27369 -13755 15287 -13811 -10439 -21914 -5411 12099 -5002 -17654 -467 24773 -113 -7515 9637 9345 6582 18142 -28018 13956 18438 23816 14518 21953 31012 23681 -20205 22587 -16891 -4947 19474 -4449 29205 -30829 1289 -7172 23525 31070 -28200 -16117 -25674 1924 29377 -15298 31124 31737
16734 1184 -3623 6869 -32466 23269 -9709 15817 -10216 19225 -6359 -8997 31790 20500 4076 -25318 3461 -29935 -4088 17445 -22991 -17904 -29772 21644 -15302 9160 -2157 -15859 9977 -21725 18872 -10402 123 -6386 -5491 -9574 -1562 5375 7761 2059 -17567 -26737 -17013 -23337 15701 1078 30193 3002 21909 -15474 -11348 -9212 -11643 -4092 17185 -6102 -22740 -2260 15141 29825 -23255 -9327 -23519 13349
-2673867649
-1284 4069 25774 -53 -12192 13927 8255 21919 10257 30253 -30033 14832 -4154 30392 -1153 13813 6876 26034 -16450 -6577 25460 -13705 -19207 -29700 -13488 -4975 -10200 23668 -8625 -28649 -21362 -41 17802 22229 -8961 -11879 -10838 -10648 1575 28255 -22998 7296 -19138 -24377 9317 -2945 30820 29038 8560 3642 10605 -16183 -1922 26400 25607 12557 -5544 13473 4483 29624 -31118 27075 -28241 -22518
-21096 32564 2448 24832 24067 -25082 19268 -3062 -17555 2309 5624 20085 23625 1618 23494 -25568 21108 -16395 -455 -6122 -18671 18371 -8039 -552 10324 -27995 -25832 13663 25375 -32763 -29029 -21915 29312 13930 21762 -28514 -7389 21601 -4266 17630 -20934 -8354 11988 -26414 -15495 -11233 15918 -31969 -8278 4226 31905 -1415 -3565 7866 5499 6105 10249 -9865 -15087 -14696 12320 1909 -13333 22197
1590202860
18393 15521 -21192 -32436 27310 8168 28104 32542 413 -9063 10813 6575 -6027 -26342 24928 19569 -17492 -5855 -18912 17143 -26563 15912 -18451 16286 -25027 21728 -19707 25240 3671 31591 -15380 8686 -6656 -31636 -21057 12279 21235 -4936 -7463 -5204 30199 23500 -3335 -31987 -28896 23562 11429 -6111 -11318 10341 -7829 -24808 -2158 26147 19981 26748 10912 -3361 -30292 -26858 -15941 13088 21142 9235
-9990 22598 4733 16321 21643 23817 -27153 -1911 5718 26987 1718 -3475 18758 -17706 -22630 27756 23839 -718 -25636 21478 20399 -18970 19431 -8449 -7366 27401 20108 -14503 14099 20836 -12494 -6428 17446 -2154 -10770 32363 -833 -7852 21056 31365 20279 143 -19978 16213 122 31428 3998 32275 -5162 -22843 13891 -21823 -29523 -20033 -10608 4549 1535 19478 -4880 -702 -24397 -29296 -3977 23066
530603400
-24662 8117 26888 9881 3498 11348 29675 5156 -23897 32178 -26074 -15976 24635 -22270 -10067 27016 -23207 -8314 3166 -32126 27285 -6574 6817 -28352 2234 -9480 12176 -11340 9799 15568 -22864 -7324 -6197 28122 -11636 -26015 4119 25833 20553 -23555 -16798 -16527 5443 -4802 19521 -12719 -18360 15681 -26759 7095 29728 25722 23769 -13784 18052 -15991 -5511 -16245 -130 -12775 20480 13076 3303 11397
16541 -10531 -27344 -24301 26476 -18737 -4680 -17614 29968 -2302 -14537 -12608 12667 -10961 -29596 -18501 -2269 -27573 -23520 -20886 -10950 11439 15120 31205 -13175 -26857 23706 -23690 -27141 -3604 10195 6081 30305 -23539 19360 -14826 3389 25861 2900 -19310 27981 -9604 -30465 -24008 -31276 -15545 4257 -5675 -13779 -12993 9524 -12816 -7680 -26839 30599 18810 -21172 22080 -28370 6516 26216 20452 -1350 -29655
-1393737658
14757 20271 5387 29605 -10116 -10989 1306 -2064 23841 25486 -2067 20475 26025 1315 11534 -14646 -2701 -29497 -18245 18063 -26888 8017 -5751 17076 -3765 -5551 9213 -2246 25426 -30408 -22471 -28359 15067 1656 17454 -15983 8155 -20009 -2000 24361 25575 26614 -31320 20918 -22640 -950 -5135 -6119 10350 6280 32092 -1078 -15413 -23803 9220 3870 -6417 13453 -20794 -10169 7189 27425 1287 -17846
26967 17581 -5808 -8715 -20087 -11484 26443 -7002 -32297 -30503 8371 8827 -19808 -12683 14152 29266 -16132 -17966 25641 22979 -3728 3412 19503 12576 26063 9833 -27321 -25253 -1357 -5720 -11234 18318 -20271 -17279 -15201 -10217 27818 28048 25161 6321 5858 23194 -27050 17680 -32161 -21479 32017 -31131 410 -24329 -12034 -20335 25927 -15682 16574 5178 -29581 -14251 -14693 30375 -28711 -6126 23693 -2151
352434218
-26949 -16427 22657 -8278 25195 -20094 27740 28825 -11101 -24083 -32724 -12127 13984 3644 14380 -8174 -13772 18195 16107 11196 -31307 32453 -22846 -25884 19608 10839 26921 25561 27790 26600 10757 10375 -20173 -29633 3618 -2017 17811 6071 11035 -28296 -8634 -17081 593 -26927 -13672 -6945 -28195 -4396 21042 21762 13758 32057 27988 -23308 27173 22750 22986 28824 -8229 29227 21816 3207 -15727 -14320
5305 -22610 31221 -32536 -745 14623 7344 17078 31849 -8916 -29970 -3213 -7137 32285 -17217 2795 -679 13 3205 -8330 -28503 -15263 -7614 11164 -6190 5051 -5275 31296 31661 -26433 17057 32601 4485 27785 -10683 26598 313 -13872 25393 2016 9606 16831 19685 26072 19356 -26173 -22369 2853 22750 -9096 -17944 -14445 -18298 -19258 -11322 -13336 -6010 -17633 -24137 -29660 32013 -21677 13737 -3525
414628329
-24718 25163 6042 -32670 -16853 -5904 27364 11640 -14732 -27916 -8171 23353 -8441 25909 -21895 15113 -29528 19721 23050 -7768 23575 -5148 17695 2734 -21745 7552 -29817 23716 -19318 -14380 -3987 -5353 16318 9850 -14547 8343 -13072 -20555 30822 24509 -17033 11484 4983 -10174 16184 13596 -10761 -14268 4131 -14895 27377 10617 -19357 -23284 -24883 -31912 112 28859 10589 -27094 -25842 18200 -21736 10411
-21532 612 -4241 4870 24672 -21967 18414 -21940 -8395 3406 4437 26221 -3743 1461 -29839 -26731 21299 -8351 19933 10329 29834 -27386 -6543 -31862 24729 4948 -16262 19881 -8382 -48 31020 19879 20320 -24460 -22687 -5319 -19115 -712 -11454 -14035 -25246 4820 -5729 25800 -21432 15942 9725 4007 25601 -32674 -19171 -16828 12730 -13042 11586 3211 14928 32463 -28050 27268 30206 7861 12384 -4771
212295075
-17155 11056 -5530 5263 19842 -19167 -28471 -30038 17307 32611 -3059 -18164 -28775 -8808 18674 -10437 11103 6646 11681 15471 -31999 -11465 30789 10812 -618 -21879 29046 27406 22265 26702 -14100 -24215 -12044 -436 -2999 18241 -15503 25696 -14458 -5932 6944 -23862 -23983 26235 -21734 10045 19959 -7790 2761 -6480 16521 32072 20433 17489 -8082 24915 20839 -2331 -12516 -5770 25060 -17039 20844 -9483
18413 -30083 20491 -5245 -12215 -29251 -23895 -684 -19602 -4596 15124 4000 8538 23649 -7427 19180 -28437 -16678 -23325 15302 -13325 4983 30643 -32711 28366 8510 14218 25830 4952 -10081 -8009 22653 -5955 -11694 -11403 -28190 30882 19420 -22233 30177 -23854 18738 19495 16826 -10424 5468 22396 22200 -9549 28181 -5204 17549 -33 -28631 18384 1727 6872 -16667 5419 -17840 -25962 25651 -12081 6350
-2197256074
-27340 -14662 4237 14584 -18185 25997 12842 -4591 -19481 -12193 7063 32571 -10028 2108 10312 -14780 -13433 -11529 18826 11119 -26065 1809 -29079 -6716 -929 26914 7208 24034 -11 9634 -7173 -26338 -4909 -32702 5977 874 -32731 11406 -7232 -30881 -1674 10412 18237 -20877 -21039 -8970 -28688 -17214 -22929 15516 32302 -27647 -7628 13129 -6544 77 4049 -6155 32317 -22342 -11417 -10876 4066 21418
13596 14746 31677 -13220 20956 1082 -10190 -13694 -24501 17934 -12532 -984 5251 14679 -2758 9996 -13556 28177 29339 18506 -7763 28682 -31712 21216 2414 -15297 -27774 8248 -789 30883 14554 -25920 -3466 27178 20988 -4055 -27072 -31564 -21906 -24949 5657 -18219 -29115 551 13779 25466 -22265 -9532 -6285 25009 10957 -9743 18904 29062 26381 288 28583 6651 3677 -21753 16934 3274 -23438 3327
2876658482
-11166 19570 14398 -29208 -15814 10083 -5758 -11380 6604 -23101 -16410 11967 24314 1625 -15750 1303 8672 30649 -20574 25099 16685 -30382 23936 16412 29729 -3957 -24989 -19979 1308 -24940 -4672 -28002 15527 4913 16302 -25394 9233 26175 -26500 22634 -17912 -19368 -8579 -18246 -12319 -4234 2003 32365 -27516 3866 31903 -27534 -7794 -4355 19857 21181 -12057 -22252 23487 4681 -12310 16090 -16675 7566
4929 -19385 14722 2581 5553 -18186 -1174 -29396 27628 -9579 21906 -13661 22727 -14624 -12251 11255 -18165 -9815 19397 32541 -13790 -32496 -18848 22193 -26855 -18798 25811 26453 -3671 -7237 18597 31471 8423 25076 -7537 22117 -8253 22431 23154 15285 9111 15765 10205 20646 -25720 11875 15781 -30382 9330 -16686 -4307 -19846 -29459 -13889 -9607 132 -26633 -24036 14140 -23838 -26309 -13326 -4267 8759
-1962675112
-27563 -19684 -25529 7112 -32466 -23204 18233 7556 -10992 20665 4872 -30608 1140 18684 -29846 13859 21781 -16105 -28528 -13669 -31889 -11176 -4729 9789 23020 -7151 25000 -9817 7415 19461 16401 25385 11505 11697 -13819 -15431 31494 11872 -15980 -8865 17699 -30096 3497 -12499 21408 3875 18607 6741 18769 15269 -8424 -4666 -12412 9684 1039 -20619 -19088 -23227 11432 -14987 2286 -1203 32009 2947
21170 10366 -5265 5713 -616 -23058 -9685 27378 18630 -26746 -18592 -20176 -17422 -13782 9352 -18808 -5147 -14450 -3937 26793 32203 8024 17740 32174 24235 17152 -8948 8595 12877 12226 27262 25329 -16960 -7508 30549 -27852 32515 -30761 -2364 -21017 -7611 -23098 -28585 1706 539 -12313 27344 7425 -25718 19865 -3656 -22758 -7398 23220 -32590 -498 -5316 -6768 -6594 25078 -23415 21226 -12181 23382
684494966
-25404 -2996 11954 10648 -6607 -22959 12882 -1093 -4065 -7394 26249 29706 -19524 -26461 11669 4315 2296 16987 21470 3023 14573 -32100 31971 -15461 24056 15953 4734 677 -8453 11860 9591 6805 3669 -32131 31701 6715 -24846 13500 -13305 30758 25166 -626 -23005 12820 12740 -25969 -31946 -17239 -19228 -25656 5957 -9173 -1932 -6210 -3913 3986 19062 762 -5196 -14642 -20505 24652 -22913 30521
8569 11561 -4221 17002 -10839 -21900 28752 -2061 -10295 -1304 24483 -28161 19911 47 -4915 -13742 -28471 -11772 -18273 18851 14569 21017 -31399 -2387 -16809 9155 25947 15503 13768 -26041 14791 -8983 -2262 -18399 5009 -22191 22648 25887 562 24483 29368 -10689 18205 7557 7278 -24994 23584 25225 4682 -3524 20910 -17283 5 27297 19352 27298 2058 12769 1325 -14615 14252 28486 -1421 -13905
-799536766
8945 -28459 1698 -27285 -17981 -5299 7112 -23673 18133 -32637 1547 15326 -32746 5980 15397 -492 29031 4175 8091 -14001 -19612 -25134 17410 12226 -25188 1210 -13274 29046 12268 -2685 -29154 20447 -29169 2654 -13624 27958 21960 9801 17709 21353 20500 6620 -13864 -20410 32304 -31394 -3334 5917 -12770 -11894 29219 -22785 -16051 16331 -8300 -6231 -19802 -469 27284 -10586 23757 -4410 -18180 -24635
-9886 11148 -26856 15714 556 9412 27556 -17421 -18039 20383 27111 -29645 5945 -8591 -24291 19882 -11313 -2822 10926 -7491 -6707 -30941 16178 17502 3818 21772 -7084 29378 26579 -7451 8888 -27734 -14754 28129 28508 26118 7754 -21569 21872 -9738 -19474 20805 -26064 -9133 -7675 21678 17089 -8218 -27497 -8747 31406 25618 2732 22536 15587 11274 6159 28350 -16698 -30782 -18062 16929 28654 6559
-1011082684
-3487 -8132 26579 4496 29571 -25982 -4172 -28348 14326 14441 -22261 4573 -10081 28533 24683 -7305 -16190 11586 -22286 -16609 -30573 -26727 15495 31860 -13894 25112 2604 -4642 -32139 433 -4250 10078 10064 10604 -26403 19176 2155 19661 13467 -8790 -5027 9276 16461 -1031 -21218 28264 7531 -23369 -22247 -11917 2405 -6741 5812 6164 17115 -3842 -13249 -27379 8961 31047 -26622 10382 -2466 25490
-29141 8111 -14961 10618 -19728 750 -27815 29425 -24877 -17666 24744 -29326 30883 -19112 -1558 -9584 -21174 15982 21267 -16857 24069 -16358 2691 -5558 1695 -4616 -21043 419 -11866 -10846 1582 -260 20993 28441 9925 -28963 -7471 13923 20321 22182 1552 17515 -26247 15121 10784 -22588 2881 22445 -1158 983 3374 -19511 -10163 9082 27362 23240 -9619 -15571 20571 -28621 -29348 -554 10786 -26293
-4859120244
5321 9106 -22673 -12860 -30488 -28195 -18560 -19777 22588 10426 -3372 -7775 -1037 -12304 -27628 -2104 23667 -5175 569 -10844 6931 6107 -1880 -4571 -18304 9552 -18449 -22025 -13784 -13097 20191 -7001 11785 -27244 -30271 14007 -18218 -12641 23771 -3993 -11948 18104 32449 14888 -15138 -19764 -8348 31383 -13713 -10595 -9863 -16794 -29914 5457 10479 -5423 10453 23274 -25733 -4838 7976 3355 -17287 8611
-28769 27953 -31499 -8663 -2373 13999 -22576 32099 -27849 94 6710 23888 32351 30251 -16365 29721 31254 30347 17466 -11383 -15664 -16861 11097 -27901 16052 -25439 -37 31281 20686 -7420 9469 22738 -9974 -7771 -6141 11533 18216 -10548 30835 -27364 16253 -7787 -5500 27291 27246 -12418 -27023 3823 -32071 18236 31819 8465 28496 -783 26756 -22325 -24291 -11054 21669 16920 -29092 14298 26610 -19942
-2708173647
-22425 -26351 -11120 -5812 -22210 10512 30453 10942 4417 2565 1390 31593 14571 22159 12356 20794 3607 -21259 875 29041 2676 -30542 8346 -17984 -611 25930 13957 -15572 -27339 -3340 -20500 2460 14691 -7689 -3896 15316 22920 14327 -12931 14563 -17162 15920 -13424 -26664 14950 -21065 21087 17331 25432 30731 -4879 10729 9159 -27251 -23467 26819 -9773 -24874 7932 18472 -23207 18316 6775 6590
-8013 -20769 32379 20160 -10083 -10364 -23834 12006 -12692 -8200 -14001 -18511 8665 23631 15210 -12250 -548 4167 -8558 -22785 -21445 -12584 -2700 6594 10955 -17686 -2582 7850 13778 25257 -16214 4816 -13043 23872 12043 -25434 -7156 -7695 21548 2632 -13382 -26500 -23969 11458 7368 11468 30465 -19728 -29117 13746 -30307 -27235 -10665 -6063 -9736 -24060 31402 -14384 24257 25630 -25410 21028 31762 17282
-1766348133
10355 -773 -30058 4657 2188 29203 12834 16806 2072 3273 -7737 -26176 28221 -26828 2324 15771 5838 1612 2348 -1633 -610 -14100 -9066 -29546 19364 14730 -8989 -26543 -31035 -22376 29058 -5554 -19076 25574 27723 8037 13725 -30704 26548 10109 15862 32010 -9256 22360 -31521 18552 20199 -27067 -23457 13461 -28597 -9484 7730 -16749 -18110 -25617 19709 -31482 -26138 -14360 30574 31133 -18780 1900
-16240 4909 -10500 16991 -8406 -22820 -816 4603 17174 -20416 -5375 7581 -22692 29232 -19452 -24098 -32397 -743 32074 -9856 -23861 20209 -17599 7062 641 32271 -7533 -28680 -5300 -19087 32181 -26551 23704 176 -23267 -29492 -8355 13104 -32628 -13933 11408 11954 20295 22916 5976 -26854 -6957 -2324 -20020 -24811 -15952 -1213 -733 -16351 4199 -10095 -27105 2676 22475 -21210 -6831 22426 -24048 4441
-1488360658
18319 -4630 -8424 19015 -24054 -22928 15130 8461 -9117 -18252 14825 13295 -6298 -17554 11330 -10386 -4049 32109 -476 11803 22635 -28154 -26669 -12451 -21507 -18707 -17680 -3119 -13945 2250 23101 -4662 1713 -18584 -3749 -28826 -8395 16710 -22316 -26580 -1897 -17503 -27986 3934 -5083 -20977 -29721 30056 14821 5095 -5412 8371 7648 -25817 -28332 19571 2293 -848 -28088 -18783 11738 -13981 23718 15745
-4011 31769 -26508 13487 -27709 17971 -9064 19639 4726 11676 -24390 29116 -22341 21910 -6650 8267 23535 -3109 -22505 26767 13703 32286 -5502 -18058 -12795 -24096 -20793 -7484 -1252 -21619 45 -3643 -26711 -775 14517 -22439 23155 5681 -8982 -13274 4882 -27727 -26019 -13391 -11560 -9001 -2359 -15344 -19891 -6587 -23003 -31661 -20054 -28018 -7848 19024 13672 -25184 22726 -30529 -1942 -31572 29774 -19944
4432134155
26715 9811 31911 18823 10362 13102 -3978 -11350 -17387 8110 -31244 28003 21376 -23534 -32661 -18665 26178 -20051 21220 23205 11983 -17093 3887 11998 -22854 -14808 -29038 27264 -17352 13335 16071 -14740 25166 9614 -20506 20452 -489 -24271 -22637 -10915 27523 -24385 -10359 6306 2681 -14441 23102 26961 25910 -28904 -12446 10463 -2501 -17551 23695 193 19924 -26243 18419 -5876 -21830 -25092 1243 27693
14643 12796 19479 10326 9680 9768 -12722 -28126 27594 -7495 -27941 -12838 -19388 13341 -10851 -29324 7492 -11096 1467 28191 12929 6735 29710 -14793 4134 16779 -28205 2436 -2213 3859 4115 -26636 24916 23688 -25631 26187 14001 -7039 29836 -13313 -22114 21575 27009 -24154 8702 -22832 -29240 -18334 -10110 -13340 3837 9577 -25001 9916 -29933 22726 28456 -30207 -30794 17035 30102 -12964 -28804 -6470
2921391809
-20452 27395 -4860 -29201 -12566 12964 -11088 -309 -20131 -5530 -20664 6606 -11621 -30333 686 -14803 -15446 -2578 4764 4640 -2003 -13980 -25966 -5388 18676 16727 -24785 -17751 27212 26681 16486 -19551 9676 -20396 31017 -1486 5552 23286 -28023 25015 27722 13545 -21686 8523 25397 32082 -1019 16172 -18036 -27731 -9771 -7497 -24496 -853 20883 17682 6071 26268 16587 26575 -22349 -27385 32538 -30014
-2575 -18246 13918 20798 27146 26790 3961 4952 -509 19171 -28808 -10509 9377 8925 26519 4207 25243 1702 28458 -9686 6212 19809 -28022 -947 24519 -2749 26772 12844 6749 10314 15944 -18526 -25232 19339 -10250 -20873 -6953 -18002 25176 -30902 -31878 -25925 -31949 -11942 25711 7062 -656 -2840 -298 5947 28815 28444 10984 -5307 12388 -15984 17311 10484 -6092 16451 27902 20661 -10322 481
-4848298513
18814 -3542 20538 5892 10557 -7633 -5381 -11136 -32613 -14640 6252 16870 -12139 21115 20281 790 -5421 -29418 -31701 1784 -18165 19154 16169 28690 32752 13241 22305 32403 31863 31070 -17890 13379 4196 3744 -24386 -5932 2952 5226 -20309 20174 24367 8383 -2281 -25343 24830 11068 22136 -6599 -3216 -4224 -18061 -13480 -2262 -21790 3195 -8070 -27038 -19125 -16648 -4844 -18700 24329 -8709 23532
13351 -22246 1061 13520 24437 -4854 2423 29647 -26918 4384 3161 28701 21053 11811 -4997 -4135 -18816 -23268 -28794 -20782 -32688 13782 2015 9955 -25204 -16194 13286 15759 2928 16730 29821 -10333 18793 9395 510 -5265 -30014 22702 7257 -31523 -10234 19827 12047 -450 -11227 -9185 24975 26190 -6788 15941 29964 -18578 -19998 17402 14256 -25563 2606 -8472 5371 -10317 -19312 -13986 -22274 -22276
2741043539
8305 -2376 22312 -26832 -27383 12630 -16499 -9095 -9547 4243 -26414 9931 24580 13010 26836 17180 -29637 -21742 -6887 -10868 -19092 -22899 -28465 590 23301 -12615 -8329 -23800 10334 -28411 -21651 8556 32414 6637 15519 -9130 19913 -10508 1654 4973 -5534 13924 -30588 8756 -21935 22118 -19036 -15818 24013 16255 -9138 -4847 17338 -21490 5861 24647 -8933 -27876 13804 -31694 6108 15755 -24737 -12447
26992 28128 -16634 29530 24472 -24013 12066 8349 26803 -29637 -27203 -1830 -3595 18934 15808 19961 27945 27796 15700 17634 20070 -13588 -4308 -26286 -18082 19135 19511 12671 6912 17872 -12524 26603 -4137 23857 -8057 6824 -19331 -5982 8430 15975 18529 11559 -16325 16439 -2179 -22033 -20216 -7822 5327 -16944 32747 15253 -24596 -11779 24940 -28747 29867 24255 -18185 15408 -19927 18533 18050 10500
-6738929672
-8889 22839 -2917 -27516 -9249 -29799 -3619 -14185 -4168 5329 -7264 19129 748 22402 16941 -1985 -28516 186 -20785 4786 23021 12906 -19451 -3673 -25507 17783 19121 21157 22298 9906 29814 -25525 19065 289 13251 23368 5006 13026 25571 20808 764 20899 -6897 -27750 -2669 -18258 25790 -19635 13597 30200 -11048 9832 -12318 -9179 -18158 -3591 27039 -27000 9299 31090 -15717 13630 -28523 28073
-27118 -150 -25464 -11024 19187 23447 -23526 -5269 -528 2123 23255 19310 8434 23207 -22989 7005 928 32597 -32732 22585 -5489 32413 -25687 15303 27237 -7171 26068 20315 22014 -17144 7275 5398 19247 5098 -31088 -15309 3862 32136 -1900 -3019 10110 -31109 -17617 -223 18210 32493 -23131 28675 -17743 -30859 25367 10466 -9932 -5087 -3543 -12137 23922 -27712 10910 -20589 19184 -30602 -10422 -15412
-1216796733
-6874 -10783 25566 22976 -11832 -7475 13302 22057 -3517 -3084 -2043 15314 31963 29399 17457 3012 -32472 -26125 16622 -22463 -28077 17996 -3640 25201 -17900 -16140 -1317 29915 -32129 -28848 30831 9131 -15034 21389 4077 2155 -26092 15603 -27780 17119 29656 -7382 16389 19059 -3994 -29914 28192 17597 26792 -23662 29837 4152 -26369 28063 -10119 -29594 31528 -9788 -28869 22310 -7337 18583 -31445 16655
16122 21671 -1969 24260 -25295 27298 -17740 -8692 -22610 1402 26005 -73 -11256 22711 -18169 23138 19603 -3788 -24832 16086 -2397 -31017 -11915 12859 29973 18220 20391 -29633 747 19738 10725 31832 11189 17858 17499 7515 -27516 -20459 28809 -14134 31189 24679 15276 -14301 -22022 27744 -6549 -8299 13651 -9485 8882 4809 -8135 5826 24620 -25784 -11249 -2957 -13595 6950 -9282 -5322 27067 -12362
-3032926924
-17234 -18020 -12310 -10867 9398 31516 -1788 17934 12749 -3898 20065 7491 -17193 -1722 5633 800 -22910 -28719 26313 -9253 -7021 -1539 -23249 -1234 6644 -19241 18244 5727 32305 28952 -9790 1779 -2482 23978 -28493 4150 26610 7219 -10962 -16725 6939 -18743 9209 -10001 -22120 -11311 -31909 29495 30746 10844 -28185 -26009 -29059 18974 -3401 -17953 -28355 -7180 -26359 1469 -24444 4466 -8994 31616
27124 2726 -5938 -31642 8320 5119 28603 23854 21085 -9120 18522 11233 -30395 3019 14164 17593 239 -20728 10489 20024 -26660 -27878 -5632 -5981 -26966 10310 -14285 15977 -18042 -21103 10258 27367 -24372 -19522 22490 -10277 16937 -3841 12602 -28285 31815 -1049 -10847 716 12893 -23567 -18952 9475 -15312 -6985 21473 30015 29344 18792 -9891 17201 2663 24041 -31491 -11924 22307 -30205 2759 30404
-72581287
22840 25340 816 3871 25953 -32608 30352 25166 23750 -29009 -25929 18542 -10784 -18169 -3969 28560 28584 12652 -3584 18089 3557 19717 -23521 6886 -30541 26953 -19501 20375 6785 7174 2587 -14341 -9672 -9027 -28100 24014 -16433 -3363 -323 -6371 16068 -10007 14964 -26042 -6303 -28960 17304 10610 -14914 -18245 -9316 -9909 -10411 -3935 29358 700 -16438 -7684 20253 28980 -26354 31638 31468 1431
2263 13477 -31729 3931 -32035 16709 -30390 -17006 16822 -20864 -5336 -26262 15505 -24939 29631 29626 -12097 -13854 -1298 -14614 17760 -19373 -23675 -5991 17406 -15355 -6488 21928 -23740 -9608 -11928 26352 -20108 -27511 21441 -4652 -32221 -22360 1823 -31489 8713 -28046 199 -2501 -26352 -2137 11832 15514 28063 -24828 19411 2155 -14705 -9623 -22473 -18898 21757 -13407 1382 11839 -5279 21810 -10305 31403
-632461277
25162 32160 26618 -20805 18896 -19715 -25392 -15373 11808 12435 -11331 17831 4017 -30805 -5090 -18007 -4388 26674 -26819 16653 -19057 25934 -5403 2967 31181 24952 -22918 -12748 7331 -30018 -506 29552 -20570 -8373 -20539 -26860 -20517 -31491 -14006 13933 18828 25785 7827 -26023 -23078 3457 24247 13552 27109 -28351 20197 3628 2472 4493 14962 23019 -19374 5090 22064 -21828 -7770 21873 7609 6010
-20514 31439 -20110 11260 30842 -824 -30189 14500 -16713 -5386 1342 -31101 19294 6031 -10395 24446 -4560 17073 3900 -9126 -118 13937 -14607 -27486 4454 7575 30695 -915 -10782 10302 -17507 10978 -3926 -2556 -15025 19686 518 -2054 -8454 -31520 -3390 5553 -23780 -7274 12060 -21589 -29180 -26672 7739 17002 16735 -5272 -14191 3468 -6530 -8295 14099 -10660 3974 19849 15496 -24014 -30974 23011
-3702309213
-511 22319 -28655 20893 -15800 6899 22054 11818 24710 -25692 9854 -29843 19518 12237 -22833 -21792 -24381 -31728 -24132 1404 -2133 18491 22667 -24110 3817 -32252 -26502 881 518 13385 18863 -1568 19345 11504 -21797 -20218 26622 22915 19725 -29576 -17416 -2202 -43 -30548 13185 -24437 10981 26215 29883 13746 8851 23460 -3119 -56 -16225 7255 -9248 2522 -5240 -31467 -21258 -29044 -21265 -19487
-11838 -9676 10046 -30054 18676 -16 -18908 10207 11496 19081 -32481 8782 -3905 32714 -27537 -8697 25115 2616 -20321 -16306 -17773 24780 -4757 20583 -32377 -31443 -8253 -14500 -15625 -27957 20199 4249 -25965 -18656 -1659 31412 -23061 -13647 29928 15824 -12670 -24439 17721 -20678 -25867 17432 18568 -7597 -19169 29238 16041 19612 -31357 30515 -24690 -28941 19784 -12200 -19401 28037 7442 -6419 963 7751
-3007286352
1051 3629 5576 -14779 -22572 -17092 -23842 30378 -15786 -17396 14919 7180 -2086 -23068 -1172 -32292 17497 -2515 14628 22823 25952 -26735 30882 21126 14915 30744 -15722 -29875 22160 -23839 3632 25817 22019 -25946 -6591 8565 22861 26567 20337 -29320 10012 23573 -8669 9146 22931 15803 -17147 19752 19887 29306 20826 -19137 -9887 -29931 21487 -8630 -25107 31800 -16198 23731 -21068 24157 -10482 17233
-23909 8333 16635 -31699 701 13496 14328 -14639 11041 -6744 2704 -1228 9701 21599 -21117 -31839 6330 -836 1460 12344 12260 30839 -13004 -7381 -9090 -7115 -9622 21169 9725 -21339 28758 22979 27032 -6387 282 4591 7317 -3196 31398 20625 -9204 6037 24848 -29508 -1905 30042 24815 -20085 -9747 17152 13068 662 6510 -22808 -23985 31280 -26055 28799 -16390 21626 16170 259 21008 14314
2511362080
-23868 -19337 -26672 -3576 -30478 -32703 -23945 17924 22075 -895 -10377 23258 27414 2214 16520 7907 -4138 -2072 -3205 -15389 -21633 -18927 -27865 25015 21370 -14267 -15905 -29546 -16577 31556 -24061 -26883 -27282 13950 -1407 -30841 -6370 5770 -18848 -31286 -8283 -2109 -26074 11710 2354 -27672 10723 17281 12257 32327 3982 16681 24299 11438 23467 1231 -16102 -18344 16536 -27255 26785 31172 -17498 18907
-8243 -2798 19254 4534 2663 -716 11540 -9754 -29932 30170 -19814 -4919 -5633 21679 -30668 -5894 21359 28941 -4417 17039 -8876 9859 -14776 28049 -9738 27310 -10264 -14883 -28293 -26655 28015 17160 -4954 -22082 -25710 13682 31541 26648 17525 -3343 24220 -20753 -16296 794 14561 -12759 9615 -23761 -19377 -12190 -9148 -20435 8338 -26112 -18538 -7344 -29050 -24883 10534 30751 -21379 7441 15618 29670
-4639976457
16293 28650 -10666 29007 7766 -8184 10777 -7977 -13030 -29131 29150 28577 14613 -27670 20393 16765 -27042 -30213 -25639 11420 -6223 -22420 22468 19255 3464 -22800 -2938 2310 -2861 -31397 27247 5387 -15198 -10540 3086 -20221 -30429 30525 27831 -15538 -7397 26709 -15880 27152 17952 -10163 30252 2856 -6178 28898 31005 29654 -30943 16227 4193 1871 -29395 -985 13465 8536 -25623 11960 9221 17165
-15634 4348 -9247 2164 -23769 -16155 -28979 -5729 -16348 -3667 -22351 -9005 2961 3255 -3031 24587 23215 -7796 -5828 -27655 15210 4591 28233 28944 -21812 -12539 31755 -32352 -27711 -22026 22839 -3860 29459 10929 19486 7706 32640 21167 24915 -20367 -21181 -14048 18409 27491 -20128 -8859 4817 -116 -10506 7689 -14901 1632 -14151 -31743 21640 17976 -17975 17539 22386 -13517 -23880 -1511 -27902 -20648
1990635160
-7648 19237 27319 -12769 -8372 18023 15386 -4547 -23838 -23636 29523 -16427 23995 -24803 29526 559 24888 -7297 -6618 31942 -20698 23997 22799 -4350 6652 -31226 -26216 2801 21077 -26973 -11124 -27648 9361 -12599 18435 32228 18188 24097 11049 -18784 -7454 8773 29482 7496 -25405 28361 9235 29604 14487 29617 29963 24593 5171 -3024 1391 -8005 -1449 30272 -25163 24408 -1348 26635 14424 -5651
-21378 20085 21174 11908 -5319 14724 31957 -19811 -29543 15860 -4439 -25124 -20492 1360 26161 -21269 11629 -19264 24464 1702 -12888 -30924 -26661 -32352 8528 8822 1958 -8521 32342 21916 -16236 -8471 -13129 21544 -6127 5532 -4664 -30266 30800 24651 -31022 16522 -12649 -18121 -6188 -4941 25121 12201 12121 -14137 -3211 -14283 -31854 -18864 -19613 3150 -20237 27715 -14238 -2489 9016 11929 11593 674
2301391305
17330 -27887 19393 -29900 -20754 -5312 -9477 -6511 -9514 26450 2147 -21633 28877 -26493 7041 -9132 -12541 -20685 -22760 2641 10238 -31695 -22485 20203 31369 -4856 -1842 32365 -21046 10095 -31821 -2974 -10040 -31062 19306 -9034 -23947 -5244 -9819 11411 16961 -3941 11859 -21159 -7261 -21580 20161 -24158 19051 9942 -28651 25584 -15370 -186 -26607 31509 -1016 -7058 -27102 -4570 17756 135 -19064 10760
18397 -21458 870 -5468 2977 10595 -22519 18723 -16306 -177 16641 1360 -32565 -27574 -19493 24092 32203 28551 1168 -13279 -26975 -9131 -22421 -31118 -5013 3866 14626 24864 8658 -32006 -16658 31751 10952 -7822 2008 9663 -27547 -25584 24685 23666 7284 16753 -32182 -7800 24378 -9508 9100 -5939 -21902 26893 -14044 31006 8503 21762 -9983 -510 12429 8129 253 10435 -6900 8522 -8772 7698
2292072929
23016 8996 -14527 -26875 11261 -10376 -2541 -21978 1844 -13921 -24808 -14964 30505 -27512 -14045 -31934 -11815 -19735 -9202 30846 -27701 22126 16064 -13807 -30823 26809 -31944 -31418 -25110 20433 24067 -16852 -5585 -25502 17932 31518 -21527 22606 -4765 17879 29333 -19571 10196 -11381 -69 22458 -15717 2197 -4551 -25191 -2534 655 -6204 22570 -12193 13049 -18911 -7483 27280 22016 21750 18506 3375 26161
24927 5182 21462 -30855 2128 -25519 20155 -14718 11007 5905 -26552 1663 -17929 2778 27898 4251 10267 -25873 8031 -52 -30254 10219 -26466 -26259 9326 -30289 -28948 -59 -31122 -32009 5408 -14840 4383 22039 10359 -171 27897 26472 5709 29780 16465 3179 -16618 -28379 30008 -23961 29687 18948 -12822 -884 -6369 -3693 -1849 15251 1874 2678 18589 -31159 915 -23694 13204 18965 6559 27087
3692008523
-5824 26413 -9047 -12516 -29783 -25412 -9219 -23545 3981 -2051 -44 -22610 -10886 -16943 14176 -29952 -21686 -28010 -313 21592 -29182 -26909 6803 -10992 -32731 28330 -10967 -14818 -16605 15506 14222 18077 -32437 -5698 -5163 17486 -17422 22160 1496 -26951 21628 18702 9410 14297 31969 -15895 17457 -9689 -2193 -7833 14182 11145 -4194 -25744 -17217 -24682 31374 10660 32722 -15158 -30381 -25831 11002 3300
-14971 -7057 -4100 -27176 -14463 4010 11820 -13973 30892 -10304 5890 10413 -4064 -17079 -17867 26752 -11760 -30701 -20930 27956 -26123 11140 13971 -6101 24923 9715 18787 -17650 4600 -8118 -12211 -28186 -16516 -14432 -448 1952 -32550 -7842 -22462 -28163 7829 2051 12891 -25760 -5339 28078 1016 -20862 31274 202 -17847 9731 12465 25442 -25014 12688 11583 -16436 19020 30438 -8595 -26864 -31088 -6748
2465776819
-10016 12973 -19966 10577 -27673 -24110 -10871 -6247 3603 -6983 -32129 24698 -24364 -7093 -12762 -30891 -22789 -20965 15575 -18814 -1915 32094 -28713 -22528 -13307 -11577 -11359 10746 15510 7991 9648 -12061 -9170 -11037 -26859 7070 15703 -14794 27032 11138 -1714 -27348 10322 -25892 6075 -28962 -12179 17635 32600 18078 12738 -4003 -27058 -15543 18662 -7902 -24484 -16373 3903 20418 -23639 7640 -2610 32464
-13787 -32511 29446 -23854 -4520 -19787 32706 -2412 5046 30720 -21894 17935 -14728 -4796 5603 12062 23423 -1548 -17873 -22676 25193 12474 23577 -15527 -21388 -4127 -23759 5862 -27200 -13667 20907 8631 -17365 2603 -21873 -4432 2150 28994 -32472 29135 -10213 -31545 -28973 -11969 -4422 -29843 9054 1261 12262 -1336 -11253 23937 -18070 -13269 6683 8653 10540 29181 31087 17151 262 -7999 170 -18156
1285320736
19200 17604 5501 -11172 -4559 3232 30083 29433 -18932 -3750 28236 10392 -31467 25228 -10221 1506 125 -8177 2498 -16508 -8501 -26009 8363 -26397 -29115 -20158 -12060 -14887 13387 8092 238 3863 28905 1025 12012 24088 27591 -7374 -9010 29980 6656 -2806 23167 -5848 -3031 -11629 -10799 -12795 -13390 17389 -22631 -21257 11324 19539 1616 -15419 -15976 -10123 -10634 -11741 24672 -18918 26063 -23561
21409 -16685 -11719 -12005 12564 2865 -10715 -1649 18935 -14172 -22473 17230 -10126 -25660 5990 -19918 16417 18336 -1938 18951 -2931 7078 12981 14920 -32122 -31150 20100 -7395 -6514 32407 28731 5399 -23326 25671 29271 13225 7434 -5153 20382 -17697 29019 9949 -28078 25135 -8306 -25965 -15478 25099 10539 29106 -6629 17680 -23129 27597 -3050 23576 10164 3520 -596 27114 -29253 8440 -24250 29831
-4275320252
13598 28689 29671 16930 2570 -2596 -8166 20730 29628 27374 24720 -22510 1507 -21234 17583 -3075 10654 -7671 -3890 -9971 -17994 -11521 -8240 -14743 9740 -26696 -28395 7816 -26252 -29559 3366 7227 2550 -11538 6060 374 -21820 24130 -23885 30841 28127 18468 7957 -31688 -6001 11108 10082 -3689 28081 16380 14955 -18564 -25443 -21853 -29330 -10072 10944 -14073 -32615 14962 -6550 -474 3757 25458
8795 -8450 -4225 24430 26230 -4329 18637 25050 -23501 -17990 -25217 -17847 -14677 -25747 -18278 -9295 -29748 -20273 14722 -27509 -15636 20775 4891 -24467 21769 5730 16386 -30477 -26019 10329 24742 14618 4001 -25693 -16052 7991 4169 13706 28768 -19700 28242 -7859 21390 -16768 -14923 4397 -29190 27127 22524 -3976 -3316 -6079 -30381 -28623 8703 -15696 32399 -22682 22772 18969 21519 17088 -22224 -24217
1322827050
11789 6409 22559 24326 17221 -25150 -13157 21840 -24439 23367 4541 -637 -247 30957 30265 8368 6254 19245 -7580 -3722 17988 8588 14537 6896 7263 -24530 8171 -31739 -23883 154 15639 30123 4619 10530 -19085 956 31769 -13848 17140 3672 26764 -18352 3033 2846 14684 7666 -5170 25234 -31298 30929 -11457 5748 26528 25985 -29745 -18601 6122 13861 -22712 14307 -21246 -13551 -10085 -1359
-8975 2717 24885 -15206 31555 -25183 11441 20338 20207 1488 -27060 11616 -25736 29289 21101 -25332 21644 -30848 -26939 -504 -24698 29427 30503 -9732 16932 -16317 -20616 24556 1197 3520 -709 24560 4779 -26816 28875 17143 -20086 -27129 -7778 15048 -29123 -22128 9924 -1027 17241 6521 -32687 1963 -925 25596 -8248 -17838 -14663 13905 -31885 22586 -10788 -26303 1462 81 -18056 16464 24217 -25039
2373340791
-17633 -31206 27064 1961 -26062 -17506 11888 23286 -21923 32756 -6968 6272 -27366 12530 19526 -25473 29513 -7402 11049 -6569 -2564 760 28020 -8328 -12201 -16179 -6891 -832 -22667 31874 30673 19002 -25909 12499 -20778 30838 -29798 7500 26347 32093 14222 14195 -24110 -25531 5082 1775 14280 15391 21133 30151 28094 10874 29552 12623 23512 -28554 -10340 31035 27379 7462 -10359 -25016 -12423 1721
850 -20959 -4873 -15484 16657 3684 -32259 2180 9111 11653 -21366 -1441 16966 -6281 4414 12835 -20060 26748 16590 4725 -4497 -14793 30743 -4781 13661 -9619 30713 -25016 1177 17119 -10186 -13136 -22885 5487 -8682 -26178 -7264 11918 30560 12817 32329 -18615 -10557 30915 9281 -20364 31145 -9887 -17094 -11826 -15726 9654 -13066 -12521 24345 -32424 -21451 27437 24339 -3955 -16470 24439 22869 19611
1642171390
-16001 1503 15303 25669 -26303 18016 -21969 3274 3172 -13788 23480 -10756 -9836 -20076 21412 553 -8389 -29431 15798 -24083 23265 -3270 1144 -5673 -11646 -21906 -12654 -9144 -9581 -1432 25211 -22066 -14316 -4090 9320 27688 -7030 17303 -3357 -92 7574 -1161 28831 15009 -25947 11134 -18922 -1634 -19100 12760 -4761 24068 -7622 22974 28473 -11488 18404 -3918 -11298 13768 -5367 31950 -14809 2062
20126 -15239 6896 -10088 -6842 -13846 -19212 23907 1286 -13849 -5709 29507 -26035 -9966 -10196 -28878 -8185 16334 8384 13871 28277 -30027 -15475 -30538 -23732 28097 -27042 5302 -20537 7170 23324 23553 10616 32017 -18467 -28050 -17094 6566 4435 -18188 -7185 -26979 -18207 1991 30365 -6908 -27574 11223 3884 -22627 -27003 9792 23743 -31110 20453 -29924 11992 -30022 -12859 27108 24633 4538 910 -26001
-651056613
-8582 -6030 -8970 -5455 -20595 -31313 -19344 -13467 -5214 -1823 335 -3233 -13246 17365 -32620 24719 17740 -9826 27975 -1009 693 30176 -6549 -27165 -14703 -9197 16991 16686 22840 -24316 -16732 -10506 18645 -5459 -8645 29488 -11377 1782 32119 -27743 -10036 -5215 -13262 -28975 28421 18777 -17357 13594 10296 31067 27156 13271 16266 24525 -12524 12535 13659 -22652 24192 -13463 21781 6510 -19273 -27368
26381 -20214 -12044 -3754 -7101 23158 5420 -12242 -15856 8274 19063 23605 -32008 -19959 32253 -26860 -21756 -15877 -21585 -12107 -25083 -14424 11462 26941 13245 -3882 -22336 -27258 -12595 -27071 -2936 30956 9381 10903 11586 7722 -15963 12766 -5159 2187 12215 9271 23449 -14336 -16156 -13274 21302 27703 -1748 23501 -4445 -17494 -18201 -25885 -27289 29547 -28490 12801 -20107 -11149 -4610 -22541 -14119 -14425
-6118270042
-32701 18947 4116 -896 1162 16778 -25653 32262 20243 -15889 6790 6912 -20140 30815 1998 24550 -4953 20508 -16865 -6614 -13931 10071 27918 -27585 -15842 -24570 -15089 29199 -12226 30900 7011 -5164 25076 25509 -32647 -27043 5942 29236 1792 12654 -20168 -7113 -31400 29413 -7890 24051 9130 -23417 -1058 -3665 -396 -8670 -18054 -2546 11174 25518 -21467 26858 -473 22421 -6656 22471 -29122 -18505
-9287 -20875 -9219 -20661 29083 21987 -3887 28309 20259 -22001 -19594 1064 -31409 -497 -27080 25177 -25226 6129 -7300 -20762 -23255 16246 -2728 22043 12638 23546 -22947 32312 24663 19373 -24669 28929 14041 -24008 -17503 -19334 -32216 23256 -8652 2433 -20210 27702 24942 27564 -28365 23661 -30015 -16695 9198 -19134 -4761 -29297 -21601 11416 14851 -12234 721 -20125 17811 -29947 31245 20431 -25553 32412
6096080049
12963 20394 -3594 16611 -8206 28876 8396 -10342 20037 3506 -322 19762 20311 17942 27771 -18420 -2561 -15983 22110 22853 30473 -28507 5244 -29670 28749 -28236 -12968 17951 -27671 -30274 4732 -30229 32004 -18294 -12646 21313 18076 30658 -27961 5113 13273 -2246 21911 7765 -6056 15814 -26614 -9742 3019 10088 -981 15854 31329 -22977 -26358 -7736 -4102 5492 -3113 -27776 -26654 18555 -534 191
2224 1291 2420 -24276 -32766 8542 23503 15319 22062 -26022 8276 5551 -24058 -16383 23177 -27147 3560 -2180 -3906 -28072 22111 31900 -13951 -28642 30402 24768 -24640 15592 -12890 1083 -12659 -17506 -16943 -28761 -25857 30600 14801 17002 27373 -10649 -12712 27050 -949 31160 -9105 -1124 -22337 26538 -2763 -24692 -2690 -20679 31431 -30579 -6309 103 -29180 -29848 -30527 3508 1595 -8573 -10259 -27850
4741938624
-7571 -1364 -10150 -5322 -18209 -10727 23165 -22614 -32692 -28345 -28322 22562 -32 21800 -26641 6631 -27687 30311 -15478 -28801 -27909 -6633 10235 6841 1438 -26451 -5871 -22465 23175 -346 -9405 -25353 -24901 -6266 13679 31366 27733 3198 24213 -24095 18270 -27792 -10198 319 18392 29123 -5326 17484 9398 -17156 -30713 19627 2950 9424 -29968 -8557 14408 -15825 9239 31576 -15174 -3055 6539 21061
-14449 21276 -14301 -19560 -5062 -22169 -16445 7488 10100 30301 32733 1917 -21202 22157 -31649 -26909 19599 18345 -29713 3127 8878 3919 -25570 31151 26999 -29167 -8854 -25647 1018 -25454 7000 -5070 -31682 21399 -27065 -5135 -13344 25630 -21033 11392 -27330 -7691 184 -11899 339 -30563 -21670 -10052 -23613 -9378 23512 -13192 7962 25050 -5355 -30999 20258 -20916 27700 -16239 15697 12141 32672 -3921
-1539397178
2521 4755 -982 17466 14354 17431 21485 -9913 -22184 -15038 -23312 27971 -31175 -18143 5811 2121 -21173 4168 -11421 29605 20787 27702 -31640 -18353 21329 -13025 -20578 16826 -11782 -4450 -1652 13226 18715 7639 25917 21873 32736 12941 24747 -20461 29146 1933 22229 -32768 12224 10915 -27464 -493 31924 21464 30103 -30155 -15244 -18164 31874 -20879 -29673 -13137 -22464 -2346 -15257 -1705 -9310 19102
4040 23837 -20506 -4728 8721 25033 -24138 -22601 -8613 23214 -32165 24278 27196 -8899 -21294 32697 -14710 -21823 2335 -9820 3444 -14393 17840 -23114 21377 16508 21032 17571 8791 -10581 -26859 -12666 29703 12084 2496 -17577 -8959 -14258 -13225 1946 32121 -25945 7178 -31236 11122 -26766 13665 -14206 -17873 -15687 10867 -10885 17056 -6278 10301 -2692 -26086 24838 -5490 5525 -18977 7848 -30155 29452
2910519022
13462 28876 -11252 13630 -15095 -9531 31078 -27835 -13884 25422 -8641 22187 -9405 -19451 13678 -26797 -18536 -26643 -16052 -20316 -27238 10504 -29981 13942 -24914 12089 4487 -15783 -32538 -26790 13477 -3611 -13739 -5441 -627 13603 -8135 10076 -26856 -20227 -15850 23406 21657 -6865 -28338 19677 23836 -6156 -14137 -4748 -24411 6725 -26950 -7351 21107 27799 28946 3522 -9253 -22952 20284 -23690 17331 -25990
29830 23094 -17042 -16659 9729 20203 -14729 -15490 -19604 21809 -7443 5960 31901 19600 11030 14504 20016 -9891 -23670 18028 14882 30388 14872 20934 -26866 -11526 11765 6776 1282 5978 -676 25179 -17622 22152 -22471 14142 32281 -16559 -2135 26418 12048 -13883 -3901 -18102 22151 -10571 26436 4548 -7217 -16983 -5728 12323 22086 -982 -210 19958 -20202 30842 1174 -27370 3419 15408 -4203 -5986
-380935092
1499 26390 -21470 2986 -10239 -30585 3011 -10241 31180 -6987 12658 -9526 -15359 -18040 -6490 -31723 -23940 27435 4503 -5343 -22737 -13458 -21945 -19779 14416 -5751 -32636 6966 21873 6005 25401 -8404 21549 2817 5949 -13624 3494 -16671 -32360 23950 16477 -2759 -22476 -1159 -17558 -18123 -9508 -17831 25361 -10259 29184 -19035 -28531 7067 19159 17418 -1283 -3792 -11815 14291 7251 5285 -23809 30686
-7732 13823 28177 1027 -25797 -23139 -23471 24959 1025 19301 -11690 -25226 30684 -14515 31970 -14564 -30508 -29580 14734 28127 3035 15332 16842 1881 12715 -16089 23318 -12191 -23280 25016 -17358 -1079 26230 -10424 -25739 26259 -32312 10660 8776 19469 -29912 32476 -2764 -16284 -28923 22824 6722 8203 -9244 -18544 -11882 23608 -3614 12167 -7805 -5601 -15023 22894 17931 25123 -9232 -14463 -9906 8986
-2928027271
8519 -5827 11015 -14259 16194 -22033 -30502 -21760 14148 12729 4892 26378 -13885 -17062 25922 -18836 -12510 8 5455 31654 -5450 -10661 -13034 -15148 14364 22924 6662 19595 30144 -20678 13905 24862 -19813 -15891 3707 31626 -28947 5212 30914 32197 23162 -28376 -1414 16818 243 -13855 24619 17807 29332 16993 30185 -6241 6745 15454 -10322 26557 -10715 5816 23503 22132 2640 32372 -6994 -27418
25579 -29829 8463 32372 28617 -27040 -23029 -29504 5514 -27330 27547 2514 18103 6733 -4871 -10343 -3908 16746 -10880 -12004 21683 -15492 -15735 -9471 -18265 4233 26014 12321 3258 18459 31643 8716 -27858 -26479 -10621 -9311 -10789 -18044 -29386 -28281 19646 -2581 -20715 -8927 -6897 20936 20139 28081 26608 12994 -26284 -25893 -28101 8027 -8639 -12075 -1293 11204 -16168 25229 3077 23473 -17025 30716
3212819185
6858 -28258 17244 -25686 -18854 -5240 -28208 -27650 879 -5891 4270 -9416 4914 15154 -37 -1582 17122 -4421 -27731 -18649 -7697 -4069 -14257 -14259 27957 -20639 -31036 2058 7758 15399 -12778 -2685 -2375 -1291 21374 8971 11500 -1343 -10379 -20784 3952 18573 22426 -4089 -31657 -18736 6373 8644 27237 21576 -11971 194 -11329 -28069 10030 -1319 27390 -21916 25878 1182 29924 6194 6332 31378
-3433 -31481 -15799 3033 16554 -416 -12588 -18313 27922 11781 6323 13457 32295 -24832 29090 20063 22962 16619 20487 1004 12344 7324 12278 -27641 9431 -5164 -28613 -17327 -23553 -10647 4794 -32714 9820 -10942 10730 -3838 -29184 21398 -7619 -26894 -11784 3319 18649 -10603 -9104 -22828 23289 28876 -9017 -3029 16296 -26643 -388 13529 17352 -7486 21164 20109 -6533 -12244 17780 26252 -16785 23784
4039306748
19692 8787 9242 -11124 1502 14839 5396 -3834 -30853 -8280 -15450 7430 4569 19537 24282 19848 12727 -32465 -15658 -4635 -8802 -12492 16484 31668 -9275 -27669 -23866 4790 -5977 -10345 691 20568 23186 6959 -15790 14421 -11345 -26137 -10568 -14927 14897 -2676 25387 -2348 -18572 1382 10489 -16329 -22050 5913 -24184 -4795 18191 7334 19843 26380 31131 -7830 15873 -20214 -15987 25185 31371 16593
1327 17995 22589 -32015 -2032 31788 -27094 -2935 -22231 -25798 28151 2173 -7391 26422 8875 1531 -18588 12170 -21485 -30687 31057 -16560 13029 15601 -9737 -74 25270 8891 -17719 -24344 3048 -8760 28533 -18936 14132 -32506 23694 19322 2007 -12820 -23833 22999 9336 22654 -15261 28745 15852 18451 -11277 11752 -6245 -982 9938 9174 31922 -21169 -2497 -27713 -31261 -6224 12120 2004 -25400 -27297
855059433
28062 12919 12204 6579 -10650 10480 14381 21049 -18822 3442 15777 -236 885 480 1332 6974 19458 1054 -13020 6593 14301 -22864 23064 13067 -8635 31369 -17207 -22989 -20062 -26483 -17416 10844 27625 -23168 13951 -6552 -12930 1640 -30049 11045 -29847 -6735 20112 1866 -3998 32306 -26403 -19999 -23405 20106 21632 -10630 -28920 6754 -2283 -7740 -7808 -11363 24994 6065 -758 7428 28141 4797
-9963 32408 1942 13342 27573 4341 12209 31152 31441 5685 28162 31666 15090 16500 -5785 11926 -22383 6276 1358 20428 -1584 28056 31972 10351 -25875 14524 -84 -12733 -1274 -3844 -30604 21074 -1649 -23613 27838 8786 -14605 8943 -25626 -6358 8664 486 29046 22916 2699 -18101 23233 25704 14877 -5004 30050 21372 12178 26763 -1246 844 14996 3381 14992 -21369 20832 -9724 20599 29335
3452354411
19157 960 18570 25516 -27578 11276 -8430 -26176 12658 -6232 23283 11570 -27051 -23307 8636 389 13666 -6116 3018 -1258 12162 27328 -5327 20177 -21805 20484 -31907 -16070 -17148 -19402 -6988 -7268 13775 -22391 -20825 -1647 -16806 -27492 -23119 -17874 -28751 -25638 22510 -24738 9329 27191 10617 -3542 -217 29645 28996 -7860 -11727 12858 -416 -27544 8188 -11763 -6919 -32087 -28025 -30803 -27534 -4691
-16419 -2836 10813 -29419 2712 32019 -7796 -8647 -26723 17110 22916 5278 -14678 -4490 13252 -11567 6924 -19227 26027 -17203 5041 -5769 12528 -18994 997 5511 -10097 -18334 19245 -19301 5763 -30233 -24897 16132 -30218 17035 -31787 -26261 -12761 -5332 5209 -11143 23737 -3119 -13809 31377 4999 24128 -25181 -1285 -14894 -24607 21014 17130 20519 -4895 4840 18695 -13133 -28054 22736 879 -7677 22886
4233013406
-12146 -22178 -10347 -14777 -12850 18003 7120 -9926 -12763 -8442 -21947 -21178 -28984 27310 8408 -27984 13273 -20329 -12733 -31301 3383 10785 -18453 -10330 -11232 20108 -8334 21816 -12632 -15055 2132 5738 4756 -12957 12986 -6000 -20572 -5824 -25751 11703 -24648 31561 21631 -20165 27448 -20784 23431 3370 -15 7446 -3306 32106 28417 12559 18654 30566 -7966 -14150 -17289 27573 -17330 5156 -12856 30385
6819 -23611 18218 7428 -16105 9287 18640 -10179 -31444 10198 -30060 -23781 17359 29050 1717 -8739 21862 -30491 -10074 2254 -7875 21864 -26807 -7308 -14514 -1496 -9698 -249 -21278 1568 -2358 5497 -13200 -27252 -8469 32114 -14174 11150 29039 18153 27133 -12323 -1116 29882 -24623 23423 9944 -2648 24950 10705 -19385 2730 648 9323 27387 -4145 -26696 -5594 4571 -28832 -10682 -22300 -23174 -3643
2487234774
8307 -20715 -248 -8537 30376 -8101 -1138 -17495 30857 -25790 -28200 -29458 22002 15109 -8411 15952 -3324 27303 32502 21223 -2059 -20562 7978 3639 662 5748 22232 -25099 27631 -31765 1362 -23486 -23045 -15868 7741 23730 9728 -17998 789 15786 14794 21481 -1944 -4809 9676 23337 -4983 25109 -15719 24728 19734 10760 -30501 7097 -9794 9168 -16517 -20533 21688 24769 28695 -7881 7087 -25275
-20939 -16712 2732 -4914 24747 9590 20698 -17266 -19767 8640 -31825 2734 -28136 -16676 -15061 -5572 2105 -22672 29531 25620 -1132 -22280 29238 -22135 -15143 -13173 -9620 18523 362 -12287 9209 -13736 -18189 28163 -22818 2067 11880 -5954 10386 -17392 -15739 23867 -3888 28947 5772 12273 -15688 7970 7574 16700 -1291 -4474 -1790 284 31298 1724 15214 -11827 7201 -23153 -4203 11877 9169 -21450
2301787891
25059 14405 -26299 -57 -1341 -9093 21448 -486 -20322 -1949 7354 -5461 10644 23513 14474 -551 27575 24941 3896 -8927 19706 27540 -22738 -2922 -29300 2060 3932 29740 19231 -28588 -5809 -15999 -28809 6918 -18311 18474 32682 11553 -7473 16682 -12114 22896 -11582 -3039 8921 19373 -2063 -29380 24733 4220 -29142 -12314 -5574 -17465 -31838 -31140 -32122 -27934 4436 8934 22878 7335 -20255 13061
31124 23235 2245 19307 2111 -14093 -7029 -17188 -21297 -881 2650 13033 -10132 -3358 -19855 31858 -18027 -1416 25842 -6167 -4797 -6838 -28208 -31764 6724 -23777 24163 -12871 30564 26747 -16774 16686 14280 -30341 -21541 31600 -16892 -24833 4472 -12797 -11972 -25626 2675 -22100 -28555 -28679 30956 11682 14187 356 -17549 6242 28963 -5479 -25196 -30313 13884 5772 -11998 -11819 8605 1596 22281 25042
-443209132
-5717 -13692 -19764 18842 -25151 -22282 13793 -3952 16632 -7176 30197 674 27519 -26233 -9953 -9572 -22832 8930 -20149 -20789 -12508 -13427 32385 13003 18162 16866 -31765 22807 24377 -17048 -31118 30217 -12004 29973 7898 -724 -32754 -17278 -9032 -5414 -5507 17793 -2002 1442 8393 -23585 -25445 -19607 27967 -30906 22293 10008 26823 26321 10440 -7622 -8987 -19866 11096 -20224 13206 -6383 5216 6687
30360 9267 22936 3286 -29494 -16553 29995 10069 -2846 18151 -24881 24058 -19082 7276 19735 31050 21252 -8603 -4790 -4852 12722 -18696 11466 -9972 -12261 -19827 -3720 26928 -32270 4786 -21756 -16085 31873 6672 6363 27477 22386 -24565 29577 14345 -3317 -6506 -22492 26403 -9 -5482 13649 13225 -4798 -18089 -31358 -1467 6610 30820 5746 -1466 -5742 -14179 25034 12335 -30193 -25942 -24628 24945
-2222786839
-16022 -5967 5553 -4318 -2512 21676 20778 -31765 15301 -30430 6736 -14968 -24953 2860 16136 5557 18596 -8420 -8661 -22354 -14336 22015 21027 27072 -27730 -26427 -28694 -24039 -30061 -4193 11279 23922 32704 -24822 25022 27282 10974 -17682 18930 -13747 4720 -10902 925 -23790 13174 31562 -27182 -19493 615 7601 -29138 -10214 -27559 16992 5085 -26489 -2315 13061 2230 -11629 -17714 14670 31384 15645
-23523 4896 -3498 -10587 -32612 26730 26226 20063 3610 29166 -26558 23613 12534 -19962 12162 -6117 -14241 13086 6861 -16831 7105 32168 32476 696 -10927 -24081 19624 2492 14579 -20757 18347 -12545 -26791 -5934 -21006 11132 -6275 -16994 -24896 10037 -21139 23605 -28609 -20172 -4139 -10255 1639 19886 1732 -9949 -14494 -28703 -18568 -5688 -18019 -28382 16046 22695 5774 -24154 -1602 -21652 6371 -3496
575264516
30430 19889 -4999 26784 8086 25415 4738 -29501 12772 -19647 16994 -10140 -17321 32057 -31298 -1116 -9930 14627 20055 -7162 20382 -12433 -15584 -30155 17495 10742 -23599 -20625 -4362 -18645 -5639 17350 -7759 -10178 -473 29887 -7070 -14156 16648 29432 -3997 2482 9320 -5973 -31109 -18274 -2258 -29828 -23258 -19462 -519 10064 -11963 27944 -21463 -21425 -8465 -2429 -21616 12867 13283 1235 -4983 26639
12416 -6523 -4311 12083 -28145 -10681 -21806 -20635 27920 3929 -29461 -11146 -28661 -21147 -11097 -6162 29814 29058 -28379 -19053 26762 -11752 28440 -10503 -15697 -19249 -22607 28043 -28368 32439 30475 -17049 -26415 15931 30334 -28982 17010 -28602 -30796 12178 -9415 -29573 -28593 -20179 3555 -20125 15889 -26114 358 -23951 -31859 24986 -28344 -26600 -999 11520 -4195 -11066 -8198 2007 -13725 -4606 -27197 -3959
-234674143
3558 -9212 -2500 5222 15428 31335 25776 -26944 -8730 -16911 7218 17594 23269 -29111 -24898 16846 15637 -17686 -21371 -109 -10062 -3024 23994 -6739 -10144 -19979 22744 -32295 23059 -25260 30460 -26278 21810 10466 -23708 19298 -18432 25847 32640 -2388 17472 -938 -7372 -32256 -18098 15856 5668 -1630 -20564 -27925 -26469 -10815 -11248 10445 -2575 24853 3016 -18881 -7138 30045 -18697 -1213 -29709 -27434
7230 10408 -14039 31473 19976 14562 7442 -5436 28788 20198 -19520 27829 -28673 -31039 -8594 -12579 -15100 -17689 -13731 -14061 9058 -28 -16816 -27588 -570 -21424 -24528 3995 -2280 -20747 25243 -28685 -2258 -22346 21014 11086 -9661 7045 -2369 14093 -1617 -6373 6629 -27054 29622 15175 -8535 -17614 -19216 -30991 -23687 -4603 26036 12067 -10821 -29637 -12615 -9780 -11023 -31799 -9358 10309 -8275 -14229
4329095349
13453 -22162 -23945 9426 9760 31294 16895 7498 20633 -12762 -20226 -24125 28948 4983 22935 -11330 -6246 -29297 -20745 -30387 -16754 -29249 -435 -1647 -8110 -23147 32216 17812 16755 22889 31644 -15204 -1760 332 10587 -4838 30865 -7200 26949 -21395 -19512 -4294 -1999 24274 23723 -24209 29815 -20681 -17732 -4089 -21060 -2388 12530 16184 469 -27948 27256 10045 13301 -26530 23861 -8907 19640 -9879
12173 789 -13414 -7281 -11909 30549 -15668 17381 -24344 10190 -14905 7315 -23639 20019 8187 21798 -20424 -27574 -31374 9186 -13246 -23903 23638 21436 -3329 1010 1580 -9095 -4112 -32022 -28578 -16553 -28248 21786 25262 31369 29174 8434 1538 20227 -32752 17637 -19705 13163 -30094 -3940 -28228 -21822 32019 10531 19569 -18246 21085 21500 25030 -10159 22015 -701 -6429 -28957 30349 -29025 25486 -12109
3915200171
-23084 10692 -6692 26314 -28271 -4627 804 30967 -12582 28201 3282 -4707 6785 11921 -10478 -21921 25760 -32129 -17063 -22116 -29768 24557 998 -17383 13662 -11520 -19184 12989 15997 -25695 9597 21513 -8974 -12125 21992 -24386 18163 -23777 21867 -2472 22902 -2162 28466 -13473 15612 -5655 -24815 -22616 -16363 -13748 -1122 -28511 21005 -27004 -18435 -18876 -24528 -8060 -20369 9876 2703 -24068 27746 20750
-16941 16282 15119 11653 3386 -9152 17387 1633 -8999 12412 13739 -8753 -32109 -9744 7436 31832 -18817 -12617 -11632 2873 -25950 -18128 27192 9835 17764 -7484 -16044 -7761 -644 21445 -28155 11363 -30713 -9930 23927 6318 23042 2803 21679 -29799 11121 -1738 -4425 4902 -9022 -27154 -7956 21359 -32165 -12655 3441 -30389 -112 2289 -26191 6698 -18640 -30640 6176 24770 -30201 -16921 -33 22322
5336708485
-31447 19221 -27251 -9269 -24248 8463 30338 -23249 14610 22852 -25017 -32374 16943 955 21237 -6793 -14876 3766 3962 -31289 -30695 -8700 399 11524 -16449 -22236 -24915 -242 -16228 -30 -28294 -28995 16814 -5336 -21580 20914 6885 -2372 -19479 -12700 31598 32575 -27048 15801 28374 -8321 689 -11158 28769 6228 30714 -13741 24778 21857 -11111 -25232 -9696 -21909 10878 7074 25951 1014 3719 13088
-29732 -22100 17213 -21172 16559 -28155 -31571 14853 18121 -24748 -11572 -13877 15098 -3655 -5537 -28097 -1212 -8393 15358 -22048 -692 -25412 24698 -21209 -31952 15151 287 30472 2811 6965 17879 12115 -29147 -4801 15890 -24628 2780 25890 -8593 -5173 31890 30895 8447 19019 378 -20356 -14904 -21772 -25713 -26672 -14594 3220 -5688 8600 26413 20500 29450 -1721 -11721 -19840 -21838 -7262 -2331 28218
-2449821511
-19023 -18592 3559 -2095 20481 29046 -2360 19020 15297 11525 -20730 20247 -17427 -7873 19265 -2334 -23248 -17536 4669 2093 25940 -4425 25550 19651 23230 25444 15502 -25699 103 17907 -27400 -30611 14023 -2397 -5465 -4810 6314 29726 -1614 -29541 -22800 10453 -25168 17865 -10236 -2131 -5990 -16750 16729 -20985 -31053 -5061 26700 29101 11355 -1152 -5894 -19111 6308 -9614 3066 -3323 17244 -940
13180 -4703 23368 -31593 522 -173 5136 22388 12741 26222 32091 18008 27019 31713 -12295 -13745 -21650 -25786 -13201 -10731 -4477 -12546 19807 10693 -21365 5538 19070 10671 19048 -32694 -23135 9167 -7520 -17597 -21240 4784 -26775 18333 -25127 26204 15936 -16609 20000 -26152 -7662 31670 21224 32038 15309 -18199 5042 -31741 -9975 -5656 4927 3619 -7299 -23047 32214 30539 -16077 15359 27305 -12243
-810793080
-22986 31035 19881 12937 -26573 10383 -7003 -25444 10073 -28826 19192 13844 -25243 14076 32505 6506 -12168 6299 28474 -17993 21055 -14281 29660 4087 31739 16576 -236 -28795 -6066 -4979 26024 13509 -21784 -21236 14095 -20216 -23986 21705 6199 18790 32550 -9190 7960 -28631 4740 -10361 -28222 -25638 -7755 -17920 23523 -25481 4399 3942 -1221 -226 -15536 2415 18897 -5531 -14798 23595 7112 -18112
20163 5144 -12939 -17181 -29448 26315 -22384 5666 -25104 -22170 -42 -32022 -30994 -26698 -29219 15125 18980 -7149 -10246 17842 -3599 -10659 -19284 -7194 31296 19866 13929 -20137 -12758 5162 -26465 15952 -8903 8347 17415 9638 -14539 -20907 3562 15892 -27324 3328 -7687 -11636 16823 -17362 32743 22153 21412 9543 -3110 -32062 13909 19165 4583 18165 -25319 7035 4102 30615 -28403 -20152 29029 25392
-1207533080
-20200 6196 -28665 -658 -14617 32639 28365 -12511 -16100 26220 -29316 -22040 -1445 29912 6772 20680 22508 32201 -32625 -18513 -29264 10216 -5585 2707 -25318 -15395 18879 -29117 -7941 14656 8598 14855 -32509 29050 -27495 -9890 -22218 -30602 -2109 -2135 10197 -22660 25813 -11345 -10757 -7465 -26250 -12596 3210 -3576 13451 15426 -15313 26841 -26465 -14172 21659 -21712 25950 17579 22666 -30230 -11970 -20218
21379 4239 8356 -28984 6616 -15841 21661 -22272 11397 6167 4527 -21303 -1141 25500 -474 5865 -22010 -12497 -13220 -22270 -408 -19978 30322 -13412 -7193 19605 13687 7326 -10693 29821 -31897 31281 -2611 19934 -22344 9129 1104 -27866 16528 23283 17012 -18799 9048 -26533 23910 16262 20204 -11789 10045 28653 -8343 10715 12662 -8486 14961 -6828 16564 -13011 -5345 2039 24797 -30479 14694 -24123
4937428730
-31478 -31199 -23170 -19746 2870 -6292 25444 -17229 -19357 -14457 6519 -26729 -14593 30083 -23496 -30710 4283 -12356 10054 -31373 -22420 -31367 17759 4451 29957 23770 29987 -4646 18086 3449 -395 -22424 -2212 -31332 -5419 -17634 -30551 20938 8340 31089 -18959 -19230 7780 4345 9385 -3402 20229 6223 27781 24187 25390 -7080 -28807 1172 23179 24882 -21553 -4898 7644 31021 5062 -21280 4071 12613
-4870 -23046 31614 682 -2883 -24950 11634 24062 13333 4112 7501 17862 -27870 22319 -21717 -1292 25719 -20541 -6880 26176 -23520 -129 19951 -29333 -12102 2269 13822 20992 30457 -18034 -23609 -13848 -31132 -19253 -21405 -31097 18927 -20199 16510 13585 -8409 -28418 -5645 29543 -3148 -4644 -28211 22733 -10123 1340 11014 23485 25501 -5222 24344 21259 22875 22989 -9776 16651 5647 8825 17236 -29764
2915543681
14394 4711 20177 25714 -31241 -8279 17361 19219 26333 14113 -1030 -7946 5333 7800 2782 -31739 16201 -6229 -9381 16531 -10883 2925 -22188 9170 -18250 21022 -16604 -17619 15251 -18206 26988 20180 26059 7874 -7150 -21029 -28494 15748 14103 -32281 18791 -25288 -6412 -8035 -24865 -5553 3878 -13560 19300 25734 21602 15738 -4129 -12706 -11779 -31934 -28985 -7722 -23989 -8527 -29618 10251 20008 740
29754 30806 -16999 -7092 -22222 19049 7946 -6399 7421 17956 18454 22864 8929 -31021 29214 13295 30492 25737 -18050 -24123 11415 -31376 -3821 -20016 -123 -7850 1519 7047 -7723 -23538 20703 -13529 10787 -13362 3240 24400 -6372 -13797 -19968 -7462 22538 -22760 17084 14850 10961 -2983 29574 -7695 2169 9287 4328 -20803 -23286 -11100 21706 32751 -8770 -3953 2261 -11042 -29530 32619 694 23446
1230315232
20840 -21071 11854 26193 -13498 -4275 -19976 -4051 -8452 16155 -18908 8456 19642 8722 25037 -21518 26889 -11830 -30519 -6384 -13535 -19427 -30516 2083 8309 -27040 28001 26044 -21258 18793 7451 3085 -18610 3828 -4987 17693 14477 857 13918 7879 -2989 25307 21422 -1640 19620 9483 28302 14464 10940 32137 20118 -29976 -11361 19745 18303 1963 -612 -4179 18020 -28612 20191 17888 24766 26935
-19368 -30522 19446 -13368 18973 -10694 -32060 26626 -31283 -20713 7489 21701 907 -5988 -1814 5566 -26391 -28953 20223 22656 20072 -11428 1582 -30046 7053 -15547 -22358 -26883 -1580 2658 32744 24812 -9837 -10980 20754 -25759 -27276 10621 -17103 -24658 -25541 52 -28150 -12266 -2033 -6684 -1331 -17522 -8982 21758 1441 -5801 -20822 -25617 -9806 20597 17906 -31193 -23210 19096 -22664 -25661 22727 -16596
-4904850862
22845 15876 -27568 -9034 11384 6750 -27904 -31941 26733 -11495 31880 -7817 12069 -32292 3594 12716 -22396 -31501 22218 9174 19462 -26826 -3059 -27947 -18005 -29657 -1844 21321 26527 -3805 -19826 18549 -25924 -12313 1559 13028 9841 -29886 18254 13931 32574 -16429 -3960 -22827 -30690 -24715 27134 -12752 -27682 -24531 -3152 11204 -1193 -20074 -23368 11913 22507 21366 4552 26213 -8335 -22682 14465 -1269
28431 -3942 -3209 -7742 -23615 19313 28157 16877 -29224 9598 22594 4601 9187 -17016 11147 -8362 -19702 20656 -4882 8866 -20609 -1828 32384 -18736 -5211 -15927 6840 20206 26658 -29940 -25214 16355 -15551 -28888 4001 16847 -20199 -11689 7104 15502 23408 -2625 5803 25110 -4455 14976 21527 10615 21451 8326 1112 8741 -3941 -22976 -25255 1615 29910 17977 20209 -2277 5763 15753 -3881 -23553
5048823400
-26868 -14168 13920 24964 20941 -2575 20796 11005 -7805 -25809 13497 13605 -15606 -17349 -23505 -9891 -5744 20030 -370 9436 28901 -8085 -14692 16901 13241 -31292 13513 29420 -24820 808 -20104 6537 19537 -25204 25789 12501 6772 -3201 -6112 17664 -9132 19168 10502 -2891 -3363 -1529 -602 -26953 5917 -17317 -12325 -3847 -1129 17283 29575 27806 -24725 15317 -26861 22792 -31159 -16188 -2545 12541
-14869 22444 16324 6433 -5278 -12674 6913 -8360 -30728 -25345 18217 -14370 1175 23081 -25871 -27465 -31445 -22351 27372 -5030 -17952 -20820 -811 -29094 -14508 22676 11170 -14903 6866 28729 -3965 2553 -2340 -22819 16691 -13081 22523 7330 -31146 25655 21790 25426 8640 7437 1778 19707 12381 -31818 -32500 28569 -20641 -1033 -2829 -15112 10684 29528 30531 -5715 -17298 8464 -9474 16855 -8573 24909
2816228166
-4854 32550 21342 3245 -20120 -11466 -20146 2095 -10690 12461 23731 -5169 -12306 28845 28390 3398 5179 -17963 25017 25959 -16762 2220 7639 -22384 29790 -22030 -17244 -28944 15847 -15446 -26266 12966 8826 2233 9151 -25726 -8958 -9798 15051 -8712 5570 -3596 10869 21816 -18633 2519 -13645 -18959 30046 22276 64 -31334 -24011 24976 -13960 -12083 -2454 -21112 18923 15656 -21278 -4533 -16125 4853
-166 -14560 -24390 -2265 29504 -5797 31636 31707 13331 23329 14037 29895 15282 12944 7571 24335 -14754 30711 -11418 18708 24857 -27093 -7354 -7190 21564 -4302 -21511 -28788 -1918 31143 30365 -30674 -28038 26381 7401 17350 23215 2454 5016 -7352 5532 26172 9486 -20114 -27078 -17105 12643 15099 20981 -19011 4911 2551 -45 10763 1278 -9933 -26603 5593 -21909 -24763 -16320 19646 25162 21909
-3307707749
32031 -3280 -6149 19860 220 19591 30566 -3433 -27084 -23779 -2719 30010 -8468 25983 -22716 -32082 11073 18962 -2616 -26670 -10635 9823 -3821 13003 -6753 -7488 14111 1832 14757 7404 -21563 15796 2292 -22329 11725 -32183 2731 5558 4959 -15909 -31161 10047 24165 -2715 -19296 28405 -3368 17345 -24036 22915 -2306 3551 4570 15751 25319 7901 8251 25485 -31479 -26657 -12865 5256 -21715 -10478
-7273 3182 5181 -7845 14199 -1485 -24652 -7273 8081 21424 -31068 14034 -5597 -5207 18982 31327 8764 -6445 31945 -23301 -13845 -30205 -4963 -31695 -5911 -23624 -26963 -32706 19610 -606 -3784 -32336 5306 22870 22992 29122 -4887 -16497 -31089 4436 -15657 -22770 5429 -20070 -10604 -22560 -16228 -15742 -12694 -21542 16088 516 8738 13995 -23166 30782 11404 -23806 -9127 -17502 -21383 31156 14064 -26478
-4690496938
27402 27759 13505 18907 26109 -32577 27618 13229 -3398 -29149 32202 20326 27430 -26252 -11036 7551 -18349 4602 -27076 1494 14442 -27408 -3620 -16071 -21359 -1930 -30564 23801 -7545 6258 -6824 -13420 23743 23369 -27958 18167 -17950 30177 -8463 24631 -13917 -4542 8836 19323 -5486 18158 24150 -20315 -26095 -17280 -24380 13689 26835 -22728 3354 17768 -16168 -16339 -32538 -3033 11689 -19151 21070 -3100
-1888 -31523 -12216 18067 26055 -3025 20766 -9292 -6013 -9933 28350 -8098 -26218 22891 -31635 25749 27442 -11274 17286 -15514 20613 31531 -14236 -20292 29810 28408 22579 18079 -21346 18889 -7731 11313 -10273 -9414 -24447 -22639 -8468 20461 -22319 1113 20523 6288 17989 -14836 10998 12953 22544 -24687 -14461 6296 14516 31583 -26799 -29069 -22436 689 17976 -2035 32246 6560 11965 -25818 -17242 -22352
-433350399
-11644 16037 16212 -17974 31683 29041 -2365 -21376 4892 -28732 22745 24882 -14917 7855 -31598 22059 -27172 -67 -9918 -10427 14760 32482 12340 -25346 -22789 -23569 -8674 -18096 26855 4329 -5207 -24083 -11816 -19351 -20614 5859 -7919 -26755 -10930 27272 27230 21765 -26089 9974 -2979 -17199 -32748 -4089 -171 21661 27056 1312 32637 26753 9740 -29720 -24307 25571 -4174 -5224 30422 27569 23513 13187
1920 -3089 -21584 15619 8893 6114 11235 -26925 12070 -26674 -22817 -28556 -14529 -1837 -15692 1664 20748 130 -25747 -1644 24835 -22640 -7461 10717 -5122 -26115 -24018 30210 -27617 -6749 28761 -5241 -24656 -22382 -15377 -6673 2628 -24531 16648 24290 15484 -19171 20092 4592 -6124 -26132 6082 3921 5110 5042 -2048 -15431 -25133 -12499 15836 -23902 -16305 -3582 -5544 -4008 -26255 21082 -12735 5564
756856855
-13041 -22609 32008 -20686 27231 -8773 -1484 28421 -17651 27049 11326 14374 11048 32051 8781 8277 2315 5096 9310 -14436 -13967 11279 28876 25283 29220 -285 25448 29153 -7744 -21084 26221 -7155 21227 32717 -10503 32270 -15432 -27813 23930 -27565 3558 4646 20938 -30205 4773 25004 17741 7357 -28303 -10371 10424 24072 31697 -27820 -22475 -30473 23172 -18697 17796 8921 -19330 20254 1168 -18884
3677 -30902 -4787 -19241 -1165 -28829 18480 -27782 16135 -20549 3247 -26620 25589 -22192 -27226 -28510 -15944 -32638 30711 -14887 -30723 -2638 10678 -19273 -26844 -32302 -641 -18287 17040 -9206 -31143 7906 21123 -25653 -18300 -23408 -12068 21374 -25043 13875 -4904 -26540 -5713 25823 -19441 -23251 -24847 -10854 -7311 22826 -253 1936 15401 -31151 20696 7077 -877 -2951 24016 -25790 -27991 30467 29563 25624
-6358189331
7270 -14717 -7748 -18320 15245 21823 21784 27240 20454 32378 18586 30729 14149 24294 -14327 -12479 8496 30175 13203 -30928 3738 17092 -24750 -28137 23174 16981 -17835 26119 25051 -26916 15352 29699 25642 12111 -31441 27784 -9387 5258 29052 -14465 29942 3724 -27447 -15150 25937 -28664 22256 13571 32304 13069 -25672 3086 -17534 -8041 -20822 -1960 23358 -17249 12779 20503 -17507 17604 10767 32227
26369 -6183 -31126 -4499 -13989 -16726 25206 -5272 26610 11586 7120 22954 -31838 -26964 32376 -28519 3162 -22190 19486 26485 -5230 -4739 29762 5054 23110 -23403 -16791 20694 9423 32720 3679 20362 18738 -2796 -7945 -10068 -8133 15467 15469 -29312 -25511 -18163 -8995 -24469 -32741 -16222 27518 11504 10850 -31421 -6827 31566 -5792 30570 26888 -8078 -7084 5569 -6372 22405 4485 -21115 28496 10347
1236753631
28873 459 31322 16970 14806 -16119 3618 -14457 -4983 -20357 -30277 29642 -31149 -12365 -31649 25357 12577 -2736 -14004 -4616 936 29901 -15882 6660 17139 -5074 -32171 -19181 21655 4259 -1661 -30408 -10658 -10520 -9165 29524 9050 -2909 8910 -7583 -11094 6986 14381 -4799 16399 14217 -4704 19156 12912 5101 22396 -25546 21493 -26454 27418 -16599 5059 -30820 -24289 -8234 -21442 -26071 24134 22661
-32347 14474 -29060 -16829 9515 19561 21120 5842 -16321 -7973 10331 26918 29378 14288 -4748 -16610 3524 24372 7065 -15459 -18496 -21141 4861 16178 10900 20907 -7821 -30714 1984 14989 -345 -11909 -18654 16912 19494 16845 1958 21488 24830 -11983 10075 5714 -20492 -32036 29093 4538 -3132 14105 -24349 -10964 -21840 -17732 -16273 -14421 -16261 -23889 10845 -27574 29899 -23483 -9187 -5674 31163 30656
742716247
18169 -18248 -18768 15298 -25623 -13929 19478 -6932 -13900 -16022 32166 -16232 4604 1314 1179 -25028 23774 -15368 -29563 -21125 428 29122 -23565 -23630 -4833 12348 16081 18373 -28563 21134 2811 -23534 21220 31058 12689 1301 2604 2783 17499 27147 622 -26306 13484 -31197 -7807 2214 19359 9449 15029 31765 -19872 -10865 -874 28594 -14637 -32369 5948 -7159 -1248 -1487 -26670 8699 -6835 13378
-3845 12407 18623 32229 -29429 31116 7542 -29809 -26596 19750 13761 -10780 9259 23792 15319 18029 -6266 19191 -2062 1702 31507 -21488 18664 18173 -9367 -6250 27176 27455 -6787 11975 21965 3747 13862 -7178 -28634 28523 -25332 4764 -25591 23619 18345 -6833 -31967 -20245 -8801 29267 -18514 13914 25307 -22774 17308 -16756 31955 -28912 30948 -23811 -916 -1563 11113 -27230 14109 2928 -24014 -779
-760024415
26305 -10328 -9237 -13734 26963 -28852 23639 20334 -24953 -31015 14669 18291 -23934 26991 -18309 -13564 -4637 31340 9172 -17330 -12657 -22546 -14631 532 -11896 32601 -8266 2305 -7189 13558 153 13674 29763 10701 23170 -2910 9157 -31018 -20401 1038 -13057 29083 21318 9023 -394 -17354 10017 -9274 -22140 21225 29432 -6732 -22322 -26748 -7470 29610 -26903 16975 -14076 -8902 -7243 -18353 29459 2790
-1440 8976 -24940 11824 -30876 28176 32152 20688 -30082 -22911 -2294 1250 -15507 24367 20931 28384 -20744 -16974 18623 25306 -10056 -1186 -32454 -7662 -27037 -15707 -657 -24356 7278 20879 20399 -30185 5884 -1157 -17157 17812 29718 -21666 419 13169 18661 -13082 7516 -8656 -933 -15906 14311 8617 -22267 -25812 -1875 6162 30346 -1622 -1070 -32521 30357 30560 -24379 9325 11988 20349 -13512 -13073
-1527635455
-17389 -1802 4288 -31308 16128 -14438 -31146 -31007 31910 19678 -24311 12270 519 -28390 -19630 24630 15752 18215 18778 24732 -2643 -28502 -20439 -21830 -11980 -2350 -8080 11323 -21542 6851 17643 -18423 6461 812 -19651 -12646 12207 16247 -14216 -32587 -25357 32697 6853 -29366 -31418 10968 -3713 -16748 -13465 -765 5885 -24277 31846 -19343 4951 -27877 30914 28532 30958 -27656 20001 2190 12712 -29210
2688 -23712 12737 26574 12448 -31055 4221 -18762 -1566 -15727 23898 29147 -25963 -8608 1962 18656 -5194 -25023 24620 17744 -31194 27961 30052 -23410 -9284 8741 -10405 13333 -32523 4181 -30608 -25890 -23922 21982 2303 14333 -2962 14067 31299 27177 -22119 31843 -196 -5038 -19252 22515 25267 -22628 -8683 4472 -115 -12732 -32364 7181 -13833 -14433 8217 -29812 7357 3560 3801 -32093 6757 5854
1348711942
-21698 -9308 -17084 2575 -12568 -32259 17970 -12128 -10785 -18212 -8375 14051 15242 -24536 11410 -2700 10424 -9794 -12680 -14524 -17628 16099 -4970 2305 18991 25945 32226 9114 -27110 10206 27869 -11376 13279 6214 -3179 -20170 13745 18016 -28394 10212 6898 3732 -28139 11476 -324 25375 -9152 13036 16348 24253 27655 -12877 14550 11213 8518 -13758 21645 7212 -19944 -9478 -2666 -8509 -4555 -3794
20248 -1107 9584 16489 14991 -25336 504 -19986 -31093 -27462 930 -8902 -20920 19791 -17986 -28900 400 7443 -31601 -20407 9245 27177 -6018 -14229 11835 -9167 -2650 -362 29972 -3092 29321 24631 22410 -7370 -15659 24205 -15965 -32354 -13135 -21849 -29229 -10703 -16034 22375 12652 -2469 28660 -17450 26302 28781 -9118 3309 7123 -25858 11987 18343 15448 -9000 31751 -3527 17726 30798 699 4807
-501587703
-20534 -1258 -13751 -24593 -17366 -9060 -10605 -22271 6387 -594 -25171 17547 16561 -29234 10593 -16782 -30929 21233 -26598 7722 -11772 5594 10947 -13776 5605 -29932 -32179 15472 -3516 26399 -31862 -9329 19736 14012 -7965 -31971 14602 -7922 -20677 13775 28127 12183 -19219 -18651 29216 -6045 -3484 -27218 8721 -30957 -4407 4056 -699 -23395 -9511 922 -3039 32552 -11282 18822 -6009 -15822 -29914 16083
18459 32400 14358 27503 22286 -26695 -31998 17733 -17914 23514 16977 10271 12775 -5441 18792 -1999 -26598 32098 -28446 -10215 3646 -26051 31071 -11791 -1773 985 26801 27978 -27605 -20542 15792 19918 -4315 8469 25861 32617 -6558 4877 -28857 24299 -29545 -27908 -29037 12179 -15444 15786 9889 -13979 -19615 -10663 30062 13600 -21107 26738 6361 -15685 -30232 5278 -15402 23766 9679 -29110 -5012 26240
-577853956
21911 -2556 -12253 20358 -15283 31321 30299 -23664 -17090 18053 -32 -14265 20537 4059 21638 -19756 6312 6499 23424 -29840 -8591 -29454 -19378 6341 21621 -9418 17565 27239 31808 -17224 -32742 -32059 29179 1009 -14780 -21857 -27971 31198 -4252 1421 -32103 -5415 1686 -6858 -21594 30689 25380 -9960 -25977 27703 30474 -8843 23810 -9631 24360 -16473 -13099 -9649 -7092 -18780 25766 17989 18006 25933
-21673 1212 31068 -27035 18527 8321 5735 24790 -26885 -626 -26151 -16592 -27162 27707 -25372 19009 -15242 28736 5311 17249 15545 -26066 -4147 23638 -24905 25287 17903 4977 -3654 -4645 11578 -16732 -8435 -11579 19256 -21629 27906 19265 -17228 -24685 8028 22688 -31801 -23265 25633 -6791 -27207 11980 -9632 -14568 25250 -25182 -4634 -28160 -22598 7050 -32511 22374 24215 -14720 19017 -10736 31436 22149
-2141850156
-6103 -22651 -5207 -21971 12522 15748 32384 25681 27589 12855 31429 -12906 2983 14348 17339 30587 22168 22879 7985 -27873 -14092 6686 -16871 -2258 21158 7283 -13051 18541 28420 -14669 -16969 4240 28374 393 15478 -10076 8129 11005 16235 21016 -16250 21949 30541 -12613 -26350 19074 21034 -16533 -28457 -3827 -4633 -8293 406 -17235 27760 23653 8327 -9651 8215 -23139 -17452 -28830 30323 -28229
-21655 13767 -8840 -18676 15369 -19408 -9131 23480 -4666 -18755 19025 -4064 -9224 20502 19691 10510 -6817 -15547 23839 -3236 27850 -9348 10036 -25284 20324 13367 -7663 -2140 23907 -29850 5144 4643 21354 27204 -4106 7918 7398 710 -23634 28052 -22041 4410 25824 -27481 -12414 -2715 6343 -12272 14829 28387 -2376 -20294 -12368 11834 6808 -26668 2475 29117 -7288 -14199 11552 77 26814 -23837
5762133606
22878 -20832 7671 21614 -20602 -2764 -4278 10228 31245 -1671 25261 3027 19542 6566 31156 -3184 12655 13505 -19065 -9417 -19583 -29935 -4348 -3561 -8877 27649 -21086 29808 7405 -15076 29016 29292 21013 -31142 22749 31590 3277 30134 21079 -25755 -3051 -6876 5619 22660 572 31937 11220 -11700 2913 -29213 -29547 11587 17649 4158 -16356 -20560 5011 -14014 6687 21067 -12080 7336 -27703 32120
27122 9423 -5158 31823 -14785 28752 19271 -1022 22009 -16817 -31304 -6954 28348 -12328 -7039 -5393 5307 -9667 -9831 5664 -2801 5484 6133 -3932 -29759 -16896 14691 -1996 -30414 -28066 17049 14963 -2097 -9636 15761 11768 17774 2101 17004 8327 -19791 2422 -28565 -27026 -5675 -17453 -278 13336 -2125 -16667 -19213 18985 -22145 24069 -7926 -20948 23035 -4229 -13741 17520 19881 -18576 -986 -5580
3151246604
-6504 -12251 18786 30983 -13307 11594 6426 1065 -23596 -8400 -207 21598 9262 -32699 -27581 -27648 -17448 -14802 6881 2579 25897 -11436 -12782 13509 20326 -4041 29032 6494 12031 -8790 16198 -5954 27780 20942 17312 1856 30725 -2221 11137 1651 -2294 -30952 -15971 -27727 15780 -5676 -17104 -350 -16235 22519 -32140 -21861 -4837 32278 30110 -9430 2178 -7413 9954 -8196 21618 -27506 28048 -31595
-24724 -21812 10294 29187 29329 13032 7898 25701 -19878 31405 30747 -3571 -26692 -21043 -30254 -4495 31475 -8808 31796 10692 2949 32723 4065 14661 -9870 15054 28292 -23169 -7095 -17764 29804 -23225 -18078 18767 11563 -3276 3515 -30775 -505 19725 2954 1826 2577 27474 -7607 -7808 -16477 -17012 -24510 -11844 27649 -19557 -24471 -22102 -20408 10520 -32167 28083 -27231 25425 26377 -5718 13147 29842
1054186284
26400 -26673 -19592 -22375 -20046 -31088 18019 -5044 -31750 32189 -32677 139 24254 22138 17977 -7572 26173 -311 26239 31951 5856 -2222 16078 -25315 -20879 -28973 20037 18533 -21204 2509 22438 -15602 17130 22535 -26287 -13406 -10524 -21961 30635 -14493 13245 14447 -7930 -6978 -11131 -10986 13185 18546 4352 -32646 28690 24588 9088 -23748 -9560 30346 17236 -2329 24864 32433 -30152 29476 -10991 5825
-8673 -370 23483 -15886 11943 16738 -8278 16573 -3507 11510 -23235 -6304 27487 12789 27108 29497 -32196 21196 9883 -30630 16748 -10288 23032 -1698 -16323 16192 -30552 10269 18713 -27183 -15245 -32215 26034 20202 17304 1625 -8501 -13865 30161 -25633 -8622 -12472 13664 -6592 31029 3710 -24119 -8635 -8435 32282 28368 -11348 14400 14616 16654 8909 5430 -21444 28255 -19014 -20367 31271 -14886 -15260
1320839720
6257 -19745 -15561 28343 24649 -733 26117 31658 -27902 24109 30322 -10280 -2328 -3942 32690 -31936 -29667 -13377 14196 -9886 22582 -23907 -21321 26006 5087 9208 11285 18396 16200 1475 4096 21079 -23091 1920 23892 19413 30414 5096 1307 29472 -2689 13836 -7056 20410 14593 -7231 -17831 24619 21401 -27149 19283 25465 20894 -3849 -30441 22985 -27066 22462 -10380 -24044 -9274 8707 -17643 -28670
-27627 10249 19317 23517 -12345 -13904 11673 -29514 1816 5431 -26232 -26982 -4412 -7264 21193 28465 -15579 -30224 -32274 -2877 -11886 1240 10188 22491 26929 -28654 30158 -3819 -17505 -12313 -13016 5107 -22704 -11602 10800 23948 7193 15326 -20926 4117 15722 5199 30266 22065 1800 -3223 -11461 22153 26280 -25482 31192 5928 -31692 28968 -1427 -19587 -5656 -9610 4956 -22999 1229 24808 -14625 17822
2752433269
4329 2818 14904 -16093 -12297 20950 -28337 8945 17133 -18811 -17082 -15009 2921 18332 -28055 -5303 -20310 -1159 -2839 23813 24483 -24424 -17931 27094 -635 -26569 -4516 -27418 -6915 5488 -27758 -12105 31363 13418 24260 -15378 -2582 -4764 28185 31260 -9275 18001 31516 8940 -23962 -32181 -3912 9114 -4865 23582 -9666 28126 -5399 489 21251 -23000 9773 22833 15963 482 10923 8859 -5527 24157
6474 4289 26888 10904 25116 -10881 -342 21541 13567 19875 -21680 1974 -31916 16751 -21262 -15573 -849 -19676 -10081 -14560 -29874 585 -3148 11556 -29093 28988 11439 13892 7356 -2318 -10018 -28503 13227 19962 1282 18452 32658 4530 -26576 -3460 -31470 -18056 10431 21761 -13872 6138 -1388 -13753 -22916 21490 30812 -32077 -23892 16376 11404 5288 -5488 11134 -31965 31752 23535 -8463 -30879 -11114
-817855142
16556 -27394 17596 14402 30272 18148 -17294 -21841 -22696 24503 9561 -12580 -12496 -31901 -27693 -11534 32385 -20517 28809 21234 7094 3185 21978 -15661 -26609 15654 -21201 -30927 -19909 26185 -18283 32550 -31914 18138 -4908 28358 13626 -31754 -4289 -14086 -8703 18285 5875 -21064 4481 13131 10056 -23236 3893 7092 17685 2930 15805 27061 -4338 22006 -18892 3816 -9986 20271 -32480 28817 31955 -12744
12983 -3447 31142 1360 -19236 14270 -9571 11997 4148 -26717 -21762 -19614 -31449 30936 -19122 -2278 -30500 -11447 -29820 6686 15087 -8188 28083 -9036 -1564 19825 -15016 -29008 24186 28227 32025 27450 18111 -16239 -28537 11111 6609 27115 27654 -2778 -25799 -29887 31958 18985 21130 10464 -5407 6453 19628 -31070 25813 31056 13609 5495 14528 8209 -15440 -17615 13633 -7456 -7556 -6762 15657 31287
411767431
6623 -26999 6258 -30507 -8961 -22446 -13097 23003 -7338 27389 908 -30021 19785 946 6639 -24995 -24962 -3243 -12148 -12179 -7580 -12856 16394 7841 -27051 4594 20509 19858 6854 28777 -13349 -21627 32191 -9082 23564 -14385 -4878 7366 16715 -6122 2795 4240 18904 -23858 12669 12045 -17360 -21313 20933 -24130 12325 -31460 22985 22095 -23667 -15487 -14545 -18606 -25933 -4458 -9179 12391 22247 7725
-20525 -28939 20730 7151 -27036 2933 -13579 25797 13545 -22634 16776 2829 21735 -16629 -8660 -7443 30096 20129 31393 4933 -24128 -9303 17483 13660 19486 10753 12685 26915 -5847 4184 25355 -27257 -16053 -27624 -1579 17930 -990 27700 21575 -15326 -26173 31766 -16488 27823 2117 19833 1558 -16267 3317 -17285 -10916 -20365 -13162 -21671 -22161 19886 19913 19163 -32744 31972 -14196 25319 27419 -18433
2518586174
-2406 19984 3388 -17318 -16635 20431 -18379 27478 30499 12038 18579 25605 29552 -7854 -16362 1332 -36 12994 -17262 6268 -4539 18938 -13937 -25149 -29129 7761 21666 23770 28053 -23979 6432 5569 -19570 -19720 -15480 26290 -12431 -28547 -20906 1351 28677 -21137 19076 -8604 13547 20665 -24015 19346 5781 29050 -22819 -30209 29839 10238 -10869 16066 -8389 -24211 27454 14719 -21726 31418 10953 -21569
2215 2483 -23108 14978 -8852 22735 -7892 6186 -17284 29750 1594 12202 -23308 8167 11619 26691 26010 5793 2470 16044 23124 7219 -21154 -9138 -12589 -1175 -8364 17857 4136 -18898 -29263 -31863 19514 30111 -3179 29286 -14321 -17054 26945 11006 31586 -19766 -2975 -23824 6226 26908 -11272 -3229 25206 -17938 28651 -18658 29951 32036 -6965 28620 -1810 -15276 27581 21706 2866 -12482 23483 -17550
6606975819
32437 8699 30241 -7110 -1636 -29211 26766 25268 -19888 -6673 22288 16982 17680 31448 -21884 26769 -9982 -3532 28208 -17437 6613 25717 -14216 -24226 -32391 3711 -10219 -3801 14418 -6791 14288 -13050 -30006 -31982 -6454 15061 -16956 24211 22659 -26688 -15652 -13994 29485 3867 -13710 -25010 31030 6289 23093 12502 3029 -27069 1918 18753 22090 -31010 -30153 10530 31231 20226 5313 8721 25063 -31709
-27265 -29231 -27928 -584 15177 25541 -31168 -31487 20410 2885 25548 -28252 5179 -3823 -4399 31823 -25981 -14446 2110 -13178 -23263 -6139 17689 -120 -23281 -32076 5511 -5040 -14516 2010 8203 7574 19273 1239 22090 -10250 -18001 -3115 19051 -10773 30735 -26945 -19545 22099 16173 21843 -29419 29926 -18769 -12779 1266 7365 19384 2849 -5009 10233 -12648 6084 3953 -7073 -15868 -20236 26297 20846
-6379551420
7217 -18264 -2199 -2620 12379 -24743 -32128 855 -6618 13920 -29190 9926 5966 16932 -28179 -31383 32637 11287 -6530 26540 -32539 -21382 28918 7328 -24337 11717 31273 -22412 -31631 -14754 24707 -10198 29013 13114 -28938 -29104 15139 -19340 -23649 -26701 14569 -12902 -3187 -1745 -22909 -28933 -25243 -3268 -3168 -23340 -30982 11850 1923 -25591 -30819 4626 -29838 -24802 8985 -3627 -27687 2303 10279 22591
-21764 31853 -15308 -30704 -5509 16772 4507 23832 -26255 -28088 -11252 -30699 28370 -2914 20304 -19669 -11026 29125 -7405 -465 -18567 -26811 -3007 21033 5626 -26657 -2311 -8247 -4656 24285 -26399 -11535 -24799 -22714 350 -15861 91 26278 1068 -9432 29022 -5824 -8228 -5102 18943 26154 20889 -29428 -30408 1142 21027 -19471 2135 1053 -27490 -11002 -607 18343 12356 -27739 31165 18517 29950 25702
-3224457192
-8824 -22391 26668 16361 -12811 1245 -22755 27127 -22151 16721 707 -14716 -24034 4197 523 29032 14513 32010 -1775 -4374 8209 26601 -5140 11326 32028 -1095 29317 27611 -28566 -10712 5367 -19501 3427 -25421 -10391 8542 -31087 -14082 22414 -31742 -8289 -14813 24235 21318 -26563 -9169 -10266 -18089 28126 -24309 -30335 14032 -16705 -936 9143 3425 21480 26378 -13308 2673 -25716 -26839 -6646 -10649
18556 -1056 -15590 29218 5835 -1210 28261 9588 24113 11720 28543 -665 -4726 19234 -17210 28868 28490 28127 15816 -32473 31687 -4690 5959 -10625 16860 -20106 -23275 -13121 22909 -22860 25149 -29467 8059 10268 -9704 -22728 -15275 7379 28312 25929 -22721 -15987 -17168 27632 -31444 -24369 5177 123 19410 -25131 7236 -583 17155 30541 17701 -14177 -15312 20805 -22924 4522 -1765 30308 17174 30249
2925025578
552 7746 -20072 -11279 -620 31600 -21954 3893 6708 20691 15138 3933 19659 -1196 17367 29154 26572 -21539 -3565 22015 30614 19634 -24028 26747 29235 -8130 -3977 11197 -3240 -31416 -13866 19931 5791 27303 6306 22883 15178 26631 6641 -18333 4850 17451 21649 -16391 2649 -26965 -11294 -30958 -10777 31353 10014 -25276 3692 15684 31090 -29315 -568 -20241 15684 26335 -31530 -20736 24161 -3748
12535 -22632 11958 -16179 11134 -18238 25214 -37 4218 -31855 -12360 23443 -26463 30694 15232 -28357 -18914 -3887 -9514 8854 -20910 -17094 23370 21223 23417 20428 -20523 47 -5085 -26078 -11362 3765 25307 -1094 6087 32044 -5440 31257 30649 -6127 -17642 7194 -31133 -11190 -7630 6447 10371 -30850 7485 28926 12612 17325 -6939 -29189 -7526 -23087 23003 -2488 8304 -17231 18772 -7909 31090 21339
-119978648
12535 -22139 -7268 -14040 678 1874 -13970 29185 2657 -520 -16358 -30692 8209 20146 11405 -20763 16845 -1309 12831 14205 9680 -20998 9657 14132 2780 32632 25250 -569 4408 13497 7205 -1001 -26299 -10997 13087 23289 28844 7791 -16060 13577 2421 24555 -31491 1841 -26348 -12175 5601 -14957 9245 -5243 -3149 14902 -8404 -13273 -6425 -4520 2743 29661 -29027 -1413 -7691 26658 24574 22444
27177 21970 -17349 28090 -22673 -23330 3615 19246 -24600 26069 26312 -7075 1185 10169 20335 -29092 14135 -14587 852 -31524 -15698 32758 -12153 24087 23512 25177 11276 9232 -19692 -19043 -18476 -1644 20406 -9305 7913 4337 2956 -26702 -20746 29323 23333 -1164 -11191 21917 12858 4164 10908 9542 887 -29273 -32149 32713 19762 -17768 4746 1056 6994 -17597 15810 28187 -19148 -20823 -12824 -31334
-623404139
-7510 -7322 4062 8806 17931 -4815 18808 6904 29940 29980 -3626 9380 -15261 30095 -15 24076 12276 28404 -20003 -24417 29277 8643 -14325 -20643 -9113 -1354 6225 25265 10035 6629 31672 11192 6995 16987 -1994 30604 -20114 -4167 3411 29725 12781 -9547 22602 -26439 -26862 -28270 -9914 22460 31925 13272 20224 15003 -6446 6203 -27129 2250 -3725 25887 -5810 -1775 11219 -14030 6555 -29396
-13917 24468 8980 8406 -14852 -22806 -12512 22386 -27796 -5003 -18108 7805 -27323 -12104 -5087 23374 21214 -23888 28326 -26212 20132 22444 1672 -17228 16501 13077 -26005 4805 7897 27444 -26505 11276 8164 5317 10138 16000 8709 -15664 2557 16704 -32114 -22125 -29751 -28934 4758 27221 30430 -17127 -19210 -14657 -6554 -30984 -23963 -19296 -4088 -30366 12947 27717 16137 -19399 12307 -23118 7163 23521
-1897562118
-11168 -7127 -31520 26510 -6225 23260 -7723 7775 -13918 16473 -28628 -3795 27156 26033 32598 19612 7720 30348 -10952 23328 11146 -26254 -12703 -7764 15325 -20408 32136 -21793 23736 -31362 -13674 31471 -22808 31400 -3672 -21902 -14768 2274 18787 -7337 -28666 27220 -20740 23616 27043 -18283 -6480 5214 3312 23368 19191 19923 -21033 30438 8450 31104 20333 -32486 8183 -30446 29285 13967 7102 22323
15080 14756 28016 5157 2611 9033 -13566 2832 -13240 -25337 -28742 -22425 26012 2580 -11078 10109 9074 420 -21874 5906 1652 -30895 -30823 -1480 -31608 -13312 30921 17470 23960 6332 4980 30685 12638 23505 -14368 1225 535 -10650 22780 -1728 -14225 11671 -6805 -9430 10542 -28393 -2007 -5239 -14015 19185 24352 -16322 13624 -24227 1727 8701 -19950 -13023 8722 -31016 -11758 -30021 17693 -7784
6291597223
22382 -6410 10407 -9632 -13238 22574 -9955 1468 -24502 -14504 4342 -11726 25835 -20086 -24808 3413 -200 -2722 -11602 29844 -29013 -4566 -24350 -1773 11302 -11257 19308 12212 -26068 22373 14229 7352 17173 18570 -7133 2982 -25878 -5266 14310 -12288 -22596 -32239 -22058 -24391 -27635 -26011 -21033 3031 -7967 -2273 1862 14913 18903 8966 -31718 17905 -13643 15930 -23522 12216 -30670 5734 9385 28813
-24728 20436 28789 14401 -8377 27096 18313 -28221 8894 -20869 -11617 -12388 6763 22999 -2664 9565 27971 17166 18534 -22420 7781 -22181 18393 -3050 -5760 -23457 -27631 4340 -8696 20018 1401 30654 -18635 -5557 3666 -16198 30806 13881 -9580 1658 -19356 2869 -1081 -6970 16703 27328 -10773 -16008 -12348 18114 -18693 -5777 31672 -18221 4979 -29280 -29496 22203 28547 2637 24102 26655 672 18950
-3107604700
14665 -32100 4740 22221 -16456 -28361 29881 14311 24620 22103 20070 20965 -31873 -27736 25122 14740 -462 -8723 -17912 21333 17852 -29302 5985 -26293 -11208 7033 -1551 -6574 -7514 -7808 14528 23377 7690 -2845 -19226 13580 -8738 -10163 3761 14286 -30650 -20876 5174 -1848 11935 -27232 27148 -12530 -19657 -11577 7760 29216 14315 17126 7340 -31628 31706 -12240 -30649 15638 -3280 1836 -3584 -29023
32655 18270 -30590 -31416 3755 25396 31019 -6696 20845 -21360 -7930 15809 -8049 -24021 25282 18651 -18259 -11685 9864 -30973 -19535 -29276 -16093 -18498 29844 -23334 -27679 1153 -8169 -32694 27393 -1517 15350 -25755 -30004 30590 17741 -19694 -7334 8592 18511 -22986 12877 -9225 -5918 8413 -808 7185 -26662 -9097 26597 -23539 -27826 -5571 191 -25995 24466 7375 -1596 26557 19386 30258 19655 -13747
4388971074
18421 15673 -26961 -18090 -16907 -3060 -2899 -23820 -15218 7527 9843 10251 14357 24326 32076 -787 10002 -25705 -9681 -9262 -18754 -20440 -9567 9497 1964 -13472 624 21709 7911 8220 16742 -16951 14260 10681 26797 -24274 10630 -17093 22054 -5703 -4317 14171 8341 26535 30855 11200 -3352 -807 11028 -10057 2632 -467 10964 21556 1310 -19547 26485 16798 5528 -27768 -23530 -32163 -2852 -8068
11776 1824 1473 -13518 9162 17698 21561 -10330 14642 -31364 -24159 -16427 -20434 -13507 29349 -32228 22250 27166 5172 -20731 -25546 -22877 3002 12948 -15019 29899 -13183 -29877 -17118 29002 4512 29631 1018 -11477 -21314 -4763 -420 12814 -27362 11415 -9174 21501 -12660 -23612 29683 -2534 21318 15385 8962 -3593 -324 -22966 -25502 3484 -19982 12271 6891 -7956 -30000 -15915 2644 -29293 28663 -18210
-896699559
16226 -13393 7125 -208 -12770 -5157 -11293 10393 23979 23234 599 -8353 -31637 987 -23546 10304 24530 13438 -2426 -21712 -15466 28881 18817 16103 -32171 -5387 32010 30687 12527 -13198 -5307 26760 -24557 -17821 -6633 27054 13499 -22521 -24755 -28975 -11673 21684 25424 -32093 13894 5259 -5431 544 12218 -31480 7260 13982 14958 -4812 -19706 -22357 20395 8013 -7783 -24817 -15769 4589 -13473 -28882
-5073 -25877 -7084 17203 2534 15934 -15131 -14047 -22199 -31279 -10458 -7005 -14371 27349 23246 -16398 -14738 -9125 -26790 -18280 -7139 -24119 -17061 15863 20693 13718 11470 -22113 12193 -2785 17801 -28161 10665 -2498 24723 -20493 8384 24678 14213 29714 18585 -16625 31135 17784 -14471 18591 23919 -11259 -16155 8901 -29868 -24186 6060 -17964 -16957 -23722 -25285 -4927 28339 23338 27195 1674 27716 14568
-9452880160
10159 -3327 19243 25153 30904 -13528 17869 1266 -25916 31850 -15815 -26657 31095 5316 -15856 -6489 -14385 -29716 -11581 13565 -30571 -26903 11728 17007 -19008 19994 -7310 -13262 13546 -10441 -21076 9022 -13931 -23060 -26232 4648 -30571 -2675 -24541 29469 -32631 17793 27615 11449 -27523 -13910 30563 -12320 -13046 28800 -18532 -3227 16446 -2604 12350 -28988 -7031 25927 11201 19669 31640 -19334 -31876 28567
9375 -4471 -32114 32580 76 -16739 -24744 24605 19954 30797 26285 -31401 10896 -17022 25908 -26447 16207 -22778 16697 9748 -30052 7590 2947 -13764 5407 1639 501 -20461 19593 -29566 -1994 -24073 -3559 32508 10834 -24185 -445 5478 -9692 4839 -29376 -25868 -19365 -11799 8746 6518 -20199 -9536 26055 31774 -12912 28356 -18828 -2974 1390 -24099 4041 20028 -5677 -18207 -7794 31815 13813 27154
1477505738
22994 -949 15574 28297 -3239 15760 9240 30496 -6948 29787 -7529 21929 20157 -25652 -27252 4721 -28822 11275 -22330 9815 6150 28784 -32646 0 -14189 -18034 -13526 -27571 4155 18106 -23288 -22775 -25920 10141 -28896 -14040 -25771 -6334 21150 -6504 -32563 20817 9200 -14871 6164 -480 -22809 -4574 27838 15999 32612 28238 20249 30981 -3362 -32501 15273 -15333 -29137 19620 30966 31575 8143 -4273
26539 5668 -12134 28326 -25328 21961 -22684 -417 -30380 26807 -928 -28099 -16618 28820 -30011 17132 1068 23360 14920 18063 -2509 -3403 25896 -4619 10388 -11211 17418 23274 -24394 -30882 -15381 -16699 8702 -19988 -3210 2286 -2535 -8065 -15843 -24713 -6674 10272 19282 498 28232 -20926 -30786 16915 -27655 -31659 1462 13002 25226 -14601 4656 26381 -17776 -28084 -20491 -19915 -27506 7514 -31681 4392
-1195885826
3261 21932 1867 -21996 -29647 -8999 -11588 21782 25741 -12554 -32020 22035 28042 -4321 -7122 18191 -31213 21225 28482 -3788 12901 29690 -25450 7436 -28931 -21284 -19582 -3688 30470 -23027 -25643 -5064 -23174 -21523 -12846 -11615 -10180 29250 -29162 -19120 -11638 -4074 21142 -18757 10396 -12882 7961 -18750 28648 -7756 -22633 -6492 8793 32193 -18737 28783 -32660 -13532 -19780 -16291 11364 16860 -1264 19503
17081 23157 14064 -24329 -32049 -32409 -5711 4548 1844 20180 24145 -14601 8145 -31911 -9483 -14177 13454 -28368 8831 6646 -12917 -4107 8436 24156 6990 -11317 -2223 -238 -18567 -16724 24054 2496 4941 31905 -29569 -20884 -9813 -7593 -18664 -14370 -29163 2121 -8207 31220 -25983 21448 20187 31492 16064 26217 28923 -20028 -29642 -12546 20246 -13509 6387 -4961 17719 -13773 -23102 -14338 7702 -16262
-4124812766
6135 16663 20903 -421 -11251 13993 -18161 17096 -6948 31833 30480 -6764 20419 -23655 18414 -28934 9316 -681 -6520 -20542 3469 14140 17522 4621 -25329 -23611 4651 -31575 -8660 -28900 -4972 26857 -19165 29003 13067 -10315 -64 -9854 24835 31062 -13297 -17292 3604 -27588 2995 -19053 24789 20610 18551 8710 3979 10324 17737 -15043 -22657 -22435 -26003 -29647 25052 -26547 -29993 13396 21110 -19138
6904 17972 -24403 -32352 19843 1011 -10984 13911 8372 24621 30888 -22874 26378 12867 24696 -24072 -2231 -27506 -26467 2531 79 18397 -24999 -12624 -29252 -9269 -13753 27436 30673 16931 13860 -30857 -15478 -28329 -19329 -20550 25674 -9257 31971 2824 25539 -5952 27718 2064 -1696 29257 30171 -4107 31610 -30493 -1395 26282 -3764 -15289 -13987 -10508 -28741 23114 -15734 -22523 4516 -19574 31625 6342
3569940198
24221 -7514 29232 23328 -12216 12334 16248 -11274 8889 28821 8016 7308 24201 24641 1639 -7171 18572 21704 -17225 -15451 -19223 1009 20421 3294 -16421 22073 -2097 -16655 24653 -6685 11888 1277 28357 16897 -15838 5795 -16112 -26750 -20318 -16060 -5755 32657 24773 -21491 1752 -20890 28402 2377 12474 14038 -781 27277 -28667 12026 29741 -2056 18392 -15644 -11585 -9263 -14794 -5736 11882 -1576
17891 -19067 -15510 8021 -15030 1332 13152 12371 32618 30879 -23209 10532 635 10378 1322 -118 -3236 173 -5276 891 -21659 -10099 -19032 -14105 -30038 3108 -13212 2581 11681 15800 30234 -10558 27485 -17164 29812 -6791 -10553 -32371 -28318 24040 -16100 483 6392 -25771 -22094 26727 -29235 20900 -2950 -22055 -10485 -15084 -636 -3952 -16010 28602 25336 -17225 -18551 -2292 22904 20256 21751 -16797
3129791998
-5576 -31746 5566 -11636 10899 28171 -12346 -5188 16026 15825 -10318 31292 -1813 10342 32533 -10783 -22807 -24467 26298 -19837 -9970 -23465 -30034 29560 -10555 9723 21009 26733 19595 -19979 17036 -8535 21731 8744 9258 -17600 17779 20238 28597 -15734 -3186 29682 -21271 -322 -16170 -9104 -2946 -31424 12437 14679 25424 -23680 15754 -22689 -4858 -3332 8533 -4854 -17735 -14019 -6626 -19093 9098 19509
-2200 -12116 9724 -24803 -2576 -28378 -5101 29815 -23982 -25795 25219 -17456 10285 -4816 -10306 -15317 12909 24319 3244 21185 -25190 -5666 28528 20253 -25563 -26667 29008 -32496 -26177 8901 -28869 -1005 5146 -32336 8860 20224 -30659 29335 14471 -24118 7035 -8442 24063 -30362 -201 29950 5100 -30097 24436 -32482 13305 10291 32597 26045 7625 -32326 23607 -18354 -32704 -7410 -27740 -20454 -9820 5865
-2766191501
-19788 -6586 9633 31231 3532 -25221 32064 20325 -5668 15417 -13763 20572 -13328 -27121 -27210 25946 11136 4303 -20503 10141 -13970 -7541 16432 29413 19072 9827 -18254 10390 -7366 -5129 -22443 -3586 -21817 -23813 -28199 24315 -18125 25374 23579 -25328 10123 -7069 -10704 25791 -19882 21571 -18988 -30937 7435 4248 30862 -4176 22416 -19560 -30735 16931 -10597 31385 11842 7574 28646 5082 -24330 -26742
25292 -30608 -26412 -11696 -338 -12566 2202 8023 -3526 -14109 -17127 13388 -15253 32428 -118 11361 -31876 22037 4164 30258 21825 11915 229 -11141 -30147 12285 10273 1428 15854 -11514 25146 -20237 -4006 32322 20367 -32435 -17460 -16324 -19168 6336 -24917 -20362 9772 -12177 -11624 19102 -13304 -9507 26227 -20788 12505 -8020 -25720 22186 13360 -17008 -32436 -14120 19177 -26691 16415 -23227 -12135 1709
-5115824969
27343 -19159 -9387 -30948 19048 13510 20843 14028 -1658 16409 -8953 -24877 -3377 -22987 -13425 -8436 -24992 32292 21436 8416 21051 29294 6696 24501 1871 12488 -4369 24851 10072 -18572 -9959 -9139 9506 8280 -7313 -29809 -31732 -5878 20005 28716 -30712 -4079 8754 -14457 27519 7642 29746 1101 16764 25422 29620 25483 6985 -17772 -12352 -1134 -16465 -25893 17889 -4719 17672 -401 -25530 8145
31405 15177 27952 7824 26836 4367 17564 -24686 5308 -7033 -25676 3916 -12983 1525 8179 28999 -7626 -530 -27082 5454 -19016 -9355 25643 30910 -30663 12840 18183 -12890 16046 -7928 -26454 -1421 26505 -30363 24009 22265 -25767 30945 -28266 17591 -2221 3427 -27953 -8597 3819 26000 -576 -25242 -28804 -22645 -15769 17570 -7133 -28180 18812 -27739 -26690 5011 -19991 -19673 -25196 -4040 -255 -28496
-1024744820
-20979 18748 20451 -30389 -28656 -13768 -28550 -22407 -29482 6183 -26209 3822 17901 -25801 -21225 22620 -8525 13168 -2399 -9016 -6253 -17213 9216 32446 23933 2138 -16705 18997 25927 15149 -5332 -8450 -21368 13182 -26347 -29382 32113 30810 -27549 12545 -11922 20902 -23425 -14899 -18906 -6484 -4290 -19382 3523 26702 -20005 5064 19474 -3400 13439 -25078 -31534 9983 7636 -10802 -19564 -29931 -29806 28188
22377 27354 -31650 -23974 13123 16205 3921 -5756 31178 -16996 -4341 20016 -8986 31715 10489 -15301 20464 -25265 21048 -28263 5424 12460 18445 -16744 -2827 18771 -18372 -5311 -23658 8910 -21504 -7242 22666 20172 19287 -29380 -6944 -29923 -12180 -29210 29473 1792 -31748 13883 -6146 -19327 21784 22972 -1038 9426 -17501 -25579 9501 -16410 -1259 -31974 4593 2369 -9407 24567 -11078 -11823 19289 26059
-3235118788
-145 9025 -29609 5622 29422 27065 -16713 -14598 4514 1167 -31000 -19640 -20828 -30215 -32569 1855 -21510 10180 -3947 25755 14216 17365 -3289 23871 -32358 -13510 16043 16467 12627 20560 -31802 -645 -31457 -16632 -23764 32177 -11850 2384 -9089 3317 14882 4288 -3565 3820 -19483 -28518 -2598 13307 25833 18314 29939 16176 -12525 21128 -28848 2864 20323 -6261 -22946 -25115 19042 3216 23755 19943
-24927 1437 30749 -23694 27457 21883 -5258 -27249 16507 -24305 -22322 -3645 23117 -16553 13969 30444 -32611 -26760 -4822 13114 2604 28615 15848 15556 27507 20769 -26689 -3831 20864 -2153 32727 -18309 10852 2434 26749 24810 29850 -29485 4047 13269 13099 5649 -14713 3266 -31283 8403 -13959 -31070 -11149 1346 -20566 16019 -6762 13082 21604 28762 30665 -26203 -26992 14878 20615 -16954 -32340 32646
550690290
4859 25936 -28530 25985 26362 20961 -11596 -25252 -26309 24628 -12465 27928 5202 16356 -12073 -25895 31234 -10728 -10072 17398 -20444 19908 21871 24556 26796 -11865 -5213 -27485 13433 24699 3640 -17823 -11831 -2380 30388 28248 20781 32441 5741 27960 28053 28168 22993 4858 -17955 -3711 -14367 -30741 7605 -31370 25671 10530 -20461 24344 2828 16117 15247 -22185 -751 29672 -14915 -15725 -27542 -18377
-17483 -27602 10762 -15205 -15451 -24205 -13881 -22888 -1551 -3817 420 26134 14290 -20974 22811 -5960 -14902 -6752 -10368 29496 -1734 -2931 12551 30601 21892 -10404 -1840 -22508 30910 -1125 -28350 3907 14570 -10125 -28296 -23122 32360 3740 32359 -6355 13352 30905 25203 -28819 16847 14864 25584 -2403 24798 -27033 -13245 6196 31281 -25413 12058 -8423 7517 11381 -32756 -21771 -17227 -13271 16798 1249
179541580
-6330 12943 -8054 -9918 -24605 -8417 30549 -2967 -4805 -29238 -3575 28161 -16027 16048 10478 16730 -30976 -21427 24997 30191 -30395 -8223 21388 -27646 19 -17639 -23211 -21341 -17591 -9984 -10498 19285 32597 31440 3926 -669 -7568 4761 -17737 -13312 16081 -9577 -9042 -4426 7487 -31035 31453 -29111 -10125 -26074 29703 30671 -11925 -30914 31811 27180 11248 -14834 30922 -32745 16357 16197 -460 31686
-26482 23532 -27849 -8032 2305 20701 -7325 28632 -15019 4828 -25827 -8788 -29985 -15719 11106 21237 -29383 16546 3855 6965 32638 -125 5983 29385 -16450 -5656 -12365 -4229 -12309 -16023 31786 2210 -18143 -3394 -715 -24062 -23375 2962 -15509 12089 27381 -18099 -17688 13595 -19211 21647 -10928 -22001 4276 -4341 -6581 -22153 -26027 30774 14633 2394 20305 -22356 28208 30351 -2691 -16070 29071 -3504
-629560185
-3447 -19557 -8146 -18558 -23926 9220 16025 -1286 -14458 -12016 -2193 -23314 -9260 16708 -19679 -3609 -26784 8371 20347 -20069 792 -8650 -3604 29238 6353 28611 -10645 -9738 32455 -17929 -28495 4081 228 3047 28242 22713 6446 8543 -32240 17802 -10266 30376 -11664 -32087 29620 1047 7166 10013 -12407 17266 -30329 11411 14194 15838 -13764 -13115 26394 23393 21840 21598 13708 -31156 7094 -19578
4736 -8672 -5297 28616 -7641 5082 7422 -9698 7162 -15574 -13445 -21519 11819 5204 -29999 -2042 -24116 -19463 -31921 -17479 8327 -439 13827 30827 11867 -30005 7520 23640 -27421 -18255 -2731 26694 5868 -5481 -25060 30860 -8975 28397 -18867 30781 -17381 9072 -20689 23910 -29948 -30672 -14600 -7801 -28127 -12931 12479 5610 -3614 17826 17037 -25251 -30425 30887 -3693 31328 -2750 32300 -5208 -5305
615676363
-13888 30612 24156 -22804 20679 19619 30899 -26603 -19686 4789 8111 -612 -25119 -30893 10866 27022 -25643 5751 -17165 23555 -9018 20963 -1045 13553 7079 -15043 5218 28894 -18060 -17879 -24431 -17642 16112 -2163 -1067 -11884 -10136 -13082 -12626 -19913 22102 16557 6935 -26502 10550 -5805 -11529 -12312 11838 2048 10125 -223 29039 28093 10477 -14817 -2183 -4014 2837 12482 7425 715 11389 11857
4980 -4313 -31536 8475 4012 4437 1035 502 30890 -12002 -19144 3544 7190 -28694 32364 386 -30279 13702 15468 -8778 5819 -5654 5725 5871 -24137 -3750 -20849 29294 -27009 7944 -11044 26558 -12853 15801 27016 19931 19744 29311 -15899 -29205 -21948 -16706 -1800 12912 -9348 -11256 21773 -17612 2263 -24263 -5126 1916 -21776 -1986 4451 -12674 26398 11595 21934 -25136 23968 -1478 7112 -23703
-2066764961
21458 -3722 7096 -7741 12003 29394 27759 -6558 1957 19034 -9859 23633 10631 -20523 15708 -1717 -15601 -7161 20372 30336 -17573 -30264 24004 -4236 2814 8765 -18861 15634 -30398 28705 30481 -10901 6787 -10712 -11580 26943 -30231 -17524 -13951 31828 25305 -16250 22192 15424 -15633 21466 22062 -30034 -17849 22371 17527 17737 18353 6316 3037 7916 11697 12395 29401 -9523 -26743 15334 32501 -10986
15018 -32105 16543 31444 -3143 26770 952 31206 20484 27059 -16866 -4168 5865 -28118 29824 31017 -32528 24696 11109 -32133 28503 -21009 2901 7824 10224 22426 -24927 -1848 -14732 30138 23791 -430 12529 -14614 25047 -28842 -2279 -21829 -28716 -26494 4575 8909 25407 -14141 -19611 -7329 25154 20333 -13686 29414 6292 22299 -9772 13388 -13390 -22391 -1305 -18765 2182 21018 -17973 -8045 22579 24329
6156038199
-22832 7953 -6899 4829 -27203 -7354 -841 -5649 27521 -20346 -22689 -32208 27390 415 19913 -25557 27845 25632 -24254 19617 30646 29550 -3043 -2659 30303 -11689 9429 -24592 8068 17713 30738 -3786 -15087 -7132 -13738 -18264 -752 -26717 -32410 -2915 -19299 15467 -26362 2890 -14611 -32249 -5274 -22510 31028 -3173 -7764 -15370 -14160 -3025 -20275 -26466 25948 -12013 -20810 22055 -26472 31441 1440 -12902
31545 -32303 19551 -10135 2805 -651 12031 -18577 -19315 -5612 19175 -30487 -7348 22686 30763 -10477 13593 21141 11056 -8262 22059 -4514 -14311 14091 8483 -20335 -27850 8779 -24732 -833 24348 28717 20277 11441 14425 -13044 -20340 -3891 -15968 -6152 3985 15728 7791 -26219 6634 -28271 3213 20090 16015 -28164 -32238 1752 -28214 -10521 -22619 21894 -21477 -22842 15451 7913 2331 26906 -8157 32106
2747412395
21573 23015 325 -32695 -8745 237 -3422 -31943 -16818 -16416 11523 -26217 -6444 -5057 -32057 -15914 13717 -27888 32486 26651 -16492 -21736 -186 32406 11259 19779 21754 19999 15098 -30086 3475 23266 5492 -3354 -26924 11137 -25818 -25168 -6724 28281 3940 -29056 -15067 2595 6464 27287 -22555 2289 -19697 -4822 -2424 22974 -3302 -5164 18150 29074 8467 -16941 27792 -17026 -1936 22488 14367 28914
14662 17044 -19398 12946 16120 30999 9734 23446 27194 23108 22332 -3336 -16007 -21966 -8773 -9186 -32304 185 -11442 14976 1069 3358 -20969 636 7398 -27481 -6113 12727 -15791 -26997 27035 15951 26770 -12554 25337 21729 31227 3064 -4405 23323 -19618 -11628 -10721 27523 22112 -32667 -3223 19696 29446 -27238 29443 4800 8786 12873 -28753 -30603 -29400 -3180 6024 16580 28419 13329 12757 5147
-2506182782
-12264 -23469 -6819 11971 14889 675 18814 15985 24636 -20768 27222 -19811 -9294 -10655 -20850 -31175 17677 16276 -16315 -27180 23684 -1805 -10226 -29076 -5896 3173 -8506 -7000 -15583 -7902 -28327 9370 -2272 -19571 16936 -27677 -27512 13202 14683 6704 30632 -14105 21392 19786 2289 19253 -27340 7265 13935 -28947 -29616 -23238 -23459 -32260 14587 -6388 -32608 -8456 22221 5791 -21752 32300 7529 26897
1110 27096 -16893 -3108 12582 29877 22065 7498 -31822 18126 26913 14955 -3290 30981 -16611 -11859 -26385 -15650 16790 14475 9001 4004 18763 13191 -14819 -9111 -1326 22252 -23295 -28905 -28228 -28271 -5991 14663 -909 2714 -19961 9984 3722 4485 -16448 23403 4697 21397 22984 13847 -27930 23702 12432 8636 -14453 12329 -20573 27324 -2668 -16676 32375 26666 3061 -28735 30803 2494 6895 31001
-857424214
-20363 26119 -15535 -26490 -19833 25196 -15707 -8455 3262 30905 10280 17341 4037 -15760 21087 10963 -5420 20796 2624 535 -2898 -16442 -26945 -21864 -15724 3406 -627 -17784 -30550 9896 11472 -12789 -17239 -15813 16044 -6702 29092 -321 3177 -9191 2145 17375 13835 -28496 -7623 -14138 13854 -6604 5232 -19386 4936 28147 16002 -6707 -3339 -28122 24541 -3647 12160 -25072 31007 -31103 28206 28594
29070 1226 16437 -18823 -26149 778 20279 -31443 12092 -2332 3798 -22074 21180 19405 5066 24713 -31752 -19474 16851 24541 7120 -22329 4368 11956 -13634 -3323 -27589 -6878 9926 -2444 20019 7994 25651 20911 -13434 6091 -18596 12262 16570 29071 -8433 -24523 7140 -21697 -20312 -12152 -9575 -19627 -22202 26105 24482 -8830 -32218 -8169 -1570 7185 1984 19894 -6609 -17213 16127 -27055 -26256 24818
-1077277149
7235 28265 -25758 17831 19572 -30441 25898 3527 17293 152 4992 -7113 -7799 13335 17473 27883 2953 -32036 25207 -10306 20937 -12115 13711 17642 -30968 25999 22046 -12749 -22659 -2892 11853 32521 16656 -15545 -18488 -5870 29359 -20475 -5027 23320 333 4810 25219 28215 -1289 13482 -25258 20839 1887 -22196 19919 -12067 13095 -6983 -16733 17999 -17759 15831 14117 11515 2579 -12496 -23593 22333
16322 -20928 25073 -25015 3780 548 -28144 -24337 10127 14701 13572 -26462 10551 -8786 -19652 -22745 32171 -7272 -27809 -15456 -26770 -1626 26475 11861 -14399 -13422 9315 -24741 -26331 3160 8283 31254 -19667 -1246 15354 4832 -11034 -1133 2903 -32243 -11014 -21676 -18733 6074 13464 19926 5962 -21221 18326 23777 -10082 11792 25646 -8198 27167 -18012 -24884 -5338 -21278 -21966 23821 -9784 2764 -31109
-5361219230
-21407 320 -25876 -24700 -1917 573 -23399 18736 -14097 -13874 -24990 1641 1322 15390 24650 -29272 22302 -26458 -16160 25693 9243 16747 -5232 26633 10921 18877 18969 25013 30984 -13726 21916 30336 16673 -8738 16277 -4097 4984 -6931 -21189 5294 26617 24055 -27266 24768 24139 -2963 -8000 27793 12612 -23582 9254 -18555 -14543 7947 28517 10237 11449 26711 7565 12275 3648 18018 -26703 4314
7434 11365 6016 -28705 31512 -15908 15842 -30680 -20158 -31192 -4154 5663 24521 11168 -16356 -7288 -23072 -28274 24502 -356 25846 23325 -4312 11879 -19217 -9801 -2828 -8409 -24060 -5231 21322 -8975 -4317 3771 -1260 7867 29876 -11049 18895 -15085 -4122 -5991 -29476 29580 -30242 6255 -26341 4262 18693 -28898 -15102 31749 -1959 13350 -19847 3871 -15036 -4380 2722 28866 15362 -13484 29856 -18426
-843883114
8223 30702 29017 -18570 -32042 13263 -4243 5943 -25017 -14996 15509 -28213 5414 -13761 18913 29961 -13126 12045 -27075 22016 28753 31797 13452 -2775 13187 -28463 -4287 -13077 3772 6268 42 -910 23106 31359 -4079 2589 -22400 30695 -13772 29973 -27773 3832 11484 -30220 26752 -32602 6587 -28007 -25393 -29620 29267 12061 16178 14096 -17132 26229 25004 -31027 7291 2222 -22174 21346 17330 -28753
-24476 -1631 -10085 28200 19244 -6582 10557 11735 -28365 11856 3136 -7705 -391 -31764 -25915 29170 32462 16529 -9507 29735 -428 10036 -6741 14682 -3032 -17638 -18079 -2886 -25483 19148 -25040 -19498 -4068 -29949 -6615 26390 -29722 -29969 -5562 10268 27838 -1063 -23459 31321 -13352 -23630 -17322 -21006 7266 28308 3284 2387 -28648 18797 -29930 8279 -25467 -14117 -14846 8282 -1228 -22163 18733 21610
-1962871409
15043 14978 -2026 16267 -13326 5116 19075 9028 -7940 28064 -16772 21285 -109 17201 29478 -6755 -30105 5940 12616 -13000 16820 -17254 -17007 8519 -30260 5914 -28899 22972 160 -29985 -19361 -21471 -17386 30047 -8880 24998 15917 -21854 -7561 30103 -15242 17773 7898 5644 7129 16716 -5026 -8128 12659 -23776 -14161 24470 -15009 -3603 -27376 -3371 -29985 21373 -11918 4963 548 -26388 27740 -17195
-11438 14945 -5727 18172 -8796 22608 -31646 18444 4683 -19618 -27585 -10880 3861 -18161 17028 -8575 9466 -18105 15048 480 24213 -26317 -18961 11585 -1505 6259 -21435 -11503 -10846 22207 10385 -2781 25776 11701 30366 22111 -31769 5068 -8554 -15460 29878 -31662 -1614 -12332 17933 -21603 6470 6775 10184 25426 -29073 12764 2874 3084 -25175 16002 18473 -22103 -10018 23262 13893 -7968 3164 -31201
-624343854
25348 -22488 20324 -17537 -27085 23453 -1149 32504 -9916 22512 6849 -16256 23296 -28858 13649 -16987 -19012 3978 21498 -5280 30955 1056 -7824 -16096 12867 26637 30983 9615 -29962 -11776 796 15418 10586 8581 -1333 -1773 34 -1324 12428 -29028 -23824 -9272 27334 17656 29056 5261 -9535 5270 -18541 11344 24884 15229 -2641 -3377 8519 2615 -16570 11555 7711 21221 16960 30989 25197 -24933
13725 -19962 30115 30550 -24762 -9123 -6907 29737 12031 -7707 -28012 15867 -29528 7492 -27513 5651 -19970 19928 27081 6164 26577 -17991 31746 16480 -18713 17906 -24923 -25896 28301 8395 -32533 14776 -18218 -21603 11531 19135 -11863 25638 -26810 951 26611 -6154 -32562 26894 18769 -881 -7018 25469 32401 21343 -6754 -4092 31883 2002 -25082 25915 7655 4116 -23618 -10913 15058 23226 23805 -662
-845486020
-16967 -11863 -10653 -31627 -26670 22924 20697 6524 -19312 -5732 4253 922 -21386 -9259 16338 -19402 -20077 31806 12438 -2612 -4643 13872 -4885 668 24000 -8643 15250 8446 -9220 -3889 -15600 10175 17448 15414 10382 15831 20082 21981 -15448 14486 -29085 -15699 -22186 -17930 -20847 6716 -12739 14337 -31686 3625 -1477 25445 654 -27558 490 7272 -5323 21344 -4826 -19191 -7601 -26890 -24141 8944
-24659 5933 15491 215 947 -9506 -25411 26195 -23257 -18130 31860 25492 17154 -5015 267 -15093 22418 -8029 18642 -4499 -13391 11730 -21713 13151 3115 -2421 23449 1153 25575 31495 -12153 -15224 -15573 26237 -26768 -5714 -3604 -968 -1094 26475 3726 -8093 -26233 1856 25403 23019 -29174 2143 -32168 -27859 8412 -3546 -3346 7394 -32390 23478 -18357 3130 -5010 -2498 4844 -24555 9054 -50
2355665137
13302 17083 1695 -1806 15033 -16073 -2823 -7122 22419 -17006 -25606 28468 -3799 -13073 -23823 2484 -10764 -29756 -21478 -12779 -7229 -32172 -23313 6555 22189 -8337 -17813 -10426 27280 14878 31174 28688 18567 -13444 -12111 -22318 28696 -17156 -26558 -17068 -24733 -14925 23479 -7434 19271 -9953 -9388 25895 11051 27410 -3836 28885 -28050 20299 -30928 -11668 -22699 22500 -18861 24928 -10370 18742 -17642 30183
-5417 24698 -28409 -21893 25635 27623 14237 26753 -18189 10166 27695 30662 -32009 -12149 25279 23857 -12829 23530 -1957 -22331 11164 -31532 19239 2872 17752 -5889 1511 -39 21130 14211 13718 4927 875 21403 2841 -11288 -8926 -27869 15006 15837 -10812 -17920 -14663 -30764 13738 -7404 26671 897 -16862 28788 1947 -26409 -5318 -21346 -30647 -24723 -11815 28985 9095 -28949 3416 21290 -8457 -5840
2593217931
8093 31066 7436 6724 27772 -18392 16001 19161 4589 -21622 3334 -6877 -18025 -20569 -26042 15184 -31337 -17018 5622 16202 2758 32755 -6939 -11330 1851 -9755 11587 26254 6128 -12942 6174 9219 10149 -3438 31018 -14604 -2775 23282 16669 32252 -20085 2469 23802 3200 -1939 -21971 -16706 -14678 4071 -11576 -24182 10238 2281 -8013 -8235 16240 607 -28041 -17609 -28808 27659 13793 3707 -1527
25555 -16159 19040 -6634 -1810 -31771 7988 -4727 -10317 23042 -1697 4526 27204 -15389 12105 -26893 248 386 31981 21651 9421 24923 19450 -7108 -9623 -25353 18539 6482 981 29374 -21204 -13880 -8115 -8779 -19333 -16083 -13915 -5237 31179 30899 -6900 -5690 -17354 22095 -8494 742 -31014 8780 -15349 1583 31784 -5033 -4839 8474 -8772 -18898 7957 5842 -11540 18602 -26390 -28111 8351 32767
-1476363789
-4457 290 -29294 -16956 -3807 -30953 -9449 20738 -20201 -6576 28275 17210 -5497 -21979 6002 -10544 17693 -29064 -15046 567 32645 29804 -27786 -18194 20067 2129 -9463 21874 -2987 -8073 30224 31818 -3459 -2 14587 -10261 -26725 -19833 -31801 22221 -2180 9924 10589 -22800 18967 -4667 -3071 -30674 11666 27051 -25785 1062 -8566 -11253 9128 16568 4861 16875 29359 27729 -16060 -20052 4151 -28438
-27339 15680 139 -20744 -11193 -20630 20736 9771 -1891 -8752 -2945 -23741 26264 32672 1804 -22850 21599 12632 -16 -22366 20174 -12501 23757 13369 11486 -22578 -8769 -22160 13685 -10674 -29352 24252 10235 -25127 -13004 3742 -22737 -21828 -8896 -9099 25060 27303 -1114 31903 299 -2964 -6677 -22554 29681 -4906 1965 28092 -1768 -9484 -7371 -31334 29193 -12216 -5192 -890 -21759 26863 -21112 12847
-837745706
13414 -10302 21246 -17538 -5675 2934 -24017 -19739 -6391 -31340 -26357 -26191 -21057 20781 25825 -85 -21019 -29233 -23516 25591 27369 -28426 6804 -9041 6164 17224 6987 -2426 4058 -31986 -2081 30068 -2580 24547 31808 -7240 11792 -29601 -30653 -2782 32481 32554 29595 -17299 15614 28765 -4977 -15575 -10987 16857 16044 30478 -20044 20667 5909 28085 -14484 -18792 13208 8733 -29299 -29891 3772 -15236
29270 -31910 -8963 15170 10669 14719 10016 24024 1001 25237 9253 6274 -18043 -23484 17853 6479 -18203 24515 -31413 17849 -10366 -30196 21165 -16211 17040 24783 23859 -3390 23011 22847 -182 2477 -11847 -19775 2494 21737 18379 -29598 -25431 -4155 -12902 19290 -9714 2906 32429 -5937 -9870 22279 8795 13122 -16249 25618 -30098 17094 21771 -1505 -11545 -11445 12985 10052 29786 -20486 -30567 25589
3374120944
-29265 -14108 -18606 23151 -574 31876 21802 8225 -17699 1772 6017 23478 25587 -13705 -17025 7505 -21659 -30477 10981 -6237 25505 -3978 29541 30478 -10637 -6622 32012 -1840 -28072 -10445 -21102 1941 -31293 -22151 -25666 2234 -17440 -8026 -11132 -30080 -10148 730 -29821 -27604 -26598 6661 22734 1692 7930 -870 17952 -18106 279 17412 16811 -27609 1908 -5689 -23342 6627 3484 23943 18580 16328
13322 -19441 27647 -16471 -4091 1700 -3267 29286 31465 -11762 -6351 -28478 16957 -10081 4320 -18037 -10435 -23877 -10597 -23770 27671 -14251 31742 -4714 -17098 -13313 32236 14163 10441 12636 11689 8884 29429 14636 13243 -26453 5258 -21864 4284 2319 30182 -1392 -6201 31018 -29435 29337 14434 -17421 -3478 -385 -14309 -31060 4978 16752 25965 20494 24458 -12172 15694 7207 19462 28510 -15410 27851
1235710545
6338 2743 -23975 19331 -23989 -15177 14078 11690 -18965 10023 -25159 20232 32563 -1042 -2874 16774 17601 14518 28399 1096 -31153 -9477 -29816 11470 30002 -20352 10140 -2668 31507 -30497 -6201 -2407 5500 -29626 6001 10320 -1809 650 -1627 -9835 -25453 -18700 -32425 8333 815 -21885 -17383 -29562 5962 -26986 23495 -20045 -28371 -11901 -1474 -28384 -21716 13439 -15818 5309 4657 1511 -15572 -3974
25496 20018 -6095 22338 -1530 -11708 9417 -18975 -19817 31838 -7837 -12597 -9936 -16934 -18083 -2888 -25880 -9344 22836 -14705 -1176 29155 -9763 -24769 -18892 -2080 -30571 -23320 -28546 9411 15433 10399 -2177 -29867 -26314 22544 13854 16017 -28802 -8012 13253 2348 -16559 -4664 5327 -1060 -23394 28999 31116 -995 -10041 14841 20029 -5961 9358 -11874 23200 3341 -18693 7718 -16710 27802 -11304 -301
-739907235
13772 13753 23109 -31108 -3966 15352 -25837 -11089 17617 -5248 -7576 -30957 12546 -11959 -32135 -19974 -11431 20434 -29849 6531 -14404 -24183 27231 20522 -3920 32070 -27073 9555 -21834 11111 5394 6632 -5493 -25468 -28292 21551 -753 -5568 -15597 15537 30206 -11612 -16605 -23183 -31984 23567 -1171 19968 -23110 32689 -20929 -6271 -14534 -13567 8560 -23486 -12105 -10010 -12219 -8508 25530 32687 11427 28161
-17921 3531 11525 29190 29602 -15412 -24444 -12067 13855 8754 -26959 -26866 -938 27852 6777 4966 688 -17145 18548 -29849 17955 9219 1517 -7635 19852 -11282 -20349 21573 -27763 -20968 27368 26588 -16496 16172 17374 -18270 -27427 13285 9763 30813 2340 -10809 12471 -29892 29619 27172 -23718 23846 -2109 15605 -18582 -7059 16436 -29809 29577 32187 -2833 -1714 25935 25934 31997 5113 11321 -17124
200009679
-4650 18329 -9431 32406 29433 -27243 -22682 -19475 26955 -718 -10949 20995 -19045 28058 13738 19419 8657 -25431 -1751 -22060 18288 -16366 -25917 -5049 25159 -19300 12656 -18808 6934 3404 11611 -24003 14137 1661 -6268 -23541 -978 -25248 -31056 28968 27967 25338 1974 3003 -3780 32509 -2411 22816 31004 15328 -10491 8038 -5382 -5721 295 10862 10344 30275 -30158 29596 16837 17276 11659 12210
-4332 -29556 -30126 3089 30011 5652 3789 13994 16499 13883 -10012 10291 -14216 11891 30241 624 -31804 18143 26208 -16421 -10186 -32691 -26931 32693 -18238 21546 -25533 26562 8265 -22062 -12160 15437 -24105 -1116 -23532 12227 8812 30972 -25174 -31609 -8328 -2051 -17584 26990 -32147 16325 7182 28236 9457 -7330 -17638 26147 30900 -27814 -14546 -24297 2821 -30124 5675 -29114 -19888 18915 -11087 8131
-1759579125
27412 -26396 24075 22110 -14378 -21688 26526 20369 -9750 21417 28128 27243 -16331 -30291 11543 24962 20627 17187 -32457 -19605 7254 -28909 11511 -30446 -24974 -10304 6418 -12147 -16455 -19447 29147 -23944 -19387 32449 30909 -20828 22517 -20982 24637 -17701 -32380 11613 -4166 -23843 28561 8265 21693 -1124 -31744 10973 23192 410 -19791 6676 -6175 -11213 -2855 31332 -15954 12496 12493 15419 -22191 21295
19256 2097 -22632 -23280 4972 -28284 28910 12747 -5434 29319 -28288 12001 26417 23441 -22640 18640 17748 7463 28622 7771 -25472 -30302 17618 -22810 7763 -22747 -21768 -12054 25264 -5375 16879 5897 -30124 -17041 -22203 10135 -16845 14690 9387 -15497 23390 -29169 24775 30774 -20811 17888 -21000 11372 -25328 -11486 -22612 22652 -24896 23092 3213 8961 -31488 -16826 4021 28057 8688 -25892 20412 -30155
-3399102581
21313 29330 -7445 18194 -26279 16117 -9959 -5598 -10279 -20990 18155 15787 4343 1186 24205 -15436 23451 21914 -23274 22801 -26629 13866 19205 16510 -18498 25523 14508 8265 -12162 5191 25655 5895 18683 -27813 -30372 -28529 28786 -30516 -29907 18006 -11742 22854 -18930 -17942 20232 27093 -27269 -4629 -20205 -9080 -5177 19809 3182 727 -7930 21328 27648 -17479 11746 14315 24058 29088 -32701 -7546
-10451 -4981 -27602 -12034 16041 -15719 7064 -8269 31949 -2307 -15828 16078 19557 30127 19468 -14442 2060 12167 -23584 -20302 -6074 8515 10115 -9426 -10489 31886 -16633 -8098 -8484 -11040 3780 12407 -4491 26700 25525 -12226 -18517 19160 -8067 4143 -400 29260 -2144 12665 -83 23842 19400 17112 19692 16804 22095 31326 -9851 15620 1551 5414 1425 26929 -11625 17550 7256 20082 23979 11173
-864454650
-15725 9877 25162 -17089 -18807 29704 -17231 -6638 -4056 3614 25063 -8549 -16114 -25154 1160 -20743 2063 -24791 16032 29632 -27390 -20899 28531 -5248 19897 -1499 -19271 -23279 -27766 -5141 24111 29121 23787 -32380 25146 9679 12627 -5155 28305 -16577 -9140 -28112 -625 -20608 29532 7307 24308 -1319 21504 21121 -6470 14288 -14111 31015 29140 8973 -6994 21060 6025 -1468 7648 -32199 -6631 -11186
-18649 -21529 -22546 22078 24246 -3966 587 -8047 -7554 30211 -15555 13192 -18235 -4128 7664 -1517 -12320 6290 31032 32697 -14531 17358 -14842 -17949 -30374 -7900 -25927 11615 -20179 -9701 10873 -17746 -26932 16370 -27377 -12412 11076 8283 -21443 23056 -23355 25488 -22765 2477 22578 28226 10338 -20000 11924 -10437 29173 29309 -22583 19871 -29408 5334 -121 21287 18708 -14332 -11237 -26087 11714 -1127
-932631442
-12702 12390 22941 31655 6931 11277 29867 13203 23807 -26291 -3821 14876 -29907 2509 23784 -13512 30374 -12594 19680 9688 17616 -21004 -16135 4962 31241 -4671 -31074 25575 -15322 22070 32464 -32357 -13639 14064 26334 -16961 -18901 -2771 8180 -27685 18202 24368 -28206 -27724 -25550 19121 -27414 -26940 -31563 7701 -23932 7514 12911 -9306 10154 -18838 3420 -19929 -11966 -28890 -24416 4992 -6606 27078
-18785 22943 7504 28589 -15847 4076 -11153 11381 -3002 10627 18531 -9685 24399 2216 16668 7511 12752 10457 -4054 -12705 -12395 17794 24290 25784 16223 4087 -18100 14325 -27369 25526 -11924 31315 21679 13357 637 -393 31805 -26219 29554 22188 -17935 -25464 2829 20889 -30344 -21078 -13986 10638 -19695 29977 -30660 7449 24580 23895 24987 2120 18786 17190 29651 -27701 -17435 -14533 -32596 22526
1728275989
3829 14223 -13219 9754 -19442 -1975 32367 21058 -14376 3951 8586 19578 -31937 8106 2474 -21284 -22602 11836 11235 -24588 2531 15380 8468 23683 -29703 -5139 24058 30613 -17969 -15441 -5447 18827 19371 -10206 3450 -20370 12803 17402 -29311 10194 -32126 6372 29791 -31510 -13148 21488 -16567 -26890 5317 32472 16262 -15655 16655 335 15710 -23572 958 22472 -2563 -2645 7491 -18965 6781 11961
3870 4957 23312 23984 -20918 -14105 -14731 3399 -26808 -22130 20318 6576 -27852 -30571 25329 -9705 -8836 31458 2124 -5897 2869 4795 -32508 -21814 20278 13094 -15897 -17723 30035 -21471 -25576 -30828 -27956 20431 -21392 11449 13491 27212 -13183 -6192 -4864 -31703 -23558 13594 -6248 -30501 13022 -1952 -12889 -30992 -25740 -23407 -12582 -23143 -2961 -8010 29323 29014 7238 6612 -25056 31992 -19318 1403
-4127926339
-28791 32395 14623 -1910 7995 5286 8534 20464 -2637 15780 21994 27355 -2996 14814 31768 28446 -10694 -19484 -17335 21471 -10517 -29590 -20356 -15867 -7864 5133 -9732 14476 -32301 -15690 18341 13454 -5708 17271 -1457 -31594 4940 2179 2121 -20612 9218 14999 25318 -15859 1316 -11771 -29964 3092 18502 -18605 16713 6924 -26847 8622 -16669 27247 10552 -30624 666 30029 3248 -11511 -13241 -24503
-2363 2857 17674 28063 -25627 -18416 -28324 7692 -31558 1947 21538 -32727 30855 -3214 19342 25077 678 5398 -31985 10318 25703 -8844 29231 -7787 -19421 -11322 -22241 1358 14222 -16293 2553 4698 -1102 -5610 -3997 31606 -20236 -16096 15648 -16660 -11394 -12408 8713 -4290 21201 -23371 8615 -29100 -31432 7638 4042 16757 15550 19385 24167 7971 -5600 767 -31466 -2172 -26915 15156 641 -22635
-470467630
-4541 -17405 -5732 14095 25640 -3123 -25366 -19437 -24273 -3846 10478 10589 7920 24068 -6445 -6925 -31505 1365 -8150 26024 815 30000 11983 -32709 -20465 27063 17399 2702 15413 3310 1484 -910 12582 572 -2913 -7066 -10707 11262 14439 -13335 5639 321 17831 -3544 -16334 3686 -7950 -16025 897 23621 -7616 24556 8623 20925 -11671 28269 9551 -27235 -9158 -18786 -26369 -25206 -20250 5262
-10322 -22958 -887 -6947 -13204 -25332 -16840 29833 30733 15918 2371 14065 13372 -11213 28534 18857 28319 23298 30259 -17039 16367 21878 -12403 18247 14354 -16142 -6778 -22849 -9970 -23048 19263 -28064 23934 17247 -16330 -23147 26357 -21415 1654 -907 25565 -12640 -12862 14606 -32092 -29050 30086 -1240 18320 -23051 30192 -19497 -28303 28013 -31081 20855 -25427 18143 -17415 11315 -19604 -12356 27293 4832
-4222471285
17240 3968 5991 4392 13439 -20509 -23130 31811 -1033 21965 2926 -27934 25943 -30289 151 -7891 19016 32166 -27115 -27907 26079 -20979 12541 -15995 10958 10369 30067 7369 24173 -20910 -18381 -21745 -3909 1794 -24716 28924 21193 15497 -4018 27374 11367 -6887 -16422 -10817 4713 22098 18383 -18922 29082 3614 4320 12160 -21150 5653 -10637 13472 13248 22218 -30211 30133 -31998 -18459 31233 -24150
-19810 18693 -27552 25052 11436 18658 18325 -23628 -25770 19069 20998 16813 30023 -6524 25186 -20530 -11439 -11689 9857 8151 15419 -10606 -13850 -23913 21046 -105 -1681 -6666 -5153 -19411 -30576 24136 -15207 -14885 29670 17163 21885 31946 16485 -10692 -21964 -5760 15894 19493 18045 -15371 21860 -15336 4491 22094 31763 31714 12592 2095 17708 -3785 16681 -15954 28306 -11352 15046 22766 -1884 18863
-2709689706
14511 18575 -486 22882 -21395 8609 10931 -9226 27745 8511 -450 20478 -3580 32761 -12755 -8850 -26568 31709 30740 6546 7253 -18689 -1459 12424 -31742 -25157 -32000 7536 -14281 -32603 14262 29527 -13545 23739 -23543 23479 -17229 19480 -16011 23145 -10512 -8315 -9694 27180 18989 -23775 -24926 8643 -893 17990 -16770 5078 20214 -6841 24140 22580 13412 -5740 -20605 23433 -26792 8931 7250 -942
1407 5196 17457 16967 32452 5738 14241 28291 -32760 3046 -8800 -19304 29633 29443 -32411 16469 -7862 27072 24233 20857 -11160 17461 -29807 -1306 32243 -23991 23347 -32446 4628 27870 31233 -3962 -2601 -18887 -19259 27175 841 12252 -6654 6791 10673 -23176 8494 -16903 -15821 25131 13858 24178 -17666 -22323 -14416 1015 -5957 26184 -15368 -25946 -6435 -7236 27429 16184 27041 28482 14967 -20890
-3188147230
-4742 -20181 -7414 20092 -32273 8813 6806 -28480 -27538 -1172 17976 -7862 -20712 15889 16642 18451 32743 6440 -9272 -1346 15920 -32281 30302 -14016 2823 -22305 11457 2459 -10656 -17006 -29027 2885 -8653 2630 16927 31225 -1589 -7458 -10645 14136 27280 11601 -10141 7663 23928 -1538 30254 20290 7549 -23934 -4074 -4555 17806 -16682 24184 13980 13932 -2512 31607 28411 1326 5335 14578 -3617
-4476 24912 11264 13179 -9923 -17300 3719 -29284 25763 -25999 -9025 -16666 -27347 -21680 -23222 23643 -31487 -17220 -20203 -8861 -300 28563 15184 16541 32375 -17654 -25821 -2216 27114 -18928 21864 6893 -29472 -26474 3766 -23491 -27161 -24762 24680 -20258 -20527 31362 -19037 -5841 7785 -1360 -10100 26208 -8999 14722 -17542 7582 -19926 -22743 -26388 -29347 12826 -3187 29124 30693 -31006 621 14769 16511
-1499796837
-25553 12295 1500 11408 4783 21649 31454 20672 -4363 7614 21015 25768 7500 -21261 -3678 -18626 13561 -27790 -23297 -31087 -20329 -2689 -17984 8595 29329 32220 3261 5525 32448 -8843 -19091 20787 -27852 32443 16372 30432 13399 -10547 -32759 -7027 6356 -28145 -5585 3518 -30090 -28008 -1265 22526 -16199 -4784 13013 -27476 25066 -13591 -21202 -28313 -29763 -8423 -17482 4488 17526 -19002 19415 -15106
8449 10402 12490 -25594 -8968 -28206 -21072 -14395 24443 27347 26116 -3933 -15122 6735 7535 4787 5618 6092 12976 -10615 12193 -22825 11674 2451 -11738 5459 -10679 28061 18971 -9661 2802 -20695 -4003 5729 12617 -27690 -17995 30023 -12637 -5216 -11834 -9106 18349 20042 -4169 -31055 19014 24200 -26271 -26001 -17185 3925 -28735 -29210 13348 18042 -28244 10196 8878 -25174 8313 -31403 26551 29938
-458083755
20963 30048 1347 -6368 -13692 -2806 -22601 4631 -24351 2890 18819 -14148 -10380 -11806 758 23992 15990 -11630 25591 15410 -59 3560 -2571 -6048 -2642 20610 20405 16758 29390 -10989 -14972 -5505 9434 -16455 -1745 1546 1910 2884 -2943 -954 18002 2852 29655 29047 -2806 30793 5596 -11861 -29463 26756 -10221 5434 -9364 6456 20675 15703 31185 -6615 1320 -21927 -28721 2048 25889 23085
15578 21000 8793 -19702 -32499 5199 -26961 -6561 19128 -20842 1400 31299 -22891 11633 -15972 -17371 -28447 -30701 -430 -6252 -19724 10516 22902 -21041 8479 -31221 32057 16677 -15219 21837 -27963 -30887 -5386 14598 19172 -28114 -13306 30158 -24308 -9890 13125 -24145 -26276 4326 -30702 13361 -8109 18086 9368 22223 1175 -21661 16558 -15195 6501 -24481 26984 -12920 8567 4392 -8497 -27004 13910 -17820
1095402193
-6190 -13069 5687 26806 31624 -29553 15442 -20374 6036 14536 29510 -16752 3019 -5586 -292 11561 20205 11460 1184 24133 22988 -27289 6914 -8913 -5104 21210 32593 13360 24289 -15203 -16765 -15991 20346 1374 27324 7181 10520 -21350 26211 -10929 26058 20446 10112 -6348 -19070 21005 -17769 5004 31980 18710 8013 18133 -20190 1874 4987 -13434 2640 17139 -29269 22828 -8391 9990 6629 23680
13514 18948 -15797 26283 29210 20527 -19935 -17549 32287 -25436 -29723 -24590 12334 -29154 9744 -5301 -18949 19217 -32577 -22234 -30732 -10972 -672 -26805 28564 31628 -8544 5896 -7149 6868 -21559 15352 -28974 242 -18733 -12868 8158 8135 -18688 12579 -13933 -9088 24524 -31170 29938 8088 3936 -5111 -8403 -9118 -30191 1518 20535 18567 21351 790 15054 17809 1071 17584 16736 14983 11253 -4815
-3362181853
-18003 23625 -13941 157 -32120 3992 -184 -28311 9951 -25668 -22858 25864 -5968 -766 -28551 -24429 21975 549 -24904 -7918 5568 8552 -30001 -23215 21983 -19276 -30667 -16645 -18341 -8729 -27386 24924 20923 -29411 30363 1594 -11874 -10186 -17692 26391 11647 26385 -27400 -2216 -9089 20930 1486 -8056 -11684 -20044 15704 20729 2885 -14920 -9837 -22331 -11642 20850 -17087 -9467 20053 5284 -7735 26632
16110 2633 5456 1400 -4301 -14525 -2263 32272 10664 4522 -28806 22204 -15617 15731 -5381 -25283 18937 -10796 -16767 7679 14156 -1448 -1265 4398 -27436 -17824 -26994 -5465 16870 -19121 11308 22884 31002 -16735 32136 27296 -8050 -8768 -11245 -9200 15182 -21982 -13058 -27235 28639 5480 -1164 4734 -15852 31997 30430 227 3407 19999 -10179 -13162 -7012 30946 10357 2592 -32217 32016 -18071 -13904
4565697409
16633 -19166 -4159 6988 -15505 -22916 9817 6968 -1636 -25985 8661 -31668 -2416 -28999 3534 -15426 -7026 -1190 12508 -3409 -5369 -5646 18517 26696 19019 9008 28760 -30805 -20398 16484 26037 -27697 2718 -8361 19487 31760 -17492 -4254 12185 -129 -13023 23619 -31516 -1114 -19943 19953 -20817 23315 -5311 -23520 -25072 -26090 5748 -2584 16042 10405 -19313 -3500 -32244 8202 19204 10874 14418 12155
-31385 -21779 14302 -22393 -15433 26548 11722 27070 8353 22367 19085 -23792 -9568 -22712 -10770 30351 13834 -32675 -16366 7067 -22527 -17378 16244 27748 14585 -10286 -13000 -11475 -25685 -26801 30206 32474 4910 4362 31110 -23775 -21878 17523 28921 -11792 1423 26676 -24788 8273 -17929 -21128 30140 12064 32315 -2456 16351 -4468 -20421 8590 -25142 -23579 -6754 -16025 -11868 9831 15789 -26883 -29858 22834
1996164851
-26619 -17887 -2823 -25125 3287 8050 -601 11462 8289 25084 27937 16770 28448 3698 10359 27709 4171 29797 23700 27012 -30644 -7872 16491 -24255 -27866 26764 -11993 -6080 12008 -29522 20985 -19710 6302 22402 26165 30055 15620 21598 -3126 -22590 -8615 -9156 -20016 6621 31918 2162 -27150 -22828 23889 9523 31354 28930 -29202 -12199 10563 -12271 26217 -1918 -7258 -9007 18820 22856 29365 8375
15951 28307 23033 -20692 -13851 -964 -29493 -4152 -31884 32503 -7337 -9386 -31931 1399 -23370 -31256 6289 -21141 -5394 -20139 -26441 -9704 -1607 -17348 -29305 -10302 13425 18152 -17458 26287 15404 -32399 20527 -14661 -5575 18569 6077 26964 32397 -1544 -27713 23297 -21779 12863 -16116 29333 -18373 -28247 -21942 -26646 -15226 25742 -28065 -22269 9203 -26542 26340 -4680 -15855 -20374 -9299 20691 10575 -14771
2418749362
24301 19347 -4057 23732 11637 17057 -24017 -20399 -6353 -22415 -1357 -23075 -10104 -25034 9139 11474 -24808 17815 -2351 -22103 29483 -10473 -8959 -16377 -2629 -26154 -398 -22823 28152 -9540 15927 17801 2126 22067 -20880 31114 26017 -18025 -25418 28149 -21932 6084 -25434 -19302 13728 -5879 6341 14475 -1341 1399 -13638 27454 23771 -28474 -19969 -22080 -15084 7615 7557 6506 -1554 -22931 -10884 8315
396 -4801 -25622 -30390 -30398 17585 -31117 -17314 -22748 1775 -12687 -4053 18890 -29848 -13530 15275 -20845 18179 17833 27603 6606 -23587 -28319 3122 -17944 -4385 -4730 27389 9934 -10804 -20649 29942 8859 24072 -20021 24947 -18364 -19608 -27261 -17958 -9855 10481 7667 -22311 -20902 -17480 18049 -13475 19319 6779 -22124 28473 10968 -23057 17431 2870 -5138 15276 24927 -29310 8430 25928 -27283 13094
5749052185
5928 -12710 12293 4394 14857 6619 2771 9614 23462 21952 -23570 23762 -25970 23728 -10329 -14060 27607 -12629 25153 -543 -18684 496 13027 27445 30891 -13151 1305 -26696 19353 -25567 8420 -5146 -5876 -6080 5331 -4412 -16757 27595 14941 -1482 -17047 5165 -17335 -10060 -13726 17463 -11386 -19052 17264 -17724 13786 6998 21695 7661 25067 -29471 -22629 32419 -15192 4711 17834 26827 -23855 29424
5334 -3549 28871 21172 -4277 13978 -6875 -28963 -8345 8826 19968 -19357 -1710 24201 -31667 6391 -26850 -26217 31631 -17727 -19758 18439 -31369 -17783 -4073 32454 7861 21446 25114 27639 -6133 13327 26277 9256 -27953 18374 -9495 3445 19533 -25387 19037 -19887 -24478 -9814 29818 26182 2334 -22017 -13490 27465 31720 -15171 19189 26941 -3657 -13043 -2528 5295 -19815 30075 3990 30441 12571 15993
1536803258
32659 -3175 29617 17853 31042 -21295 32668 29908 11774 14018 -132 -16150 10280 23233 29484 17663 -3658 5781 23900 -22020 -872 29857 18523 -25767 1949 22740 -10958 7481 32624 31667 -14347 -24187 -13155 15178 4981 14165 -11858 12724 25751 -4034 18483 30536 5804 -13034 24326 23043 8132 -31255 13973 20882 19713 -14649 -16756 -7776 -21911 -19658 26327 7991 11493 -19140 -31674 6394 -10537 -1097
-15824 -26382 -29776 -11747 7203 3860 30827 -6432 -5654 15073 3994 32005 -31054 3843 32371 32684 25521 4869 1623 -2463 22395 -15820 -19221 28002 -12235 7344 31452 -20694 -14519 27293 -25342 1907 23029 5218 -274 25962 -8196 23322 -29839 -23122 -15062 12573 160 17985 6225 -15243 -24688 -30645 -30122 15637 26239 -13691 -30951 13886 32419 14972 29809 31153 -20151 21248 -3471 20198 -23422 -16522
390339599
-9732 -19627 -26695 -13044 -25273 18539 -25619 13085 123 -5607 29307 -10970 23032 -22246 30938 -12203 14389 -23419 6035 -17795 26481 9925 22499 7384 -30806 -1026 -32005 23627 4120 17608 7906 -14495 8399 -8687 -22750 -15376 -26793 -12981 17369 -16127 -27600 1257 -27174 31039 2212 12832 -270 31243 -18207 30681 -9293 6490 11903 5403 27009 18543 20963 16535 28145 25491 32251 -16125 -21076 12346
26962 -7122 4721 -28158 3225 15860 -15951 19154 -6773 19994 -7047 -5720 11182 -4549 11912 7544 7488 -26436 -20879 -25457 1104 -12013 -8060 23986 -14473 -12292 -29209 -22490 -22709 8674 -5664 -4886 19347 900 133 -18237 -3454 -20624 -16817 22649 -11671 18877 423 12489 -1506 -24491 -20450 -320 15005 18538 10301 -29234 -18676 -30067 21065 24307 -8661 32690 21523 -25766 -17336 22169 16584 17090
3708473746
5443 26033 -21903 12407 20653 17010 23310 9287 16724 27054 31692 18369 -6179 4686 -2514 -14000 -30614 24944 -23667 -27049 -24966 14829 -16861 -7363 -19810 13815 13358 -7815 20519 23545 -12992 -14827 -5493 11347 19772 -12362 16472 -4498 -5141 3821 -11497 6126 10117 27648 -2731 -19954 -10418 16086 -4853 30730 -7624 -2018 -8315 16580 1624 -10270 1551 5830 -24745 1342 -12763 -31999 -19401 14683
-30500 -19317 31637 19914 -7894 11708 26746 -20374 25520 -18937 19896 25667 16153 -9880 -28664 27672 5680 -13863 -2553 -15702 17713 20791 -22941 -9891 15492 -30863 -13146 32397 -8424 18670 -22756 -30061 -26121 -1953 -3689 15475 -20771 17753 -13208 25527 -9311 -32710 23700 -4210 -21976 10278 5073 -23100 -27484 13491 -11747 -27015 12620 1131 -26466 -12324 -23293 -28604 -23715 -17592 25528 -10320 -24628 -28056
228960939
-29677 -2731 9101 14125 -5180 -6328 -10394 -13444 22528 -1352 9373 -26218 -32467 11137 -1483 2654 -26800 -29987 22683 21978 -9455 3234 -5007 -23347 22138 -24282 -7476 27944 10072 -4113 -1172 -948 -20577 -16864 -18051 1390 -23763 22911 25568 18715 5407 -2036 29524 -12749 -6504 2292 24236 24739 1863 24209 -26585 -28649 -957 -22970 -24641 23447 -6704 20225 6308 4355 30245 -16772 -15267 228
-20295 18509 -19879 -7592 821 17068 15577 -27434 9600 25312 25257 31516 -5015 21713 23034 -14023 -6710 22672 -23154 -17757 -2839 9008 -12050 -2329 -9083 16788 -3333 10710 -25429 -29563 30279 813 -29373 32064 31988 4882 -26180 -22306 18230 19271 -12606 -25792 -3969 -27160 -1773 -29432 2290 7464 -27713 -20178 -2548 -17724 4206 -10902 -6020 -8818 -3407 4259 -31174 -4601 -15448 -21075 23150 31357
-931961380
-22932 -26715 121 20979 10962 -16072 19872 -2258 -8032 7524 -12651 682 16060 26168 -22419 -3831 28206 21338 18100 -29899 -22189 16402 -17794 -23816 27679 4172 -26518 31617 -19443 -21078 -7377 -24429 -32679 13691 22914 -32387 -11281 -7926 -21897 16020 -5173 -26397 30092 -3795 -4347 27469 20854 13386 7276 -4201 30097 16622 27952 24147 2859 -23532 -13698 3082 22384 31724 16870 25072 23429 16088
29203 -11461 -21641 -18216 -4299 -9417 -29908 11667 8858 17225 -24535 30520 21780 -27531 -6551 -32298 -2740 29044 -1526 2372 -5802 2695 25746 -6281 18428 -20035 -21327 20777 5905 -11833 -9157 -15963 -4432 -7084 9359 6447 25462 1591 -30846 -6589 -21922 12834 -26181 -15757 -23763 -9314 -25331 31757 25595 19803 -10698 23977 -18625 14360 20314 26145 25264 -959 -7186 29638 6187 -23204 31776 -16524
568872184
-6715 -21332 -13364 27387 -2939 12504 13271 16019 -4430 -2347 -19153 6886 24563 10347 20586 404 -13235 -29798 -778 -10684 -7225 -13972 -10608 -20550 18910 20961 10633 8455 8747 -13934 12529 31713 -5277 -30195 27514 -10259 -27164 -29140 25070 14301 -23838 -15773 12966 -5101 -14210 27354 21072 -26549 4478 7850 -21800 -30220 -20833 -32015 -29397 -29215 -14734 -2624 -12202 -19118 27675 18633 8865 -699
12346 -15796 -7585 -16653 -5477 -11317 -16635 -27274 -17255 -3329 21222 13712 -6687 7053 2490 18944 -23012 18411 -6175 -13536 12582 -19317 -217 13577 -1398 12332 16049 -23050 -30701 3486 -25560 29928 -22282 -14892 -6278 -16924 -2288 -18981 29941 17922 660 -6822 -26860 22648 -6657 -4631 8157 22866 20515 1689 -17194 -31658 -12853 32666 23895 -16132 -19489 1196 -17004 -32575 -1847 -31103 -25151 27329
1203491328
12708 1942 9420 -32623 -32606 12865 20074 9025 -19415 31374 26864 4475 -2505 -18913 25088 -3307 -21284 -30421 -31444 23832 -22164 18938 27994 -23991 -5317 -8420 5930 -28062 -4295 2380 7961 -16524 -24327 22994 8098 -17466 -6042 -21478 24116 9159 -26675 -10958 -24746 5454 17211 -2705 13263 -8368 -15560 21713 30288 14262 -18003 344 -29031 1292 5634 7483 -8897 24919 -25361 8522 7619 -18466
1239 8203 -4670 -2766 29349 26206 19405 -12221 29801 7266 15697 1409 -31616 -3276 15997 13383 9947 -15635 10925 -27678 -11326 -19574 16712 -26465 -17387 16520 -23199 11778 -8064 27471 24316 27020 -5371 -2121 25738 -16449 21689 20568 23732 -3056 -31582 -8756 -6754 -9051 23055 1040 19162 21671 14090 -29360 24950 16145 692 8245 -32331 -8126 24820 4261 -21204 -20727 30948 8778 -21248 18553
1638307744
-15668 -26948 -23252 -18429 -11125 -17743 3478 29629 -27488 -29521 11319 -21821 9348 29818 -17541 30704 18189 -20741 -14209 20605 25760 12955 772 32513 -10972 -26439 -4617 -10069 -9319 -12121 13943 -30772 16780 -23645 16493 -30024 -11128 13982 -8653 -29531 18195 6486 31356 -16639 -31793 9264 3015 -17743 -17483 8005 -15101 7904 -12527 5530 -8295 25902 -22357 -10624 6342 5497 8092 -15641 -5912 13356
7111 -23943 1030 -10270 4007 -12349 6353 8384 4374 8253 27432 -3696 13586 15209 27531 2330 7453 -440 31100 8958 -7702 22332 24827 7965 -10720 8856 17920 6646 -11610 -9945 9883 23062 -29809 -26659 -12647 -19788 9123 19907 -32163 1469 14942 16774 2380 -17725 -313 -21257 28982 -6089 25993 -25145 1829 2897 -28027 -2982 20305 -22469 -4786 -987 8749 -21637 -20185 -10628 10395 11811
1750714151
-6767 -22741 -17788 -6684 4218 3451 -21056 -3365 22822 -32604 25947 -3480 24047 20895 -4032 -2132 -21870 -1290 5702 24952 10844 -30858 -4780 -27256 14842 -12536 16248 -8857 8753 -26793 -13142 -7242 29875 1411 9573 30777 -23221 -8365 -22697 25044 -268 -8777 -11387 22457 27390 -5400 -19792 -27979 -32474 -11922 -32184 -29788 -16628 -10004 -19746 7382 -24878 11253 19696 3124 5204 -22580 28531 28610
11574 11905 30482 -14621 2333 27207 24194 -26601 -5283 -13645 -17776 -8848 -31006 26203 9119 -25862 -24812 -3214 23242 -999 1832 -8857 19320 -30346 -5028 24127 7989 19819 22155 -23802 2966 -13691 4721 12777 -17014 14143 -6191 12734 11787 10475 -3041 26955 -283 -28148 -11188 26298 -28753 -2262 407 24665 -6922 -925 -28579 -31558 8038 -29672 16349 -5958 -19847 31845 -480 -17314 13866 -12608
552895451
23603 31984 19342 1885 -18145 -14287 4368 -26316 -17469 12372 22691 -12191 6481 4541 19756 27563 13834 -28764 -13725 9020 8649 -24223 10132 2199 20815 -25373 -21580 -22080 1720 -25068 -8759 14642 25826 -13194 11887 -30503 28060 -11384 30329 24731 30255 8151 7650 -4876 -22500 8662 29409 -20431 3067 -14064 -17002 27017 -22452 4733 -8591 3613 1096 17075 13449 12001 10206 17200 -22583 -26218
9667 -21357 -20364 -22537 -14670 14370 -3993 -7553 25750 13445 32083 12120 15517 24572 28527 -17345 13149 7720 -14308 -26838 -12453 19888 -32446 2416 -3106 22382 23617 -5409 -11333 -25646 22719 26823 -23349 -3714 -1482 15976 14039 -31215 -10794 12595 -19857 -21662 -9536 14826 7018 -28833 28915 15102 -13189 -14934 -16992 17279 -17 16495 279 -18410 -9456 29575 29296 -11718 -16134 27246 8331 -22076
4468026
-26424 15148 4394 19648 -18306 -29057 -23573 2215 -21305 -27014 28803 26270 -29667 -28947 -24360 7861 -16227 21466 749 -23280 13617 -17702 16995 19648 2869 -7664 27753 337 27472 -17209 6837 -125 -8913 5028 -1704 -25321 -22892 21971 -5791 4917 -25227 7743 31563 -5528 -1520 -32019 17650 6766 -13480 -19607 -13781 -24646 32260 -15902 23960 -14791 -9222 20751 -178 -7930 -982 26238 19709 24250
-11746 -15461 29979 2083 13849 -7383 16648 16301 16522 1621 -10366 6200 -17208 -4164 24971 -15505 -1731 -19128 -22288 -6356 -8567 16231 25196 19401 -31003 -22862 13159 26007 -14271 -13020 7458 -30712 2148 -9077 6513 -7331 13681 30984 3371 -8615 9445 -2946 28899 -8529 -5854 13099 30257 -9402 307 -2647 -25452 -6994 14295 18278 -27646 31863 -11885 -12369 20781 14936 4113 -28441 11720 4268
-179620151
-2824 25395 -304 -32614 4859 29873 25695 17410 8602 -30300 -30865 -4620 -32547 11905 27390 -1323 -12937 20109 -21596 -4205 11434 22215 6527 22159 -13200 -24266 -22648 9212 -16219 6231 31969 32511 21845 -15752 -14508 16725 -28411 -30513 4734 -28604 -14553 30214 18317 9224 -22505 -5097 6881 -17471 8278 -23579 -7714 25688 6665 24471 13073 -4637 16410 -18495 -12718 32745 11849 12200 12856 -19810
-32301 29490 -21078 -31504 28471 -15250 3044 -19879 -11758 -13818 30803 -32289 -2686 -8706 30281 10856 -21121 -25375 -21141 12825 -12497 7912 -3852 -27310 -32046 26864 -30977 -8087 18057 -13611 23869 2179 10836 14940 -25146 30555 -31289 -8524 -30108 -10441 10160 20940 23274 -29614 11092 31046 31211 4615 32356 -5475 -19611 31927 -3056 -26005 -27724 22345 13494 18632 30371 -1915 -21739 -15040 17426 24400
3545967564
-12776 -6648 20615 -2407 -20868 32008 -18892 11509 4328 -12032 19785 -19166 7899 -25498 24770 -32164 -14601 -4603 2601 674 28314 385 -18658 20450 -10851 24428 17252 -12918 -7425 -21991 -3364 32490 21429 16666 5881 8537 -8274 31328 11047 -19824 17937 30750 -32203 -14078 14039 27027 -22335 16632 -17769 -3416 31754 -15020 -22144 31546 -30000 9449 -7987 -2072 21243 1313 -31231 135 -991 -5423
4416 -18139 19037 8129 273 -21650 30528 -9003 29054 25556 10976 -27502 -31928 17113 -3127 -4147 -8952 -22899 -31740 12135 13801 -30963 -9401 -26756 26611 -5715 16417 4610 -24453 13369 20954 7670 8972 18109 28910 8715 8908 -10573 30515 -30510 -29468 -963 -16708 27697 -11658 -18721 -27911 22772 20779 28674 6582 8036 16849 -18660 9676 -19510 7199 19630 5088 -14377 22341 19520 1689 12913
-2374749430
-30089 -1454 -13649 -26118 14819 18919 9075 -18778 29822 -24626 -6472 -27998 -3251 23214 30130 1193 -10033 24394 19430 -32755 -3158 24998 7521 -12202 -26482 -12727 -28288 -5872 1249 -5603 -14672 -10815 -1754 27762 11143 32645 -19830 -25440 4551 -625 13097 6860 -30789 14667 -8839 -21911 -28986 15180 -3841 -26836 2884 -25531 -18173 26278 3136 -14131 -13790 28495 24788 31481 8220 6639 -20514 27505
-5929 -846 3298 29063 18593 -32264 -6438 -24844 2227 18446 26302 -6656 32705 27957 22683 26005 -17777 12929 4863 24054 -21805 -8881 10714 21529 -13775 -12721 5940 10497 -16438 24396 -1846 -19631 1594 -3983 27651 14832 27797 27538 14754 -14093 -32253 147 17029 -7531 24070 25100 13351 24664 -24285 -9909 16606 10203 -29332 5832 -14630 22708 -23952 17172 -21940 28016 16400 32000 -13127 -21252
-494035860
-26917 -14924 24273 -14798 11240 24093 -11381 6001 -7886 15990 -16160 -24820 -4220 17271 18083 23112 -2513 23850 -27778 7045 -20016 30187 -20076 23535 -4341 25494 -258 19847 -2774 -22345 -13858 9971 -7499 22665 -211 -31020 21324 26036 -12808 -21380 20477 10186 -21817 -12128 -10245 28390 27498 25366 25664 7050 -20196 7070 -28035 27258 8575 -26915 -28815 -17199 833 -4686 27330 -19534 6334 -18715
18842 25964 -7052 12006 -19182 23020 1696 -28708 -5724 8574 4776 -14796 -10423 13166 30367 16692 -22767 21543 12040 -24951 9307 -11783 23755 -19390 -19736 14067 10246 -30281 15877 28117 28242 21829 -30552 -16441 18113 -20807 -8411 25250 -12710 -1517 12034 -27885 9711 -11084 -28717 -25700 -17379 6845 15357 10592 18987 27193 26059 -19965 -11338 30083 22100 -7939 -29518 3192 -8317 1742 -19193 1962
-4384182218
-24487 18014 -7743 -31467 31504 -26636 -28119 32513 -17832 19274 25706 -26734 -8246 25772 31739 -14387 29504 -27620 10372 -28888 -25640 -13989 -4810 -26837 -31596 -30596 -7851 15191 30015 -3655 24107 -95 -11491 -15804 -21057 -19651 2860 1701 11617 -440 3319 -18968 -30568 27094 -10395 7577 -17066 -13083 14798 12043 -79 30423 -22297 -11379 2549 -28564 6519 30280 -15927 -1033 -21094 10884 -17293 -542
18159 20970 20572 24321 3272 4262 -23121 -30052 23511 -17470 20088 10536 12154 -11011 17711 30308 -6334 -6151 -21285 -1159 -9682 6260 19890 28895 -27472 -18708 23220 5808 -23448 2277 -7746 -5837 26150 -25906 13666 1440 6249 511 -25862 17455 6156 -30275 -683 -728 -11559 1002 25292 11276 4097 29980 -6588 -16159 -22591 24630 -10236 18201 11703 5319 16254 -2153 -16526 -30796 -1249 -17617
-3293505828
-25630 24078 9355 28775 9119 12756 -13243 20730 -27827 -19959 -22859 -18143 15617 -28950 -30700 -27162 27144 -16815 26025 -31077 -15617 19428 -26401 -20980 -29010 17598 -14118 14634 -10097 3696 -28338 -5845 27608 9140 19873 -28305 -16754 -20618 22207 32531 19929 5842 -12540 -554 -25007 -28961 28948 18230 10226 -22856 -13266 -11186 -11050 -24414 29781 -2427 17793 80 6830 16484 -31409 29300 8614 8951
-5457 -7747 3923 17880 115 -3047 -3803 28634 10805 31702 -25289 8208 5782 -524 1478 -4806 -22790 -8065 6104 -28750 -28142 23468 -21094 -7241 -2676 -21484 14172 -32420 6520 -20168 20806 19089 18886 14236 -23854 4652 11357 -30544 -2120 -4298 -23591 -9402 30935 1130 -3082 8842 -15466 -16259 25052 -26502 4833 12877 -20277 -9801 7063 6457 31995 6011 12575 26200 -26921 17543 31371 14823
3777534545
9122 18039 -20463 10978 742 -21505 3646 -14040 5643 9538 10576 -25385 -13057 22392 -1563 -14858 23853 -18763 12606 19636 11620 92 -5083 14316 24304 -24308 15293 -23527 2718 -28247 -16591 -118 -24975 -26297 8706 6529 27086 25384 20607 3168 -28529 -9818 3521 -30356 -27881 -1403 -18876 -1755 -25830 3998 -11112 27603 -8554 -18747 -19996 -19977 -25398 -26284 2205 -11127 17722 -20147 -29057 -3969
-6599 -19148 31682 19119 -12926 -2461 -29606 -23174 -14694 26934 7305 13208 22316 16396 -14240 25654 -28471 10609 4549 -9113 -9052 6566 8051 -26830 9154 17015 8009 -1322 24759 -12630 -25275 -15695 6405 10731 -27858 32433 -7369 -3683 -3966 18385 -24734 27465 22281 32329 -15839 -2349 22989 23373 -16811 28356 -2655 20752 -28087 5344 -4441 -10597 -17137 -3877 -6274 -10325 -16205 -24013 -13168 -9200
-114219026
5122 21592 21078 25459 -1879 15514 -9006 3515 -28412 19746 10770 23033 1550 -8778 -12412 -24574 -21688 -2700 19514 23763 -25703 -29500 10810 31550 2532 28572 -26859 -32698 30958 -2977 7797 2810 -11684 -721 14833 -21575 -18297 -27226 -17790 31840 11604 -24024 -4533 -15824 -13583 -25791 -21494 30304 -23696 -9907 26439 -13188 -7624 -447 -29267 -31761 -28575 -30391 -2241 3945 -8170 27216 -2467 24049
14808 3145 30658 -10959 -31291 31532 10760 26054 26546 -13929 -28963 -16685 -6460 7748 12347 27872 -782 24563 17248 7226 -7420 12226 -22858 27552 -10265 19082 17808 19555 20307 25489 -14316 14492 19054 7063 18362 20530 19756 7126 16579 31826 -24805 23472 -28707 -2732 -19075 24596 -8139 -28589 -2299 28559 26444 1115 12021 4913 2021 20830 5773 -18642 -25002 -29153 5293 -15185 24516 15152
-2942567008
18967 24143 -16707 -12046 -13076 -22312 -15650 4302 -9152 -5892 9529 30 -6139 -11348 5872 -6461 -14422 -23882 -6127 10591 12226 29706 -4390 -3728 -27118 -15440 12058 22779 -22428 -4564 -13170 -5857 -4272 18311 -16159 18625 -28337 -24349 6355 -17395 -26193 -24193 19058 23049 21012 8777 13183 18765 23563 -18505 4441 11206 -13510 -23272 -776 -5588 -6754 32735 22286 25862 -2848 19537 18358 9892
-9085 -2649 24534 13187 -23823 10055 15890 2894 -14908 27209 -32474 -4925 31060 10196 22831 -3692 16909 28775 5248 11351 -16337 3235 31591 -4086 29212 28610 -7979 -19542 10477 15783 6815 -1126 20522 -22302 -18994 -15472 19660 -1264 25703 -4371 -12456 2391 -30692 17681 14929 9065 32187 3943 2080 -15229 -27858 23433 19479 -1024 7152 3084 -11542 -32669 -18801 11876 17300 18948 -13525 -22001
-5493949942
-27614 -29300 -32250 -25771 -18850 -13959 29053 -458 11232 -10143 11973 -32129 25168 -18869 25920 10763 28748 -26704 1136 25657 16263 29860 32452 22699 20088 -32552 18987 7704 17199 32736 17347 -5240 -19143 29993 22349 -28504 -14727 -21413 -24834 -10546 -22771 -32578 12650 1935 1661 -18462 -14616 -24995 6694 -16783 -19545 26978 22828 -15026 -14757 -25214 -3183 21774 19060 -13847 -3965 -28716 -6193 7289
-4030 8575 -3782 -400 -31656 -21045 6021 -23632 -29991 -30773 -20284 24588 25521 30681 25227 31670 19385 -5612 -22246 25836 -32583 -13130 -5064 20416 14459 27717 13454 -12196 -26692 9719 11219 25060 -25290 -24390 17011 -223 -14678 11837 14412 -11845 -30872 20094 -1345 -26931 -16241 2571 -10788 20920 4976 28203 -14180 -8781 11761 25015 18052 -24017 -12638 -9393 -26901 -1791 8465 27209 -25221 20652
-656900044
32041 14270 12048 -3641 -23972 -2367 -605 2760 -31372 14948 25685 -13149 27999 15244 22093 -28752 -649 22339 -7991 -10776 -19253 17984 28003 9491 -7984 19904 -9911 29974 -5612 -14836 9964 -14702 26072 -21730 -7517 -23197 13850 29098 6972 22494 -20682 19325 15961 -6779 -23582 -26780 23792 907 19049 8749 -32083 23525 -13594 11148 -359 16281 28136 -1339 26409 -5968 -6503 -8626 22163 26123
-24923 26170 11046 21346 7060 1305 28047 30208 -29623 22661 31419 5658 17849 6455 31140 31949 -15275 28446 -31714 -8552 -3071 4625 4462 -12593 -27948 -24985 -16072 25262 -14365 -9497 -11755 -18337 -24044 7207 13893 -1427 1356 18736 -26511 -12093 -14705 29928 22080 -20984 -19157 -10755 -7286 -15193 -20331 30235 -8305 23987 29179 -27475 -29706 -10294 2592 6365 15974 17128 20057 7903 24096 16716
6233867645
-15226 -24116 -30827 27059 -26940 32529 -12823 -30473 -11202 1595 -1719 10998 -1391 -303 594 -24740 17989 4477 27546 -31520 -8812 21065 22678 2755 -25417 -26705 15407 5207 3130 18963 -4321 24909 16020 27352 7204 1498 29656 13063 30174 -13928 -2970 -31855 -16415 19788 9802 9751 -10401 14479 18900 5876 5549 15425 -7432 23899 2134 -14335 26362 5723 -25031 -5035 -18697 21581 -13571 -4089
-29840 -579 -3192 -18101 -30623 25033 2348 -19877 2706 30778 -20230 2429 23531 3691 2091 -8964 16081 10281 23226 7361 32387 -30856 -18017 12354 334 26227 -31966 19792 6963 20126 13943 -22848 780 -6486 23798 23311 31750 22802 -17139 -28991 -26922 9420 -31422 -6942 -32192 4235 -26111 5863 -24105 4503 16353 -31529 16409 1460 -6335 -4187 704 -22535 31440 30591 28563 28155 -15239 -2507
452122007
-1006 -22273 21780 32047 12823 -23568 -13313 -12950 28640 -11685 -27101 -11310 -25095 22470 -17566 -25690 12044 -2325 -7914 25039 -24564 17472 30426 5325 21206 5940 1769 -20701 -9354 22215 13528 31349 31708 22663 23207 19201 -4493 -4223 3462 14115 -2428 -30195 8821 28164 -7759 -30699 -22242 -12574 13365 509 -13744 -25753 31513 9976 -626 -14135 -6975 -9605 -13013 19103 1168 -26464 -4448 24171
-32747 22368 16129 20040 -1228 7250 18766 11684 27614 2545 -32451 -22278 15280 26313 -8593 25122 -17594 8899 -29002 -28962 32370 7576 -22723 24114 25272 22078 -1207 -32641 -7080 -30046 14003 16948 11680 -4688 3208 -26836 17250 11288 -761 -14378 13172 -24268 -1223 27226 -28181 30431 32082 -823 23216 -30782 18659 3757 -4590 -1198 -31416 -823 -23507 -1550 -24169 -4113 -28413 16265 26936 -5772
91048389
-15936 26599 -31738 16557 2537 -16577 -28307 4921 -3526 -10957 15633 -17611 -10121 22198 9474 -28856 9821 -16230 27222 -23139 -9905 -23929 31865 28365 16757 4032 -28119 18168 -4481 -12984 13638 -18719 21532 -28036 -15033 24336 24858 -19314 -18717 -14915 9104 -10542 -32389 26497 19422 20995 31163 -16843 -10456 3648 -31954 -29954 27296 -23992 5724 18008 -1009 27231 12884 9698 17209 17015 -15456 -21600
-9503 31891 20869 -1097 -8133 9078 -25117 -11412 -16127 -28024 -8197 -18502 16871 10535 -4685 32183 -17232 16581 -484 901 23096 16993 12737 -25064 29824 15538 -30732 5413 -4890 -19043 20371 -16348 15620 -11439 3480 -26870 -11200 -32718 13280 -12058 21980 -22807 -25013 -26267 32246 -16136 20713 808 -30625 -10543 -32554 -363 23513 -26445 -22164 -19292 -18602 20485 21771 13779 -11609 -2799 14815 9922
5564198673
-22039 -1741 -23652 -26781 27682 22170 24188 6613 13212 26823 -20626 23805 -24644 -21281 4119 21612 -28890 21799 -25779 517 15751 -1009 28495 -24260 21116 30056 -7575 -16105 -7809 21105 26882 -17183 499 -29750 -3607 18933 14395 -27328 -6017 -4443 -25387 21935 -24187 14098 -5658 10348 13321 1174 10377 -17960 16800 -20118 -4510 19531 -8297 4890 28305 -15665 12586 -4354 268 -22584 25290 25970
32518 11721 -19844 22301 -10783 8018 -25076 1443 32266 7912 -24638 21680 -32243 -2097 19493 -8875 -5052 -25887 22388 17382 11595 -29420 30381 18403 16433 -524 12547 10830 -17960 30370 -5403 2170 -1944 -28933 -13842 -15319 5617 21176 30046 9941 -8909 19492 28840 17817 1252 -9952 28209 -19792 -30556 -28984 28683 9363 25097 20480 25960 -17011 28768 -9402 -18357 29290 17060 28678 -5496 15032
2156549724
-590 -25334 -22999 9041 -20496 -19550 27638 -12628 -31185 -13610 27524 28209 -17178 2677 2551 23627 11979 22638 27033 -22222 -25912 17218 -10474 20721 9865 12459 -24766 29548 23957 -12533 -7784 -9535 -14367 14449 24460 5261 4354 29276 -842 28622 8324 14445 1950 -32709 24792 9146 8938 16240 2922 1934 -9828 6465 22316 -16936 12742 14988 -16665 1024 18474 25925 -12783 7337 15412 9671
-7712 -26161 9387 8444 12648 -15073 -14418 7058 -6818 -9034 -21572 -27110 -17326 -32046 23111 28748 -30056 -349 26197 -26960 2747 15472 -282 -13287 5808 15936 31482 16599 -30893 8713 -22603 -29035 -8657 -32671 -14490 20385 -3811 -19927 13277 32369 -19007 -23646 18209 -3956 -21055 26500 -7034 -17975 -9826 -998 29567 6274 22 -5517 17402 21430 -19606 -741 19457 23979 -3306 -20220 2950 1304
801416299
-31554 16205 32056 -7911 -22702 -11132 -7089 -1773 -18409 -13457 -15190 8433 32106 -2910 -8764 -4505 3730 15606 -28464 -7312 -29480 9397 -8421 -21211 -26501 -30407 10626 -32015 6868 -18010 -3500 -25786 -12720 -2414 -12788 -18004 28097 -22765 -13765 -29378 19460 -22662 -19690 -5949 -2642 -50 27898 -20842 -928 -16205 8920 -11300 -26847 -18623 21823 10373 -27485 15390 -10035 -23840 -18499 -17886 -124 3546
-5477 11009 -8514 13867 -31324 28851 -4144 -12011 -21338 18838 30141 22914 -18984 -25543 -13824 -14855 -3708 -14728 2845 3774 -22648 -2013 17972 -32613 3622 -8436 14158 -31327 -632 5562 -9818 -3299 18184 12343 -16516 6073 15476 -18423 -28687 -23790 17705 -9995 -27806 -23428 -714 9741 31845 -20245 22786 18590 -5238 -22112 -10713 -119 -12369 -24094 -8600 -25924 21276 -19344 4856 27547 25893 1180
5615219996
18044 -15311 2772 9677 6469 14871 -31081 -420 -14073 -25684 -29471 -12456 13182 -3671 26211 -13052 -14003 -3546 10316 18587 18160 -13797 -16910 -12324 4210 -20164 19066 3202 17439 -15267 12238 -24302 7866 -7497 29629 13919 25813 -2640 -23120 19264 -18826 -27318 25057 -16891 -15416 -32076 -23539 1643 14949 -22250 -15308 -74 9523 -4799 -9098 24419 24544 23424 24131 -902 9644 -16217 7625 31457
-15960 -7493 17493 -2280 9202 -11269 -31895 23516 -10180 -17306 -5013 29681 -25940 -14473 20257 -4926 -1024 24821 10657 4208 14547 651 26061 23870 29418 -32568 -15772 20858 6782 32466 -5322 -19110 24337 -1890 507 28568 11234 14823 -19656 -26562 6960 17758 -23400 -31006 32548 18697 6149 31330 -20597 -15194 7569 -15035 -14340 -14149 -24264 -14139 25056 3854 9475 -26092 22210 -5663 -11131 18700
2029553073
2099 -528 27614 -13595 2800 -12758 -18167 -9387 27372 -5208 -15166 -19978 4721 -2558 6749 -11900 -1688 -25494 -25444 -9422 5021 -14314 -17622 -11886 5430 -21563 -2415 13465 -23383 1250 23473 -21755 6863 -16152 1000 16612 24871 16674 3203 13167 15417 -13250 -26949 -14934 30813 -13834 -14240 -26832 23033 28974 13486 -32732 5928 -27628 23670 12158 -25839 3420 31313 -5858 -27318 -3019 -22756 20095
10207 32368 -28295 14557 -20357 31194 5029 16775 -9115 21109 18170 -23903 -13240 -5120 16656 -9015 6518 -4494 26909 30326 29427 -4025 -29690 -10158 -6831 32187 29423 -14727 -30981 23024 28606 25480 -26051 -16456 8090 -1207 22252 21416 5973 -15720 24305 4031 26592 -32171 -8677 23126 -24923 31540 -8408 24718 -25407 13430 -4165 25258 -23987 19959 -6046 4332 29044 20307 20517 -25849 -2802 -15175
-3078831259
5010 14988 -22974 -10895 -17147 -25132 4390 -25161 -8838 22042 16597 2085 3443 14656 12294 6847 -13631 -1414 23272 20806 6219 -24354 -4942 13495 -1235 8218 31528 12414 -10399 8454 -21237 -24547 28560 29235 25214 -23477 10760 -4486 -30043 21614 12091 22847 -29457 26029 1415 -1888 -23123 -28935 20796 12286 -30042 -20261 -3739 11151 -8356 -6124 -12145 29029 19307 -13512 -4258 25421 -10045 19310
-7574 28184 13123 20324 1200 -12341 970 15718 -10808 15559 -16047 13373 9400 -13884 4782 -20153 -27526 32628 -13341 24161 9993 -27608 18708 30539 -29950 -24551 -910 -15339 9375 -16384 29339 -22682 7932 -307 31645 29797 23628 31755 -8581 14972 -9630 -24888 2362 43 -18099 29292 23818 -32114 14597 31034 5209 -27709 26825 -31618 7089 -8067 -25632 7017 4099 -27620 16782 -10531 30538 -3700
2029100983
949 1698 -9114 4507 -4231 30762 363 -16794 -19878 -19869 2085 5259 14358 -22977 -23542 -32266 -24775 18238 -25942 -24991 -14425 -4154 23589 -23759 24940 -27602 17279 -22804 -265 -20613 4945 10610 -29155 -30090 -20822 -30626 -17738 -9430 27181 -1814 -230 -4108 12890 -618 12754 6909 -16738 -14340 -1533 1702 13776 -2674 -1324 -2190 19076 -28520 -1850 32172 30995 30476 -17817 18822 -19672 7810
-17199 23861 -25664 -11411 -13042 30110 29557 -22461 21219 26501 -11002 -30040 6944 10314 -16422 -12640 -7480 5321 5774 3409 13732 29200 12775 -17125 16642 -15490 -24112 20986 -15324 -20811 -5273 -5164 20287 -4780 8178 -17651 26041 -6515 1338 -32232 -16920 6872 -7381 -27245 13929 -10487 -8113 25679 6025 -12864 3950 9385 6748 17517 -5137 -26983 29654 17098 25182 30851 32763 30347 15343 1948
3766111613
3638 -850 -18540 -2938 32264 11584 17129 -30238 -18107 4469 -12689 -18741 -24081 11741 16687 5869 -11173 24992 -21028 1026 -25181 24212 18409 2270 11520 -15361 19588 21937 -21098 1346 -26503 31409 26251 5847 3945 17148 -22709 2014 -19431 1572 17635 5845 -3446 14451 -22797 -14572 32041 4566 -31533 16707 -20739 22089 18873 18915 -21422 -27881 7532 19579 17298 29467 16681 -14023 17198 32096
21970 -26808 -29454 -25699 8674 28956 -2380 7747 -4910 -21834 18900 30214 32384 -2222 -15595 -18967 20873 -7607 -26140 -22473 -6853 4077 -28951 14466 -28470 24250 -28574 30622 -3659 -11002 2768 -4363 -26353 32286 -26603 3567 -12714 -5143 19911 -11699 15821 30839 -16362 -9019 22295 -28908 -30389 -11046 3501 -20274 -30238 14987 -32353 -6036 3091 1982 -16724 17725 17402 15855 -13409 24959 -12753 -18768
-3932494905
28519 -17667 -20233 18296 9735 4324 29455 -28360 9919 -2397 6926 31884 27877 6605 -26343 -16889 -20058 10338 -3042 -6042 9375 -30701 -3464 -31119 25317 -15827 13261 -4682 -2353 -29357 10080 11807 27823 2087 -9177 10390 32607 19232 -4924 -24739 1557 -15083 -29998 -9251 5569 -24663 24426 4871 -7659 25462 -29756 -14927 7792 -10019 1267 -6523 -9307 -10077 -21226 -5329 -30837 4765 -11038 -8920
-4251 -21536 -7833 -24422 -16275 -5070 -27326 25787 -31345 -4731 15560 5671 7338 -30842 22556 32653 -32658 15369 674 -18655 -9783 23333 -29995 27188 -27618 -19923 15337 21466 -20252 -25545 -1168 29515 20315 9331 -23258 -25881 19761 -27776 30916 30571 13340 27731 28226 -30631 11983 12371 -15958 -30666 -23571 13837 -6715 22289 20687 1454 1220 14381 -16765 9046 -27858 19957 -5248 -6544 11930 14083
-3803830765
-24071 -20073 31425 -29193 -31627 -23301 28851 18016 -25216 -15361 -14954 17710 -5264 28280 -14168 23068 -22900 -22787 -8988 -15455 -3178 -4278 18299 14682 26204 -17363 4381 9091 -505 4084 -3737 -12470 19980 21726 -2653 -26348 12839 -32189 -9013 2658 -25948 1506 -12122 -8878 -32418 -7764 19385 -25229 -30056 16128 23831 26884 -14187 -14529 -3966 -23332 -31747 -2531 696 -17437 24075 15575 26498 31398
4091 6934 12722 17679 -14973 15597 -8537 377 2276 11468 -6975 -14325 -3117 -107 -28778 -26400 3311 -7940 -13669 -32640 -7 -457 727 8140 -15506 -13179 -26935 15891 -10155 17371 -12132 -10316 -11956 14878 11425 -12819 31888 23224 -4937 -1340 1547 -10434 22690 13296 31890 19870 -26375 22862 -8211 32158 -28522 21391 -21866 -12412 -8350 21880 -5670 -21145 -902 9328 11517 -2512 25057 -31746
-2068909681
-10016 15624 -26096 -26986 8772 3384 -29785 -22189 770 13930 -9676 -31625 -26984 -5739 13784 -22634 16732 -9551 7461 -17821 -591 19808 26447 23570 -26441 -23516 -7852 14883 20543 -28129 -4817 27603 17735 -30448 12170 -19244 9345 21955 -3997 27092 32004 9474 12104 19301 -1519 15175 14226 -3827 -31911 15790 -18592 3567 16806 3200 6433 -5460 -27292 -8750 32058 -32066 -18272 -30025 1603 6204
26417 -13108 21910 23080 -16296 -14479 -6127 26 -31097 -2896 -17665 -25047 -28205 -6146 5847 -25735 7395 3455 21497 19529 2511 18435 -1657 -7311 12205 26312 26069 9470 29706 -13542 28535 1955 -1838 1083 18339 12876 16300 -21385 26704 -11060 124 23559 30587 30122 32041 12815 20120 -20205 31645 31334 -23261 20258 -19753 -22842 -9436 -24456 31834 -31056 9167 -22324 31942 -17773 15833 21923
1693117643
13678 30069 10155 -16358 2011 133 32739 -4258 -13170 2037 3431 -12592 8599 -31704 -3543 -14933 32139 640 -21637 21309 20591 -4572 -17786 13872 5905 21330 10759 5629 -21205 -15155 -10502 -17431 -21342 -2030 -15436 -20980 -1061 -27961 1268 -1684 27234 1071 32027 31268 10403 -30008 12117 -11618 27821 4777 16332 9758 19384 -26279 13950 14079 5532 121 9495 -17722 1912 -8639 -32689 -17676
-1805 28289 16015 -11417 -23117 20832 16557 23964 3154 -21109 -3769 9035 -23578 27358 22640 30800 -13859 2610 29249 32185 -12442 -14030 -25468 -31102 -4926 5861 29281 -27816 26667 -19147 -16623 32332 -16186 -1381 27975 -4423 -26118 -28198 -16599 27630 -11749 -27419 3301 1074 13615 8397 -31968 -18741 27382 31449 -25979 -20674 -12797 -11252 28870 11142 31496 17651 -5927 -24931 29788 28785 9558 -13053
228443429
-10312 -6553 6544 1818 -3333 -12917 -8190 19723 6796 28723 -15466 -7223 13215 15506 12826 5768 -19212 -29821 28787 -21108 7802 -13248 -28904 -16344 2012 -11600 -3414 22284 -2930 -3338 -17609 -10462 -25055 -21749 -25165 -20828 12873 2094 -8068 -18015 -10100 29863 -12350 16222 22899 6606 -2798 -5094 -15314 2024 -5070 -23101 1554 -14271 19528 16940 22730 -4509 -5194 -15068 5026 9361 31035 3184
-17035 -18379 13828 17676 -15605 -24924 -4519 -6501 -20185 30628 9762 -21281 -1771 6486 32146 -7234 -18290 736 -12083 -21407 14571 9510 -25511 16610 -2062 -6735 -22338 -1745 11603 -11768 -30588 32589 19415 -31791 17664 -1023 7125 9637 -24748 -13482 10879 -14863 -28346 -23049 -12204 -7473 -19635 -2634 1653 21968 -5321 -16150 -29329 -19890 -25090 -24358 29905 -10819 -16892 -5732 -27748 -19041 -30781 -11883
1940766301
-8013 -3935 13479 -10065 13955 -32715 -1954 -20280 -21275 -15515 -2261 21229 -397 13725 15930 -15978 -1004 13287 -29404 7613 -12394 21932 -19583 -19510 18244 25283 -19254 -31606 30231 -29059 -23121 20449 -31043 17145 -30628 -10672 32130 20635 8467 -3753 1321 28328 -29151 -18358 5991 -17708 -12324 -30823 19596 20365 -27827 -31870 13853 25544 28970 -30755 21624 12223 11526 -27203 1290 31953 -23291 -31739
23557 -2150 -26482 22386 -16657 -8900 -30389 -26819 -10960 -17429 -7289 -14468 -30443 -19528 -11624 -364 10194 5269 9545 5998 -15677 -26458 -18600 -27424 13704 -11936 -6988 -13111 10661 -16689 -24423 -7453 -29181 13029 -18101 8460 -30992 -2980 -29788 -21638 -12471 14546 -7060 3916 -30542 -5039 3777 -13165 -9927 -20947 -31315 -29418 14739 276 10149 -31889 -13232 -16395 -28337 1552 -2764 10102 -12052 -12238
5698746407
4677 -24774 4999 -15353 -28018 -5099 7936 21810 -7221 -24744 -12969 -2415 -20471 11252 -4458 -632 -17527 1417 -19145 22225 -3339 15871 -30161 140 14193 -30445 7629 10809 14853 32314 -22393 -29901 23622 5153 -23733 24933 23658 15609 -19374 23369 24519 17831 -11857 -10599 -8391 -6207 -16770 28995 23489 8336 8759 16132 -17867 31597 16339 -9089 -26379 17313 24247 16012 5267 -21800 30647 8772
-11948 28822 -8092 9425 14662 -8254 23216 12894 837 -22982 -1051 -11457 -4665 -21725 -25945 20262 18736 -7089 -12934 29713 3677 -12491 20597 -1605 -2085 7522 -9809 -25290 -26245 25662 20322 28494 30636 13341 -142 25521 -8667 -2874 -21112 26270 23987 -24369 -28669 17536 -10175 26281 32101 4498 19846 26184 5302 23176 31237 -25914 4853 -4910 -15713 -24139 17604 -24948 27901 -31308 7516 -5548
876657475
-4342 -31435 23003 19198 -28376 -11259 705 9535 26966 -23957 -8624 29895 24701 -13635 -22754 -7643 -17047 -26275 -28113 -13886 4405 24035 -20166 -2325 22978 -1471 -28616 9552 17626 -26688 14105 15140 5151 -6900 13337 20627 -27732 -15694 2144 23332 26253 17848 28789 7677 -8131 -7708 27396 16728 -26494 36 30771 -20141 31908 -1150 -25029 -26576 21524 -27851 13344 -4614 26149 29446 -7140 -4748
12246 32753 -14836 4334 18380 -16970 27689 -32363 20742 -10530 16860 14173 11231 -18592 15395 4653 -4283 -27050 31140 -5416 16897 -29758 19347 23429 20939 -10651 -9256 -22473 -14500 -10783 -9417 15241 12186 13717 -30973 11988 -23787 30517 1106 5612 25242 9851 28271 7759 24172 30395 3522 -29843 -7087 -17161 -28669 20608 -2052 7181 -13605 -8144 19280 24779 29057 -18305 -19285 -3943 8966 28610
-1405500766
-19477 32458 26002 -12780 29514 10645 17432 27015 19234 -27186 1764 8727 10774 -9961 -19757 -1786 28850 31489 -13706 -10971 -31360 -14642 13865 3326 29433 6762 9014 -21820 -25060 20209 17740 8611 25015 -17674 -15148 -32617 -5674 26717 -21660 -22499 17571 31192 22305 -22823 -5058 11151 26901 -18646 9919 -22872 -13543 6131 -7113 25277 -6615 21369 -11751 9155 4560 32269 27979 -19924 -7664 -9523
-24700 -14366 -19658 -9922 27440 26471 9924 4624 6551 20453 19281 22114 9679 -23876 -26866 -14750 -5447 -8968 -32371 -17214 16266 -21865 28989 16159 -26257 -11614 19243 5467 8258 1450 -30160 2216 30867 -5726 -13827 -29168 29835 -30751 24313 1480 4567 -9165 -7241 28954 -22531 12745 19120 31074 -14088 -9653 -19497 17489 11247 -27664 -27164 -3202 8850 -13345 -30956 21232 -987 22153 16321 -30005
124389116
28483 -10335 -21186 -30030 -25112 -29498 29891 28917 32693 -26237 -17402 30140 -22727 22560 -4446 -20314 -25668 -32633 -32553 26319 -31182 14378 -6428 -6884 -292 -928 7417 6417 9878 29080 10539 29743 15601 10274 21725 -8155 29323 21995 -12978 20445 7406 -4667 20228 -12151 9110 10205 -24141 17347 18467 -28688 -30526 24560 -24993 -7665 -30632 -7186 -23547 8768 24203 -1350 27860 -31463 19661 25178
23787 15265 -10753 9705 -29639 13923 -27353 -28974 3750 30518 25102 -9327 -18202 21248 -13394 23316 5349 -19551 -5492 1049 -8679 -8667 -28535 -1137 29350 -8549 -23228 -24238 27750 -6544 -15413 -14498 -24769 -1691 -9945 5461 -4924 2481 7967 -10153 23101 18974 -1011 -19368 -21712 28707 -5091 11977 -24872 1822 30424 30560 -30151 596 32030 5908 27686 -3333 -29315 -26643 -32089 -13530 14825 -29794
-5164702217
-22486 -3802 617 14028 -18644 1969 22672 -27474 4826 7272 16880 9664 -24955 -1987 9707 14170 -10259 -7018 -12862 23253 14084 19224 32388 16478 -19116 31813 16442 -32481 -15586 -2485 -1519 20931 -9370 16959 5418 10761 31422 32031 654 1124 3554 -31866 11554 -14771 -28051 4458 26651 32466 9473 -22227 6813 11885 27031 27819 32589 32450 -23885 -28560 -25090 11351 22891 18133 15480 -17735
15907 -25229 28550 -26382 -24991 -2455 18814 -26697 24120 8801 12115 17895 15443 2531 -11050 17362 17244 -24934 -13497 32484 -16032 -13116 -8317 29372 9331 7518 -18981 -10507 -19383 10292 22365 -4308 -21854 6194 18273 27989 32404 22911 -15780 25352 21485 17331 14123 7545 -23694 -14117 -28810 -18092 -18302 -10897 -27466 3117 14402 -11541 14624 10271 -17853 29142 -28162 -11495 6384 -31489 19216 23623
3942500047
2212 17128 16003 -8234 20055 24301 -32542 -28629 25596 29680 -16977 -28185 -12002 -30638 -24445 27029 -18067 -24315 -18928 21572 -25035 20683 -32092 -12989 26316 -25313 27576 -22689 11493 -12837 7490 -10137 1769 24319 -9290 -26119 -2356 -29983 26487 4446 -13373 -1810 14005 30626 -13385 -29116 -12165 18914 -4853 8038 6822 31047 -24930 29102 19520 -17923 5603 -3271 4218 10754 22665 23307 19513 -20191
-4423 -28579 14250 -22430 -14921 -13000 25554 -10340 -18692 -7955 -12945 -24476 -2324 -1957 -12435 -3784 -32314 -26173 3725 15773 30942 -15980 -11361 -2329 24372 -21082 -18571 29596 24910 10891 -27156 28449 8350 -12866 21686 26667 -3732 18166 -30935 25823 1462 16120 9724 -25799 18187 -28645 -3340 -17899 25244 22410 -6381 -180 -14263 -6520 3069 -4795 25362 22259 -17552 8934 -30719 21427 -24030 1390
-3455683214
-26033 -16468 -26990 -25393 32007 -31283 -7401 1869 -15464 -3622 27212 -19591 2651 11649 -31612 29461 -18689 -21333 10072 12420 -23284 25445 -25985 -16413 -30552 20519 -9089 -9349 -2520 29557 -30140 -25884 -22952 4294 9858 22705 30605 14581 -15998 10655 15615 -5755 7372 5060 32190 12648 18016 -27561 -23004 -15754 -12730 -14276 -16956 -14664 16974 -2812 26360 -14852 -25552 32149 -2257 -9096 10727 -2392
-24905 25803 5799 27105 4141 22936 -18842 -14475 -29437 30961 15782 -15581 31483 -4445 5593 13460 10350 7631 8076 -21573 -11018 21017 -19789 -10580 24074 -17019 1690 -26118 20509 -28951 -29808 -19860 -22886 5830 31192 17990 -8447 -15726 11474 13437 -4704 16258 -24602 -24126 -25961 19656 -9321 32391 -1311 24878 14159 23597 20972 20685 18967 -4781 -29765 1243 -26167 -14091 16355 -28987 3747 2674
-2088652546
-17208 -204 -3367 -16020 -18381 26974 -12180 14196 14526 -26009 4761 -12834 -755 8047 5338 9360 7430 27056 -7173 25732 -25443 -2855 -27503 -15280 3451 16998 29958 20222 25470 -18700 -16569 -25491 -22092 9861 14801 9493 -25717 4161 11238 -3928 12641 -16995 16606 -31404 21660 23013 3913 23065 -2133 -7563 -31011 -18821 28934 19952 -32618 20151 -6191 -17128 -26699 86 -24977 19981 18154 13377
-14090 3730 13878 -15033 17933 32334 -4588 -32614 -11410 -27084 -22623 26961 -11477 22369 315 -32236 22629 -2834 -10554 -23796 25018 -26722 354 -29223 12949 -3417 -26899 -8752 10598 -23815 30012 -25092 25532 -624 7060 -4239 -30752 13668 -2966 -14970 19998 1265 31803 18345 25492 -301 -2237 11422 -10566 -14278 -46 -19348 -21286 -17695 24187 -16037 520 -170 -30502 12558 -9796 32114 -18511 3640
1017295954
-29092 -13527 22558 -4588 5462 18416 -32264 27244 -28630 1810 -609 -20098 653 -29679 20739 -32041 -24167 -31668 9807 -27055 -3521 -14635 -10198 22235 -24329 2227 17002 -17452 19790 -23842 -12058 -19245 -19163 -21555 7135 27963 29226 23764 7556 -14429 14642 12107 24622 18002 29630 24125 -17351 13486 -10133 14447 -9485 -2705 11483 -7536 -31945 18435 -18371 12071 8796 29084 17625 -31647 10776 -4903
13830 -17694 -11353 32069 18274 -13589 28988 -15067 -15738 4404 -8909 2708 -2567 -10524 -30702 -21737 5081 4051 855 32300 -7679 -16151 8600 -493 24792 -11709 -9726 -2583 18020 -25725 18553 -29050 -3529 -14864 -19692 31112 13200 -14878 -28278 29387 10365 5118 -31550 7613 -19450 -7341 -16331 3220 30230 15726 29675 -15988 30957 -129 -21391 -21732 30779 23636 2784 -678 -23131 -24408 -30171 -15617
-1856493145
-14789 20717 -29930 21278 21341 1239 31903 13644 10865 -31678 7589 -24244 -28036 12685 -32305 31099 21886 11151 1590 -969 19903 -27631 17631 -21338 9707 -23761 -32411 6919 -25775 -10013 10754 5182 -8873 -21189 20072 17731 -31544 -6196 9075 8462 -20783 -21396 15999 -31280 3451 -31635 -11022 11428 -27073 25739 26103 -3399 -28098 31409 24042 23287 24802 -21114 2735 12277 -30363 -13280 30812 -1693
-31777 -21026 -31452 -31499 20995 -704 20417 -2777 10247 25366 -32253 -23230 -22005 15047 2662 -19527 -21439 5103 7811 10601 -8287 -23416 -28394 26902 2635 -12943 2113 -128 6822 2757 17629 -9024 -5332 -7804 2679 -6667 25406 -13348 -12645 -24894 7355 18480 -31033 7817 -9972 -11507 15142 32331 -7120 -16217 25646 -14305 -22499 8528 -27807 340 -5558 -5291 -32764 -2381 22152 16219 -14209 -25402
-2040635260
-6637 -21855 -19943 1189 28666 -15373 2718 -732 6558 2395 -11596 -7634 -21674 -19940 21192 -10799 21688 -16881 -20996 -12390 -23609 12903 5272 22793 25602 -15963 10766 24232 16752 32309 -2747 26743 13096 -112 11435 -13703 -26453 -7928 10560 28446 -32691 7702 -2626 -9618 -4646 -31587 729 -28057 -20217 2709 14312 3063 -32734 -28223 -15260 -10468 29938 945 -14075 15015 28708 13265 8514 11691
878 3760 29858 -10153 -7866 -1344 5411 -3227 1359 -13536 2139 -4651 9038 -24390 -30511 -29829 1992 -21706 -30 16668 29369 -9863 26000 -13656 -14043 3389 -5978 1787 -198 -23676 -2235 -12220 19581 -10385 16216 25272 25625 -29925 -15836 -17172 7445 23320 8697 -23062 14519 -10697 8450 -11378 -6527 -6118 -22145 5762 -5932 13258 -26905 -7133 -19904 17435 19700 -7332 9865 19301 -2102 -24274
-4121280398
2944 -24507 -10216 -7438 -1835 25048 27052 -7464 9891 10269 -23289 -18576 -3893 31370 -18001 26765 -29183 4083 31050 -941 6500 13013 -6282 -6128 -14782 23289 -6141 4446 15031 24056 -27786 -15956 18331 -14514 27105 27077 -28962 -661 -2778 -16324 19196 -26497 -17132 28175 28572 29428 24584 -29080 4608 2168 7269 13650 222 9997 -14784 -3676 -1585 8452 5778 -23160 -30112 -27098 12949 -4978
28755 11088 -30245 13807 -15995 30652 1856 -2593 -10016 -26864 29138 -8622 7524 26570 -15803 29857 -24188 -2891 -12917 27374 -20473 -19468 1062 -29755 23920 -22102 -22400 13865 -20940 -15023 -12500 22935 31908 9324 11878 2738 16669 3493 -29440 -9363 29183 20765 -21717 26505 -4738 -17469 15951 13780 -3408 19797 -9158 29647 9940 -16724 31065 -5718 -13839 18806 -24315 22141 -21515 6950 22888 -3292
1700940472
-5710 27892 -26643 -10712 -18469 -18488 -30708 -16510 18972 -9063 -29913 11154 14039 12007 16201 -10395 1266 -26820 28669 25959 -13421 5298 14287 -11760 20786 -26644 -14845 -15036 -15959 23154 31620 20995 28802 9122 -1743 -6420 -19844 -24333 -26730 23478 31170 26181 27123 -31685 27232 -27845 8463 17404 -15116 9099 -21813 -20762 29953 8326 -26001 -2266 -1069 -4361 -22123 460 25709 -1660 -26757 -12719
31539 -29806 30918 22394 11551 11423 18065 -27041 11994 3645 21630 -15607 12780 26691 14881 -7520 -31892 -500 -14660 2896 31473 8549 21479 22023 9889 12451 11670 -19601 -27279 -17912 2724 -4117 -12309 24560 31577 20843 8796 32204 -20167 10722 13413 -7960 17089 27936 -4312 25888 -25559 1508 26410 -24617 -12258 31132 18508 -26055 22227 -14676 24424 -30583 739 -3298 -14708 32728 -27845 -4085
-5583501729
16946 -2103 13198 -26731 17766 -15182 2173 -17676 -4328 23309 19579 -15902 -19176 29081 4050 6300 -5610 17287 15577 -25757 -6086 4894 17885 5954 -10723 32126 -2392 -13342 -12477 9081 -14125 29139 -11041 20178 -4291 5664 -14027 13223 15359 32215 -24559 -15353 -28982 -30780 30186 9996 -20011 14579 26082 9786 5418 -12837 -10215 24375 10416 -32488 -13648 -22969 26103 26096 28553 4198 3484 15184
-2613 -13655 -13827 -886 -11037 -24340 -16136 -1520 29041 -13583 21517 -31984 5248 17128 27242 26959 3476 -27130 -23232 -12898 -2619 22442 6702 31319 29399 -6669 26179 564 -21831 -9317 24617 5045 -29610 -10595 -15678 -4250 14798 -8435 -12570 9370 23915 7725 -17004 31479 -4669 26261 9322 -11724 -19409 27468 -15507 9275 20782 21748 2228 25133 -21943 25034 -4252 -19239 -31375 29245 12662 6367
-3451301643
-21720 -255 5118 25002 6644 30115 760 -23738 16787 -3890 -2616 23478 -2268 -215 27603 930 15629 -19948 26148 30020 -2340 -29126 15594 10541 4947 -7269 15970 25810 22301 21218 -12849 -9750 -18279 -9040 24057 32660 17508 32065 -17750 -29417 30132 7137 24695 2693 29639 -25835 -4881 7564 16527 23285 4816 14667 14758 -5245 20708 -15409 -1520 5836 -26042 -28711 7557 -28913 -32654 12197
-10947 15570 -11522 -997 8653 4653 -11846 4343 -7808 -18537 31659 22854 -30596 -29020 -10892 -30064 -22671 -31230 -27927 -28655 -15150 -5014 30765 -14743 -23695 -8864 -16941 20162 9062 1503 4007 -22313 -31324 -18391 -12329 -30626 -15266 -26633 -8075 4960 2708 27517 18115 17083 -6443 25904 -29634 -20972 -2957 21266 -24111 -26539 -25139 -32301 -28530 -29765 -26320 -9322 -8444 -18966 -6018 15129 -3594 26336
-1313439018
-5803 -31467 -30251 -8697 27329 -13052 3182 16666 22625 -14444 26243 -6382 -13654 -680 -21395 -27354 5998 21190 -24298 9879 4665 31140 28874 27648 -10092 -26500 -27573 -11457 10441 -22311 4293 -11759 19155 -28793 -18225 -16107 -11890 -29627 -18565 969 -12669 22401 -10998 -12353 -28217 -16743 -6434 26754 -16920 -28046 -23612 -17985 -314 -7144 -8663 22065 22058 -21576 14500 -32108 -19233 -19960 4432 3246
-9945 -23812 -21388 10191 -31750 28295 -25842 1139 17062 -9182 -1041 -15665 29560 -12712 -29101 -24196 16854 -3341 27613 15651 -5015 -5268 -2214 26465 27028 10076 -18059 -14203 -27363 23728 -5711 21767 -2145 -4293 -10745 -29583 -11952 -16525 -17865 -15960 9245 -16410 31989 -3512 -32262 31424 3350 -7717 9385 6335 25846 22068 24763 7386 -18241 -16748 -7279 -24987 -28134 -26602 -16548 -11323 28702 -32013
1407959599
-755 -25670 11201 -10774 -3655 -25387 27000 -7142 31246 10536 -24635 7946 -11954 -13974 -1405 24744 11016 31937 9912 -25869 30394 18388 794 -17364 91 26846 -20770 -22039 -19491 -21738 3118 7137 -13378 30494 -25720 -19201 -105 -20551 -21419 -3934 -32394 14353 -4424 -25892 20420 21846 26664 -2617 -26603 23967 -30888 10606 -15888 6516 -14701 -28414 3163 -6304 -32217 -31730 24086 -8755 14578 -29639
-17017 -16749 14635 12798 1990 31341 15013 -5731 4857 16136 16894 -11533 23963 -8578 14659 11690 15537 13459 -32149 27268 5213 -26159 30195 -9164 7621 -22291 -1264 17354 7435 4947 -26546 -16008 -15837 -4202 25357 32370 -29826 5794 -22558 2922 20579 -18956 4000 4184 19112 26347 -12245 26870 1294 17494 -32094 -12973 26697 -4775 -4793 -21630 16622 18669 -332 2716 19364 6942 6347 10940
-1766034978
-24795 -5554 25530 11867 19703 645 -29074 23364 24574 14026 757 7896 -2293 -14066 12958 -31557 -4421 4890 26420 -28100 -3799 -10343 -17409 -13438 2836 14795 13134 -12677 -27394 -29520 -26870 7908 -15115 -8692 -30958 7580 -17634 -15018 17281 -10402 -3364 19304 7382 8856 -16709 16520 14589 -6958 32138 20750 633 17706 -25314 27822 -10745 25708 -7767 -30531 25901 5193 -24353 1155 7999 -12444
5395 17223 -10392 5376 -13838 31714 -17780 -24765 16494 29053 9611 -29959 27519 -7383 -13187 30816 3918 -1927 -2081 -20979 -9274 23762 19023 16226 -12644 11243 32739 -14019 -17459 3829 25251 15141 22514 -10342 -9059 8343 -31525 -8745 26316 -13189 25737 15470 -4021 -27118 -1776 -29198 -13551 -18015 4605 -32402 -13179 -2506 -22278 5267 -23041 12667 -13192 -12242 -26537 27564 -118 27909 -13515 -27193
722589960
27468 5958 20752 -4373 -6275 23960 19498 28796 11552 9009 -12724 1220 -32229 -13961 9496 -4793 -6762 14652 -8228 -25687 -10989 28856 -12491 15748 26408 -24234 21120 32334 -18863 6668 17096 -24562 -7073 8880 2416 -31071 -2708 7938 21732 -13807 17194 -18346 28950 32266 32145 17797 -9768 12771 -22166 17770 2812 -2697 22013 -15438 11584 -14236 -5010 -17714 31785 -28919 7858 15720 -14425 12911
-10153 22268 -29682 27730 20664 28685 -4600 30777 -27049 12946 -5868 -23572 -14804 -486 7736 -18096 25367 -30238 8313 -9980 -166 -29586 24619 -11371 -19066 -21240 -30486 -5950 11453 -8046 11538 3390 -27779 21199 -14345 23159 14846 21293 10604 24987 23490 -28777 -19499 -17819 23372 15141 14324 27105 -15481 -3124 25078 -3898 23683 -13391 7532 28510 19904 2255 19178 23672 -17841 26742 9172 2932
-367566478
-595 -21672 -29378 -27509 -4098 -14031 -29756 -1509 -3807 9847 27399 -11251 -19270 -30118 -1800 -6233 3623 -520 6775 25611 -6624 -12635 -30382 -1386 -20158 -11359 -7838 -14315 16456 9507 -17368 -23669 -20121 -14797 24577 -15057 30697 -30502 15747 2509 -16421 -4090 18996 19323 -21359 -15592 29470 2119 -23037 24466 21240 -29958 29876 -13548 -3706 -16241 5254 20295 -2262 26383 -15106 -5822 31488 10302
-26132 -23123 3182 24106 -23430 24833 31769 -21200 21131 24594 -24420 -31975 -12691 27714 17028 -23264 -26585 23792 2304 26554 -10946 23735 -27829 18800 -10154 -29312 -20317 -5559 -7949 7982 -605 14716 -2698 4338 -16972 18783 -24135 -9077 -208 -4228 13494 6242 30161 345 3706 -1635 7619 11059 5360 -541 -4138 17959 -19461 14709 32003 -32662 28815 -11058 8621 -26393 -11783 11619 -13921 -20341
-3585078333
-17269 -31134 17799 -22876 3280 16902 7704 18009 7331 -19166 8623 -22396 -24476 -31584 -18787 31151 7476 6966 29540 -27851 -26950 -32323 26574 -8351 11768 -535 15947 14982 -24021 -11426 8125 31404 19959 -2658 -15253 -680 13300 31834 21980 -13254 -20173 12646 -24309 -25830 19624 -16009 12695 -20913 -13256 -13773 2222 -24651 -21301 29233 -28622 22277 7299 14015 -21748 1187 12253 -19554 32585 -9483
5480 19313 26934 2089 -11418 -21296 23902 -9307 -21857 2736 -12573 26214 16388 5930 27995 -22584 -15302 -32693 -24745 29200 -28037 26514 -27906 19714 24498 8466 -22413 -21088 4725 24437 -3142 -24906 -8430 -26552 31840 24928 6755 -17403 8901 7176 -29348 7888 -31080 -733 -15377 10623 -13533 16447 -9451 -28425 29733 -29778 22725 -7734 -7066 -1709 14589 6533 24070 4752 16967 -1538 -10482 21826
-8199862661
20737 24464 -21686 -8951 31591 -14331 11839 -32393 -18699 11279 28508 22850 -12378 -31833 -27530 -2320 -6384 -25681 27844 -27056 -5361 -1169 3791 -17922 -14345 31338 -5533 17720 3863 -3781 -22653 -1454 31955 6404 -8998 -17940 2033 19437 -13062 21529 28695 21938 -10817 -10868 -27372 -30704 -6117 -849 -16267 -12168 23707 -25840 -18860 -22324 -25819 8638 7766 15268 -8288 25331 -16476 -19007 -7140 5744
-14200 -3232 -32664 -23072 32107 19010 -20831 8508 31706 -8781 22615 -15118 25165 30188 6922 19566 21695 -23781 17358 29275 17823 -30190 -29383 -27333 -9904 5866 9673 -3470 -13150 11697 17717 -790 31034 -15717 12176 29601 735 -28026 4718 -745 -1650 7991 507 -16561 -10353 -21753 4743 -15417 -30137 3411 755 26870 12794 -16027 31398 14998 29528 -29854 1451 -12289 30281 6633 30948 -21514
-2387039636
-9416 -9183 -948 -3449 -15849 1285 -8003 5556 20385 22912 29193 -30449 27377 17457 -6644 1436 3285 -14044 -19143 -29755 -23115 28023 18551 19180 -27897 29087 -26416 30876 -9793 26475 6382 6171 -20216 -27920 5388 -30206 14528 24068 17052 19948 6761 -13998 6762 22837 -20387 20720 -15332 -6465 3214 -12144 486 12749 17343 30093 -25771 16076 3710 21464 9344 2674 -12882 1623 6700 -20400
13893 5166 27121 -21344 -24975 -28274 25539 -17699 -22988 -14152 -3037 3988 13591 -3010 -16174 -7433 -8855 -28522 24555 -7367 28018 24758 -32484 3638 -30276 -29252 -11734 -20548 16476 -16961 12517 22042 23684 -2152 -31987 -12642 -13058 -29290 7493 19963 6258 -31251 -24805 -16101 -14308 -11698 -26267 -4765 -3413 -27093 -15766 9043 -28498 19724 -7876 -31839 -30828 -22063 1393 7949 -7107 -17751 -8944 -7746
-2078855336
29760 -21352 -18487 14454 -20164 19932 -25257 9157 -9665 8123 13620 20874 -23537 21150 21187 8839 25628 8362 -1238 16686 22925 14385 7757 -25061 4547 -5448 4419 -16351 -28272 12849 18181 26589 -4405 -31762 4637 -1029 31184 25203 30575 9486 -28949 -27487 26051 -916 -5988 -8094 -10829 32197 -79 18264 -2874 -31212 14541 2154 10625 26406 25206 -1982 20286 10693 -22223 -29196 -10529 28140
20940 -4695 -22706 2027 -7413 -15541 -1783 -24665 -2676 28474 -17381 -20169 -26968 -30309 -31497 -18022 -9443 -15903 9856 -10018 14680 9341 5085 -10948 13627 -20203 9412 29664 8607 -8166 -13812 -24793 20207 -24491 -6258 -16292 -28536 16054 -1459 11870 -16477 14497 21363 24716 16439 19248 15627 15972 18011 7045 1165 -14503 13759 -26396 -1565 21386 -31223 17336 -30911 5147 32222 9427 -18719 -30143
-2507166026
5518 -11137 10047 12662 8036 -7625 -26378 -11514 11245 22535 -31181 5183 16845 -18285 -17631 -24208 10482 20344 21129 28303 -31522 16834 -14321 -10014 32724 -27001 -10650 -1005 4535 -4776 -19466 -13664 15449 -31317 -6011 11560 -18839 -10761 -19009 -22131 -23727 -18508 -27588 26385 20243 -23361 22232 -5684 16473 30141 -24527 1217 -30187 28117 6537 -24343 -5057 7552 1943 4740 -13762 22861 -6332 -20169
22646 -22185 13657 -31461 15408 -3261 -26677 24811 -32211 -11306 -31122 22486 -24147 31961 18036 1518 17322 929 32410 12056 -11300 21999 -11223 -32292 -3351 -4225 -23444 -9876 -23543 -17762 -10625 -31555 -28729 -31187 -31800 32603 7691 -5092 -7915 11591 -15422 -21795 15407 23212 -5853 20736 -5161 12918 -10268 29699 2483 -30444 15579 -18956 26696 -17726 -12301 5849 -8454 -8822 -3483 21089 -25365 22161
4711843157
26715 9266 -27490 14922 1706 -15803 -22379 -24381 -22687 30873 -6274 19159 -25879 -11694 -2976 -24187 25059 24074 -26728 12360 4235 -13407 31655 -10571 29322 -22237 8711 10152 -20159 14340 32115 17015 -17899 31214 1906 -18636 -22233 -15661 4765 1162 3935 -1053 -18168 -10856 22308 -21936 -2802 18494 18379 -26952 -30499 28536 3025 -161 2914 1615 -16767 -6171 2209 12138 -24621 -14817 -3908 20350
-30024 -27709 19779 -31796 4198 7372 -8581 -16472 20848 27349 10844 -26539 -1878 11769 24588 8535 -30041 21297 11781 -13990 -2001 -25882 -1973 -13003 -13680 -29307 15596 3737 13198 2515 -8935 -29301 -2667 -16682 -8369 -19945 29265 -8688 -22917 812 515 -21198 -7617 -10299 15356 2601 4414 -20855 26662 21909 7856 -26536 13649 7270 -8078 10951 27728 10675 -10909 -7557 30780 29970 19372 24363
-6141547141
27982 8064 561 5910 2647 -6246 -13541 -8625 -20349 18510 18424 -25673 28576 -17032 -6266 339 -16338 -8729 9015 29433 -9742 -8495 -32470 24545 -30766 15053 -12448 -15469 25657 -950 -24325 32602 -28475 -8237 19658 16931 10769 -16295 3260 -31067 -19032 4528 6497 -32227 18927 13107 -15123 31735 -19961 1783 -14298 32029 -22819 -16745 -1448 -6353 32571 17317 -7732 -21352 30422 13215 25961 -13723
30126 14127 16122 31720 -9905 9667 29492 -24534 14863 6004 20845 9677 31818 -11428 -26972 28421 -25591 -30193 24303 5673 32079 -4056 -11822 -25451 -9413 25392 11765 3006 21672 26116 -4900 26644 -177 18573 23249 24918 4856 23545 14215 23233 1761 12030 635 11047 13153 -1873 17555 -25720 -18172 -28727 31782 10478 3409 -8180 30395 27270 -2255 3822 -24406 1564 -23874 -16593 21557 -6417
3073377993
102 -18743 13625 -23749 -32503 -15299 -1213 -22394 -14741 -8366 -17310 23978 26409 16855 31314 12871 14949 -2178 -2803 -8681 -12373 27642 12502 25972 23390 26716 28562 25666 -3028 5482 -3987 -539 -6428 -3812 4869 27278 -29407 4978 -30064 -10203 -1316 1427 29327 7956 -5117 -5605 -19103 -1508 -1851 3658 14413 -27589 28558 -3728 27659 -1042 31603 -670 -1348 -24493 -11999 -30126 -10483 -5172
31601 -20807 26616 -26481 10129 14396 4957 19075 14753 8230 -2167 195 -9668 -7534 -5606 -2819 -16873 -15608 -4583 29926 -21114 19328 -10601 -16778 9599 -22693 -25957 7994 751 -10274 10678 13754 20239 -5025 -14912 12842 2104 29467 20224 -26541 10635 25943 -19590 -10138 8051 12583 3435 7996 5241 28170 -3369 -13557 11448 10646 2834 841 -30761 30343 19814 21470 14874 32173 22721 23562
-4877116176
4182 24097 13146 -20765 20 31525 -18020 -16240 26227 20229 -13430 -7645 5855 19198 -14304 16017 -31885 12206 -18569 1373 -25844 -1914 21563 23463 -29437 12227 -1542 -7128 31034 -7467 -8937 31819 10845 4839 29850 -16926 18267 -12798 -6888 29601 -26682 28531 18910 4565 31731 4851 4793 2458 15141 11343 -7440 -15858 -29257 6001 -15265 2356 -3608 -23019 16875 -26017 -15729 -22669 8208 -9408
-21185 27928 -10992 -25241 -29607 -762 24897 21851 -29289 19828 -7839 28444 -19910 -19861 7714 12001 11521 5369 23698 5013 -21079 16330 -946 9065 20515 11910 -3520 23964 -1948 -22821 25053 14343 -6982 -25324 -27463 -29133 7827 2442 27169 -28496 21711 15276 -5683 10249 28134 9103 16398 26612 -21922 -28879 -21682 -26178 27905 24803 9280 18292 20229 -561 28740 12941 -27732 10927 -4952 8599
-2330848601
13040 6292 -15903 -89 -27165 -14318 -27426 -11306 -31582 17239 -29576 -11071 9883 10052 -24576 -19076 -17730 15887 -30706 -2056 9640 -19819 27473 27440 21168 23531 -896 -11062 -29512 -10731 30656 877 -23374 3289 1584 28267 5674 22942 29070 -18032 16402 -11340 10650 32226 30976 12954 24663 -32080 25470 -19031 30931 28826 3592 15618 28068 12052 -20538 -18100 -2125 22754 -8021 -12402 24990 -26456
-22402 -30463 -29532 -17905 2731 -14935 13754 2440 -32322 19145 -7442 16588 24256 23795 -794 -11808 30765 -5803 -21895 -16194 2123 -18830 11837 21204 -30427 11741 15281 -9989 23893 -3736 -19777 21489 24656 -4147 19526 31780 -432 13608 4458 -19602 6873 -13508 28320 -28545 -29969 -18051 -24248 -4858 1882 -3421 -15242 -17707 -1862 -22459 -26132 -7461 11094 -31533 17379 3300 -17279 -3697 -10377 18083
-1368076285
17978 -30050 -19990 11297 30165 13906 -13376 15570 -31343 -4323 26183 -5607 4766 18848 13894 -20398 -3340 18217 25546 27229 -21135 21802 13032 30803 19706 -10916 -14517 -9019 15961 -20439 19939 -21882 32367 -10673 -7106 20657 -23023 1047 -31083 32161 -3235 32311 -5180 -18586 5351 7653 -22622 -10834 24885 5702 32639 4757 -13704 29571 -10228 -27098 28307 -14468 -7299 13058 16244 27707 32705 -18871
-20246 16121 -18547 -30004 28703 -11762 -29026 -9809 14791 -16793 3177 18310 31580 15156 24519 16498 -4987 -1860 1711 -10952 5702 22221 -15866 18716 4152 -10888 14001 4352 -26415 12625 -19854 -12533 -18803 -30761 -17281 -22543 16684 12903 7870 3245 2394 27665 22835 31238 20312 31489 24792 7684 -18320 -7535 8187 -17105 18 21716 -25561 22414 -13001 26007 10060 -28256 -14051 -6225 20837 32409
-3005865908
-15081 -10244 23536 7569 32302 6851 28883 14397 -26576 14871 -16091 -22009 17276 247 32033 18149 12430 -12712 21400 24719 -1802 -26162 7477 -22435 -11580 16311 5846 20763 -24129 15823 25912 -20549 -30616 -7556 -30087 30298 -5065 9836 16849 -13281 -26187 31622 22142 30525 19975 -9243 6074 -32480 4176 -18079 -26561 -2252 21912 23919 13040 24524 -16928 18181 16739 23009 -27077 -16986 -26084 -26768
4889 -20904 668 -25865 -10177 -12277 26967 -14563 2241 -9305 -4344 25665 -19261 32343 -18809 14532 11247 19069 -18337 -14542 31751 11934 -6573 -10917 -5337 10396 -10160 -8558 3588 -11360 22677 30304 -6815 -3726 12908 27013 26098 29428 26419 -18479 -6123 10356 -30 -4761 -12763 -10943 -22570 26300 27437 7153 18518 -24307 -15405 -19094 29712 -2156 2241 4209 -26446 -32408 -26528 -21975 -20825 26669
-3003985807
-5358 -12380 5487 -5685 12467 24734 26006 -23432 -6014 -2936 24132 10414 30359 -21441 -28031 -3297 16131 -15066 25141 21482 19156 30222 32228 -31386 23980 7958 -22886 -18066 6291 -18934 -17354 23275 26284 598 27409 -3140 -25000 -3150 -6277 -5755 -6834 17102 16194 9545 5421 -15485 -32337 -13083 127 -8935 5430 -22205 -31172 7643 -19749 7458 27006 6926 26757 10994 10246 -16149 -13642 23290
7281 516 1256 23901 -729 24700 8080 4834 18902 18107 -23610 2611 -3152 -21705 -30974 29126 -6996 -17731 -15332 2663 -11669 -19460 19042 12158 9777 2636 -12194 12297 2757 -9985 -3209 14507 -9890 26744 27010 12630 31502 30295 -11270 -16361 15901 22009 -13831 15802 -20889 -13979 -5916 16650 -29654 -27791 -25895 -21642 4108 10139 -14337 1017 -5695 -24114 -11279 2124 -3350 -29601 31271 10834
1620092185
-11310 19172 68 5984 -15674 -27032 10447 11689 -28819 -1141 27759 -12597 -21069 9517 9452 -28826 -27990 -8374 -29099 -29239 482 5998 -26438 16850 -29454 -6803 -31445 -23353 -29973 -1768 -29606 16390 -11211 31374 -29237 -30874 -14480 26113 26892 -25556 -4998 -7265 28976 19487 23138 -25442 18841 -13268 27886 32655 -29439 32335 -4558 -24902 8969 22245 -31333 7603 -12734 -9361 -31263 26475 11293 -15769
22127 5664 3522 3738 -19260 -12564 25469 -31988 -1920 -29125 12403 -4632 24305 -3744 -3810 2695 -15428 -25802 17600 26643 -8387 19314 13854 27108 -19321 25456 -13405 -27442 -18388 29946 -26494 23089 6599 -32520 23462 -1992 -26897 2228 -8910 -19163 -27011 21226 5587 -1089 29747 12691 -7365 29541 6754 11991 -14296 -2621 7893 19818 5374 5199 20413 16137 -29546 238 -8162 -24460 15228 -29142
2504524562
14861 -9969 15253 24236 -2296 16576 25351 -13348 7781 8203 -9789 -14265 -80 -281 18451 18211 11348 -21800 19396 -5040 -6248 -23069 -5629 16744 -6719 2223 -492 4415 28203 -29246 30948 -15636 15767 2558 24134 20420 -20484 32640 -12221 27480 714 23804 702 -2306 -21343 26811 -17178 22725 18864 -31171 -29023 18123 10975 -16796 32259 21619 15637 9358 386 26285 15983 8036 -15890 -3672
27674 25771 15977 -31747 -15324 -29590 6093 22234 32074 -8048 8553 -14778 27373 -23328 -24197 29994 -7315 -22867 25753 22117 16809 -25094 -1941 -8750 -25024 -12540 -21332 2537 31920 29434 28682 -18802 -26261 -22508 7870 19833 -16834 -32161 13086 14945 6420 -28801 23128 -27257 -22928 -5278 -20990 3676 26991 -4342 -11161 -24325 -18522 -937 -1219 -32186 -5598 -15783 29070 -24699 23837 16207 6698 -11129
1007112643
-23665 -25630 -25717 -13080 -16819 5718 -27920 -32520 14230 -3927 28434 -4213 10235 15450 -22271 4862 25457 -7328 17337 1639 21464 22076 -30662 -13656 6335 8517 -1971 -32568 -3207 22764 -32498 -32077 -24956 7275 -3532 29226 -11801 -4384 -26467 4009 -5453 -20945 25998 1373 -4357 -464 -13011 10426 -2769 15041 -1481 6018 27436 5017 -26426 25683 2800 11590 -15021 -10688 870 -17163 8748 8368
-16919 13122 18986 -21403 29054 -3767 -7615 4175 -4629 1491 -27093 -17302 7390 22480 -13327 -18486 -11230 22622 -4395 12932 -14991 25781 7570 -4148 -2234 4939 -9814 23303 2117 -20044 12458 29600 13142 -10653 -414 18892 -30685 -8664 2666 -7798 20720 -26573 -10783 -4105 22692 12930 13884 -20348 -25241 -9861 -872 12625 2984 21546 25021 -27467 -18881 -11178 19806 13627 -1066 4070 1139 -31005
-5698067827
11926 -4347 11388 -28520 19421 30637 -6868 18642 -10296 12928 -17942 -26926 -18922 -23433 12301 13137 22961 2564 27366 22295 31376 18451 20639 -2233 24538 9365 9670 19870 -30488 11492 23722 -14440 14655 30889 20568 28933 -29232 -26085 12957 17606 30799 -5121 -23494 27489 -29681 -8570 26135 -3285 -28320 21486 -27289 -2504 -18994 -3542 -4585 -12257 -26636 26189 -14381 -6456 -1270 17633 -2985 17672
-19164 5209 12262 29166 8804 10339 -9212 1584 -1698 13238 -32066 28215 7624 -7402 20871 21161 -15953 21404 7757 2409 32212 30374 -26539 -24800 -4274 -12206 -13386 -9596 -21652 -26710 26098 -10655 24598 -31556 19283 744 -12963 28972 9104 10329 -5010 -15405 -1466 -10827 -6991 24537 -15729 27402 3406 16181 7586 -20426 15963 8676 -9480 -32721 -17966 3868 -6579 -7576 -18269 28088 2104 -31711
1591003291
-21403 -20326 -22347 20990 17810 -26552 290 -16600 -835 -25551 -26209 -27689 30831 -620 14562 -22471 28448 -28094 25005 20143 -21217 -2092 11455 3315 -20390 8499 -6803 -18365 16640 9221 -21643 16715 29695 1485 4922 -24768 17672 139 -577 1106 -30810 -28548 1517 32007 1311 4857 -32412 21750 23391 -7609 -28267 -22139 7395 13064 -19562 -20296 -27171 -12113 5423 -22746 777 -30103 12994 13430
23287 12027 -9155 18062 15629 32742 -16182 -21958 -3021 -7379 20893 10349 20101 -18632 -20851 -9832 8242 -22320 31002 -18126 -8418 -10138 421 -16375 -20069 27680 22439 -8958 11960 -29376 2646 -15010 -5165 -2922 15664 12723 -20878 -23064 12995 -16320 17701 -26706 -4839 -19353 -18431 -18399 -21021 -4894 21982 14880 23001 -20727 29786 15445 -18776 11462 1024 -13697 20684 22689 12872 -22858 -29445 26810
1647681939
-8243 -7058 -24085 -20791 -25107 -9410 8605 11611 -2413 19777 30343 -25101 -7550 -5165 -4769 21459 -28648 4961 18190 1059 -19951 -28946 21111 -329 -14852 -6127 12576 14339 -3956 29182 -9018 20934 22124 32207 13780 -17226 2462 -28977 25254 24722 -14896 -12990 23804 -23035 -18840 22946 13116 20794 24118 14648 -716 32339 13358 -28521 -3409 -23764 -28445 -30704 -20139 -31370 11537 1067 -9738 11841
-2761 -8585 -17518 2459 -20902 -4909 -24630 -13655 10336 -9235 14924 -3591 -21527 -23812 -17074 -15594 21111 604 -26162 -6933 29746 17494 10218 29401 18513 3251 -8582 28419 -26864 -12130 10228 25587 25653 2410 -7944 13134 -24002 6008 17387 -30434 -32730 8561 -20834 -10698 -23920 5169 -6259 -2554 -18909 -27872 -9233 -24403 -9229 -15019 29914 -18661 22085 -13426 -19034 15787 -16648 26400 8847 -29491
-2359678269
-21461 18015 18936 16236 -2458 787 -6993 -29940 26357 2853 -31495 -5132 -16739 30287 24969 -10428 -4134 -26710 -27389 -25450 -7623 -31392 -4579 13269 -16386 11086 -14685 4109 11734 -29495 23432 -5335 2232 12999 29919 -27370 -3716 -259 -5864 22390 -28674 -1971 -29827 22796 -9944 13434 -1848 -14110 -11337 14096 6813 6501 -3671 -19715 -27962 22065 17730 6125 -19467 -29991 9591 9608 -11882 -20523
-8436 22149 23305 31670 31953 13248 24611 -1859 24810 15245 17126 -6291 5838 12767 -30060 19324 -24744 10560 -6044 15129 27122 5853 -24350 9511 -1022 6625 26253 13060 5536 8230 -24810 9438 28321 1876 16123 -25164 5051 -21935 -14504 23327 22033 -3612 16576 2548 -20115 25987 -27825 -2941 13437 12942 13546 9253 -2675 -6064 22085 27821 16961 25844 24878 1125 13566 21951 -31373 17300
1316978657
-14985 -16747 -27081 26139 621 19160 -21232 -17095 -15557 -9113 -11281 -29971 -8858 -17033 -16970 23628 31598 7489 -13310 12880 26136 -14385 -10824 25574 -1115 14457 1151 26359 -22185 -31437 31513 -26739 -4564 6730 -802 31295 18971 23748 -31256 30807 22196 16715 -10686 23078 -12675 9007 8642 -22350 -16937 -14269 -6827 2322 -7450 12249 16 14124 1366 -25759 -10736 32605 1991 -28392 -14723 -3509
-24321 -14403 3216 -17497 25010 -30971 19257 5921 22194 20467 -14509 27448 -20654 -9595 -145 -3445 20713 -24496 -14915 -26602 11824 -646 11314 32432 -32176 6549 -10969 -27599 -7594 29706 2537 -23658 -2697 2418 -11086 5146 27994 -8919 -22927 26729 -2952 -17742 -23609 -31924 -26245 12828 -16780 8872 1733 12682 27160 -6783 21593 -31715 -1672 -16327 -11306 24786 -32766 3700 24076 -28973 10957 9784
-642136844
30198 14199 -19308 27002 -8827 12647 -13414 20450 20600 12893 135 5881 -1511 12589 15669 -21987 -16247 -28813 17498 27604 -28237 -15221 -30438 -4750 12154 -27203 893 -29639 28633 3590 -12333 19556 7488 -17681 -26102 -31204 -11338 -5399 10179 13851 -7400 26347 3824 -1052 25062 6233 12783 -27056 9208 -27751 -31014 198 -6996 -29530 3955 -694 -27941 -22186 25430 25139 -21805 20911 -26054 -28187
-22398 -18297 13739 -27478 26426 16199 24441 -6094 12199 -5073 22655 -17479 13980 21669 18996 23236 -4467 26338 6515 807 12274 -13026 -14553 -27635 -15218 26346 -380 -1236 31746 16788 -26919 29860 -11320 -19249 30146 -19487 11110 14085 23572 -3307 -31766 17224 8793 19415 2020 31092 3190 -659 2572 -10991 -3353 -32459 -22953 7838 9442 16644 -31721 6718 -9524 -25425 15723 20970 -23940 -18823
1157082660
9186 -24861 -5454 -8698 -28884 31365 -22205 -22067 860 -29245 21429 -31214 32380 32416 11279 9667 7860 32435 -17611 22532 19009 -30334 -24471 -15348 -1861 -19626 -22091 28911 3428 30174 15622 -9786 -12723 -28996 -12815 -19094 3801 12782 25737 17023 -22096 393 7372 1531 -5060 32427 1728 881 -7674 22796 12487 85 16149 -6769 -31675 21094 24001 6958 25125 -1370 -12879 -11100 24477 21857
6948 17309 3138 8247 247 -19195 -20574 25870 -12633 1929 3316 -26079 10030 4695 22565 -3921 -21618 -14204 3438 -7062 22524 -14832 -12989 25034 -12755 26589 19244 -7734 -14558 -20508 -15793 -3232 -12304 -13511 29176 -4776 -8988 16837 -25744 5199 -7410 2889 -26200 11400 18593 -13311 -11762 -23837 -12129 18985 -17970 3886 -3680 -14571 18559 10518 -17271 27326 -3842 14541 27685 8055 28711 2806
-2489361630
27120 -8412 -22722 4754 7351 13242 6289 -16517 -4290 -32063 -951 17305 -20258 4742 -5367 15179 32430 -31358 -22618 -15751 15050 20 -22428 12810 15734 13455 3829 1090 10259 -29027 14862 -11963 -7429 -7569 -27249 -30120 23121 -21526 -8725 -6186 -28855 14452 28912 -1090 4277 31954 3265 -18827 8824 -21269 10606 -16184 -16287 -31232 -32693 -11963 27959 -28859 -17012 -19481 29646 32108 -17858 -1655
-20930 -23866 7703 5234 32028 19886 -19890 -22439 -18964 24443 25585 19906 22045 -11369 10055 27031 -28019 -14251 -32422 6859 -148 -12059 -18247 5129 19609 -27332 14663 -12492 15787 -30291 -31055 -2482 12671 -29945 25092 -21810 -17496 -1444 26076 21661 -2070 -29127 -29876 -412 4792 414 21643 25063 13508 28995 -6842 19963 -19816 27685 23306 -5956 -3536 4838 5412 -10664 31983 7987 30665 -9100
-2868174282
-9635 -8835 15770 12104 -31142 19323 18676 -8255 -7857 22205 -32114 30854 -12023 27513 -989 -24580 21780 -24546 11956 -3882 -3823 15663 13090 -19121 22097 11700 -32677 29659 -8298 404 -32430 -3041 -7672 -21461 4692 -11580 1072 -20563 -9821 15272 -16773 26732 18499 12864 1806 30575 -3162 7560 -5269 -19886 -607 31887 -24091 -32158 -22986 26917 -30980 -3975 -2590 1801 29832 -8828 10190 13824
-5544 -5092 -6020 -1501 31601 -31933 -9751 -13952 -8916 3458 32168 -13658 -6902 7288 -32399 25098 -29225 10180 900 30148 31272 3431 14663 16144 16486 -31447 -11797 25116 16614 -5463 6994 -517 24370 -1530 8403 25589 31023 8163 -19084 9080 -3847 -18539 -31685 29285 -28747 -26116 -17895 19253 20993 8642 -8427 4024 27014 -22355 19187 -20509 -1924 26114 11202 26391 -17811 10931 25772 -12429
-6850573320
-14393 13764 16231 4158 22298 -28579 -12240 -21200 -27649 -25521 6455 3982 -8106 1648 11013 -20226 2276 -11506 -12995 -16832 1017 -26547 -5442 -16508 -7118 1755 -9971 -7717 -21282 -21548 -14692 -23877 6804 15982 -18865 7992 26328 7499 1437 -22411 18381 -11195 20485 1748 -19802 17875 -24358 1697 -19670 -21152 -27941 23435 -7090 25138 30797 8580 -4590 8905 31526 -8756 31888 1640 -3750 1361
-5320 -2067 -773 -17066 24627 7421 -30471 14756 4526 -1395 22569 28130 -4269 9969 1523 -12414 -31022 1307 -2238 19672 752 -7055 22801 -8718 -3334 -9966 -11040 23754 -6261 -24701 -1456 8038 -2932 -16173 -19152 20193 -6275 7277 32725 9093 7021 -24226 25454 29649 21544 18337 -5752 -11885 -26248 -14598 -455 -6838 4759 -19404 -28192 21331 21516 -16158 -6470 23127 431 32453 -23578 -5193
1038525822
-17841 -23479 2470 -3884 -20063 19248 -7655 8145 -15999 -25277 11706 16439 19290 -6234 -6071 -23933 27831 -21129 7257 17168 27817 480 -21616 -4938 4647 -17041 27880 -26910 12575 -16070 -7868 -7284 2865 -21468 -22148 -352 28152 18391 -30493 22268 -30286 24436 20930 -8596 -26853 1262 -8248 23350 22432 -27386 11246 -3867 11889 -4906 -6738 -5725 -11699 -8488 -6212 -23949 -14317 -31683 -24213 27083
7257 -30433 8934 -32248 -18826 -14586 -29211 2589 -6632 25120 22984 -3737 -30077 2338 -31566 13816 31525 10935 18470 -17035 -24442 -11774 -27617 -3313 19649 15796 -24280 12645 -22912 6681 16207 -23172 -1977 -30180 -21623 5943 -15419 21234 -27084 9488 19508 1468 -6608 -22517 32546 -11365 -22685 -16454 -20703 8614 27936 15276 -29197 -26257 -11923 -29212 31775 -12177 -16719 -7749 -2648 -22431 -6330 18309
415802070
8636 1760 -16985 -30990 14091 -11486 -10584 5007 31866 -24169 7278 32186 30138 13050 -23073 18188 -31413 -18555 197 6794 -6839 -3017 24512 -32482 25559 -15214 26143 726 -8824 31898 -27803 -25900 26921 -7213 -19973 18936 30797 7784 -11305 -22156 -18224 7222 17958 -16617 5623 29350 -15019 15976 15216 16678 -18067 -22940 17573 20384 -9375 6838 10748 -2825 1730 -21863 -14827 7415 -18786 25741
16450 20589 -5451 -27127 31361 -6475 21604 -22613 11304 -26293 25199 9797 -21240 1687 17598 -23853 15248 -11704 -17324 21063 -1650 -28615 1670 9771 4554 10562 1483 -9636 15301 27311 28662 -31691 -8790 22898 -23449 31524 20876 4889 24173 -1465 -2708 -3763 17856 -31243 -10233 13266 -10995 16434 -12489 -23571 -17403 -10910 -24415 -17297 -31957 -23201 8894 -15319 17112 -13221 19876 29363 -30940 -9543
4551097356
3927 -29540 -20232 7237 -16884 -18329 3171 -30207 12316 -6728 -5689 4419 -2464 -7012 -20990 15874 13124 -30396 23714 1067 -21195 25480 -7864 18616 -6815 -29865 7336 -13488 11394 23777 -11987 -26390 26231 15380 -29488 -11389 12342 21011 22276 -7945 21660 11499 -30913 4670 -23629 -26580 -23561 -27779 -23323 -21409 29156 -28815 -5351 31828 -24237 13055 -29819 4269 24165 22127 4178 -28077 3043 2630
-3891 22658 3649 -5578 -19698 -27476 -26008 -21980 11061 -113 26174 31680 -22154 -3829 -30585 2347 2882 26654 -16158 -19310 32142 32722 19702 -20521 12390 -4404 -3660 2318 -23975 27197 28810 -32764 -20207 12040 3915 11670 9122 -2954 -13901 -12222 -13709 -15467 9546 -1750 21966 24941 -6626 19766 12291 6499 26042 3211 -8470 -24087 3268 -30020 17523 -24679 12376 -17333 12999 -2278 -25740 31718
-3819901000
2336 -21009 -8702 -6398 -2450 19105 -29197 21487 29097 -22339 -9341 15630 10952 31757 -6422 -31665 16985 14546 12125 -26868 7127 -7609 15748 -10739 731 -9846 -26572 6350 15560 -3167 -23894 31362 -808 -18999 25670 -5931 69 27317 914 -30307 22475 31232 21922 -7583 21 -16908 -2185 -11590 16030 -5398 -19600 -8631 -3266 7027 -7469 30475 18561 19236 -12287 -30870 14966 -25319 -11772 -21827
12082 11771 20066 1222 -12178 -9160 13901 21247 26580 -1822 29389 -13388 29607 705 -18731 21610 -4695 9249 32119 -25420 8464 28253 -4817 2488 6736 25369 -8806 22779 -21652 -10420 -30978 -4742 -11830 -17416 27860 17302 -3099 -20070 25674 7528 13120 -10974 1225 -31394 -15474 31618 -8354 17567 10972 -27529 -22658 -29417 22402 32500 14046 -5903 23338 -16687 18460 -16363 28660 -14588 -27875 1472
2982598905
4217 14430 -32356 29420 -2605 -23284 -12345 -13795 30846 16263 4953 14641 -30160 19902 32207 28100 13880 3549 -5756 7399 935 6837 -3461 3577 2884 2506 -18552 2008 15875 -27827 -12095 -17462 11944 -1020 -13885 -21951 -30233 -14468 3973 -21355 27616 -9174 13705 15989 28196 -4338 -6122 29745 1166 22289 21474 11448 -9540 17567 15397 25314 5710 16797 4028 -30995 -16251 -7345 -22945 6422
20408 -18339 7498 -31435 20163 11439 -2447 -3682 -24840 31959 14009 20438 -30105 31212 22353 -29969 21192 -20571 14112 15366 -30678 -29122 -32553 24199 17891 11133 -3090 7985 -11218 -22480 -6749 13262 4991 30667 -7393 -10114 9216 -28627 1439 -25073 3896 12081 28228 -5667 -5895 23546 -28292 -22469 28315 3027 -20130 4826 -30715 -6881 20926 22367 -13634 5159 22635 -31726 -23022 -28342 -13386 24315
4092777999
13068 -24724 -24779 15616 -25235 -12745 -9470 22006 -4263 -5072 25897 4027 30065 29038 11079 -12184 -10448 -11131 -25148 -7013 -20827 31971 12122 25270 -8471 7257 -15912 -8850 4591 6431 -11894 19939 -27223 -27472 -20 -30597 29043 -7370 -8947 -23983 -14050 10273 32057 12595 -9170 -10615 30201 -13695 137 14030 -13470 1541 719 563 -3089 -23051 20424 4096 20089 -30272 -31439 7474 7879 -13252
3806 -14913 18322 28098 23463 -25380 8932 -4659 -12464 3094 18156 -16716 -7259 -1111 -5384 -32576 -20206 8754 -10504 4547 -6761 -11531 27550 16066 -30053 1245 13991 17854 -26511 13477 11544 -13925 -1102 21662 -16715 -14734 32705 32481 -494 -1643 -4924 -25537 -13385 23143 15791 -20712 -5233 -9743 8908 -13894 19788 21783 -13799 -29547 23356 2194 5329 -18421 -22024 -29736 446 -23686 -4761 -25182
1145908317
-22097 13007 21917 11841 2325 -31180 9985 19651 -4820 -11171 -29071 -25352 -11044 -7083 32443 18481 24521 -30895 18120 -7825 -13120 15815 -10529 -18986 -10495 1519 -14728 -15578 -1715 -31873 -25324 -25368 -1798 4160 -1509 25262 8693 -24108 14013 31221 -25905 6220 6203 -10616 17824 -19497 15155 -10870 29004 24449 -23633 21524 -18192 24434 22587 19055 -7203 -25092 2481 18162 -3743 -12487 22728 16362
-30206 14703 16116 29647 4239 -8134 19226 -17778 -10545 11778 29751 30881 13863 -22996 -18650 -26989 15813 8405 7532 -10105 11593 -11773 -8640 30496 13998 -15193 -6536 9332 -12785 -6017 -29220 -10249 30500 -3827 22406 1802 -8166 25188 8005 -7022 15078 1034 -28514 -6437 -7324 -16529 -9255 30362 25783 19124 -3598 27404 -15263 16335 10828 -8527 -734 -23193 -20888 5992 -31546 -7344 14019 -5748
1470480664
-19513 -19305 8804 30373 -1318 8484 4669 22471 -23556 -30291 -25305 20092 -17195 20070 -20545 15701 581 -21174 -20066 6693 31184 -15552 28022 -15743 -2468 -5737 10736 -30231 -14113 19642 4483 -14624 -20141 20975 16705 -6231 -31370 -575 -821 -15665 -2289 23090 1312 20400 27927 -14978 13831 -24122 26359 14243 25824 -7025 -8165 4008 -9069 -13110 16789 -18661 24007 -9464 -31864 -14554 9914 -23470
7465 -23217 12523 -7201 18725 -27289 -26990 16038 2229 -17981 -19769 2843 -24450 -24302 8034 -12730 20157 19848 -21254 -15986 -11964 3604 962 -32511 27506 31963 -28220 25559 -10187 -5706 7420 -7742 -17621 21812 16511 27658 -18796 4585 4393 19175 23755 23239 26377 6066 -16695 30920 18276 -5525 15089 4475 -24968 -548 20843 -9935 21537 16544 24384 -29506 14520 -6432 30544 -24046 15045 -30333
1763101231
3859 12787 -13779 20686 22301 8627 26588 -18246 -17077 -9400 -4388 18873 5933 23058 3063 7991 19901 28808 2467 27441 -18509 26688 -5489 862 -10646 -14820 -7587 -28885 -8898 7222 32156 27822 7176 -11589 -31635 20089 -10920 27062 31241 -14668 -8146 577 -25797 -31030 30580 -16132 -12657 7800 -20245 -12192 -20237 -9608 29890 30624 -2920 -8820 7061 14255 554 -1058 -32604 1325 10669 -7510
-9455 27338 -27796 15955 -77 28727 12331 1892 3612 9779 25056 8875 -14938 -15442 8588 -31554 14627 -2460 31955 27346 -27397 28152 -21965 -8358 -11450 -12679 25358 31422 -25939 -9158 -22713 6036 6212 20227 -14522 -26447 -11120 26236 25688 25237 3765 6590 -18696 -8540 -5564 6187 18214 846 29048 11307 32257 -6768 29498 -24659 -28707 -31916 -4871 9383 -17001 -25003 -20858 -32252 27397 27688
3277082980
-20945 -13557 24600 -29317 27879 19317 1335 -7730 4950 9234 17206 -2902 7057 -32549 -9157 11948 -8839 -30390 19223 -28760 28430 -12026 -1153 21893 6391 15659 -19274 -19679 22877 6314 -23199 -17176 -18910 -14374 -2653 693 668 -5909 -4699 -11510 4507 17836 -9424 31570 -25697 -9055 -24524 9336 14880 28343 -119 -19117 -22545 11240 -3974 -18646 -18955 21269 -8165 -8281 -19079 -24246 21153 31105
29167 -19493 30543 -25598 9124 -16772 17539 -1859 7654 -16787 -26272 5959 7950 15021 8062 -26903 6184 12690 4406 26482 32562 18932 2709 -13537 12394 -8255 22545 -31022 -31753 -10691 -23479 1452 610 -3544 -27336 15562 18959 19833 10463 -22067 -30552 -18279 -21395 9329 -2469 -18163 -14194 18443 644 -32560 20231 -29828 -27859 -22999 22783 14664 4210 -13410 28395 -6212 1651 -17517 6038 -4573
-661065586
5238 23973 16558 -4041 -10732 -29067 -17243 -3485 13622 26975 -30661 -28539 9527 -14270 11809 15981 13672 4448 -6164 -7389 -26280 -21476 1096 -15846 1465 -13912 -12557 9907 -14302 7578 -31389 7700 2960 5866 -13124 32623 32290 25059 -6493 -25936 -26167 24719 -13472 -28204 -19850 -30358 -30060 -576 30953 4923 -5074 24027 -27633 -4157 -27726 -20554 20192 -8512 -23504 -27532 20192 14546 10434 -20857
-10394 25572 -4251 -3033 -21648 -22954 29336 13333 17873 -18355 -1572 8196 -11738 13099 -20861 -15584 12387 13432 29145 19355 -18587 -20484 16987 29594 -10320 -20367 89 -5480 -14283 16053 -17484 -12173 -22881 -15048 -1297 -12365 -26829 11001 -18526 -18306 15640 26016 25476 -18260 -4040 -32631 -11593 1877 30762 -9511 14356 28411 -10073 28455 -26472 -27515 27186 -269 5072 27548 -15631 23352 18431 22025
4685662477
-31741 -2781 10387 -20751 20379 25341 -30181 -20224 31132 26843 5028 32182 9621 -18513 -28146 -29406 -21863 -29221 5548 14450 -2107 -13443 22712 15079 16715 23476 -32296 30532 -8379 -21775 18745 7317 2548 -8934 12281 4853 25314 -21835 13642 -16249 -15611 3957 -16051 21106 -13244 18354 29361 726 13217 1615 13984 7991 14916 20657 -11806 14315 25015 -5024 18540 624 31541 -1036 -26261 9758
1424 21963 -1132 2137 -9732 -18651 14802 -4314 5403 -31482 -28781 27164 3964 -17337 -3664 -24629 26509 -16815 18886 -11668 3492 -13051 -17169 -11386 7729 -3153 30654 -22269 27594 29667 -16928 -31176 -9937 5649 -17658 26930 -11006 16308 8263 27507 25264 -9474 4996 -28045 26024 6257 -31313 -14285 16332 12722 14947 -10623 -15847 -4236 15363 -24466 22258 -4008 30891 21987 15641 5761 30646 19792
-6387063913
-22191 -29876 30358 -26783 25302 8135 -4327 -1663 -15365 2497 -5164 31728 20862 29007 -27745 14745 -25146 19207 7191 8247 -31620 -32697 -147 11606 -11055 21667 9134 13708 -21539 21022 12891 27836 -16728 26108 17374 -15266 -27722 5731 27906 -21555 -9921 12764 -4961 16290 6556 -25336 4201 29918 1742 5348 -28301 -29050 19447 29778 -11324 -415 18548 32254 30301 -13598 -6061 -6768 19119 -9017
-27565 -835 -4904 -7812 28156 26659 32160 30160 532 -11032 9275 5191 10770 21416 10508 12730 5343 -6080 -6845 20736 10323 -7337 -18358 -13320 -22665 -15738 -15692 -27999 -32603 1156 -6913 -29530 -4829 14506 16461 17503 15710 20377 15639 -13484 -29320 -7700 -11889 -18875 -32362 -2962 -7409 7320 -2853 -12026 -16639 -15519 1852 25268 -1398 21050 -32142 -29666 -9017 11960 13801 13726 27189 30997
1694578519
-10434 19069 5806 -13050 16741 14007 -23442 -17595 -18696 -12169 -19219 -12210 -22862 -7105 7986 2897 -19550 -13967 -15063 16356 -824 28943 -23312 -11360 2846 -25205 3411 12340 18443 24278 16652 -30877 -32746 16856 6676 -23266 -17183 -24788 -276 16275 2453 -2773 29214 2674 24479 -28765 -21366 27366 -1176 31559 -3845 27304 10325 -25560 9209 -569 -25777 9328 2246 17356 -17571 -19579 3152 5911
18745 20051 -2496 26184 -12656 -3127 9861 -9218 -15575 -25211 -26165 18907 13970 -6349 2625 -12384 30432 25406 31285 6980 -273 1012 24077 8956 -18775 8521 28099 -9469 -22685 -24008 -10769 -9908 -27363 -5377 -24342 16049 -17270 -7784 -9046 -23356 -11521 -24562 -7529 -15827 17803 25273 18245 16600 19066 4553 17080 -21118 -176 -13812 11435 -614 17359 9882 -26401 10497 -31069 16802 20658 -31557
-3286079465
-9921 12565 12862 -8706 1724 -23182 20701 10662 -18306 30526 -24897 -2217 683 388 25523 -24415 -919 -13993 -13665 15440 -27895 22873 -26221 19541 30349 11433 -14765 21183 5034 3449 -6206 -11587 -7737 -20948 15664 20703 20532 1614 20781 25647 -31053 -22227 -15999 30057 11721 -22605 -15930 -7630 -17230 -32416 5152 9104 -1553 -16270 -15384 -13071 31098 -12456 31092 -976 -21659 31490 -4566 1549
18045 27336 30153 28436 12241 -24590 -10435 3306 29738 -23079 17699 19005 -25487 28392 28415 -29793 22897 4134 1113 -11356 -5794 11017 -4461 30920 -22028 -29887 14056 -15921 -16320 13079 -13038 -9808 -4238 29582 6314 -2194 -9692 -25188 -27986 2860 8166 -14737 -15536 9073 16665 31617 -21993 26727 -30155 20454 -17032 5907 29480 5390 -13459 23989 -22518 17298 -15882 17607 7444 32676 -22330 -16312
-2061185715
22054 -11695 -26312 -6347 17437 9009 -24627 13492 7268 25272 -8623 -4087 -24141 26810 18184 31489 -29935 -13262 16346 23287 -25604 -19421 30991 -18052 2241 -2012 -25148 16688 -14922 -5810 11962 705 20268 -25655 10646 28342 12700 -13446 25012 32193 -11478 -21428 -26946 24691 18383 -17343 29502 7224 23305 20913 11672 -8131 -14363 6032 12597 27131 5257 26745 -23110 14201 17632 -32344 -21507 -9919
-29151 -12569 15570 1378 14709 19651 28684 -17740 -22830 -4732 -8007 -10302 -29068 29283 -77 -19594 -6532 9399 -31335 29298 31101 21279 20083 -3652 625 -16930 -15327 -15825 -8768 -7737 16858 -14122 15375 -15187 -25706 10058 -28625 17169 -21241 -4868 15082 -18072 7487 22236 -12053 9004 -10823 15533 -14944 16726 18855 19186 10161 -26594 3543 -6474 -12116 -3133 29346 -19557 -29197 7298 -31868 -762
-2614736275
20401 5810 -20793 30096 -29022 -19960 -12360 -25896 10450 14571 -29569 -30449 -10210 -3789 19121 -24035 -15592 9584 -22683 -3308 7883 8635 28626 -25657 8697 -25462 20778 11530 -20566 20067 -28767 -3889 -2435 -4212 19425 19532 12063 -2350 10070 15904 -24415 8223 -32187 -29065 17263 -10702 20310 28539 17213 20843 27763 -29418 -29847 32599 21179 -16647 -25805 2024 16199 6699 -13479 17753 324 -13501
24987 11944 -866 1581 -20933 -24909 -18535 -25671 3637 -13498 8663 -30819 -29479 10365 3970 -103 22905 18345 -20286 14483 5289 -6635 -7075 10601 8524 13970 -4841 734 25723 -9046 13295 12214 -29522 -24400 24554 -3053 -32037 -336 30231 -14988 4155 -10543 30821 -15726 -10064 -15432 -27980 13776 9171 13520 31308 -10362 -17777 -4734 -23838 -30259 -27378 -164 -19190 5075 24336 -29445 -16861 -4784
2725637170
20415 -20454 19547 -28073 -2305 3804 -10034 -19298 7912 7740 11315 8292 9480 -27356 -16694 -32150 17587 15730 27937 -24486 6694 1790 27303 26827 28565 11120 -13213 8724 -23411 22327 23068 -27281 27015 20629 10140 -11403 19544 12968 -31573 24527 -29470 8097 -27936 12500 13183 -16133 -21069 -29498 22631 -4815 -121 -30821 10370 12121 9118 -28162 20336 -3484 31013 22265 32083 -4365 23746 25915
-23306 17076 15597 -19954 -18344 3667 -9730 18306 20291 -12635 -4415 21894 -24888 -17003 1754 -22616 -4439 -31557 -16832 899 -14631 -26323 -2551 1931 26724 -31883 -14533 10904 -28354 15166 26514 18861 31760 -14934 -1880 32286 -3194 -25058 -15738 26260 11587 31355 -28741 -9629 11638 7229 31679 10915 -2892 -9338 23615 14990 28972 5294 -17144 13760 10980 -15424 -14663 -167 -14322 28597 17586 -8981
840955419
7945 32663 -119 18160 16897 -1395 1882 19283 3186 -10788 -15017 -26238 -11390 1723 -14838 -16297 -15947 -2854 -27548 -3638 -30598 -7342 18821 -9625 9760 -24489 -26631 -14261 11732 29288 22272 15430 7139 9236 -18999 -30838 3397 20484 -22880 17117 30386 11 20260 -27834 -22580 18559 25462 18201 -16775 -22513 15557 10398 -21893 -18404 -22404 -9319 31011 28655 -25013 27308 -19233 -26180 -4659 23820
-28473 -7148 -29091 -26448 28328 11628 -9403 -19178 -15658 -464 2793 23047 -1564 2113 31132 30975 -29309 -27121 22320 8686 3815 -25361 7505 25027 7295 17771 -15867 -24686 -30119 32712 31020 -14467 -6566 14612 4955 -517 5762 24855 6705 -19392 6583 5012 -16078 19756 -22112 20974 29586 30744 8176 5134 32724 -1273 3592 -29477 -16102 -22495 -16078 -20433 -7604 -5771 -2281 -12220 4475 -23690
436358967
16164 28829 -14690 -26294 29235 20893 -6041 -11186 15396 11570 -27391 16421 -2304 19472 23946 -7895 -25403 12023 24897 7108 19727 -8419 16711 12715 -30883 19225 -29216 25943 -11970 -16058 5972 -19256 -13860 -9942 -11511 25907 -1842 23622 13293 -15661 -29828 26011 31821 -14895 -3310 12843 223 8300 -30916 22587 1501 11624 -26009 -1404 25302 -589 2898 11842 -11014 -13494 -26466 -21662 16253 2974
17730 11030 -26035 -13894 19078 11101 13589 17987 22224 23333 19340 -20072 21513 -2572 20690 24659 -3674 -23404 4317 -2217 -6627 16138 -14 -15899 26127 -5613 11639 -4573 26524 -104 -1040 32619 2176 -6309 9966 -16189 -25929 -16906 13907 5396 -888 -9453 -20841 13443 -17 -26813 -11526 26364 18424 15464 16472 26769 -22534 2207 -21393 23366 -4368 -21576 -9338 -7957 8873 27451 29890 -30188
-3387842099
24610 23442 6681 -28884 -26930 28208 -19469 13933 22084 31483 9815 16003 -28433 2871 3566 -32425 -22329 -25972 3445 -20967 22950 -9367 -10313 -15313 20243 22018 -23971 13715 -26850 23580 26032 -13833 -2419 -8904 -11601 -13074 -6709 17367 19093 -25406 -25724 -583 -17535 15980 -10945 8378 -8125 -14849 -7437 -24137 -15044 -13510 -11486 -23922 2758 2354 -13537 14325 31865 32710 9295 2353 4777 -10615
18275 19330 -23271 -25711 -3259 6427 29798 18497 2510 -31806 17735 111 -7635 19233 20219 -5447 7423 11730 -17822 20331 -10825 -31950 -31719 -7946 8131 8970 24119 11739 -6079 -18203 -61 -17309 27684 21946 29834 28682 22935 16309 -11445 25353 1860 -3830 -16699 -17861 -32317 209 -20446 -15446 32318 9492 17015 -16554 17397 20128 19388 11823 5101 -21593 8776 -6286 26094 -3915 20555 -23695
-1181133810
-21708 22366 31517 1860 12744 -6509 18263 -2926 -4768 30631 -6638 14744 -31370 -7930 -22530 -17379 -21896 -14978 -24428 4569 -8974 -17889 -3136 18025 -14116 13640 18694 12333 7160 2966 -22280 -31802 -459 22841 -23220 -12969 -28716 -32518 7200 7415 -8614 -517 -18116 32273 20127 21676 -29765 -5669 -6340 17001 27553 -5244 9765 -20149 -24812 21131 16766 -27535 18871 17365 13103 -5707 -11419 25426
-7811 6433 15025 23642 26104 -11098 -4372 32688 19094 -16926 -16468 -5183 27055 -32477 -28999 -30534 -10819 -25956 7853 -23603 -15831 22406 19577 9780 19797 8135 -30748 -29359 -28747 29377 -13341 23167 363 15831 -10002 -649 28816 -10930 -4866 -32071 -9565 29210 15465 -27783 -4679 -9832 20786 -23338 -14166 13314 -4037 -30739 17051 -28837 8997 -8413 -31973 -19131 -16445 -10569 -29976 31954 5141 -3472
-2963497117
-22181 -981 -24576 10646 -6607 -20057 20457 -6672 1872 -6029 21135 -23719 22914 29409 16190 -31383 -22110 10888 25862 7544 -7589 415 16809 -17639 -14316 -10319 -10245 -22607 7110 22124 -14303 18650 -17585 27274 -31421 -14788 -13003 4973 25147 -24449 8198 13037 4345 23753 11714 -28770 10240 21777 1771 15054 -28923 23253 -6874 23833 6151 -19505 19689 32036 64 -1643 12505 12581 -26484 11382
-26796 -11927 3522 -19302 -25442 -6909 -14771 -2043 -134 13932 -6180 -13385 -25632 11955 19867 12511 9990 -13320 -8808 6200 -32263 -23507 -20576 -13863 -18846 15296 -7160 1485 21745 -3186 -888 20970 -24547 -29656 -7684 -15170 -21408 13054 -32195 13789 28571 29150 17617 -2979 17629 17852 14236 25135 -30100 29314 -3300 -19282 19878 14006 -14828 11761 -26226 27839 -25095 1241 -6556 -7051 26 24038
1031431917
984 26372 10050 25367 22906 -29314 -6543 7114 22068 8659 11889 28834 -20720 30256 -31782 28585 -20126 7639 -28339 -4210 31078 28567 -13952 662 30032 9807 -31491 25767 -31592 20105 -23186 29067 -12251 -11864 -5397 -5254 22308 -7872 -20848 -3339 17460 6606 -30813 1779 -21731 6867 -30924 -4710 -18986 -6218 14901 9129 -7938 -28408 23077 19712 -27254 -29887 -30366 -6276 19902 4631 434 -26596
32291 31753 -26106 -2970 -6159 9432 846 -9182 15956 2260 21455 -15551 21922 -9681 -23108 -17232 -28094 -11188 20720 28535 10788 28642 12434 -17422 5925 28583 -11248 24369 -13547 -27855 -20358 30512 7230 -23484 -22377 30374 2138 -17860 -22332 -14161 -31838 -19287 25023 -2178 4711 6841 -15721 -31081 2214 18680 27620 -17142 14107 -19341 14272 -31201 -19474 29042 -21164 -23223 1343 15228 -15694 15665
3469440351
-13033 2300 -7076 22347 -25299 5664 9879 28394 30627 -1351 10383 28597 -12090 2122 28948 1811 -8383 25578 26365 -11195 -16558 28898 -7856 -3212 31993 19430 -17717 27751 27884 -25651 -31050 20181 27572 -31678 -23709 -13017 -12995 1016 29270 -4943 6340 17438 28749 13442 -31942 2066 26457 32074 29047 20678 17437 -20800 26102 -13344 -17784 20909 -21937 -31844 -14393 31180 -7960 8772 24008 -27526
-24820 -16757 1729 4421 -30281 26623 -4154 -21298 -20838 11174 -11907 3852 -31503 6804 -28845 27593 -22228 -22257 26268 -1188 -2080 -1886 27463 30151 19697 21770 2361 -9739 -1783 -3612 -18835 -22917 9796 -15813 19938 30758 -9088 13429 -9329 11467 -16982 -28089 18506 8639 19699 -17167 20233 -1706 -25988 -5306 15635 27356 18668 4574 -21104 27379 -549 -3509 13529 23843 25733 10566 -21765 -27807
1065446020
6804 17232 -12829 -12679 29652 30063 14307 -14735 -32 5955 -31859 -23146 -31171 5765 16919 32339 -29997 -28916 16351 -26875 -30522 -28168 20174 -23616 -28056 14834 31627 32701 15560 -6159 -15304 -12299 20046 -6081 1572 -6609 -27443 -17800 -2900 -29402 -8730 -20755 15054 15575 28199 32018 28850 -15530 14631 -5432 8450 26651 -18062 -19683 26155 -2799 -28860 -30210 -25580 -18110 -2879 1877 20051 30537
6668 -12876 23288 -2704 13311 9566 25893 7144 784 -23578 22275 -6324 25423 6438 -25488 13913 -11745 -30939 -22157 6310 21117 1257 -31328 -6931 -20320 -12397 2722 10088 22738 -29175 -20269 23495 909 -22905 -19069 -15668 -15878 28773 15000 13800 21830 -14836 30185 18755 -7601 16506 19326 26932 -15018 -14265 -5835 -6834 23573 12621 15629 30169 5122 3982 -22931 -6107 7561 -20621 19156 15944
1528567856
15868 -29922 25897 -3305 5987 26844 -19892 334 27095 -14781 14073 -13205 -13275 -22231 -8444 -15196 10879 -22987 -29585 -823 1944 -675 6332 14172 -26573 -19373 21950 22092 24015 17714 7465 -16808 23028 26919 25566 -17353 19412 -12088 -32430 8547 23535 -11724 22793 19108 24841 21471 11531 21934 -18197 9081 16774 22565 -26529 -25706 5208 -20053 20862 -10728 -32292 -12498 -30715 -31831 -22421 17132
-5429 -29604 15555 13804 2453 -3149 -12027 20482 -22924 8502 23153 10686 -29982 31188 11832 -19691 -19196 -9218 11517 6532 -32335 -16645 -1038 -9271 23221 -8291 19014 11468 -17550 23302 -28017 32718 22650 -9117 24086 11842 -27135 -31421 -9870 -14475 -23826 -20446 -7707 -1907 -11533 25504 -15780 -6557 -6485 6087 1577 32612 -13672 -9459 -22660 -9012 17803 -22653 -29007 19865 27484 7978 13358 1323
1259064790
21497 15768 -1141 -16139 11922 -1935 -218 19746 -28593 -11130 29687 12309 8710 -19105 3079 24978 28441 -21790 -18212 1464 -23414 22432 -247 -2608 -14523 -19070 14272 -21550 -28045 28920 -5438 28051 -9139 26258 -17486 -20656 6576 -5930 -6393 -14186 16600 -19955 9810 1212 15403 18578 -3708 -8437 13870 -15493 -7455 13614 -32493 -28069 -4753 -31526 -22629 -26123 4576 25220 -8279 1460 -11773 168
-32226 18828 9571 6061 12357 20739 -26390 -6019 -736 7629 -21263 12751 -9275 -2510 22025 20340 -24746 25106 26475 19945 17330 24399 14168 -17518 -2037 19461 -26326 6087 16225 7428 -9544 32701 7783 11115 -19882 -31746 -32408 12555 -22866 -12792 4876 -21702 23815 -17142 23073 24843 3236 7301 -27569 28465 -16160 -1422 -16792 -21566 -22895 -29141 18079 7258 -25911 31607 -2898 1686 2608 -9624
2119402095
25906 8556 17831 3511 -2560 14633 -8774 2133 28808 -27592 25052 -25634 11216 -6124 -32139 -15335 -6810 22305 18090 19422 8261 -16032 -19249 -21132 20026 -3953 -9734 2891 18195 -29490 24602 10338 -3482 10196 11768 15892 -29453 2678 -14630 3032 16682 2548 -25665 14024 -16357 -14519 -22826 -32552 1038 -2929 -14546 -22369 15748 8500 -21918 24971 -25887 -103 9860 -29325 -19271 8015 -12618 3047
1593 -18106 -22655 -29481 -9565 -17940 850 28566 -3285 -18280 27352 -24425 25851 -29187 -17224 6778 -15545 14000 -26602 -10408 -15607 24980 9259 6770 -16163 11628 11590 8424 -17637 -28835 -8322 -11783 4781 31646 2542 2015 -1644 -3297 -32421 -9092 -28096 -2345 31570 31973 -4686 4884 -10960 -3185 2199 22158 1851 19379 7507 -27482 -15437 7596 -16160 28969 -30984 -8165 -21432 -4093 -23456 -30277
1662741126
25508 22414 6935 -24579 -27302 23624 22547 -22972 -4484 18229 -10438 -21067 31440 -13061 18494 -9435 -27398 -4272 8730 24447 -12502 -26160 22518 29284 -10003 -4668 -18765 -20699 -31245 22750 30813 10136 -28083 -15192 27108 12749 -22065 20615 29292 26709 29908 -24782 -28542 532 4244 -16298 28123 20346 8835 9341 24576 32639 -15101 -21064 17820 14318 -10473 -6442 -19031 -19861 30597 -4485 15492 27656
32176 26495 26775 10655 -31911 -12764 19646 19361 16415 -10463 -26045 -13133 1293 -29459 -31884 27932 11440 -1670 8518 -506 -2297 28075 -29107 27936 12188 -15948 -7695 11418 -14622 1150 -558 9451 -14685 10130 9620 -28815 419 -3191 6898 23516 -9720 -25827 -4387 -31758 32046 -22982 24666 25662 10617 31468 9031 -19609 20877 -2122 8261 31353 245 -18195 -3174 11088 621 26645 -29963 -2735
4098325388
-32499 -5548 25068 30431 7102 -7104 -15363 -24110 20915 27496 -31073 23893 14739 31834 24126 -1092 -24715 -8816 6574 25093 -15316 -1672 -27882 10692 -22089 15262 -14165 -25567 8246 8109 27521 14910 5361 -12736 6938 9381 24281 28901 19725 13828 1856 8812 31875 23354 19018 -31269 741 14608 -12854 25126 -4510 -16287 -25241 -8382 -18350 -28669 20991 31960 -23946 6727 -2201 29182 -31032 -25130
-223 -32441 -3140 13417 2805 1975 -20238 -29685 -733 746 21583 -3308 -10545 -13314 21948 15459 28833 11902 -10303 738 1561 -23477 -16902 -19104 -9704 16611 -11626 -26636 10765 -14616 -3896 32246 17239 -1459 19357 -31039 -11144 -23479 1777 -30207 8749 11654 -17476 1885 21024 -12287 -11977 -22759 -23675 13360 -17134 22694 -18815 -3531 -10128 17118 -18404 26399 13949 -26271 13743 -11713 28464 -17932
171262971
22365 29541 23003 -14697 18161 16102 17724 21261 12331 21799 -20023 9225 -24863 -31446 -5054 14546 -3889 -6581 -5486 -19415 2540 -16077 -18299 -3318 20957 -12885 -28341 -6620 2609 -13597 13282 17693 31861 32437 -3832 -4478 21323 -19027 -25634 19587 -26675 6432 25947 -20448 18369 -29786 -6540 11794 -752 -21363 10205 -26454 9316 -16500 -14529 -605 -20601 29247 -18994 -7039 22295 12474 21172 -10465
-1019 -22597 10371 -24624 -13001 -31784 -32559 2271 -725 6500 25555 -32333 -11820 -17960 -3766 1181 -22460 -3667 3464 12816 4322 14904 -18597 -24148 -8775 -13011 28927 -29422 22908 22207 -30897 -23819 -25119 3832 15506 -27210 -8801 -21033 -4501 29197 29136 -10057 4830 25127 32591 10979 -30572 7520 -10438 -5042 31844 11123 18756 26350 1379 -27271 1630 -25140 19548 27415 -29075 -19932 1987 -10664
-5406224840
24356 27980 -22216 28653 32159 21639 -18359 24615 14405 -29653 20485 -23118 -25528 9766 20657 19908 -21826 -32560 29381 2749 -2811 -21898 15332 -9500 22551 -12480 1913 6462 -26235 -22247 8965 -7532 4100 21027 31906 16426 -31254 26485 -26991 -14780 -10988 -30115 -26155 7268 15953 -17975 -5584 -28557 26050 31352 4874 -3608 4186 -31721 2041 7507 11691 -16295 19813 13532 -25921 16843 -3859 21279
-7768 -17073 5856 -29423 -11509 -30860 -21027 -17718 15395 -20492 -10885 -24350 -12037 4979 17717 4456 2685 -17702 26772 -3556 -6460 -25912 11282 -26557 -112 17350 18475 14746 -11770 19407 -6851 9969 -17720 -20183 -26715 13212 -28950 3125 2172 30733 5893 -5848 -23019 -851 22697 -4433 12918 -25717 -27675 9391 -25648 -15001 22723 -26449 5962 -16365 29073 15148 -26240 -22153 14307 -4247 -19636 -25125
1061223533
2752 -3255 15246 10556 14832 -31775 16392 -20585 -10876 4684 29527 23182 7261 -28372 -5733 26840 -16651 26768 28666 -18757 16050 17549 20965 -31773 10952 -9595 -7577 10375 -24836 13094 -27665 13925 -1494 12064 -9384 -16930 -6520 -15671 -31513 14589 -2252 30882 -26987 26810 10366 -7975 6762 -23030 25252 -8430 -4580 28377 -23810 10015 -31375 -22199 -26305 -6332 -9129 14160 -20074 -29081 -10484 -17607
10165 -24248 24869 -1513 -9117 28643 5290 -12887 27918 -29957 22432 -8560 5327 -4175 -8674 11188 -15841 893 -12549 -23907 -16973 19790 11562 29813 -6282 31706 5132 -16170 22862 32277 12918 -8064 12887 -9367 30242 20662 -12539 13449 22058 -30449 -9526 -13710 15206 22084 8395 28109 11782 26478 20213 20382 10431 -9616 -31873 18047 -15289 1600 872 -25761 -9092 -6413 -26469 -17358 7432 21268
-1948096467
-18308 5174 -14256 10409 -11358 -24425 -22510 14425 -18132 29590 -11696 27151 -201 -16786 -4739 16193 -23614 -27220 -30125 -18000 9989 21017 31048 15062 4994 -13413 -25627 16122 31331 -2195 -17629 -10533 17888 6400 -22807 30188 11533 -26111 -23826 -25326 6971 8790 30662 10769 -7496 -2444 -30701 4921 -25566 21649 -4508 -15167 7691 16828 18605 18454 -22040 6104 -15175 8964 9067 18724 4308 -29321
-16620 -21055 27528 28069 -7555 -15494 28632 2369 28782 15749 15975 28909 1139 -7880 29511 6670 -18562 -22925 15951 14377 4460 -16043 17992 -22936 7891 2472 -30210 483 -11221 -4350 22583 -22871 30583 -23516 -30570 -4981 21366 26646 27434 1293 26241 20737 8400 1584 14316 -16919 1565 3966 17383 3753 21251 25363 4646 22311 31935 4719 32267 -27206 21582 2999 -3290 -8729 -25502 2855
161030654
17843 10470 -18730 -2627 -16413 25477 10301 12720 16281 15696 -14134 -15843 15712 15158 -29053 -13931 -31052 32217 -3357 -30106 17714 -4733 17047 1415 29353 -7866 -2559 -17837 -14143 8714 -20260 -27778 4393 -30830 20762 23373 7363 22179 -29963 10098 22374 -2015 -6589 30488 25787 25595 17148 -15627 -4770 -6908 -1862 -16540 -16835 8908 -20243 16312 -30500 8460 17950 -24008 21288 -7665 26900 -30409
13506 -7869 15807 -9914 -24126 -23359 -18923 -748 -19058 -19369 -25748 5343 6850 -19621 28103 -146 -2919 6224 -21743 -11117 -29475 16411 10383 1724 -10081 -23055 -21470 -709 -19307 -19238 21175 20349 -1680 13547 1754 -2085 18511 -30505 449 -682 14922 -32510 17366 21091 -9687 9799 27406 -28752 16620 -20430 -23683 -23666 8092 -22720 -13765 28459 -29465 -24134 -24027 -23915 -8095 2815 -28137 -21191
-228683667
-32526 -17679 9375 22912 6954 -23052 -18961 14401 20703 28578 -15027 -7498 -23367 -25622 -27025 5261 -18294 9497 5645 15846 29257 -28628 -17348 6641 4492 -30774 16096 -9029 2078 -17435 -12615 -29386 1131 -24962 13295 17497 -16762 26267 -12394 3621 23665 -9525 -2426 23633 -5144 -3404 -30651 -4222 -22536 -10547 13257 -30410 -25754 -13773 -21528 5992 3872 -3656 -24564 -7729 282 -21477 -14538 -9188
-15486 -30776 4616 3226 14441 -15963 -32722 29234 7706 5597 1479 31619 -28542 -12401 26758 26720 4807 32534 -25273 -21936 -13030 6549 21290 22423 -5615 -24724 3412 25072 19530 -26586 6373 -3028 27220 -10901 14884 -29406 4705 -6440 -27823 16616 24324 -8034 -21789 -15579 4281 2169 -21263 20532 -18702 -441 7394 -6854 -31781 14454 -16225 15201 4031 22852 19688 5242 20789 -20878 29476 -14397
5529659993
1192 11844 -4656 -12511 23574 -22833 18182 -21809 -21585 -26328 19655 -26076 28515 9494 -29490 14390 20984 -26160 -16027 297 -18991 6355 -4622 13136 -31042 12503 17967 -20520 -13538 -9893 13523 -18104 15477 13737 10151 -5002 -17390 23716 -28164 -30239 -12969 27303 -17043 16628 -25371 5141 7552 -14609 7647 2232 -27302 -18109 -12345 -17072 -19399 4277 -26609 -16838 -23671 19502 -12281 21990 -20526 -6487
511 13670 -6738 22670 -19650 9817 8216 32463 -11003 11671 29690 -17690 -12141 -23269 21351 11644 20690 -32047 15997 13726 -6543 5919 -23404 -9831 6688 -17513 19746 1155 -21503 -10972 21704 -20081 16123 5955 4476 -6665 -23686 -5186 -25026 -6261 9880 15390 21561 -14960 9992 6563 21738 -2036 22473 13506 1876 -9658 941 6945 30792 -27559 -1523 -7242 -22009 4815 -12656 -4907 19150 -22256
2032082570
-19557 -31235 27226 22621 15963 21374 -19235 4811 -31308 -27941 9353 -25863 16777 -16481 -1199 19361 -21891 20553 27770 -23141 17580 -3459 13739 -26594 -19551 23578 21648 -27696 18331 -26545 12520 -12852 -27446 23785 18450 -9507 604 -31999 -6545 30678 -12352 8736 -22824 -7983 29821 3941 -15556 -20479 -12956 -31123 -12581 -26685 -20003 25408 -30869 -27508 -9091 -27841 -6889 985 -6153 -25760 5141 -30885
4149 21339 -8039 -27515 7942 -5402 27997 30334 -28294 6157 -6983 -30166 -9217 -4277 7484 -8449 6963 3727 -1358 -11115 -17638 31261 27200 18973 -11849 -32413 -26116 13404 -24869 -30719 18621 15666 182 24112 -16038 5185 -18081 14415 12592 -6619 -25291 -27256 -11195 21156 640 6208 -17803 19942 -13910 -811 12571 17811 15651 -19544 25159 -19546 12232 -13525 16726 17359 -14771 19102 12392 -32390
-3389270638
23223 13149 -12140 21499 -1668 -18726 -1411 7128 24946 7170 -1583 -15651 9067 -27595 29424 -20863 27818 -17966 -4308 -3775 -28483 18512 25945 -32222 -25299 -19860 10041 8499 -29518 -9159 16874 19823 3870 -24648 20065 -21528 -19415 31400 -14280 -22335 1020 -23939 4064 -16235 -30833 13359 5501 -3937 -14037 -12585 11706 -20112 18961 -12818 -14205 -23540 3357 -14564 6589 -29797 6770 18484 -20777 15672
-15527 -103 829 23474 -24628 30345 -9498 7994 24802 11950 28761 28887 -10397 28937 -24049 -10699 8179 6202 4970 18447 -20149 -3012 13525 -15344 3684 16827 23117 -20273 12804 24677 -23007 -5831 -18139 23882 28345 -13432 -4037 -12965 24531 4561 -7077 -22657 -18130 32163 20270 -4893 -24513 30689 1283 20178 -28644 -32669 20709 -19857 20238 -21894 -10892 10250 5216 18143 29883 17743 22506 -20270
-3192119723
4022 7183 -7295 5314 -9996 2025 29921 854 -21888 -18629 -16128 21640 27320 31880 5277 18356 -9811 13418 -24391 22589 -6965 8205 -2434 8777 -29505 -24970 5870 -29816 -23326 13341 -14560 -17043 12245 30364 -27029 -31030 23863 -29327 3073 -26646 12467 29401 24995 25241 16320 -21185 7246 -18945 17381 30566 17057 1897 24216 -32467 12858 -10722 13870 -25053 -30342 4687 -645 15534 29442 -8603
-7458 -15931 22018 28490 6560 -23171 -4487 5846 -7062 -25539 -981 -936 1351 28663 -31023 -27128 12903 31398 -24577 -11569 834 17089 -21338 -7667 -12532 -29186 -21069 -7940 31365 -17446 -774 -29106 9123 2041 4481 -30149 16839 31041 5128 22261 22998 -1502 19785 -15250 2916 -31071 -8542 6143 -29181 -11201 -17812 18748 28786 -22491 -32480 -30137 -2300 -24617 -15309 -10226 4034 5120 -5123 29504
3696487262
-30103 -21739 21180 -16646 -22730 -15139 25408 7647 18677 -22672 -29680 -26803 5652 25354 10086 13841 -10529 -379 -21445 235 -6024 -25514 -11081 -6329 -9090 -4212 -15755 28995 -10887 -15012 -865 182 8236 -13523 12722 28118 25424 26793 -6381 -12398 31394 -14691 -14210 30752 3348 6277 11045 -3781 17020 -30067 17831 -17496 31956 -21330 -24192 -23164 -18049 18560 -2700 -13916 2482 -2689 -18699 -21800
-17262 31020 -3504 23433 -8752 4457 22863 -10495 -16118 -14785 31580 10945 -20183 -15795 -21792 12097 4822 20449 20410 15453 30093 31321 10427 23705 -4129 -31279 -21986 -2844 -752 15477 -27459 -20255 9823 -22997 -3452 4098 84 -22134 20629 11444 4848 -24320 -31589 -13515 4195 -19308 18441 8056 27282 40 -17608 -11082 -15938 -12048 -5958 6206 -8166 20229 -19595 14686 -1263 32253 31665 4292
-3365146472
15722 -720 -12080 21464 -22800 18732 -10845 18340 1713 -16087 -7498 4265 10184 17533 8833 -451 12470 -19802 -31703 20804 -15527 9405 -32329 19436 8659 -30080 12237 17799 -29355 28326 24358 9399 27691 29340 12637 -27282 7971 -421 18791 22416 -621 -29206 -5004 -29764 -10358 8417 -1285 -10039 -18557 -853 -20642 -11789 -4452 -10535 31946 -17594 -12202 -8201 -13811 -21129 -16210 -19373 -15956 -25948
28307 14861 141 -16726 31877 -7608 30906 15220 26287 -20080 -16002 -8513 19032 -22281 -8863 -16082 -8765 -13704 -58 -11342 -31146 4474 -26646 -22221 -26217 -24183 10993 -15968 -27623 21163 4393 -29127 -4740 -16021 -4946 -21062 2529 17341 19000 8870 20290 2012 24506 7149 26337 -14033 -11554 24374 25350 -13268 13380 26480 -27756 -323 -1796 27349 23398 319 28447 22568 -2982 -7733 25813 4697
-1690875747
22306 31039 26133 -3466 5469 19763 21048 9956 -30495 -7494 29583 28477 2020 -24629 27917 16185 -4172 15200 -8191 18015 20346 4795 28138 -14978 8066 32352 27381 17328 30204 14405 23925 23826 32345 -4194 -7101 21371 11754 -17853 8580 23694 31797 24135 -31707 29540 -9518 17704 -26427 -9025 5746 5414 -26023 -20413 28637 27379 -12998 -3491 -6945 29095 6659 15632 -2627 22516 26862 -17695
-11840 -26217 -5907 8406 -16596 23627 -21916 13111 4327 29670 -19917 -25842 -21728 -18617 -27951 -24625 -5802 -13719 31174 -5537 31945 -21496 14043 9911 -25917 -30441 -12571 -21269 -10669 -12640 -6423 32582 31715 27123 -25623 -8609 28067 21359 27912 6373 23037 22230 16819 -13718 -10274 19401 -28117 -4468 4151 26033 6680 -8685 3905 -29374 13115 -31069 7837 4298 1211 -24529 9200 -28459 2012 10291
-4073411896
-21356 -17902 -29187 9153 6755 -23192 -32636 12100 13561 25382 -4395 -20755 14157 -21635 14284 25099 16783 4480 -3532 26095 25310 447 -6027 16723 24952 32505 11886 9649 -15470 -13100 3017 22286 -30134 27897 31321 15793 -19265 13300 4321 -13001 -15695 22854 16791 13915 28390 10390 -4889 -24919 21196 -31993 5446 -6895 2715 32498 -2312 4992 2291 -16769 4165 -24178 12405 8994 1932 14676
13887 -5105 20068 -13485 30426 5679 -28317 15784 -2104 29687 17564 14923 31119 6451 -4947 13260 -14034 -20888 -22264 -21696 31861 -3644 -7235 21413 12136 -5715 27144 -15510 15388 -13183 -11260 11174 25414 26697 26825 -29056 1702 -30575 -6754 -10366 -10503 -31667 8163 -26894 25384 29367 5402 -21879 -11236 8126 -2489 5615 14054 -3532 -2828 -16505 -4642 -30520 -1522 19355 32645 -552 -5505 2001
2523001156
-29551 21710 -1192 -30647 -3498 21150 -29391 29107 11207 32764 19004 -14546 -6896 -16232 21438 -31570 22056 -21220 14692 16114 18342 -17677 15278 3821 -29412 -30548 29414 -24419 9331 -511 -7589 11890 -29841 -28487 -14874 16095 -30905 8121 -14254 -28704 -28681 -21181 11898 -9443 -18109 -7602 29892 -22556 -24202 -11346 -18056 1403 -7167 26047 2644 20073 20952 2253 10878 27247 11636 7967 -23603 -3592
3733 -18360 -14803 -87 -29882 -28370 22532 5457 5574 23221 20762 -3452 -31567 16447 1033 24049 10729 28971 5676 -25021 26259 -24526 20809 15676 6607 18883 -25504 12486 1567 30624 1958 16397 -7156 -31487 5598 -11386 -29704 28410 -13355 -4614 -27853 627 23731 -20538 -16174 -7482 12856 -8572 23673 -6529 26807 28110 13647 -7284 -2683 31097 -1581 -27305 15943 -12037 -16323 -23355 4297 29326
1001093653
-6058 -26769 -12492 -7026 7811 26226 27630 -11412 -11144 9864 31572 9660 10724 -30643 -9836 -17481 15336 -31300 14359 -14254 32136 -27552 19379 31826 -20464 -28005 -18653 -15067 -29900 23988 -13974 16491 27559 -25143 24316 -11166 21914 -19397 24472 -26842 -23476 13957 -1121 -28126 22986 -17989 -20271 8838 -3021 -4270 -31789 -32314 -18733 25080 28893 23186 -12141 19252 -1455 -26344 32374 -19657 24469 21453
25058 -4601 -9740 -8810 -10847 -4691 -14329 -19362 27961 -12207 -27404 -4388 -24957 27019 10113 2124 -4405 -21899 -8667 -7471 1223 19173 23124 -3557 20796 11855 8085 29228 13899 -13848 15963 -28375 -25408 13240 1848 27863 -1283 334 14152 -13024 -7696 8198 -12418 -13393 5726 11414 -32758 27264 -12163 29298 -13629 15787 -2694 -30015 -13440 -7475 13830 29794 -8336 19249 -14004 16566 -11114 10791
-6600088658
-22782 -8025 -17828 -6942 -10494 -6962 -2631 20541 3054 11182 -5809 -4056 -20239 -7658 6031 29367 -22878 -21447 -12950 -29152 -20638 -28372 7626 4377 -3003 29931 -10755 26614 -23597 1539 3784 30795 25024 -30289 -23533 -17484 27774 14651 -17401 30124 -24948 9827 18290 19587 26357 -3618 18209 31647 7912 -7308 9613 -19441 -1349 -12746 -19031 24084 -24950 -1419 -4378 23670 -20997 -19193 18791 -6900
2458 -26591 -26508 -22554 23831 -3334 -1220 -10985 16445 -12757 29513 -18215 -30822 15098 -32469 -26803 26773 -31254 30577 -9669 -12995 22914 19609 8372 23078 10178 -29413 28212 2253 -16468 -17560 9683 19222 7134 23547 -14981 -3071 -24707 -29730 -31863 28762 -28167 11506 -25525 -4537 18972 7194 -15472 10312 -7103 13683 14737 -2752 25938 -5923 -10831 -21934 -8329 17950 -26299 -21991 7077 -26614 -29973
-2477488815
23907 21909 -14733 -32145 -19845 9829 -2905 29173 6255 6785 -11719 14923 28106 15135 29839 24702 -3511 -2016 9440 442 -21259 -8736 -23943 -2587 18312 17128 16392 -18762 4589 29562 -12623 -15204 30855 -12040 -1420 -17430 -5423 8657 -243 18633 -10853 -18953 -28640 -15100 -20228 -32432 11894 12917 24708 7003 15540 2031 -5177 -10571 -7471 -1318 4269 -4280 -32665 -5267 9947 18201 -21902 22502
-10016 -14782 -16662 25165 -2121 18446 -9148 -31304 -13591 9693 -13938 -18558 6755 -23464 -12992 -25783 -10004 25669 -18810 -3246 -11707 -12594 -16097 -14312 4780 -1855 -10741 21355 31669 -23577 28930 -10174 -8868 -49 12893 -3270 30669 804 23031 -5840 6704 32009 -31647 15108 8272 -7790 -3216 -5726 30654 29870 14477 16995 -10439 -8544 1476 1641 12345 -12776 11848 -16374 -1521 23691 -22426 17311
-1885678929
-13157 6254 -11189 -7186 19151 -18510 398 20125 -3936 11419 -31229 11160 -10988 19868 -8454 22345 11792 -24101 5814 23890 28170 25562 -19053 -18667 -31468 28883 4124 1122 22058 -16288 29693 -6400 8720 -9670 22959 -23876 -22074 -16995 26047 -8823 7189 25271 -16205 -17014 -4134 27386 -5865 23265 19454 24886 9099 -5191 23108 -2324 -12607 -30878 20551 -11147 17909 -27608 17620 2091 -18581 -24234
1444 -31013 26272 19426 -1216 -30658 -26696 28398 19428 17380 11762 -8963 -27302 -28194 16242 10285 7773 -8582 -19982 17692 -14264 12519 5441 31609 -8344 4574 18191 4540 -32231 -18191 -27111 -6331 2545 -17620 26502 29589 23414 -3431 -25135 15858 19143 19247 26348 -10794 4446 -16339 -12307 -31891 1049 14086 -5256 -12506 -607 -1604 10114 -24959 31657 -5087 -18843 -2403 30184 -20765 -18026 -27205
96939072
-20402 15514 19360 -10664 -26239 8865 -32645 -23856 28615 2036 -4486 -9607 -4416 172 3994 -16600 27526 28019 -25324 23895 26994 -13559 -11954 -6955 20388 -13055 -14083 -22314 1718 32222 -8496 3104 -2007 -4172 -30628 -9499 3613 13388 4973 31353 -2479 20625 -2409 -26697 153 -26358 29580 30516 -15574 -15059 -10538 -16325 -14427 -1215 12625 -18846 28687 663 11007 -28055 -10244 -3615 -3422 17080
-21818 -9174 15894 31375 -54 29030 -30488 16012 30762 -20979 5692 -8102 -13417 -2065 31321 5277 -28491 -7048 17497 13881 -19711 -23649 2846 -25437 8517 10574 -30704 18892 6111 9515 17916 15254 31313 12949 27090 -18135 679 7391 8077 22797 -29210 4617 -19767 -28270 18213 -23095 -19768 -24859 -21598 -11427 -3689 162 3064 28401 1962 25096 16661 -3750 -6925 3909 -15585 29880 28791 -4069
1742396032
1955 22090 17698 22188 -24743 9775 4387 19685 -818 -3028 -15388 15424 -27942 30946 -16865 -12440 -11434 6376 9516 -8741 -15975 23317 5051 -7156 31963 3988 31574 10051 14625 -22856 29766 19827 16619 -439 -11314 23845 20834 -4432 13286 -17112 -18250 -15731 31389 -10818 7477 -12489 -4906 2614 -9649 -25289 22205 -14984 -30086 7960 -32431 -22847 28248 10364 -18912 -23678 -22812 -20833 23760 -25425
31142 20838 5508 -19396 -23788 13279 -15875 16030 -17685 -11152 -29580 -1786 -26956 -14065 20356 -28779 2252 -27459 11564 14486 -23804 3847 -2168 26319 22882 25873 19802 18521 -28663 2875 -20724 -11493 23976 -27140 -12293 20141 28651 399 -26077 29674 -31320 17357 -30048 -28040 13904 31442 -28125 -28436 15173 -24276 15788 980 31050 1553 34 -12209 -25835 -26700 15569 -29281 -27436 27378 17735 16328
2148502424
-14722 31931 18739 -32117 28222 -3072 -31043 7510 1870 5791 -29290 -8262 -19063 5138 -3529 -3885 -7364 12891 -19436 -16875 19127 -24890 13810 -10732 -27100 -18137 -12774 -29029 17894 19252 9630 -8666 -10552 -12875 -28869 6997 -27666 -17042 -23960 -679 -8980 7952 -26121 -22768 -16338 -19895 -28876 15990 12996 19818 8597 -278 22726 32116 -21607 -24339 20793 -8150 21384 32662 -6479 -6924 -29411 -21044
27180 -17454 23585 5104 11157 5001 -31169 2371 -2205 22001 1370 -30326 4082 23146 22843 -17851 10225 15937 -10409 -2498 11173 20225 16156 8053 -2281 12034 13118 -29375 -7604 29927 -30918 -27703 28363 30332 20961 4688 28153 30715 235 -4711 5932 5513 253 -8688 25018 -26369 -20088 -24669 21764 20018 12477 -17718 9239 11784 12953 -28810 -13331 -21991 23898 -23201 26664 10295 11082 -12717
1172537985
-8767 28243 21907 5158 -14720 -16617 17223 -24059 -15629 27998 12209 -19567 20342 -20774 16487 -6595 31760 -30200 -17277 -10892 8314 26695 -24838 -25411 -16974 1719 -4326 -1930 4559 1984 -18804 -15145 -31186 18542 24468 -12712 9422 6382 28363 11247 -18194 3542 -27889 -15270 18790 4966 26585 4401 16248 9182 5795 30131 -9310 19945 -24977 -20401 -30211 -18170 -30603 31558 27086 -31363 -8993 -24903
12798 3605 -24508 18933 -25585 14483 -30818 17808 27568 26702 -31647 -4729 11084 -27346 15455 -25750 28154 4683 17681 13605 -23605 -21612 10488 -6660 -32532 -602 -8332 -25626 4243 -9610 30438 -24542 -11645 -23957 1450 -14871 -9104 19800 10321 -20885 55 30798 21377 -4504 -8201 -30058 19522 7237 -16313 -12712 31182 -25911 -2883 13898 14152 414 15537 -6188 -30166 -16650 26688 -20582 -23020 -16981
908520628
-9616 2366 -21420 1070 28072 8281 14746 17490 -17516 -18909 -31618 -25842 3583 21880 21086 13546 30847 25944 20376 19012 1098 -12504 -3310 15137 -21800 17103 -22661 -26277 -1587 -11915 -26942 4818 -10353 -16065 21271 20984 -15942 -56 -23363 -12716 -28345 17212 1269 12319 -24660 -22624 16515 23525 14270 -759 26855 24180 -14580 -5027 8343 -19537 28655 -9945 -23210 6343 -14741 22387 5025 17344
-25491 26719 -16958 13436 -492 -32478 -16382 26543 5021 15191 -11841 1524 -6113 -12216 -11355 10849 -21864 14721 29493 -29704 14944 9481 -15870 12804 9376 -17502 17846 27929 11817 4043 2732 2942 23834 20960 -26433 385 7829 -3907 -10193 7362 2223 19777 -21028 -15726 -15964 28128 10520 -2627 -32736 13311 -24790 26392 19828 -28048 -5848 -19430 -5784 1904 -11043 362 -31226 -20204 16741 -255
-3028454045
13125 11417 2243 7807 7644 -9216 -19372 7764 -13020 -28233 16556 -10846 -32265 -4778 21409 -10786 -10192 7964 -22916 26255 -17935 -17373 31966 11314 6321 -27934 -17283 -19015 30699 5799 29112 17991 -7375 5819 -18706 -6584 -17946 -15157 -16975 19278 28563 13712 -20926 20156 19000 -31740 -4397 -17540 31964 26666 4701 29707 19322 -12478 -13917 -22913 -1961 18250 9012 -15917 -4569 -26922 -29250 -1087
-23616 17582 -29350 651 -27822 -8205 -27013 9501 -20113 -16268 -25123 7362 -30914 -19335 -25806 -757 17055 20320 31844 -18760 31169 -13054 14670 -21726 -32663 -11241 8648 3178 20842 8429 -13299 -16162 -12867 -22131 -19120 -26710 -13084 -30109 -5429 -27174 6505 22644 5427 48 -1882 -8510 -2750 -22291 29417 13032 25583 9576 30790 5004 21510 -1362 -15872 13279 31997 -13105 5174 24366 5071 6727
3298223628
-21957 1212 -19954 30640 11664 -8418 29783 13844 -22376 20908 18870 -30635 20131 30341 30952 16535 -15244 -19468 -29962 -3460 6481 21627 -11491 147 28138 23777 2884 31764 8999 -6217 -4938 -11343 -11390 -16551 20703 -6416 2276 -22090 -5895 15084 10773 22181 -10098 7818 -19163 -2959 -11652 -9762 31911 -137 14465 3138 -4621 -25953 -6807 -7493 5499 -6176 -1719 -16554 -313 19202 32167 -30829
-6123 18419 -15733 -1688 -3333 31467 8070 7379 -93 -7210 3236 32663 -32694 677 -14189 3697 6293 -15210 -3801 11624 -21775 26206 -5131 13760 4391 -4205 -6245 11964 13324 15954 -7356 21356 -23558 -8395 -31487 -13390 -5066 -17084 -32384 17546 -19603 7285 -16975 27506 24148 -24622 -16988 32479 -5338 -17302 -17512 -923 -2825 5509 -30427 -3434 -1798 -5798 7689 7588 6442 -22606 24394 21420
-940685541
-27257 27823 14260 29918 -30573 18586 -19920 -32767 17327 -17617 -8177 22291 -8370 -24949 -15530 -9071 -14573 7163 -27300 -5492 -32253 -7088 -2304 -10884 -29959 -31360 18341 22024 -16820 -28253 -14905 -13257 14087 23450 -10516 14237 17458 -31381 -27628 2493 16120 12576 -7004 -6762 6114 -968 -9468 28203 -24165 18253 23656 -15266 17541 -13072 -1533 10257 -18096 7029 -27680 -5087 29305 -2057 -17166 -3967
-27550 32241 29088 -9141 14101 -31093 -28942 -17873 31946 24063 -14660 -31771 2154 -3411 -6138 5739 -17267 32204 -2637 -9273 -18047 3883 13912 11000 -14224 -8080 -15672 27869 -29949 -2636 -17129 -6494 23372 -15176 6371 -27992 19569 26457 16603 23244 7656 4762 -29107 17094 -5243 16298 31989 -30689 -12831 -31127 4981 5480 -14804 -6970 29347 -7427 5990 -20419 -24032 -18106 -17471 29503 -2859 -24995
1768662878
27249 30915 -20401 6335 3203 15341 -31941 -29738 -30251 12859 18950 852 25614 -17083 -29633 -14458 13266 -9370 25017 -20016 13419 13721 -13039 19047 -32652 29993 -30999 -1602 25362 -27999 -19856 21874 25341 -18873 24112 -11431 18049 30884 18803 -27911 15344 27649 12809 19070 5181 -3629 14873 -19421 13401 -14411 22059 -24279 -13207 -18076 15573 22113 22667 13976 -21553 -203 -3055 15150 -27325 -10014
-291 -17838 9718 30698 29199 -9539 -1349 22470 1585 6377 6676 26253 28032 -7454 -13534 13894 19131 -18871 -1902 14574 11521 -14957 -75 21357 -6266 -30993 20458 31887 -25912 21100 -23054 -23201 -10196 -19147 19547 -14908 -2627 -26593 31895 19396 -13300 8429 -28756 -26822 -19732 -2851 -19114 -22649 -16491 31370 -13697 17108 -1393 25670 -29261 -759 -14254 -5706 -19539 25257 -4186 -8188 30848 -31785
-6056316120
1658 24183 -24948 -16485 13119 26763 23844 -19580 11275 -31492 16238 -13470 17316 25026 -14154 -22196 24042 27870 -1385 30448 -27045 25597 29725 32189 -23904 22375 5006 20526 -2920 -6405 -4579 9971 -22434 2474 -13733 27714 6246 8972 -29081 3077 1665 7869 -29509 28037 26905 16391 -27475 -32580 -3201 22533 -20553 -24297 822 1418 21151 32393 -10467 -4562 -2259 -26299 21088 19909 -24236 -13111
15882 -18513 -14803 7709 -25821 25258 -19035 -987 25118 25622 -9215 9236 15102 -5904 2956 -25943 -19423 -26373 -692 -14839 -1059 -24718 32246 17254 20799 12011 6988 23976 -9250 203 2209 -14472 13820 23315 13976 28892 30395 27860 12146 -29420 31318 31630 15286 -30487 -28703 12115 -9830 25824 16223 -26590 -5780 -21961 -16841 -7649 -27039 563 23952 11263 24589 -1521 -12222 -8520 24138 19023
-4953191157
-26046 27623 6136 18885 19899 13392 10627 -21488 -32646 -9874 31396 -15902 5626 -18835 -5611 8831 23164 3578 8180 31103 -25801 -22345 30519 -2511 -6675 19171 -10786 -31856 -2062 -9806 -30832 -20129 26571 -4853 -32305 -25314 -31959 -3982 -19985 -17532 12110 24957 -2819 26132 28005 -7784 -328 9627 -12375 27840 10769 -28824 -22818 -32728 -14771 19977 20131 24540 -26859 -18440 -21520 -15407 -2293 -5069
-13360 21099 -10764 20119 -6949 1917 -14641 28259 4940 17069 7101 -12779 -11205 -19137 22152 -22846 -5966 24722 -985 -28303 16661 -2721 -6330 26243 -11841 26949 -20897 -12378 -5373 4559 16908 -12879 8881 -26828 20989 30034 -12332 -11309 28059 10494 10562 32729 -212 -13566 7895 31715 -16944 21456 -30148 13545 19269 -2793 20359 -8143 21663 28167 10328 22494 -26825 5929 -19635 31856 -416 28991
1429481978
6287 -1086 -14675 -7181 -15728 27240 31864 18944 -24454 20450 24354 30037 30617 30378 29816 -11687 -108 28039 17872 -4919 5518 -4840 5625 -23087 28186 -2009 20762 4876 -21606 -20109 6577 -24350 11835 -21939 -27409 13516 -12138 16884 -22045 17503 1900 -21605 3737 3185 21781 16863 22893 -27231 -5174 -16046 3080 -17763 -21425 -3043 -30723 -20288 -15249 -28109 15384 -25457 29185 9068 19083 18738
-3897 -30060 -29189 25630 5658 31479 -19224 -25819 10880 -11462 -27953 26226 -5905 18672 19038 2868 -2853 20379 25676 32634 14060 -843 5042 15311 25760 -17699 20043 -987 -8260 11261 -21156 1848 18909 13996 -10864 12371 24672 -9809 9393 8463 24576 -6459 -5704 -29932 29010 -10766 -8419 27022 12390 4386 -32273 26120 -6447 20818 -17200 14441 -5836 -18451 -2176 -840 -27341 -30726 -15319 -14060
38361672
-16608 29504 17814 8499 10003 -6583 28367 11747 32044 16081 14474 -30406 -4458 26036 -9674 -19931 12315 4201 461 2743 24388 -27268 19730 20524 -8090 3575 7705 28025 22982 -27451 18359 -19668 -22924 32095 30685 8644 -6247 -13297 9287 -23161 9945 -8523 -22920 12515 8687 -17689 6568 -26845 19400 -28463 -28185 20764 -30117 -9820 183 -27995 3470 21096 -34 6582 -23878 24518 -19398 -13551
-32259 6966 -4878 1682 11276 -19442 9557 -29945 17124 -6846 22846 -2688 -11207 -12836 -4744 23519 9417 -24330 18774 7368 -14698 738 -6259 5314 19169 -17301 16340 16039 15513 -2200 -25693 -12087 20597 18234 -23557 15644 25588 24050 30495 7573 -23322 13596 -29528 -8653 5970 9591 -27861 5190 -19596 -21660 21219 -4689 -13954 22053 -17738 7181 -30781 5842 29803 -19476 -24815 -24420 -16788 -11430
-159126
-7194 -20829 -14606 -23821 -2372 -22963 -12122 19795 -15959 -13113 4553 -1049 -12784 15569 -5490 14781 -5805 -29824 -1064 -27107 6860 1893 -17249 9491 12175 -17974 29048 -10308 -19686 10483 -19564 22105 16142 -18850 -31004 -1266 31454 23038 23790 19787 27033 -2661 9855 14708 21907 28354 12004 22374 21822 16033 -7753 -23945 2612 -9417 -21406 -15489 -31444 -25905 2452 -26895 30745 7693 -28735 -21321
-25474 1900 -32458 -3042 4283 19405 30417 -11399 26188 28694 19684 -17736 16900 -26833 21544 8267 -20308 -25246 -15919 7384 -497 30073 5936 31696 6970 17262 22474 32330 18103 19272 4415 24272 -19495 -20739 -5613 -18200 4577 -3985 -20355 -8935 31319 -19870 8944 4989 -27181 28017 3035 -32598 -25608 20348 -9946 -32396 22261 -21980 2128 24821 11330 32611 -21 11940 -16094 -1837 3600 -25662
-1246823389
4819 4906 10815 6977 -32429 17715 -6021 23321 -16537 -1097 6321 18562 -16088 7042 -4915 -5385 22520 -10436 -22633 17447 10840 30090 3729 28311 -24441 -1157 14353 9742 12286 13355 21305 25510 -31753 -12450 -7383 -23630 -13734 -26730 19908 12478 -10527 -24532 -22196 14726 29739 12593 12607 -27386 25936 -9370 6184 -5274 8207 -24630 -5047 -20945 12236 -14115 -6104 20962 -6955 -8518 32181 7269
-16096 -17356 18103 4992 -7258 5084 -12197 27086 6436 -32006 -5530 -6961 -19693 15752 -31443 -22624 -1954 332 13523 3507 -4421 -24202 32656 12078 -24620 3617 13752 9762 28528 621 -22877 12467 12389 1567 -31783 -16738 -4564 1438 1013 19804 -12703 -5726 32663 -21611 20066 27561 24864 -23361 -1018 -6994 -29371 4554 16643 -23120 23266 26743 23836 -10449 11088 -18183 -3478 5429 24081 11515
4367421471
-4113 -431 29189 -17502 115 25414 -13172 -16896 29071 26241 13427 9554 5409 -26323 -2960 7455 21289 27247 -4146 5401 17196 -18971 -6258 632 -5148 -8915 -10959 31285 -30208 -28248 -10994 -29478 674 3000 9649 6142 10938 3726 -29795 -25368 20724 -7614 19874 28310 23397 29351 -4526 18104 -26575 -31688 31980 -32474 7527 -8161 -28455 223 -28711 3463 -29557 9112 20295 -12001 11922 16736
-3709 7175 28730 9502 25833 2775 13661 29233 -15953 10394 4095 -24019 -9619 9903 31998 15734 -22253 -9520 -1522 -12830 -14518 4474 -18627 14028 10034 -22205 27948 32057 7240 -5746 32258 9687 -7282 -8549 20922 7249 -1113 14867 -15011 7304 1183 6229 -28291 -3424 -23797 -3028 13627 15856 -12120 -27383 3794 -17559 20047 30095 30284 4525 20612 -11699 1168 24041 -5207 12125 -8129 -9032
-2032887794
19267 18721 -5751 17112 -30688 9997 -20453 22468 -20054 -1057 18122 -23259 -7533 7211 17775 12898 -17517 14076 21355 25906 -15683 -27748 -3274 -724 10833 -11898 21263 -11180 220 -13540 28403 31589 -28176 29928 24608 -23030 -27894 -23676 -20748 6262 6788 11246 31602 24212 -3420 4261 -24348 -7247 12032 30371 -5802 -9034 26555 -27483 32554 3481 13146 29324 -30639 24583 -32260 24611 -28050 22433
22096 -13676 12700 19975 29686 8991 -11956 -24190 19518 22965 31921 2775 -9486 -15453 8716 -6265 27171 10007 2277 13315 8924 28052 -24804 16132 -16990 -15417 12554 -11186 16210 -15089 31789 -21409 32593 -9633 31963 8327 -10731 -22022 -5228 -8208 1286 -306 8781 28095 22911 -23893 -1056 -107 12246 4825 -3135 -15940 17797 10791 -1163 1003 18595 -9903 -7341 3645 13943 18451 1058 10185
1630980254
10359 -27664 -4847 23371 -3509 -6298 -1826 3025 -20067 5884 -19388 -5769 -28821 -7275 -15749 12491 -7796 8412 -31687 14209 -11645 14936 11028 20418 26731 -2118 29310 21344 14455 19954 -27251 -6814 24720 -23767 -29159 26489 23453 8052 -28320 -31261 -11859 22441 -30678 6084 2176 15045 -31613 -20086 8320 32684 -13412 25225 16143 1357 9250 -17651 -20198 -5239 3362 29538 24102 -10094 -28737 -4296
25373 18074 23713 19292 -13137 -9430 29749 9792 -3476 -20227 -30919 -15787 10837 31176 -29577 -29262 3210 -29647 -17305 30520 -16144 -2541 19925 32440 -7528 -20111 9924 -20186 -5522 25806 12852 -24700 28139 -25014 30834 17425 25158 8322 23738 -30420 13933 -16008 -29955 -28326 -25709 -11274 31467 5680 451 -31456 -5866 -29574 -6762 14540 30683 9044 18005 -32465 -19186 18359 -8224 19784 15018 -19087
632140863
-11732 -31533 6916 -8432 -23307 -30981 -26142 -2649 -29225 4136 -27444 30495 -30954 -24288 -20991 23264 4038 -14412 -29446 -19321 6769 2089 30830 17620 5587 -5153 -28144 -11429 -26733 32458 25297 -19663 -30136 19389 24322 -7467 -11585 21357 13424 27548 -9870 -9548 -27557 5444 7975 -22960 -12288 -28590 19500 28011 -10589 -15334 17303 12546 -4852 -5234 11155 19973 30894 28011 -10393 -27970 -23743 -8782
29968 -25039 6639 -21560 4600 11666 4906 -20609 22597 -18111 10446 -24469 32722 -14230 -11569 4938 -23368 10949 14938 22592 22667 -19425 -14790 -18035 -4785 20431 23211 -30072 14347 -12657 32643 -27037 -13993 13115 -7234 -5179 -30001 -31519 2933 -31835 4351 12519 -795 -14299 24689 -2936 4635 29597 19855 13853 -22534 -6961 2124 8554 -29179 18356 -32561 -13831 13522 22094 -5902 21943 27500 21921
-4794570057
-18411 16935 -13763 -28828 2301 23487 -7184 -8110 -4848 24561 -21304 -13593 -20556 -11903 693 15432 -31385 -21823 -18067 -27858 26818 -20583 -12444 -5748 20743 -3561 -22648 32266 -9968 -18461 7943 19053 30678 -25107 -24327 11824 -32265 24320 18875 -32436 21675 27621 -27201 -2357 28998 -12050 2272 -21493 -13742 19632 -29235 15497 -11120 24139 23716 8697 2562 159 -22935 28186 -18899 591 6129 3817
-2610 -893 6993 10930 -26281 -1585 25212 -13751 -19288 -7795 14069 -10081 595 9243 -13529 -15216 27037 26276 25452 5436 -27629 23759 -20749 -2461 18427 -4104 -16275 -10356 2786 25089 -22522 -17329 -32454 5103 -13421 11911 16513 -30690 30145 18681 -5230 15935 -14398 -20118 -24714 26176 -7227 -5876 24605 28114 26170 -23332 -4142 -7877 -23298 13552 -12827 -24406 -31751 -12247 14757 15490 10229 2307
-8204858549
-24059 -5003 -21236 -1673 -27325 -15382 -19261 -719 32016 14566 -8288 -6837 -5325 2181 -22313 7885 -16714 27938 5708 -27501 24537 -181 21159 -7990 -1972 10464 -4413 -31417 -30557 15660 9465 11410 -21776 -9957 18532 9665 19993 -11484 27379 747 -24238 29145 5802 4652 24006 -18931 25832 -11019 1245 22766 -31354 13240 14531 -16252 -3212 -1098 -7810 222 -6226 1810 -4860 31013 -5471 30269
-17020 -13941 19709 -26049 26607 966 26246 16174 32094 24631 -2243 2634 -24893 10735 6434 -5853 -32570 -11239 20681 7653 17039 -29368 -12420 -4002 -7261 21982 14011 -23008 -18870 -11661 10053 -17637 22126 -26276 -19333 11700 30159 12485 -14118 -11382 19213 -12541 -28870 32296 1896 -22340 925 4412 -12751 -10422 12867 31218 19232 -14226 -2579 14886 15121 19496 11357 -13617 8976 21479 -4569 13925
2035816160
-18739 2784 -24350 -23369 -29957 2020 -6434 28251 -9815 -13691 3411 31390 -26744 15606 21286 22580 8136 22574 17398 -16407 27862 -26147 23594 -17394 10218 -8011 -10294 -10413 -6883 -20457 10516 -7534 19118 11096 28747 8281 19174 3504 -20889 -6794 -3150 25128 -9841 -1850 23565 13069 -13969 14493 12112 -13351 24475 17464 32610 -25092 -23554 -6481 29768 -24604 -24144 -19366 30745 24390 -8428 30833
-22145 -22986 5750 18883 24541 32261 24338 -25487 -24685 2410 31125 1553 -6248 -9960 -23797 -14134 -31112 30786 -1508 12456 3410 11314 -20981 29548 -14372 -3669 -19331 11936 8743 19902 -7153 -28385 16556 -24806 -7532 -6420 -1888 -7908 17867 7204 -19376 3844 7297 15913 -30347 12168 -10743 6248 14260 -18576 7259 4253 -13561 29496 -28158 30879 9590 -3588 -27700 19123 -17707 28313 -17659 -13446
-4064325537
-27918 6024 31316 -32660 -32325 -23783 14948 -18626 -15188 31689 -197 -24017 -10001 -16308 -15692 -21728 -13004 -19425 -14981 2720 4900 -27766 11591 -30936 -11872 14085 -11277 -21779 13282 -24316 -19782 19960 12760 19995 11055 31075 14689 18619 -1191 -8401 -21174 15644 27528 -3083 12163 14680 -22449 -19301 -31496 -25893 -32040 5182 -9879 -19738 9418 -5225 19418 32718 8721 5732 21249 22429 23528 -13327
28046 -9733 23946 -22860 10558 5164 -32312 -27810 25427 -25352 31674 -25084 21019 26965 16086 -19493 12844 -7172 25041 -17124 16079 26924 21832 20651 -13427 22113 8995 6880 11886 6221 -7167 27274 -28784 -14415 -23102 -15271 4648 -16949 7469 -25914 -5442 -19758 -12137 27668 -23159 19387 28256 8566 21669 -31930 -17007 1784 -19867 25772 -23585 -26694 23036 -16635 10039 -12226 -31886 26397 -29611 -6029
-4749982209
7926 30496 -27066 23826 25672 -16656 16757 2313 23743 21724 -10020 1535 -21027 -27977 -26605 -9704 3786 5954 18809 -16649 -17872 11930 6393 4091 25092 -9577 -14255 -14829 10741 14487 21277 -19588 -4117 -518 11941 27540 -15663 2328 -19103 -32584 -10034 -8073 10585 8476 -7293 6300 14213 12978 -29991 -22529 -27056 333 -18463 30411 17264 21235 16296 25065 1780 17820 5287 -27489 -30033 29991
-28161 17339 30861 -23704 20243 31857 -19730 8281 19935 -16883 3505 27723 25023 -1934 -12063 4324 -2565 23297 8011 19501 21951 8100 -26414 21648 23432 -21981 21945 -23810 21202 -59 -16038 18462 -10048 26207 -23775 28328 -17643 -21317 -21940 -74 27439 18777 16584 -10039 -26875 2225 -855 -23323 -9340 -23084 30944 -1610 11933 2159 -29374 3856 -21913 -6580 22190 -17959 -12786 -13228 14816 -3812
-2506503499
-32674 24955 -24722 -28205 7817 10867 29684 27346 28925 1788 28449 1375 -19289 -8255 17927 -30387 22871 -12999 -27420 -14188 -22065 23416 17239 11603 -61 22568 -32352 26029 7560 29079 16231 7937 10707 10878 -31071 378 10729 11695 24643 30435 -3518 -19723 -30484 14440 24209 -11106 24998 4904 -947 -31566 906 13823 -21448 -3614 22435 -15056 -4869 21229 28366 8761 -1730 -6982 2154 -2855
21846 -30164 -18680 -27575 8012 5557 13385 18991 -18688 23352 11601 -2663 1324 -24919 -8999 -25563 4286 -16141 -11192 -9620 28755 -19030 -11312 -13907 -4621 -24958 10423 28838 -9598 4602 23062 757 -20364 9354 -26989 16911 -26199 -25181 2398 -28029 -9612 17194 3091 -24063 -23421 -16352 1057 -7166 4068 3211 3979 -23887 -12036 -1699 18777 -15927 -27707 21199 -26047 24872 2287 -8349 -18765 -30608
-80443187
21852 -22265 -11279 24000 29844 10568 -9126 -10707 -22378 -20303 14829 -21022 -24537 184 6495 -6335 28768 23287 9893 22419 27901 -10309 21548 -1354 -27483 -15818 32574 -10217 26599 -24838 17607 -18512 22658 -32339 -32241 -13735 -2691 8975 -15587 24025 -24342 -23508 3758 29983 24429 -126 17223 10997 30253 -32038 -25917 -13203 -18837 29889 -12609 -17963 -30776 -2436 25219 915 -4141 17620 -11843 -13052
31231 27871 -5163 -27159 -30029 -2224 27477 -15568 -25682 -226 18826 10819 26048 22542 11915 17405 8814 -3099 -4546 -17078 4562 -28432 -31336 -27133 15042 26681 27003 -19975 14265 12211 -8933 1338 -7865 -30452 -9460 -18034 29421 20280 26109 -16569 24930 -24110 26568 18489 2864 9096 11287 4257 31460 2482 -9104 -9952 -6628 25042 3109 5565 -15808 20887 -24281 1988 -25594 16768 -8812 7699
1890929873
-18812 -11856 -16820 7761 28816 -28700 -15244 14608 21328 -15091 -2712 -26337 -1490 -15562 -19725 -12875 -21655 -12168 308 -27459 3933 5411 -12329 -17871 17671 31721 6904 -159 32707 -25271 -6327 -14736 14235 -8609 2686 12138 -1504 -17026 -15814 31817 4002 2973 -28999 -20116 -18305 955 275 -25169 -29659 -17068 32470 -2152 18947 3661 -31272 -23989 115 -13484 17613 28373 -12814 14150 10596 12080
-24618 -23781 7025 -23285 12397 -1586 7832 27272 6406 -29330 31425 31125 59 -5040 -27274 -5339 20899 -26637 -31338 10538 31589 -2750 27753 -16469 -25108 3147 -14569 22725 27283 -26690 -20378 -1495 -2311 15126 -30937 17796 -32078 -15924 11622 21667 -28767 23821 -28975 789 -9049 9691 -10119 -30622 4782 -18732 -19951 5483 -22026 7226 24481 -16255 -31479 25276 7923 -11300 4964 -26916 14633 15368
3031217122
-1740 21883 -22900 32247 -21344 -26335 28612 26100 10326 25196 -10231 -23570 -31197 16461 1056 -16423 8776 9728 -10951 29162 32032 -5788 10794 566 997 -8685 13384 23242 -14120 -17894 3805 -6227 9364 -11903 7021 -15619 -28121 25038 25169 -9184 -20648 -9532 -282 -22892 12630 18433 -3946 1561 15643 2219 -21607 -6001 -8407 -32339 -4857 -16308 18988 21335 14753 -23758 -7509 4347 15459 18298
15409 -9945 -4398 12461 31789 14838 -4630 -23650 -2738 -25264 -19259 -1749 -1874 -24750 -18922 25330 -21509 24762 -20662 -15462 -9011 12919 -24830 385 13017 23445 -20014 21096 -6258 9182 31167 7401 17571 5629 8715 -136 285 30107 26793 -18706 19623 30682 -26409 21681 27092 6658 -10207 6744 -11933 -654 28049 1231 -30128 -13661 3140 14483 26357 -8042 -25215 1782 8865 26233 12793 -7459
-2800369551
-2298 -21446 3048 25941 -11715 -2510 -11390 -25507 -5424 15641 -2484 -1873 -25715 1920 7256 15051 -5900 12640 30275 25723 -10756 21582 11097 3106 30036 10258 13882 5427 -35 -8828 12891 15310 -12276 19693 -14308 -27573 19105 16252 -8491 -21318 -27957 -17087 29794 655 -5842 -13480 -14551 2049 -10799 -5629 -2935 14183 30274 28668 20063 2109 20759 15132 6370 -11274 15462 -26669 -12603 22116
-24396 3589 -6134 -14442 -17659 -25792 1629 30592 29134 688 -9244 -8764 -7212 6816 30302 23413 -12876 -32658 30491 1946 -11527 -29494 -16434 -15333 16134 -8080 21574 25529 -9456 24374 -29542 -2682 6808 28390 32059 -2329 5817 5885 -28791 -22472 -27970 1102 32236 2373 13646 21581 9122 24126 27153 -19300 -23892 -2555 3304 -9450 14726 -12453 31471 17942 -22152 -28970 28543 8688 2933 -979
3309673511
-3416 15212 12869 -27811 -11413 -20972 20927 28776 -26307 2762 -28305 7432 11089 13338 25209 11696 -11397 23157 20750 5770 -15673 17341 -19436 -15270 13971 7643 -12074 -5271 28549 -27801 -25269 32255 6884 -7612 -24177 -9778 -14607 29483 -16583 -25567 -12937 -30824 -23988 23162 1216 -7821 24622 15414 -15401 21476 2980 7997 -18862 -23585 9429 -20860 -1144 18908 -24499 716 -30804 -25270 -25746 -3003
-14774 -23978 13458 13824 -11368 197 -24706 -15259 8215 -14914 1043 -31736 32554 25670 19433 10217 19369 26040 -10757 5093 -22280 4965 -19592 -17029 -20898 8697 29704 -20186 27859 27659 -7058 -14983 20317 -31951 21197 19308 -15268 -15420 -15783 -15494 -4995 25360 -1576 5461 6625 29478 -27521 17057 12852 29904 7316 10194 13746 -16916 25049 -12505 5918 -2612 -32689 25544 -13621 -23231 -3692 -21853
1974998925
-26321 9728 -22709 27998 -27883 -19261 13075 -26776 28256 -9736 20464 -23126 31374 15917 -31251 9508 10411 -24988 9858 20342 -3029 -28619 -7170 21801 25935 -31289 -10008 24754 -8225 18246 -2354 26280 -31687 32627 7818 -18594 15029 25828 29844 -32290 6481 32401 14656 30716 -14592 21886 12892 -27251 5895 18694 15193 21281 22761 -9401 -6490 20786 14343 -8899 -31367 -30385 -26130 -30522 24498 -2877
1375 20354 -28051 -558 -689 -29320 -22685 -26421 -28655 -20859 21859 29500 15803 17948 -31311 26266 22003 -14966 19150 -14217 -28937 -6705 26243 20631 -18063 -20853 3574 12117 13650 -20852 -8146 28758 24662 -19304 -23715 -16600 -21229 -29043 -3315 21573 26754 -7694 10565 28344 11718 -28596 -22687 -6665 -2297 9732 26885 8789 10443 21385 32442 10876 8733 -10656 -29401 -26191 23310 15332 22563 31600
3748462935
-18056 -8524 6960 -6195 -13815 -19096 -4225 -20173 -6542 -26724 22475 -11858 -10826 -27219 4241 -1196 -11594 -27741 -27888 1461 16267 -31353 3613 7628 16091 5259 18987 9290 5320 -1427 -6084 -16064 12963 -29448 1104 -23454 -18907 -31679 -6280 -19367 -7399 28832 25887 -10337 -1350 19534 14207 -23367 21212 10136 11654 -13499 10837 17636 -16342 -30590 27800 -29704 23016 -15257 -28040 -19648 -1320 -17149
27650 29190 -22462 -19314 -21080 -26147 -17846 -29529 20499 -20072 -2097 -16542 11869 24846 -1108 -23775 2291 -32088 13853 14570 21548 9718 -15297 8888 22595 18459 -18903 -9651 16140 -19326 973 31342 -29739 11379 -24570 -26161 20276 -15341 -23065 -8607 -6426 -10780 -4568 -10669 22668 -26335 3621 -27327 -4686 13221 -13733 -19712 -10132 -1019 2009 -4338 31925 29773 26694 -6526 1040 4670 -19124 32221
955560293
-4534 19833 9984 -12851 7986 -15880 6810 11727 8657 -25743 -32557 5538 20684 3876 -4035 10793 9910 1624 18009 -576 15228 -10816 16849 28710 25248 -20020 -3635 2083 -29561 15246 -16920 14193 27286 -25248 30260 9575 -5487 -11764 3791 -11959 19801 -20133 29048 28692 -5938 26421 -27197 30119 20119 2003 13617 14119 -10041 -27703 -21880 26002 1088 25253 -29617 28107 -3639 6172 29224 -11272
11849 -30649 18025 -25745 28455 14605 32412 -32736 10277 -8251 -4233 18121 10670 22447 -19210 29843 -6078 28088 -17945 -14436 -3037 32216 14775 -6314 28371 32028 -21516 30672 9971 20587 9557 2175 -3577 6838 9808 -17275 -18398 10824 3528 -12886 -12443 -27293 -22781 -24162 15429 -25388 -28788 23368 4068 -21361 22009 -443 -5648 29940 -19356 -3253 -17449 16518 -564 12259 32432 13939 18769 25502
939103663
13771 -29833 -9747 15833 15451 -24669 3213 -13146 20883 -29516 10171 -3736 22039 28252 3279 9781 -17355 26766 4421 32119 14647 9046 -32089 -13224 -8337 29372 -14892 -19137 -1645 9965 -18171 -11707 27133 -8984 -2638 -8547 -3516 16961 -18373 -20026 -10783 32685 13951 -13281 -17022 -29626 -14576 4876 -27301 26007 -12691 29149 15236 -3590 12071 -9534 25972 26386 19101 -11500 26873 -2875 -107 21990
-1504 7842 25893 -28052 24478 -17466 -29256 14494 -18159 -12856 -23229 -20177 15236 -2810 -19935 -7659 12373 -26742 -6067 12802 -24973 6375 -28639 31027 -19517 -7949 -25613 -7096 21946 25874 24061 414 10131 13500 -32089 -6974 -30646 -247 29852 26229 -26842 -21594 -20987 28585 -25706 -14785 -32332 -29680 8399 -16463 19960 -5559 -15295 -21390 22193 13307 -20910 -24693 15593 -4481 24348 11465 24713 31419
-1773232332
-19099 16019 11158 -28059 -8087 -10915 12700 25538 -27805 26786 -27427 -10948 -18020 32359 -6519 -25283 -16421 -750 3062 25855 -9163 -30643 10262 -14929 -16405 -29214 21696 17869 -9412 -32091 27718 7813 29740 -12693 20591 -10661 -3161 15549 -2963 5233 8711 25304 6644 27050 20612 10368 18906 1338 18533 -25038 3073 2260 15027 -20178 28609 -21837 -5774 3531 -21909 2100 13783 3967 23582 -24378
-6756 -12998 -28941 25050 25907 16202 3093 -27392 -7516 -7379 15316 -1616 29768 -20595 -23788 -11265 4868 25175 -6187 402 -18672 30090 25528 26308 14816 10232 -15372 -31590 5013 -17672 -9329 -7847 23369 20932 2598 27309 10856 11887 -30095 15687 -4165 -19518 -27942 2865 -13779 7298 32392 -19526 -12651 31407 -30552 12560 -16935 26836 12298 -23078 25872 -21103 -9 -29216 25280 21770 -26023 5356
-6902620679
-31280 31282 20623 -11024 -344 30168 16619 3598 31349 19239 -18379 -17924 31345 -5747 15663 30918 -32654 12275 10715 -8019 -5952 26093 -16261 -26715 -29365 2691 -17659 2355 15422 -27929 -15494 20767 8651 -10949 -29794 -6235 4559 -21586 -26835 2181 27286 32490 -8097 2418 -21826 6329 -16629 -23070 10289 8708 -17841 -23715 22234 11331 12585 -4910 -8435 6793 25917 1591 -27288 -25258 22733 -19944
24024 1363 18613 8177 -8459 -4286 -21659 22675 23832 7798 -12159 22351 5313 21009 2255 -8573 -539 -28081 21547 6430 -12812 9616 -15154 -21795 11087 -30691 -11195 21813 -8881 -23250 -29582 -25420 3003 -16907 -23622 -2654 25505 -26129 6076 -20931 -819 -8467 9088 -14859 22095 30229 21345 30159 26996 -20927 24558 -11563 21941 -3481 26608 -13284 -24163 10473 24046 -29462 -19885 -21109 -4454 1732
3233767521
-27332 28473 19799 21709 -30056 -16329 -15646 31393 -8509 7977 8003 -17670 17199 25738 -10824 31897 18369 28536 25064 -19738 20473 5135 -25021 -12706 10378 -458 -13295 18389 9163 -3874 -3970 -7210 308 -19298 -26450 -2020 -12658 -11206 28321 31936 -15623 15676 16876 -27061 22110 3230 22215 27631 -721 234 29413 23564 32444 -657 11783 27509 1879 25800 -29121 6414 -8951 -25744 -15290 29578
-3066 -32159 19246 14525 -27954 4094 -4886 24559 -13075 -8364 310 10186 -5649 19668 -12750 -13001 19423 -30455 -27922 -29710 -841 -5554 -26852 2661 12190 -27771 -11271 4283 24242 8190 -28542 -27991 -18714 -4263 -15780 -13971 -30526 20011 6970 7593 15584 -14701 21372 420 -13706 13568 10215 23799 29911 -31524 -23293 801 3948 -5915 27327 -30285 -7232 22132 20860 27205 -26375 15774 4083 32736
3735437846
-9824 -31465 -29487 -11191 15235 -32093 -25828 -16864 22676 -1751 5960 -18903 -13303 -4485 -8216 15486 1818 -9499 -10636 -15660 -2762 18753 14665 1304 4939 5827 -20231 -8889 20122 -3632 14132 27017 14506 -11121 -15489 11737 6769 2947 -5845 -20151 3817 18537 -22888 13461 -27245 1536 29235 -17171 -25995 -30535 15483 -4066 -19508 -10558 -22137 -9845 -233 -26895 25354 27367 4108 2814 -29316 32606
-24607 -13264 21790 15435 -32740 -3037 -22569 -21204 -8469 16762 -31698 -637 18760 -6991 -18432 -30704 27763 16385 -22137 27565 11838 22049 8376 8160 8840 8617 -14336 -14679 9633 -18932 27980 13559 15540 -24449 -10268 5611 -24280 6934 28330 -6916 -17077 -26620 -18183 -8362 16312 16366 26852 12585 6532 -9039 -22832 30662 -23585 19084 20423 29009 -8990 -13544 -1026 1121 32035 -31723 -1630 31432
2275712919
5457 8947 31512 17372 8204 -21573 -3824 12035 31806 -7648 -28572 23249 29421 5340 -16674 -16848 8267 1760 -5919 28874 14711 -25305 -2690 17972 29000 -19919 -1284 16726 -14361 26428 -2978 -102 -26253 -3983 7478 18082 -8094 -15478 22427 19830 12342 -6148 20660 16449 -12609 -18508 18485 14431 -2282 22836 25779 20133 31844 -13490 6417 -30232 10123 17988 -21655 -21782 23474 -18006 -28485 26440
-18532 -2542 28805 21152 -26720 -23451 -5721 5457 2283 9721 -7774 -14741 -8262 22881 3064 -12552 -17489 -2405 -31901 13765 -23339 11958 21190 -15386 -8552 29236 -12689 28996 -4991 28453 16771 30191 -31132 32456 -12387 -4219 10277 -11677 10058 15512 22198 -30615 30430 -22744 -6071 -7858 -18650 -24728 -25660 10420 -24091 17743 -24503 -17850 -7627 17798 6665 28820 -32583 -10433 -22246 -20506 -4711 20917
3688407792
19443 -109 -28328 23373 28403 -32239 21072 12676 -7204 -3843 23872 13024 410 -19393 -1919 -2613 4427 347 23271 -27569 -17017 7952 -31050 -2157 5201 -9354 -29937 16946 27246 15664 -24252 13847 978 31992 -12934 -10662 10617 2919 -32228 15713 7501 29263 -21342 30199 19765 11951 8548 -8961 -27329 -27218 29801 5543 23470 -22004 21180 -20965 -21502 356 -10050 -4813 -29685 -87 -13754 13703
23595 -22719 -8465 16862 -6517 -8637 16607 -2839 17357 22413 9410 5827 -2684 13426 1815 11067 20564 -11664 26884 -10069 11928 -17681 7774 15816 5798 1875 -8454 29754 -30043 31227 -4287 -15326 8215 -24312 -22296 2609 -20021 28406 -26303 -24292 23248 -32294 31737 5926 -13512 -31396 -27464 -10930 -29291 13825 11349 6477 -31855 -6832 28298 21460 28583 -3533 14844 16299 -11654 -25349 19039 -21148
-916170758
-30849 24794 -24914 -27857 -17924 28873 -23631 12046 -3230 9030 -32161 32698 -15745 -16581 -170 23830 -20109 -25654 -17323 -20462 -7167 -5691 -13724 -6640 11727 2177 -18448 5460 -10893 11679 -19685 -3189 25903 5136 -11127 22955 29388 6978 -8004 -4442 3949 3327 -5504 7202 23823 -6793 1895 -15332 -6950 22753 23833 -14413 -32171 9636 -7305 13603 14613 -32026 14509 22982 20412 9288 -26283 -10503
-18312 -15641 -24750 -22059 -20400 27 -18850 32733 25822 66 -2707 -30356 -8845 -21619 28123 -10089 -4735 -1800 9802 17124 -13491 -15358 -22950 -28952 -22338 24257 -6685 -17664 26122 5583 1962 -28878 -2736 -7436 -7454 -5844 -3952 -31522 15907 24923 25118 -27970 -25437 10470 -28322 -14951 22560 30440 14074 -13529 -633 24936 18129 -20177 30260 10738 11435 -31150 6606 22272 -32321 15449 13002 -7515
-306407873
20786 -13818 2440 -697 -30154 6537 -17290 -15933 -14918 29889 27715 23282 26362 -30317 -31662 32088 1855 26194 -8636 -929 -2433 -14608 -24224 23698 -31965 -10571 11320 -17999 29833 13820 28285 -1020 -2551 19629 32522 24800 13354 1061 10759 17243 -1000 31520 -3278 23884 10454 20076 -14514 20830 -22370 26209 23829 5004 19011 12226 -18626 2987 10932 24130 -4237 -13933 -27742 2954 29508 3665
27855 31217 -24436 10726 5904 2484 3420 12715 9792 3485 -13781 15101 -6690 14703 9628 -26149 2541 -2937 12254 -10412 12247 32622 -15802 -957 25385 29075 23520 -14282 1338 -493 -6084 13321 10311 494 -2972 8704 -24023 -15289 5764 -29131 3001 -12765 -23040 32432 6023 17728 -13214 20822 28967 7826 -9501 -15253 21321 3445 2283 -879 -31127 30605 6102 -31152 16859 15496 30651 -29805
-1593085949
-21110 -6884 -23638 20414 32382 -14833 -18354 32522 24131 -25810 -1069 -13252 15573 264 29243 -11055 18661 6931 -27934 22632 23088 -21964 -15948 -17883 24305 -3450 -19368 -25284 31634 14227 26891 -31503 -8855 -22793 -17415 -32476 7670 -18474 -30659 -21541 -7015 22684 -1959 5299 1217 -15659 29286 -24567 21509 19329 -14764 23014 -18444 -26494 -9960 -5652 -16569 -12149 -2520 13057 19493 7737 -21793 -5797
-18935 30633 29125 11176 9034 11143 3192 23614 -27452 -3752 17243 -21586 10030 -26940 -29845 -29238 2349 -18451 2825 -11480 7137 -29006 17123 -17561 1272 8200 -24427 -26555 -19236 -6313 25113 30032 17457 11606 -5360 5787 8196 21936 -9646 2327 -29944 31008 -19856 8030 24933 -7248 -13599 -3645 17692 -3032 -25969 -27226 21588 -27752 7088 11668 -13745 824 724 -7031 -15577 -12213 -1768 9764
671573090
-19814 -27750 26745 20010 -31600 5901 -2852 -2924 17313 14286 -29400 -20641 1615 15431 2342 -17191 -4156 -8032 -9705 5201 -14963 8437 -6601 3544 12550 -26909 18413 13251 -19147 11936 16903 -8248 -7132 18954 -4460 -26431 -22178 17522 8921 11135 -13479 1365 -19413 9073 -5939 19047 13501 -6950 8476 25033 16068 -14098 -13200 -20398 13763 -11759 30092 18160 17739 -15663 31919 26670 -8423 -6083
27197 28653 4834 -9701 -3294 -10345 14762 10948 -25105 3338 28193 -14536 -22927 19311 -13157 29345 2966 -24825 18456 -18795 -13351 -363 -8716 -22485 30019 -16586 18817 -13953 22400 -31003 21511 8583 -17845 -28413 29077 -30986 -28906 -16678 -3460 -24816 29114 8988 32399 1230 13397 -20635 -12699 -22586 18042 -4947 24330 -27455 21660 31967 15582 -1185 -1833 -30882 2727 -24013 -3810 1138 -223 -30842
-3217869720
488 1241 13209 16185 -1764 22351 -2841 20623 -17228 -9622 -26673 30415 -23110 16629 25228 16171 -7989 472 -7006 1925 13920 -8015 -2764 -19513 12504 5859 4685 19087 -7559 -17294 -1038 6054 22880 -11869 -15347 -4247 -9931 30963 15893 -980 -7117 -24041 -24729 27835 -8577 26560 -11722 19569 26101 28165 18180 28956 -10115 30886 -25381 2924 27346 4270 15258 13605 -20265 25059 18556 11161
-18646 5597 -13349 -12369 -28040 25219 -15281 -24375 10778 9812 8179 -18576 -3153 11299 -29037 16510 18225 -9244 5981 -8953 -3400 18228 31717 -11190 32717 5494 -4067 -10169 28067 17870 -9835 27452 -25587 -13150 22035 -21140 -19810 -21235 13782 -23074 -22890 -6955 -29841 -2004 31752 -24449 25254 -11015 25657 1638 18715 5873 13530 14699 -24187 -12908 -29341 7303 30016 -8724 1314 5065 31375 -22700
-1082594019
26737 15023 -28986 25390 5321 -21452 -30196 -26626 -524 -17627 -28423 29575 -12633 29304 3351 10992 -14538 28421 21198 3360 -28421 -23052 19542 -6621 -21112 -17286 30167 5850 18003 9820 11760 -21483 -18333 5198 13177 -7482 14004 7786 -3972 -18089 32173 9101 -13015 -1602 -5712 6697 -25930 -13104 3155 -22033 6784 3995 -17722 29686 -30995 21091 -2629 26000 19333 -29844 7598 10445 -26155 9498
10335 -22268 -6069 -1957 29228 -6883 -29427 16931 -28774 -26118 -11143 5165 -13458 -19658 -27041 -12427 -24253 28133 28913 -14385 -6564 31363 7587 -21796 237 17809 13174 16032 26581 -28531 -23803 12617 10335 13561 7582 -5354 14768 -10588 -13699 13836 25961 -12929 22016 -26486 -24115 19172 -21803 -18356 -13071 -1340 -19600 10366 -1821 -3342 -634 29721 13253 -30940 -32153 -8947 -15275 -30994 -24575 -23491
3176514261
11711 -17496 -19813 -16355 5031 8328 11562 15379 19810 -27744 5386 -19443 -12833 2823 -18446 -29149 17585 300 19676 -8891 20659 10728 -26235 20157 6159 -1485 16492 23765 7506 -21318 9174 20154 6804 -31733 -32288 8168 18317 10246 23703 -15695 -422 -18461 -25528 25069 -8676 -26991 7799 28392 8076 32285 15408 -30666 -32529 380 -18494 -18421 5060 -26929 -25725 -5065 -22483 28885 -8747 9696
-17278 22682 16723 16037 -1925 -15518 -5320 -3519 31599 -19176 20484 -25214 -9865 -26954 -12854 -2949 16544 -27481 -26582 -14419 -1904 17691 66 -4201 -23747 -26841 -17560 22827 21667 -545 -7797 7544 1019 12313 -29757 -23032 -26595 -10495 6994 -23750 22839 -2718 -17300 -22631 -23482 -2179 -12705 4657 15621 -26346 -10153 4720 -8484 -25067 1655 3640 -20885 -23531 19960 -17101 -11186 32767 -32191 -21489
2096679046
2912 13043 -23092 -11859 -12153 -4184 549 8155 -14908 6038 6426 2804 -519 24634 5256 16681 -8802 1922 -11741 19307 -837 22590 -30335 -28241 -16825 10740 -30846 -31536 -30617 -22164 32505 24744 -17783 5934 18687 -3859 19535 -7113 -1061 -32167 -25261 30684 -14263 -12791 -5766 -11375 10675 -9514 19860 -13860 -3317 -17298 -4427 15080 15642 21658 15929 -32228 -2239 -21264 -5312 6561 18403 -20856
18747 15079 13675 27975 -3198 -19495 21964 7825 18294 1161 3286 471 -6353 -27526 -14993 30063 31961 -24357 21134 1137 3760 -9024 -32035 18515 -4413 28908 15515 -1315 30398 -29102 24064 23899 -8707 -28295 1916 -32003 -30942 28640 -24268 22661 -19771 1238 -21755 20237 30858 -10652 634 31334 -22196 19026 -32456 -19838 456 -12630 -22567 -386 -31143 -16493 6950 7657 -13923 -30655 2732 -21705
-1671296467
5495 -17454 29636 3063 -6662 -14000 -711 -6806 30670 -19653 23739 29398 -27619 -6306 -1551 -12016 -28071 14649 -8692 -12437 -23422 -27294 29242 -3172 4339 26437 -30049 28389 -31488 27915 -122 25038 23741 -23411 -27295 5536 -3690 -2204 5359 22127 -20992 824 -8231 -19042 11036 10591 21856 -1198 -18338 -26168 -23978 -32009 13524 -3041 -1569 7141 31788 30491 12242 -28544 14465 25206 -22366 13534
9252 2696 30591 -20455 -191 -12870 12272 -18603 26316 -30971 20459 13967 17875 -25219 11753 15419 9530 233 31989 30255 -29252 3140 -22459 -22077 24855 -5289 7255 6241 -12029 -16336 30928 6037 23401 -22523 -32349 7403 -9824 -26451 -30946 -28384 -18206 -14940 -5382 20594 28869 -27476 13350 30425 -2318 -17218 17138 -14429 -26011 10314 9620 -4138 -2017 -26173 16558 -19126 -24282 -29981 -8867 11131
2869687662
-10658 -1067 -637 -13342 27257 -6709 18363 -17517 20883 9074 -21958 -20742 -17197 -4831 10402 9733 -4288 25829 5759 6861 14685 -6432 13513 -25182 6547 2944 8636 -22611 -4914 -17029 18275 -5781 -29510 3876 7637 -20171 -10388 28721 22115 31605 -27673 -20843 24113 8168 19587 -30809 -5993 22225 -16677 27515 31626 -11809 -15796 -8595 8183 -17094 -23648 12565 -11869 -2766 -6072 -16366 -27373 21460
-25840 -32016 30409 -31930 -31407 -9205 -8888 11496 -23984 -26046 1638 -9425 -19689 24886 -5779 -15285 -22284 -6217 18327 5546 -29055 -7829 31073 -16920 -17561 15523 -28263 6021 11773 -10530 -12843 -25761 -15883 27840 -20009 -25521 -375 -560 -17734 18361 -19325 22952 4205 -32446 -8196 18 -8708 -3200 -24106 -16560 -28260 -5600 21822 23322 2301 8702 7424 3916 -25866 -15237 -27177 -10745 -19711 -2517
-556333792
-30393 -17156 -27087 -10900 -31400 20999 -11300 28820 7172 22390 26753 23829 21653 -30377 4387 17477 -1259 10590 13054 -7624 4030 16950 -5253 -3640 496 1933 17188 24074 15674 28367 -4047 -3295 -29237 22135 505 980 -25911 -31258 18171 3340 19738 -25774 -19755 1450 -32065 -24081 -30585 26623 18408 -16398 13809 25440 -1298 -26372 -17040 -15675 -3981 -9984 -9391 11810 20301 9339 -2932 -22920
26438 -24333 26200 -32604 -1129 32573 26730 -15467 8514 -21194 982 3373 19001 -4397 7673 17345 27119 -25036 -11999 -10652 -31901 -20578 -29956 -1822 1934 -30962 9213 30988 -21914 31603 -5742 13803 -6277 -6916 29903 -11734 -20099 31106 -14340 -4240 21070 -11678 -25683 2820 520 29920 -31950 10404 -25904 15820 13369 -2003 22563 28196 12487 -14740 -21514 -21627 -9669 19293 11843 -30680 -1151 -16070
1136133450
5201 16041 -10731 -30004 21106 16255 -10961 17495 21944 10612 9363 -14062 -10942 -10841 6270 -21396 6418 -22260 21365 25025 -26826 -4967 10108 14985 -26270 29977 -21772 27113 -27535 15384 -31706 -27375 28220 25426 -7247 30764 -21294 26646 12051 -10681 6933 -7326 28750 -19953 13210 -15955 23253 23088 -20119 26696 10263 23427 -11209 -4663 -8845 27202 17860 -5436 1277 3363 20464 -8871 32313 4930
19289 13542 6104 -32373 10665 26487 -10853 -2303 -12072 -8934 -17168 20803 32052 28768 -17042 -15318 852 6615 12100 -4881 11638 20236 22984 -3538 -23472 30929 1094 -28697 20141 -16987 14977 -1959 4744 -32738 29958 -21798 9769 -15563 15200 3962 -27860 16695 27465 -29562 -462 30425 26819 -3181 -6162 32495 -26754 -16614 -26516 -3956 28602 9442 21009 5688 -14427 16629 -30593 11238 29 -9167
-717522632
15497 -19192 9101 4495 -10552 -13859 7253 -1958 13932 -31506 -20237 -28346 22951 27907 -32302 27422 -3637 -28853 4249 11518 -11891 10018 10263 9359 -5389 -15255 23249 -9243 -6132 14078 16547 15380 -9163 -28713 -19203 27767 12869 14474 -20108 4250 -26575 -7361 -7344 -5131 -8085 -23869 -22496 10495 31474 -6600 -20468 -24828 -29779 6708 -11126 25659 -16971 -22022 -480 -20855 3373 16473 -10147 -15561
-8763 18823 -8184 17316 -29949 -893 -2180 20594 -3394 18892 -14726 6441 -6782 25644 -10109 2753 -23352 -14404 -24313 -19185 -24638 -14711 -14234 -21925 -31130 26760 1199 3955 17505 17295 -14120 7201 -6477 -11716 -27969 -23148 -22849 -12835 15166 6833 -30295 -16268 -6623 -19518 16663 3018 -7892 -30062 20774 -18207 26547 -4417 2060 5547 -25342 29082 13498 21032 14051 14458 -18525 -27054 -24453 6172
199228347
-2858 -31786 -5815 -31990 -8433 -3338 -3058 -4182 -25385 -22306 -11727 26123 -14297 25060 -10319 -23077 8647 8645 122 31149 -30711 -22344 -11584 -297 7782 -3516 30605 14347 438 -12568 -26280 -355 -30008 -23904 11684 311 14879 -1735 -18635 -18855 19993 22598 12107 13522 12094 -6291 -15493 -31421 22877 19383 14635 -1467 -15469 15796 25640 -1519 23096 -182 22137 -26819 10727 18963 19985 21803
-6497 -16751 12733 7740 21653 31789 14349 22564 -19947 7843 10845 22020 -18335 23541 678 -19192 -21348 12843 16326 -23302 -17517 -1380 6310 1341 8697 19547 -18156 -31659 22798 26584 16030 -36 -19136 -26095 2260 -19458 16384 -26953 -22188 -22452 28864 17110 4176 -2593 -6617 -7665 20098 -9698 23068 -14814 1845 21765 17553 -12866 -9951 7514 11234 -17521 19207 28568 -1217 700 -10586 -25689
1742485611
-10999 -14935 -15389 -26664 31164 -30487 717 24969 -2495 6714 22823 -25111 2353 2816 12332 -9020 -14859 -32649 -9844 -30701 29750 -32727 -27963 10657 -8707 -15109 20187 14755 21794 -25501 12558 -959 19274 -27300 10251 -15474 -22857 24457 -29143 -27578 13012 -11509 -20510 20217 663 -27868 -24308 26664 -14390 -27277 -10692 -23620 -7999 4275 -30543 -7697 -6179 14748 -23449 -30953 30507 -32288 18886 27825
-14000 -4597 -17259 -12403 -13019 -20645 32673 26513 23692 -32177 -14750 -1563 20823 16517 -7928 -19791 -1457 25797 -16289 -30718 -20002 10276 26043 28270 13415 12269 15047 -18437 -29361 16982 -4396 -6996 -1114 -9664 -17255 32400 12820 24487 29710 32419 -3913 30831 -4094 28621 -25032 -22094 -16711 -21732 31456 24532 15207 -30358 -1645 7392 25808 -32316 12824 -1375 -28154 -2521 -26119 -6445 5134 26211
-2528678296
-3238 -27655 5261 28774 9793 -28968 6520 -24077 -6793 -28539 11502 -22957 16345 -6776 7645 15694 12229 9670 1861 -5041 -31692 14743 -29152 22988 16194 15837 -19279 12948 23018 26226 -8011 9471 13102 -24443 -21464 -32130 -11429 15960 10374 11257 17557 11806 -10602 21551 -21175 10937 -31463 -1361 -21620 -15514 9599 -11600 6579 2664 -30848 31462 26679 -9042 16732 -13321 -14621 31253 27042 29935
25520 -18561 29152 6745 -12377 -22736 8288 -13504 -7166 6692 -24653 -8720 -17786 18759 22847 31015 15966 627 10953 -28959 26098 14866 8286 -12879 -21980 26322 -31595 20346 31671 -28680 7330 5120 7901 -19700 -8000 -18636 -19875 13105 11688 12138 -14688 -17703 -7968 -2218 18492 -15487 7122 -27486 -3344 -15138 26230 -880 3855 -20995 -17228 5960 -28641 3544 20725 -157 4924 -8671 23515 18246
4356078310
23116 -921 16615 12263 -9464 -1910 15759 3248 26893 -12767 10388 11634 30861 -30046 -20919 -25288 -5403 -12813 -776 2720 -30342 18765 -4013 -21833 -26794 8327 1855 -21888 22991 -9322 -5532 -3068 11408 -27419 12606 -8600 -3464 869 23517 981 3190 -1968 21867 -3740 2057 6153 2328 1880 -2581 -14271 -15253 3350 -3853 14044 -11410 -25946 2800 31482 -5035 -3453 -21166 1620 12528 22550
2710 7327 -23164 -3829 3212 28955 15173 17600 7544 17161 -13277 29916 -721 -16198 -9371 -30519 -17645 -13211 1929 20972 -25730 7003 9826 14666 -22934 -14119 24587 3958 -20418 21623 14898 -6337 -9846 -28712 -30410 -32198 7230 17517 -3002 2026 -24396 -29230 -15183 -18862 -25812 -2260 -28137 24362 1004 -23769 28382 -3049 -22387 8685 19491 -9531 18217 57 -11399 28548 23150 -12851 -21731 28614
2177357626
30938 9932 -2742 -1684 30147 -10675 1113 16006 -13551 -23222 -3362 2178 26280 -20645 28682 -6967 -25277 -12381 -23831 -16043 18240 2361 -18195 19385 6498 19215 31081 26501 -2350 -28695 -9513 18346 -1187 13342 18049 7902 17543 -8950 17007 28656 -8751 -31104 -28661 4764 13813 22480 4683 29262 -24123 -9772 30008 27169 -17792 25606 13304 12829 -29720 10683 -26246 15111 -30291 -27826 -19266 -1905
6056 5130 -28839 -11595 18268 -8805 -4026 30046 -10962 32491 28313 4002 13085 -25651 -26297 -28300 25633 -10102 5045 12040 -17797 -23309 -20398 -16050 -31310 -25698 -25345 -22486 32111 -24696 6574 -32408 -3126 30617 21490 -8802 5190 -19494 -8946 7215 -14418 -6528 25588 10505 -28126 -25714 7477 -7385 -6327 -28905 26507 24713 -27345 -19313 -20025 14855 -6507 160 26600 -10038 -1757 -2259 -20924 31117
-1006496410
28372 5704 7789 20239 -1070 -6732 -15146 23540 26551 -473 12065 -23736 -18700 31387 -20525 27037 13968 23240 -4719 -32539 -31415 24081 -22839 -27773 15133 11320 -32449 8913 -26934 -5907 32101 28753 -8632 13771 -15767 14847 -18314 -1114 -28117 -30402 -24646 10791 -15966 -31871 25148 20151 -15525 19033 -22886 -28979 -6748 29708 2589 8221 1489 -17666 5458 -19266 10703 20211 24293 -32608 -14876 -22463
10915 -7080 -10459 27722 2265 12381 27787 -5240 -22310 -22895 17996 12138 -29538 29428 -10212 -23566 13052 16035 -31808 -16478 -5120 21295 -1793 19891 -234 -13803 -23211 -9815 1864 15872 31286 16840 -2112 -5962 22259 -22302 -11603 -30193 -31878 15646 -30305 20154 22156 -18366 15066 19767 -5803 2218 -11767 30148 30376 22476 -16388 -28893 7046 -12439 21854 -9553 3437 -26252 13073 -25611 28713 -2162
6187382789
19532 20205 -20158 5524 2853 -22654 -22025 8937 18506 26445 -7797 -14923 -21559 -8315 -28957 -19735 -28332 26543 345 -2023 15162 3974 -10208 25976 1073 -1367 26467 -6237 25329 4309 -32139 25462 25241 31245 24117 1624 13216 -24841 12908 -32506 -25229 -14182 -13085 -10218 7288 17723 -18350 -31413 15658 32368 -18437 -10634 -8226 -25523 3376 -24446 -22880 30155 -32161 19809 32120 24249 1897 7244
-17218 -24349 23275 -14485 19594 23657 14164 8470 -17602 18587 19958 10788 22710 -28683 27722 -11802 -23979 19855 4290 -14311 -2369 -26310 -17631 -18731 -11966 12914 16812 -12409 24875 -14778 -18131 -20936 -13622 23726 -11112 9454 10238 16903 -10232 -9610 -16622 18423 -1733 -19495 -20217 -16069 -16466 28249 -23946 31555 -3523 14452 30341 -28088 8577 14826 15725 -31880 2597 16911 19151 16641 23372 28892
-870543784
-17483 -6361 -13524 -10107 12933 -13785 -5332 -7399 27084 26757 -13045 -9780 -12157 28962 -8000 1103 25210 11181 9406 13491 -5475 15946 -22779 -10804 20146 24178 -7963 -30319 14131 -1240 -10966 -26931 28372 -2538 -29765 -26162 29028 -3716 17921 5071 -26712 -17540 -14643 20958 -25158 229 26734 17668 26254 -16583 15715 6068 26316 23896 -28898 19944 19822 14495 -23946 28425 -8159 13883 21156 18710
-21665 -15011 -27768 -21704 2595 4441 -14330 30086 -1088 17041 18886 -20441 32568 -20408 -1806 25010 15388 -29452 -17514 -8456 -14404 22775 24818 20199 -26067 -3875 -22630 18918 29269 29154 -7804 10408 8556 28864 -20816 16078 -12737 -25963 -14909 7968 9097 6186 -26147 6003 15826 30727 15423 -15652 -30209 5298 18976 -4120 12579 -7622 4108 -22486 732 15388 -11276 -30203 9390 26137 31815 22489
-1287429987
18195 -23604 -23626 20550 6931 -18152 -25469 -21162 -7937 16034 -19824 518 -3596 15594 -26934 8214 21613 -4306 16935 -18953 7270 11345 -25718 -20590 17573 -23337 -8037 19373 25201 9785 18792 20064 27226 23445 -18998 -16170 16130 27642 -14321 5491 -31291 -13592 21642 15112 -7706 -24362 -10489 -4614 -13255 -12269 16412 -30757 -27025 -22157 -28852 -15264 -716 -17607 -26260 -6681 -10735 -6661 -7669 30930
30850 32056 22115 -31768 -31680 2976 -18791 22123 13927 -10545 17063 -7999 -22818 3034 -28543 13545 -23889 -4091 31854 -25081 8785 6376 27602 -7589 28208 -2880 -19400 20554 -219 -20281 -13385 -10941 16909 2607 8588 -32382 3923 -25089 -25646 -29777 -23608 8567 2124 16178 30219 32277 -17004 -30689 23962 3232 -4405 16255 -594 1581 -5865 -806 22014 -20202 32595 -1577 -20778 -27298 26631 14716
-653411438
-2564 -30710 29624 -6210 -1585 9788 15310 2787 5808 873 11200 -16642 -15707 -23708 13598 32295 24887 -32513 -8775 2006 30803 -20800 -31610 -10449 14465 -10768 -15350 24694 -2984 19165 -26064 26829 -25356 -6382 22626 8300 9026 -22150 -6357 21464 -29505 22653 -24224 -4687 8436 -13513 6422 -20851 -7420 5054 -12766 -22489 -20196 -27552 -25411 8654 9305 6319 -29494 -30568 -2765 25883 21026 -3282
17203 25591 -20739 -29196 -30786 23103 24194 -10035 -20944 -19293 11176 22379 -32537 26452 -12418 7232 25801 23059 -13374 -8804 7363 -21366 -4353 -27468 27312 25818 25128 -20755 30682 -30971 -2828 -5055 -1702 1274 7899 20319 17813 -20410 -5712 5131 -12495 -24116 -11782 -17081 27204 10873 9168 14130 14389 -16962 -15481 11949 21965 5428 10747 -31309 30084 -28262 -27519 31347 7471 -7420 -18932 -5176
-2386548030
-29706 5429 21161 9663 3014 29969 19333 2911 -23948 1736 6036 -23056 -26101 30475 -27499 10184 -28440 -13040 -16768 28005 1391 28030 16741 234 -27291 -9141 9651 -391 -31803 27078 -9716 -10265 510 17055 23065 29153 22118 8849 -5989 4833 -22599 5793 18784 -2989 14661 29745 25671 4563 21204 -30111 24260 -8474 -15555 4417 29831 16412 -12870 -8197 19383 -6552 -5477 17591 -11703 -29127
28826 10613 -24816 -8982 -8961 32365 -29050 21575 -15315 -22597 -14360 -28097 -8544 22669 25885 -23382 -31014 8951 -25086 -5439 -29158 -14992 23787 -8275 23570 -21926 28237 -23882 -31043 18751 26828 25534 -18347 -13079 -1646 -14884 -7056 -16931 -12485 2762 -29312 -20146 -24974 31796 19008 -24956 -13829 -7248 15381 13545 13447 32290 -19859 -22326 21549 -24397 -14771 10857 2888 -32077 12204 6113 -162 16406
229854204
-4800 -14754 3339 7565 -5112 10751 12657 12851 -14567 -22149 17094 20936 1763 22206 -13012 14849 -30322 26278 19356 -15935 -24875 -10144 20685 22034 -32236 -16606 -27551 7275 -21996 -29191 -16299 -29646 14903 -17544 -16437 15369 16337 1333 -29118 -1248 -13791 -10482 9228 -23989 -2900 -1172 2746 13479 -23266 4811 -17385 15121 -32308 11090 -8286 -32619 -2170 -30115 -24747 -7167 -14892 12240 28262 -19178
-30346 30867 7382 -12060 -1227 -11430 22831 10198 -27464 938 -31258 -10801 -2058 2839 18317 5013 16573 8155 -15524 -15881 -14778 1021 -21845 8121 9140 -19149 -27898 6904 22879 -7478 -14583 -19431 -19974 -28653 -22275 26272 -26358 14748 17710 -10969 -13345 14175 11772 -16233 1014 16664 -2778 9576 32573 6920 17016 7319 30273 9241 29300 -20793 31227 30932 6861 -14068 28451 3175 1199 -21326
-1104470175
14788 -14285 -15081 -26774 -18525 2615 15286 -5760 26825 10866 9454 -26558 22322 -20688 -18096 -13339 -28169 25143 -30561 227 -28211 -27973 20475 -32356 -23615 -30278 -14929 7919 7043 -23314 31063 -19427 1323 -30255 15595 -14039 17897 -4585 -32427 14130 -4553 -8711 6346 31889 9705 9948 -25991 7843 25667 -2408 7903 -15950 27297 6580 5841 -22051 3580 -23898 1924 -15532 -4112 -1552 10112 -9789
-7416 -22674 12778 14765 -25527 -25653 5851 -15217 -24822 -20034 -26569 29735 -29334 2555 -21323 27565 -30646 -1246 13944 6801 22582 -18696 30685 9572 -5073 -18290 -9301 17112 15691 11109 -32007 18128 13505 -5526 1231 2069 12216 -13683 9620 3464 -22164 -2452 9022 -4811 16302 -24108 -28797 5124 -8394 5331 4644 20985 18995 3021 -29278 -2545 29514 31525 -22948 2529 -440 -4660 -16113 -30194
-2105489179
-10760 3528 -512 -7663 25732 -15114 -19217 -1498 -26124 2687 -28764 7088 2750 19848 7915 21315 15286 -28170 32360 19875 -1858 -14047 21050 26383 32428 -11017 -5943 -1378 -17028 7699 -3686 26862 15664 -28946 -20259 9568 -17708 -21499 11881 -30349 5349 -5307 15540 1207 -25558 -16993 23439 -20761 -28238 2341 -23523 -31663 10999 27440 22782 -14630 20568 -1850 -24669 11110 -18201 28352 23266 9689
-25952 -406 -20145 9100 25256 -22027 -25176 -23017 -13281 9071 -8295 -16734 -15642 6059 -27857 -20975 698 -3868 14384 9296 -18717 18570 27701 -8490 8386 16051 32102 -11704 -18909 30932 11568 -22598 -31959 -27775 9242 4865 -3306 26657 -10544 3427 25931 -32507 -24801 24521 14825 16986 31133 14384 -29618 -30020 20376 -7465 -328 16032 31568 8679 30400 2765 -24651 -28353 -28492 9424 -25090 7486
4231573690
28097 -25764 6618 4855 7925 -32538 3285 -10313 17699 -27997 -31555 -10080 2535 22119 4506 5520 -30138 337 12947 -31158 5411 17587 -6538 -22446 -9738 -25360 27473 30092 11812 13604 15531 -29354 -23774 -16150 -18843 -23926 7603 -17746 24669 3672 -19640 -11552 -22046 -26408 -27756 -1050 -21972 -32677 11726 17693 -13008 4203 -21436 18835 -1253 5687 -31848 -21460 -30214 12270 -15495 8878 384 20506
1225 -5247 7089 18005 -16560 -2721 12045 10847 19221 27675 21321 -17870 1782 -24341 -813 19954 -6883 22109 697 22977 -10564 -17346 -31953 -13404 -2608 -1995 -5309 14235 -16911 9987 25792 -5877 -29938 28857 15252 18002 20330 -6886 13189 24678 -30862 28621 -26990 22693 24600 -18376 21122 27527 14248 21697 20646 -26365 22066 24257 9593 7123 601 -3396 -4825 32689 -14077 12683 -9135 -22357
-1524692877
8167 25234 -20556 2204 -30254 30209 25557 -21836 -21189 -23586 -6157 187 -8704 31355 -22383 27914 -19361 -19905 -30544 -20237 30798 7626 -9182 3550 21391 28907 -1935 30271 21835 -23805 -27581 -31677 -6800 24496 32467 -15473 14387 -3222 28703 -17983 23489 -3806 2807 -22501 -23681 29607 8340 26720 -15764 3558 4380 -11577 -4656 9205 -32039 -649 -5808 -2196 23711 -14151 -20801 2926 -5727 15214
-18293 -29406 -18330 19548 -13656 -29853 -4170 3476 16586 -8114 27540 -24912 18125 22192 24709 32244 -27598 -32078 16112 -11264 -783 2774 20770 -128 27623 -16940 -7283 -20488 28831 4636 -16888 16712 5619 -5358 20918 -1022 10993 -18361 30484 -24842 17823 -3449 26436 23792 -20303 -12177 15904 -2998 15581 -31313 -15234 -5336 16492 -11989 30358 22858 10800 -3942 -21077 27392 4432 -26435 -16037 283
-270198305
27166 -515 -29049 -16101 -12293 7306 26880 13157 15799 21244 10271 18250 15828 31903 19791 -1116 27519 23717 -26949 -24728 -23360 5827 29047 27864 22738 15207 -25661 -23560 6230 22967 25824 -2103 20963 -16989 -17290 6707 20349 16156 1940 -15909 -7285 -13301 -15226 -4807 22 -5768 -28278 -31284 15033 32103 2179 -7262 -31484 15210 -2623 29615 -28725 28148 -14759 10951 -11912 12242 -7890 15433
20826 13649 -16642 -21528 15217 -4911 5268 7562 16832 21916 1660 -2906 -4620 1975 -251 -28796 -14959 -7767 -16437 -23504 12067 25746 11029 9916 -15864 -23886 -24129 8835 15063 -658 -10694 24564 11809 -288 11859 9994 -4766 -14020 -11205 -27505 -9874 32158 6389 -6939 29819 28138 8374 -12893 29167 -10808 -12140 -29544 28746 14421 21088 19874 6628 -1392 -3823 -23416 10961 8985 894 29441
2366868597
-15509 -16524 -23968 -23245 -12908 15029 4462 -10765 -13590 6329 -12120 -7022 -4410 -7516 -26134 -21947 2500 5714 15900 17499 -17979 6249 23151 8980 -273 -32022 -23339 22034 -10173 15825 30261 -12395 -9710 -17570 -1876 -24467 -4200 -10615 3739 28788 30035 26306 8096 3815 16176 18193 25292 -24318 -31952 -30621 -15356 2744 -29339 4110 28530 -28567 4085 32396 23951 28705 25866 24428 -29358 -21689
-19938 -30471 32439 13211 -12346 -6165 27346 23385 -9036 6370 21871 -13271 -19053 11222 31908 15276 -20748 -7293 9312 720 -23404 10587 18664 21762 -13424 6168 5936 20223 17549 20106 15259 -226 21015 241 -31356 9969 15769 -7049 -12470 -9142 2203 16147 23350 -21071 -15746 31069 18875 18216 2500 -3230 -8061 -31443 3126 -13351 25765 9049 -11943 28531 10929 24312 12579 -31205 26167 25913
1090312877
-5234 -15062 643 -21872 -21186 1137 28009 17906 -17869 17504 -2439 -16824 5331 -23253 23856 -16956 -21747 336 6105 4857 1824 -1732 -10764 16616 21462 31256 -8698 -28947 -13517 4064 -23470 7840 30551 21566 -19427 -26840 -30740 -547 -17596 -28172 -12343 -11122 465 -24047 17113 -12060 -5602 7352 26866 12814 32707 -11772 -9364 -18926 10908 21457 -721 3835 2902 25418 4541 7940 -12840 -24113
-10122 -2176 5121 -12107 -832 -6561 10186 -21400 85 -3974 -17833 -28044 19940 -2579 -25923 20016 27077 -18026 1117 74 -11070 -14286 -2629 -8137 12450 8757 22902 26827 26504 -16086 -28053 -32347 -26322 -23213 6719 -3364 22489 -8354 30118 -16301 26078 -5434 10116 -1638 1315 6855 18584 -14312 -4077 25263 -6495 -809 988 31426 8426 4928 -23706 -24919 3407 -23844 18965 17198 -26596 -25360
-3708338991
-32621 -31646 21860 31250 14209 21041 30949 -11791 -5595 -16145 -18374 -1648 -15656 -29479 -11329 -21805 15346 11511 22221 -2717 -20783 -29806 -13817 28464 10595 -30317 28201 -8055 27037 21058 6269 10834 8952 15367 26214 11232 -2113 -25873 -25161 -11499 31791 26831 -24713 19151 18102 -27010 26977 -778 6786 -7274 -22917 30433 6398 -30357 32581 -8674 32094 21598 32217 -24086 -21367 -32678 14114 10500
-19050 -24108 3906 18488 11671 8274 7114 -413 -26018 -29972 -25553 16923 21631 -28627 22784 32357 -8884 -23695 28912 -25373 -13254 25628 4899 -3615 18553 -13211 -17190 9467 -8574 -15324 -15183 -31360 -14267 -3147 -9311 25923 26435 24634 -6987 30746 11898 -11208 -24539 -14511 -14049 1472 -14638 32084 -20680 -30887 14097 -17149 -28378 -10375 -28203 26911 10168 -16700 24171 -15969 -18147 -1014 -5708 26317
573328282
10607 12827 -25050 2770 4972 -6545 1972 -9217 17389 -18679 -28936 -5156 12627 -30391 -10844 -32687 25958 450 -544 -20822 -5094 -14120 -13576 25960 -31261 -9121 26129 661 18210 -13269 -18663 -22180 6669 2681 -26425 -24329 -23695 -2382 19527 -30181 6653 10108 -12431 5338 -28119 14166 28164 -24878 -27822 32241 27637 -29333 -14034 32395 -17492 -31417 18911 -12390 26362 1627 -23149 27243 7661 -11746
-7362 -30461 17868 12283 20749 26680 -24500 -26414 -10295 -20041 -21230 17150 -9704 11178 3333 10719 1906 -5231 5835 21004 5450 13282 -2085 -405 -23704 24488 13219 8657 -24018 -15729 14987 -9887 24339 -13680 1421 8727 29453 -25226 -30122 23521 -2523 -18879 6910 -31320 -26750 29150 -26880 -24828 -10603 -2553 17117 -14985 -30958 -9383 -32220 19609 -22640 -27246 -12207 -16583 -21141 -27154 -5792 15361
-2103676745
26041 26599 -18944 26132 -24782 -26387 -30377 -26122 -29107 23948 3804 -31257 25992 -2177 19509 -4677 -16299 -26879 29316 -30550 -32296 10303 -11067 -1464 -27410 -12813 4549 28546 -29264 7071 -23925 25509 -2812 -13984 -6105 971 7940 6596 -16592 23642 -11336 13965 -29285 -22896 30586 -1632 11248 -12337 -6944 8040 -69 10707 -1261 -31067 19942 27254 -28339 22048 -18466 -17192 -5410 -8608 20378 -28838
10713 12109 3551 -24038 -3864 5856 -30749 -8954 19082 -28290 -9030 -31852 10271 9421 23191 -16556 1433 22986 10397 58 -20926 -1501 19506 6286 -9399 -27939 7224 923 -31576 -17940 8058 19080 2326 30454 -18746 25013 -14281 -28002 -19067 -3598 -3853 -23684 4223 12485 -13611 19575 -27982 -30769 -18663 -19550 -30536 -31529 -14357 -19381 28390 24247 -15349 1873 31974 -26481 -11453 -1240 -5659 25395
2992273421
1443 -24148 -18550 3761 -22798 -15129 -17704 30999 3061 -31991 23501 -6948 -3722 -16740 7573 -9972 15756 19018 2270 -8720 24414 26771 -32699 28824 -19217 21378 6895 8938 -5275 7981 31582 7653 -1110 -14406 -12136 -3882 19181 -8604 17385 -16714 -9439 -14883 -21462 7310 -14828 26646 -23887 14791 769 -29451 23070 -28777 -21118 19237 -24923 -21700 23703 28339 19394 31442 -9076 24004 23851 23305
-30774 24208 -13005 -10543 12049 16698 -4831 15188 12435 167 -29080 16314 32490 -3780 20128 -10811 -2432 10648 25428 -7015 -23382 -11057 -28113 29262 28937 7759 -13770 7940 13148 -9618 25865 -2329 21580 18036 14194 -14167 91 -28915 -23218 -5234 -12109 -338 29542 -26766 -31093 7161 -1330 21534 -15965 24401 -32603 -29702 8125 -11294 -29808 7249 -8919 -5060 23233 -19865 18526 -10424 -20569 -25191
-2173458496
-6235 26350 15510 -32526 17289 -17251 30281 31444 -5041 32362 12286 26327 19697 -10204 -17453 -8998 -5075 22409 7919 -10435 2105 7691 28164 32639 16507 25329 8490 -15372 9811 23057 -18265 -14736 32270 -24467 -22359 -1321 12973 14907 -24968 27311 -283 16122 16339 -20287 -7138 21655 -15769 4723 -13149 -11515 19624 -7880 -6772 6580 -29869 21528 11242 -32362 -6360 32517 -23043 31370 22417 -16548
-28725 26490 -16502 6300 -30557 19740 -13566 11460 6716 -10637 -12421 5944 25300 15044 16374 -965 3660 -6748 -13158 -24903 -26179 2293 32476 17617 -21565 -12883 23355 25635 -28881 -15516 16250 -21668 1302 2397 10318 25080 7054 -22001 -17733 16776 -16351 22013 -6809 -12779 16445 6646 2067 -16413 -23890 -15409 -14819 -21373 -13656 27113 -6778 -651 -5290 -5198 -22681 -17086 26292 31220 6700 7565
864268795
-24438 -30187 -20713 -30891 23571 19386 -15525 1300 -16091 -2300 -14585 10015 -22544 8454 -27304 1057 -22798 -21675 10357 3760 17479 -27673 -937 1756 -11966 6979 -15661 14909 -2889 -6666 -15131 27139 -32276 6249 21714 -18468 -16005 28130 -24803 15888 -6096 9260 -26199 24002 18714 -7789 -19256 -18472 4480 11166 -15877 8034 922 22078 -23143 -23515 24601 -19290 28760 9662 13780 -16651 -4359 6739
6524 16342 -26484 -18381 -5395 31734 3356 -29737 19487 -22387 -2921 24280 11995 -1812 -15604 32535 7223 -10022 -27131 -28177 -30726 13897 15821 -26309 -7399 21721 19912 10036 -9607 24994 -27834 -16383 -18478 -26150 827 11616 9095 24688 -20053 1071 -5310 -15515 4797 16262 -15959 -26418 -994 14842 28360 14017 -5667 5024 25214 -5199 -24261 9569 -15603 -16434 -17019 -17632 -23848 28490 -9574 16216
43160542
-29753 26351 -9931 -471 17686 22069 10812 22252 -6983 -22683 4280 -26705 16086 -21500 -14669 7445 19352 9052 18952 5674 7624 -27265 3618 17173 31118 -10634 -12629 12783 752 -25387 -277 15767 -25406 -3065 11593 -28663 -11782 31932 -1731 30195 -8836 32736 18244 -12761 17194 7694 1046 -3771 18558 12945 23566 -32458 27750 -27795 27104 18945 15273 28982 15718 13100 1574 -15442 656 27234
-31699 22660 -32025 22881 13081 -27905 -6945 21415 28556 -12490 21294 -23538 -21217 10498 -23178 -14369 7774 -18677 26881 22687 31682 28928 11473 -28993 -14231 8540 -998 7839 8306 26987 -25788 -20531 -5143 23323 22480 14035 3843 889 4895 20757 8515 12244 -13635 -7939 -9110 3010 -22068 -31587 30426 -103 19221 18522 29043 -11656 -355 24238 -31541 581 20764 -20300 -23951 25552 -12151 -30796
1504581297
16930 1067 241 26970 -23337 -7343 -7167 20367 20088 6970 25177 18763 -19512 16908 27212 -11387 -9702 -32762 24884 -13613 -6096 -25956 27703 7965 -21953 -21086 -24642 24929 -6571 28799 29046 -13429 10947 26430 -19818 1882 -17866 13770 22409 -12429 4223 14730 -7167 24745 26826 12611 -13362 -30947 -4273 -12374 15961 18667 23874 -30143 -14852 -17268 -20242 -7322 -21920 19075 3350 -30278 6245 -16630
-22992 13481 7521 -13121 -31144 -32056 23897 -19276 -14664 -15044 -4826 -5386 32029 19561 -4662 -16746 16507 -17178 -15129 -27830 -17311 27580 12601 154 18937 1687 4500 26743 9767 -22878 10164 -21408 -3286 29650 -29081 30612 -30857 1149 -26539 -22224 14881 -23480 -16245 22337 4714 -10447 -15481 5096 -2751 12504 -7744 -23138 32196 3343 -22175 -7173 13517 25780 2311 -9860 20131 -3312 6816 591
910356470
-2463 12250 24576 28823 -9521 -32742 12278 -20185 20325 19300 29910 9738 13465 24090 -29704 23538 180 11760 10331 22897 5872 -25623 29256 -3170 -5448 -32568 -7131 -10632 24089 16446 -28396 24074 -30648 -3368 -5645 -12203 -1212 -19944 5889 -4717 12989 13453 -28446 -19179 -4908 -5694 -31143 24893 -16237 -1939 -32537 10911 10198 -18820 12153 -15067 7271 13993 -20302 -6172 -15993 -11698 -3613 12598
11690 -31001 19144 8587 -11252 -11347 26199 -7383 -22765 -7594 8386 30533 8456 -1547 -8240 10944 -14514 -18950 -22539 -10434 27435 12481 -3753 27648 11391 4145 -44 25120 -3805 -1038 4649 18662 3039 25700 19084 -28298 29375 -30966 -21944 17954 -1175 -30026 -27061 6676 -28725 -13917 -23953 28075 5009 -7523 -27004 16850 -23092 -14606 -18660 -22815 -3165 -10974 -8121 -20391 -23450 3993 10724 -8662
4228252637
-23312 -29785 4353 -12878 8823 15548 2204 -26088 -27476 -18835 19418 -6760 -4235 20066 -2948 -3607 19600 -15164 -9582 -21403 -2169 25425 -31472 -10842 6042 30863 6916 7516 -11805 -29679 -7927 -24375 5409 30481 -11931 14342 1475 -4372 30939 -18123 12014 -18092 -32750 -3644 12592 -6052 17338 -13107 -23625 -19749 -3639 -31914 18771 -13025 28495 -27874 -2539 4822 30755 -17377 3170 22115 -18352 22262
-1158 -21561 1265 -23369 -10858 -17675 11971 2313 -31129 22047 16282 -561 -16448 19582 15868 22474 -8825 -12884 2440 27009 -19475 -16852 24636 -7375 17142 30831 -5684 -1064 -32335 17661 -32578 12614 -10113 -3675 2059 -19973 14352 -8514 -16444 -27613 -27971 -27887 4391 -17454 19142 -6265 -6467 5552 30435 -15639 -2429 17339 -6106 26486 2787 -3592 -23833 21497 32075 -1709 14438 7775 9451 8613
757565552
28481 -31916 -13538 -6037 -10848 23823 -2386 -15095 8339 12248 -1314 -20532 -9485 28689 4232 32710 13401 -25146 -20080 -28865 21689 26780 25569 -10294 15861 -21245 -25661 25477 9170 27669 738 17452 -25465 11410 -2679 -3410 31921 277 23632 4070 -8184 12098 1667 -14566 2594 476 -5146 -32464 -25216 23490 -18678 7375 -10001 -21384 12987 -31642 5926 -6850 -5463 22869 -3060 -24000 1169 -25444
25682 1174 13335 -20490 -18830 -17330 32166 -16443 -29185 -3179 32570 -18011 -22508 -29508 -25520 29084 -30776 15321 -3903 14733 -31314 19159 -2021 -26645 25329 -9071 -27655 5697 -29583 -21755 -24566 26633 -4330 -18130 -14973 -15998 -25880 1397 -14906 -28859 3496 -2275 -9898 3663 21702 -7730 -30016 22578 16656 -24084 7227 -26641 -15951 -4229 -20407 -28207 -7547 -8666 -5680 -25092 3510 20740 17851 30099
-3381001605
-20394 -12549 16426 -27669 -30104 2047 -17291 -23912 18586 31814 -527 -7376 26762 29779 -19333 -1305 1337 -18761 25170 -12015 -29461 -14634 -6592 3047 -1777 -1139 19657 -5950 24511 -6417 -23559 7718 8346 -580 12877 12243 -17387 -16664 -15638 26592 23549 14327 -4246 -29843 -24555 7434 8091 8319 20181 18153 4242 -5955 -251 -23791 -30921 -24033 5368 11813 -15381 10091 6569 13289 -17711 19820
-141 13481 -16330 6495 -7375 6081 -26071 18201 874 -31967 14784 9089 91 -17814 6522 21175 -716 6280 -25131 -983 -10839 -30769 31460 -4897 7645 -15085 26398 21949 25794 12787 29095 31072 23490 13568 -16128 -2144 17459 30702 32476 -31328 -31480 6524 -11190 18045 -11065 6722 -8502 -25651 32381 -24374 -7183 12143 2256 5746 -25790 -25160 -26964 -12846 -31327 19376 -7251 29410 -2774 -202
-2976270038
32368 8318 -31730 -2304 29122 1642 -18776 -12565 13099 2997 -21778 736 25793 -2242 17422 -17287 13056 -21123 -32413 21002 24517 -22744 -64 18956 -3187 -25801 5876 18136 -9919 -25996 14332 -26897 -3691 13683 -10339 4636 -3987 11147 30575 7443 1306 -16213 4879 -27862 15037 -13185 -23772 18660 -25145 19197 30908 -7114 5887 -11174 3564 -16808 -15397 -10051 10631 -7586 16926 23123 27694 29161
25681 7597 -8934 12687 26055 -14030 8778 6016 -25891 -22715 26789 -1957 4063 -26233 25136 -17825 16589 552 -2891 16244 31394 26637 -6731 -24422 11558 4158 -513 -25060 21685 10198 12665 -14708 -3514 -24571 -22572 -1168 -8631 -11093 -12695 -17114 -30478 -19451 15503 29107 21624 31783 -11541 -30357 -9663 -10020 12985 11870 22729 580 28644 -3207 27535 11741 30491 -22834 -27526 -2604 -13730 20866
160547294
-7466 1326 3174 9565 -8266 12418 25884 10289 -18035 -7810 -28039 -10505 -23105 -11357 -19388 28218 11556 726 -2441 -6434 -27955 -3361 -4028 -19742 12894 -11723 -29435 19915 4433 -8155 -14384 -19085 -28919 -20073 7560 4365 -21254 -16274 8060 22053 29611 -21677 11998 2131 -6120 -15326 11208 21264 16895 -3912 15435 -23769 -27888 -11198 30581 -30111 527 -15687 28959 -26153 17326 12960 7287 -9431
-17353 -26657 -22527 -24005 -25096 -14483 3075 22089 15945 6843 -19388 14463 -11459 -26282 19500 -1027 12834 -31427 -13304 24504 -21014 -25092 -19505 -5376 7515 30927 29742 -21580 9298 -12623 -3352 12878 -18394 -12106 553 20685 2597 28182 -21902 3379 -11130 12553 30928 -18863 10290 -17841 -308 -13553 21423 30359 15395 -12795 -1144 28085 23638 8825 10082 -6632 -7694 -10566 22001 -14638 -1046 15776
625940171
7703 -28704 20859 -23268 14555 -16796 -21766 -26521 20750 2425 -30125 19246 -18116 -15525 -15117 941 -4108 -12043 14428 2116 -6730 -26009 5684 -11533 -12585 -7038 25590 -28959 16975 -24104 30300 11983 1804 8499 -10383 31302 13543 -7471 28637 24438 -28343 -13595 -22 22798 4835 11030 5410 -29148 1561 30980 -18067 15093 -9276 -3820 -31534 -9322 16485 1410 -12267 2281 9195 19803 -2235 12127
-9782 6233 28578 -16156 32210 -18754 -26598 -30819 -29692 -6850 7186 12843 9840 -29741 27161 -31359 -13655 -26623 -31671 -19909 -12568 -20363 5230 -30116 7523 -19775 -19954 28614 -10853 -2049 3270 -30740 15463 -15396 -29531 -28856 -2001 29617 22242 10480 23355 -3322 -9760 -19599 8445 -13624 -4370 -18449 -721 -15697 -18050 17878 335 -7846 17370 1112 -17840 -27542 19116 15508 -25314 26102 -28562 -29837
-373032813
8235 31224 -21554 23304 15861 26634 -9322 -10660 -28066 -5726 27952 24287 18606 20010 14081 6080 -23163 13428 -30925 12034 -27233 -1377 -18985 -28204 21652 -21659 19396 -11630 1846 -26916 12342 -3359 2620 -17189 -17692 633 -5918 -1278 -27901 4664 -11586 23706 6730 29944 22147 -3414 -16629 26867 31272 -6517 -8595 -3840 -30708 6893 -24704 -25468 20698 20258 3262 -31661 -24437 -32105 15322 -13917
6966 -10340 3315 15925 18297 29412 24038 10018 712 2361 -24870 15146 -2111 16296 -29417 -6284 -30394 5594 13831 27131 -5917 -12971 -28353 -13732 -31968 -25800 24004 -8962 18513 -1424 -23180 448 13127 23685 -32634 30643 10214 27447 -359 -31249 -25449 -21940 -16907 17736 -17510 -7247 -23724 -30023 29728 -21497 -29858 -6368 -13578 15497 12486 6302 -4217 -28584 21937 31890 10268 -2481 -26997 -19241
1147974718
14444 159 6462 -14541 -9723 1742 31040 -26302 -9119 8135 -23353 -29099 -2927 -16819 -13119 27116 -8248 30666 29613 -3140 21335 11259 -19662 -23908 26155 -14419 -23743 7149 22695 11266 24453 21620 -14850 -4441 7025 -3210 -18038 617 26026 -2101 -27748 -28861 -26173 -20315 19762 -23848 -13398 -4207 18253 20379 6937 21665 2058 19342 1797 -32459 1362 4491 -27008 1627 -5128 -21927 -5004 32115
6898 -15000 29919 1960 -32309 -8596 -15275 1045 -23884 -14437 -12262 23562 21205 -15738 22213 -742 3426 -20947 -2658 -31752 -12422 -7214 -366 19117 -28273 21735 18883 9596 21818 -23954 -2645 12710 6322 23341 27336 -28641 8549 6924 -8501 23059 -21083 -9978 -2823 30832 30901 -30206 -10603 -18391 -10761 3408 -8833 -20846 -19162 -25009 -13455 -13620 -29565 22499 7550 17140 -18053 22314 -16992 -30280
-3397840812
-1703 6192 -3858 -14430 -14323 -1428 6526 400 19934 871 9679 10016 -7995 -11994 25244 25985 16627 -16816 22730 -30628 -4460 11332 -22276 16457 -13069 21646 -1622 8977 -15515 20610 5834 5433 18025 -32202 12009 28189 -9433 21256 -10975 19295 -22908 -20129 -21583 3371 9794 11880 28606 -20996 -24489 17008 -8506 -1478 -17068 31799 31703 12193 7791 13128 -29201 -4748 -13428 15170 14128 -9846
-16585 -632 -10591 3472 -15589 32670 -1480 28124 16863 8215 -28902 -17500 26044 8508 -16135 22805 10779 -25881 -11892 -21260 11084 30707 -10106 -13956 1001 -4928 10017 10742 -12752 -29777 14473 21262 18638 -22693 -11846 15843 9140 -9631 11565 -31066 14782 -21544 -31541 -20959 1428 1600 5413 -18466 -71 8247 14702 -2293 6909 17493 15949 31202 -29418 -9293 -25594 8179 -26223 -13221 18230 10141
4636201957
18114 21091 21396 -5544 28169 790 -24527 29844 9105 26515 31229 -14617 -16843 -3389 -17145 27716 -11407 -15940 -23235 -11803 -6824 27942 -21208 -24106 11705 -22203 23302 -14089 -21157 -20229 7450 8031 14021 25221 20793 -7407 18846 -20833 -14997 10966 23105 7654 13935 11426 -6244 16486 -24078 22591 4387 -4735 17123 -2023 -30141 -19622 -6289 18562 -18542 -14078 13489 14813 -23165 -5430 -8893 15667
9851 25273 -11008 18141 -23117 -32628 -23721 -30399 26449 -18519 -671 17590 -10758 11900 631 24454 7403 -23870 1640 28850 -23407 1293 -8417 16412 32737 -3366 -11567 -30628 5645 13706 24761 27058 8700 25495 -24157 12106 -32315 -27344 23591 18967 -30725 13403 22722 18119 19515 -16369 12915 13636 -17043 -23691 4745 -17917 7203 3265 24125 1336 24413 -12313 19081 -6850 19410 18395 2657 -28377
-1711065133
-10397 13186 -10183 686 -15803 -19311 -25223 -32 -26962 28971 26573 -25299 -4662 19787 -31488 22287 32224 -4225 -21187 23873 -8560 10218 -13682 -14141 -21242 32306 23963 18746 17686 -14649 -24965 -4554 10105 28568 -11696 24682 16397 -18800 5286 -15488 -25129 6802 25219 -7347 -21344 15171 -17573 -2890 6554 3426 14757 -19156 -24585 614 -4394 -4422 5211 -8664 16030 18551 10817 -19266 -27048 -5053
-32589 -13962 5330 1196 5857 21357 -29304 -6163 10503 -12422 6116 785 -2969 -4185 26418 14117 -7931 -149 9068 -24787 -4914 -16210 26680 28571 27165 -17002 7143 25908 1160 25710 13176 -28481 3512 -1191 -16081 -26286 7316 12563 -22935 17957 18638 18356 12600 17118 -23164 25067 -11556 -17872 -10144 -22801 13510 27003 3086 -27857 -32000 -15519 -26078 -7003 22153 850 -23445 17890 -5737 -3650
-4179346966
13332 -22358 29491 -5272 23032 27177 19521 2658 -11198 9432 -21747 -22507 1133 8697 -3489 -19881 -618 -3183 17907 31321 -22371 23499 -14332 15440 -3591 -27842 -20062 12208 -13267 -9498 3139 16827 9739 -20426 -5337 -3521 26824 10450 23720 -32276 -11007 7175 18711 3759 -8973 5630 -28391 -25409 32548 -21269 -27205 -11944 4435 3742 -32030 -623 5830 22002 15748 10212 31311 9340 -26612 -1464
18444 -10541 -8361 29164 19662 24232 -7883 7712 -14309 29884 -8167 15326 29935 30945 -31442 14986 678 -29229 -17067 29386 -32404 -32655 13104 -5900 -25483 -6908 5358 22940 -25992 -14278 32732 -52 20577 -5162 26026 23102 -12328 20264 -8660 16792 11835 10390 -21736 -24393 -5290 -12476 4066 567 -25339 -7183 7507 -32379 7446 -18603 7684 -8326 17279 5840 -26569 16222 21014 -17533 3280 27085
962924017
-19500 -24664 -29198 -13970 28727 -26647 5365 -11975 -20357 10127 -23684 23909 -17192 2678 -9940 -10477 -16466 22150 -20794 -11564 17160 -5158 -2699 -19585 6608 21856 -17606 20611 -19269 -17588 -20162 -20699 10219 17109 26678 9910 -1587 27588 -5491 27178 28177 -14255 -9377 15090 5002 11397 32718 21792 -27853 -26861 -26240 27044 -419 -23701 -22652 15539 9725 -26506 6086 -1957 -214 -21562 -21983 -13311
-21625 -19114 31131 -10372 -2720 -32483 25740 -28250 -9522 5717 8518 21746 -13485 19130 -28810 -21962 -14752 -84 -21529 -31078 3080 -29514 1198 8196 -3085 13980 -5501 19972 22825 -27471 -7508 10360 -13700 -13731 21592 26472 4300 -27026 -17615 2846 -11810 -17884 18500 -26304 7254 12814 -10884 26641 -19004 -29339 21222 -1837 -297 31282 -12141 -1991 -10245 -23627 -2895 17803 -18897 -16099 12535 -29586
5426584693
7635 -17022 -23067 7822 22284 -12084 30621 -11756 -10257 31079 -6431 7980 -6489 25395 5217 -18929 -24907 30410 280 -7266 30114 24887 1159 -19476 1955 -9659 28945 -23601 -25728 -16595 5377 -20678 751 18317 14512 -31252 27558 8158 16608 -323 -13271 -19740 -12319 -1642 24594 23452 -23596 19632 -20177 -19185 -25198 24297 13371 6629 -3441 24115 15201 -20440 32543 23702 21675 27990 29836 -31149
-8443 6623 -9473 -22142 -23304 -8889 -5540 30121 -27684 8796 -5934 -5787 -31765 23013 -1095 28446 2655 -15073 -3306 19945 -2806 17763 -11983 -3819 12677 21080 -4328 17976 -11500 2358 25452 -9380 1060 29722 10631 -6859 -20272 -24727 -1703 -14983 -26727 -18977 -25360 -13506 -29680 -4005 -5584 4385 13664 -17628 -24969 24001 -29379 -29919 6657 12097 -11351 -25542 1472 -17746 30109 -20866 21932 -4617
1719003641
-13177 13236 -11543 -3031 -5317 14534 526 31419 -272 18096 -2874 30569 10893 30696 6088 1922 -27887 8897 -11022 9570 -18432 2919 -23444 31415 -23046 15979 -26254 -9303 -362 26469 29857 -22666 -23249 -21930 -20429 -530 -11908 13838 -32133 -5371 21224 6536 3335 14361 -13376 -6987 -28814 21141 6919 25742 4876 -16783 -16749 23485 18200 -1217 16766 24369 13734 -3548 17522 1009 21816 3913
24164 -5725 -19485 27431 31924 32445 25569 -9564 -18970 -18673 -12427 -12364 3019 17106 27640 -10557 -13679 -23932 6325 -9584 32658 -22589 31965 24451 -11621 -6920 -11733 23934 13736 12737 11180 29776 -21778 20507 14089 -16712 -11990 -14448 -31644 6650 11422 8599 -22490 23798 -12267 -4184 -992 5472 3087 -14191 13906 18185 4360 -3837 -7528 13309 29098 16587 2561 -29539 2072 -31278 11261 4179
1390644562
-21029 8652 9822 -24435 4681 -20514 -10249 -22579 14406 -14679 21505 -28486 18789 11958 30274 -10836 27816 -643 -325 -18973 -5264 -5089 -5486 -12824 7231 -23844 -32729 17306 -32515 -11298 -26577 26270 24714 15519 -13286 9871 17739 -3504 16295 -6444 -18493 24072 6862 -14401 28925 -5464 17095 -7586 -27267 26225 -7028 7683 -5594 32461 7361 -10654 3919 -26045 -20972 -11820 -12675 5510 -10555 3565
903 -25332 -16823 13137 21805 -23789 18620 27629 28922 -7099 32655 -4725 -5382 28720 8624 -17922 -25504 25089 -5059 14402 -17122 21975 26227 24702 -956 16818 13937 302 9515 19056 19822 -20149 -22043 19137 -4960 -17355 -20829 14025 -17900 11973 23486 -31584 14351 -24129 28866 27038 24352 10507 17668 -23083 30129 32130 20437 -30109 -3656 22007 23682 -1012 -11960 -7093 15441 -21677 -18167 5766
-5732445341
-12746 -28409 24224 -2819 -26599 -21679 -27381 -13058 -2649 28547 30820 -7285 -1731 -18754 -24465 -28012 32660 28222 -5145 2003 18254 -17232 -16499 22297 14266 4225 -31544 22466 26751 -15503 -22519 -1310 -1228 18819 31057 11852 -6282 -7582 7306 27895 10500 20333 24635 -25715 30009 -1431 -18865 -29739 17156 4522 -7682 -21842 -17409 -32764 -13962 -12087 -7022 -21496 -1961 28891 19549 21932 20331 -10890
23644 10304 17870 28709 -11080 8561 -2869 12419 10615 -25270 -14067 2166 -5066 25773 -15090 -20753 31506 3439 -27746 5679 3273 -25767 -15137 -6211 32080 -1639 -9924 -13320 21523 12982 28157 24638 -19454 -25266 -12327 -17966 -23247 -20420 30809 9702 28109 21126 20897 27248 308 27300 741 8945 21641 20065 30612 -29442 12993 -26700 -28852 22956 -20537 8866 19215 14118 -20975 -27773 7868 8579
2121668383
-11001 -5305 -5141 20057 16066 18172 -15021 -17462 30716 -4030 26429 29043 -11477 -27429 -27530 -10392 15328 4181 9526 11627 17103 29022 -19038 -31467 -6856 -9726 -28300 18333 -6553 -11361 29314 979 -22389 -17936 1225 20415 32115 25047 19139 -714 -31171 -7665 30633 -8767 7799 -11643 25650 -2596 -6758 -19037 -24984 18179 -23227 27814 7584 -24280 -9197 -1009 21884 23918 17800 22481 30600 24838
23650 -10130 -20613 -12086 -2161 -15477 -13725 12476 861 6415 -15033 -27791 17156 -17306 14262 1787 7770 -8349 14755 -16879 19388 -7175 -5752 24467 -20294 20184 -22356 -9382 -32482 -30783 -741 7200 9902 -32104 17604 20389 30822 -7562 31379 2812 -8513 -9823 -30432 -25934 -4554 -21295 -6742 17386 27587 31702 17611 -31952 -16508 -3302 -24983 24510 8741 -24509 2593 22219 28591 -20325 18576 -2980
-968712264
12408 -15662 10764 25583 6941 29377 27541 28922 -15843 -18051 32083 6109 21321 20457 -14444 -12380 -5963 10092 -16207 12539 -8337 -19808 -18643 -17258 30321 -18678 19024 -4141 5631 27729 -6695 -27831 -31605 26162 -31351 12122 5099 -26708 -15894 -22738 -26873 3588 24926 25892 31625 21554 -10515 21576 -13494 7881 25307 29562 -24539 -4321 30163 -12283 -17202 -7456 22951 -20541 -24175 18771 16904 -14567
21015 -30446 9021 27077 -1637 -24954 9154 1821 -11311 21221 16251 -31226 952 15081 -4306 1489 -1234 10446 13523 -17119 -29080 27310 14070 15170 -10350 -23475 28559 -14621 -6197 -12939 7537 911 3133 -21722 7221 -30236 -24946 -10292 1285 16150 14578 19804 22045 13183 -10353 -20406 30869 -19591 25 16147 20260 527 77 10771 -24217 16343 22678 9062 -26043 -17992 804 20538 -6204 18490
-2760520089
22913 -8224 7968 24765 6945 -6413 -213 29901 1203 5054 -26215 -2231 -25553 -4496 679 -31634 7466 -11631 28261 -16512 16907 9546 14552 -25487 -17910 -22441 18426 10253 -9094 -29085 29467 -21080 -26689 31695 -11936 -8554 6350 28951 -21110 31782 26476 -893 7436 -18772 -7750 24424 -11818 -23225 -29526 28669 -27635 -24218 8899 32363 -6563 30386 -1964 5255 -19176 14264 545 4017 -32704 -18704
-2571 9446 -13857 -15232 -21697 6600 -4557 3221 -9801 22594 14097 -27467 -28261 31050 19615 -16138 -28731 24738 22048 19274 15054 -12791 -31210 7901 27621 154 2415 4652 548 1190 8777 -12056 -2351 -11514 -29427 22396 -20292 10114 9374 19480 27971 12645 24880 -24763 3946 1055 -4296 -22704 25521 -5204 -20912 12492 -12037 10377 9277 32407 11647 -32409 18154 -6152 -25801 19569 -23378 24084
2197075375
8006 -13511 -31908 -1195 6834 12596 17345 16717 -15821 4945 30482 -20147 -6102 -21485 -11744 -11542 3872 10552 19710 -24626 -23190 11267 -2278 -16440 -19631 14537 4019 28849 19438 20403 28492 2850 15022 16311 -22393 13845 -28707 -3053 22748 12287 4717 -6150 -5735 -22083 26120 3259 -2167 -15398 -11792 -298 27439 -22809 32691 5773 -14351 -2849 -32297 -3457 -24700 9105 -6211 2371 -1124 -19885
-4245 20999 -4673 -30023 -11068 -22733 -28594 6348 -6263 14610 -31983 28814 82 6361 22134 -3857 1994 10787 5574 -24004 -6902 31208 15445 31170 9897 -17076 -32715 5630 14144 4477 30093 8523 -622 31355 60 8996 -26484 8862 -2376 9604 -22906 2828 14184 19408 -5369 25195 -28051 10903 13555 -7288 -13787 6142 17811 -26183 -8697 4269 -15525 -19033 18901 14748 -3234 25242 -30070 20318
-564336251
-25411 -21048 -2057 -24954 18285 31124 -28542 -17662 494 7036 -13831 8871 -1703 399 17379 32368 -10717 -23377 24001 17222 -10935 -22427 -9202 6382 -19473 -4097 -10472 -4500 21971 25166 6175 17851 -3190 -12299 -20541 -16981 1292 -11971 -32352 -13297 23968 -12941 -25852 16604 -25323 20465 4480 28597 -5373 -20463 27511 -31166 21367 30968 561 -13383 -1482 6727 11063 949 11615 12861 19581 -1631
24089 23317 17362 -12908 8759 7499 30026 6705 -31240 28962 28705 -25583 28182 15393 -1593 12736 29173 13590 -7266 32215 11266 -902 -9633 -4571 -27620 -13935 -31162 -25577 30488 2939 19630 -20063 22473 20189 18512 32586 -10845 -5684 -16994 -7080 -31663 -25938 12773 -19439 -21200 16231 16917 -18346 598 -17812 18916 -2680 3921 11824 -27944 7967 18552 -10373 17243 7677 4159 27885 -14706 -296
59933064
-6393 14180 -17368 3365 27235 23440 -17508 -26203 23618 -21741 4020 13944 19888 27148 -27181 -29961 -21154 27386 7755 -9998 24766 32753 -20793 -30800 16948 32597 11522 -17223 9067 -20702 30784 11517 27827 15483 19569 -30445 -15470 2646 8302 -21973 -26793 24671 30366 -17635 11267 22130 -18593 6587 29178 11909 425 20802 2550 2189 3754 23977 -10206 16289 -21441 2333 27492 -29643 -12476 -20601
16479 -26009 26504 20979 -15825 1115 14596 12261 114 -23522 -30759 20091 -24019 14411 -3889 -31792 -1009 -30879 14388 30678 9805 -29597 -23675 -14393 -20196 25161 -21860 -32051 12661 -5572 19365 32085 25668 -23330 7745 20590 828 -32369 30270 30942 -13937 32231 30773 20660 22518 9399 6410 32373 5127 7586 16929 -18358 -6443 20618 4435 20855 1655 4536 1717 -7916 -17150 20166 28108 12801
1334060341
22086 31059 19535 26595 694 9043 24273 -26783 20722 -32672 -27141 -1029 15476 -13549 1696 1973 24280 -10879 9767 24940 -5926 -17512 -22776 4183 -21427 5258 4219 -19344 15037 -8138 -12470 10362 32416 32158 29792 536 31345 1527 -6582 25553 14372 11200 24874 -17197 -9528 -15524 14725 632 2221 16054 18961 27320 -10594 10510 -7236 11318 28361 13154 4352 4052 -17282 2104 27894 -27646
15442 -6587 -20609 -32391 -32716 31876 -3731 -9798 -14288 5825 -1981 -25161 -1848 6657 -13372 19916 -18148 -19672 -27810 22873 26515 -1666 -21918 22694 -8608 18002 -4916 -28690 23291 -16304 -699 -28258 4189 -18953 -7150 -18625 -20922 -18069 11578 15797 3857 27475 -11960 11654 19933 8934 -4332 -25746 -26267 -9785 26884 -25928 -9230 15693 -3625 3428 -23808 -31797 27597 6481 -31245 -19814 -7816 5938
-2161887177
-1055 20483 -25711 -11126 -10008 14757 32327 27370 -23603 -31765 27543 9048 -9562 -25780 16623 19900 -22875 -14566 19663 24918 -7453 -16413 -29093 -18371 7444 8073 -17091 28789 9656 -7981 23988 15563 -22126 13710 6477 -8580 -31897 30143 19004 -15735 23759 -24013 -25552 24286 11951 26843 -13649 -21073 20590 -32335 10574 16602 -14072 -25506 1583 -24829 20065 -8721 -7158 5175 11359 -7721 -5260 -30607
15157 32090 -20962 24230 -6570 -8643 3801 11920 1299 26588 24053 3460 15152 -30810 -31495 29252 7557 -2752 -24882 12406 -722 -9002 6110 -32088 4984 23319 31941 10315 7907 16549 -10883 11413 13811 11248 -6367 -20810 -13711 -25959 -27108 -1511 -2378 22031 -31135 -22233 21187 9132 -30660 8203 22064 32557 6875 20622 17362 -31007 30095 -15810 32661 13784 -27458 30899 31343 -9664 -24550 -9254
4015153930
13160 -28348 -9765 -11134 60 -10528 -24003 14925 12313 10527 28218 -11309 3516 -7255 -19693 20860 23137 -17388 -3504 7975 -6162 -30644 6357 18375 -8739 10529 -23731 -16412 -28900 14900 -10861 -9508 21977 -23177 -12205 -24106 -31141 11471 -24568 1768 -8179 -29648 29821 27992 -17364 4690 25001 6642 13962 18599 -21984 -28370 -20347 -6156 -15764 -13862 12133 -1052 -11557 24766 6934 -32268 -5308 6417
23925 -17747 28176 11932 -15371 -17826 -29814 -29825 11129 19975 18184 -2684 -3192 3876 31994 826 -1187 27144 -2248 27768 -4999 27696 29398 8253 -11006 20190 26134 21142 19930 -6972 -14718 -7380 15366 29595 -8450 -9953 29260 -6421 -4217 16648 738 21388 19999 30672 -24553 11846 149 21919 22284 -3619 -24034 32116 4260 703 8860 9255 -28135 12501 -25121 -17454 31792 11334 -31432 -28901
-1321159485
1821 -32648 -14804 18919 -13244 -21420 -31143 25425 4455 229 14823 -30476 10300 -32256 24615 9187 -20516 14900 -20972 7961 12014 26004 -12249 19519 -21983 -20052 25685 -28204 -27550 7402 28763 -3491 7001 -6004 24840 -28988 4450 19348 31927 -18521 22536 19925 25904 15329 28126 16671 11854 -27921 26711 -23180 28450 -560 18052 14923 -5385 -27173 5826 16589 -29997 22372 -18276 1509 -1907 -14248
-14807 -15060 -27943 -29423 29821 -63 -21394 28000 11808 -21356 24561 -5506 -31071 -2998 -29491 2795 -6753 31089 24593 -24140 5823 -5877 -32550 9273 30200 18064 27295 -15551 -5361 -14337 20298 5854 13808 20643 21084 28345 -18278 2010 21432 -21687 6396 -21417 3010 -28795 6451 27552 21643 -5180 -6844 17296 -27856 -7550 6082 -7613 15081 21284 -30784 16793 4750 23318 -19583 4398 377 -5552
2071660772
-27311 11295 21901 -22987 15092 19599 886 -25451 -2678 20606 -31485 12859 -22528 27276 -5044 30610 -25955 30094 -19732 20146 14073 24331 -25842 -28782 -28051 -10278 10433 3733 11249 6002 21846 -16942 543 -15700 10316 570 26459 27039 24993 -14020 2563 -3317 -7236 -27356 15369 -23431 -30364 -5568 -10652 -8477 9033 27794 -14797 -31441 32690 -29702 -5980 10087 18378 4413 17860 -29556 -25765 17354
7077 23948 -29935 -16613 11521 9194 -22101 27810 -8661 4086 13841 27791 16642 -22537 -5640 -8443 -18453 -9829 -20729 20029 5549 -6172 -9887 -23638 5110 27638 25702 -1412 26659 16468 -29948 1448 13736 -1445 10026 -31369 -30464 3791 19917 9696 -30055 29770 31263 29776 -2562 -30948 -9857 17173 26601 26914 3174 27869 -7730 16779 -11253 -22133 3915 29200 23930 16774 -10557 13506 29310 -20007
-1635738318
-21771 27852 -12442 9245 17917 -12571 -26774 10573 31470 -7200 -13170 -13951 -17781 11779 -14361 24004 -19694 -19019 -20152 -2859 -23245 -15325 -10302 3896 -16815 -11928 -18276 28645 -7660 19182 -7093 -23483 7377 -28830 -27124 32353 -13375 -22204 8628 -8288 22008 -6294 8929 -31389 25770 -32025 -3449 -12314 8375 -21666 -12288 5310 -2470 -22597 4826 32569 10151 29176 -4947 25948 -11320 27826 3152 12007
7878 -9060 813 27604 7537 16414 -10813 -31572 29907 -23397 -17557 -32275 11085 31157 18534 27463 -19890 -785 28212 30394 -13655 31328 -9144 -16654 31027 17575 -31715 -29172 24974 -17832 -20591 9579 -15799 30229 -23218 7870 -21953 -23745 -25361 7476 677 -14230 -28245 5909 27585 20383 -1556 -11841 -30809 -28571 25584 -4341 9738 -27361 -32663 -8310 -15276 -6480 2430 -27593 24460 -3299 -31849 25653
-653261573
21138 -15216 27000 -18877 -25737 -4197 -26959 -13263 3197 18288 12173 -31668 -7571 2034 -1719 19799 30074 27045 -19827 2287 -13210 17675 -22511 -24865 -7027 -1203 -156 -30097 28873 -29840 26616 28682 -24515 24191 -28349 -20384 -24380 14526 10918 -14381 6327 79 12010 -17439 26912 -28958 -16107 -15214 3018 24659 3046 -32319 -1826 28690 22854 6431 7194 -16851 19491 24453 -27315 7884 12653 17335
6616 -14318 16236 29983 25482 10488 -14475 -8915 -4362 -6376 24594 28838 12878 3190 -22171 26967 20244 5631 -13572 -20454 -21114 -13850 6418 21795 -21333 16640 -11654 2582 7891 16785 -8809 10642 21725 -20030 28308 7041 7392 -21117 32060 -7096 4966 -16747 26849 5651 -24242 -6213 -21695 27878 7646 -1544 -19609 -22103 -10796 26126 -21830 16337 8797 -26990 15396 25130 29548 -30500 20582 -12638
-891506643
30334 11384 -2563 -29833 -8773 29818 21144 14001 -22511 28876 -29449 10540 6138 -29416 -16565 14280 -7320 118 -20233 -20598 29371 20867 21822 -18904 -32251 24482 -12689 1195 -3959 -6508 5106 -4915 21887 -23148 16625 31029 25848 22580 -3178 31310 19186 24927 -28088 28088 -25195 -24283 17616 25656 -19883 25885 15360 -6114 -19018 20071 -7779 -27455 -3902 -23411 16767 -15907 31109 -29739 13373 32754
9672 11408 16173 31038 21980 -29798 -7569 7411 9247 -3486 3418 -24259 16000 13678 23171 -19366 -27496 -29093 -2356 19505 -3120 22704 -13823 -6207 31780 -29384 -22086 -4389 14323 2372 10469 -32046 -4070 -7712 21943 -12563 9434 26143 -12896 3104 -9130 22009 4459 7684 24379 20863 -2349 7929 -26803 -30610 4682 20169 14919 -27178 -24976 -19502 -10544 18100 690 14069 -15651 -29899 -3120 30158
-3715193325
-21182 -31656 -4101 -31033 9288 -29761 21317 32357 -13863 3713 -5362 -3872 26558 -8296 10900 11588 -26982 14672 -4930 -11962 -13666 -20758 10912 3887 11971 -20053 -17335 -2882 -1269 -683 22521 26072 16125 22726 3671 11007 17664 -23822 22350 -3637 -26720 -24248 15930 -12307 12968 31160 26074 2309 -14024 -110 5250 26937 -23321 -24770 2375 32463 19513 -21644 30816 3967 -10965 11453 6631 -31217
571 -1197 -14586 -30943 -26488 -11744 6300 10170 -4228 -31579 1449 -30048 -29056 -19829 -11684 -28337 -15712 26688 24535 16367 29858 13863 25897 -22466 -19448 19470 -1588 10991 1535 13586 -9508 -30795 -26772 -25033 7809 10930 16629 25607 -27070 29272 20376 28294 -32257 12993 -30411 -21290 -5835 6136 15089 9374 22446 -16010 2636 13041 -6310 14262 -12761 -25488 -3250 18284 28952 -30957 16461 -16952
-6258222038
380 -5629 9035 17184 9307 23653 12746 -11334 6938 -26681 -1400 -10760 16998 30494 23516 -30917 30734 -8850 -26620 15932 22362 -31791 -13482 -13940 -15847 -19363 20423 16677 21668 7606 -16519 -21648 -2996 -17297 19849 -12644 -13733 -7738 -11159 -32468 -29885 -19826 -21332 -2961 24620 4198 12169 -14226 6569 4723 9068 -6243 -1293 -23442 -12809 -12911 -4467 6436 -15688 12540 -23933 30909 21467 -5383
22507 -12172 -13768 -25158 -5116 3066 -9691 -22430 32269 25025 -23724 -13015 15265 6596 23529 10347 -16933 32087 5024 1957 -11807 31131 -477 9350 28191 -12109 3022 29245 30630 31982 23373 -27153 9437 21625 -6783 -671 -15415 -30910 -16125 -17343 -19156 -13730 -2754 -30409 20283 12799 -7347 -2202 -10689 22764 -20696 958 9141 30021 -22480 -30081 22053 30281 -3214 16327 -12743 27377 -24905 -19829
2293823181
18023 18436 -25001 24025 -2637 8608 -22313 -13500 3592 -9546 -5909 9960 20277 30913 -26686 -27591 -25233 -10838 28592 28112 23892 21205 -744 9721 30 20045 -21483 3444 281 13658 -9601 -567 23321 17571 -32621 10592 2991 -13403 -12954 -8970 -17233 26946 9581 22928 20302 -4172 31529 -25403 4700 19223 29863 -31398 -7098 29211 -1389 -8385 3650 -21744 17749 -12190 -29589 29707 -3409 27955
-21129 19996 -6269 -12985 -2497 24828 30110 10903 -4825 12309 -16568 5604 11217 -14177 17059 6823 -21201 -22528 -24668 -18459 24858 -16477 -21717 -3213 3347 14569 29318 -4483 32165 12400 13721 3168 -17749 -28107 -25693 -31742 25597 17665 14877 12450 -3972 23363 15918 12893 -19762 -31410 10545 -19018 10536 376 11045 25523 -11999 22652 -7588 9270 -16623 3241 -12423 -32385 4607 -8323 -10147 -28593
-2144702583
-31396 6565 31950 -1595 15653 8856 -3327 19329 31418 -13789 4463 9980 -5372 -10200 3149 3069 8469 -17420 20508 10960 -26305 -18336 99 10114 -6433 -13122 22602 9679 29478 11546 -14312 2067 16216 -21936 31570 -20154 11162 748 -30760 -13398 6300 -14358 30405 28890 23365 -23944 -9102 -27822 14539 21029 15730 -523 13266 17683 12342 14286 26524 8363 -17752 -4739 -16449 -13477 17919 -2966
9195 -7636 -31598 30348 31341 -32420 -20821 15368 -24010 446 16307 -10360 -2081 17090 26933 9519 -17533 -16678 -12364 11123 -26150 -4972 31112 -6932 30049 -24118 31992 27216 -21589 -28482 19835 23904 19046 -1628 -14723 -8667 -25451 32123 -19228 11769 23044 -18872 -4561 1880 -16804 -32693 -8400 -19358 -4033 25522 -10111 4186 -19387 27673 3423 24157 17455 7331 3472 19110 3877 -21505 31924 3806
2625515723
2037 -13222 -26060 24190 -26340 19868 31377 -23000 23870 5461 1247 15252 -16823 -26021 25209 -73 -8727 -6275 -19704 14268 -16215 -16651 21512 -13218 -30179 -25009 -6474 -3425 -15698 -8035 -23525 -11282 24768 14512 -14282 -24870 -31796 -30618 -2629 2393 -23389 12098 -3813 5955 21215 -16784 32400 -3338 29237 3213 14933 24068 16343 10450 533 28639 14174 8666 -29701 -24556 12723 -17397 8907 -26291
1532 6170 15996 -3498 29088 -4087 -25499 860 19629 24227 11180 15508 19397 -17260 -24692 -19399 9451 11724 419 6662 -15461 -31214 -21937 23075 -5419 15935 -29146 -2837 -29761 -15999 -32035 8520 26761 14063 -17879 5814 -30839 -22086 -23483 -16226 -3267 -3567 28283 -20247 31095 -20727 -15170 19989 -10968 -30227 23114 19795 9235 -14988 15529 31058 -19189 15034 -22194 3138 19696 10683 6656 13073
3674977113
-16198 18191 11456 26681 3402 24717 1865 -25959 -19962 14734 -3217 8322 -17810 17190 17896 -29858 15409 1342 9839 14045 4431 -6753 -9801 -28117 -7966 -18301 -1895 6986 -12536 25927 1798 1546 14349 3005 -30595 31922 -32160 13535 -19529 22133 4091 -32412 26011 -10562 -19266 -32532 -1811 31106 28140 10341 -12785 -18986 13934 31352 -26142 -13711 12459 -27236 6353 2733 -19222 12996 -31063 -23536
-2646 474 25248 -16125 22200 -25608 28025 27453 2006 5590 -1370 -5743 -1020 -5535 23771 -4375 22223 -31521 13333 18534 -10175 -4857 28817 25456 18769 26135 5888 -18646 -32682 -23564 8903 -1417 -10839 17178 -10509 -17574 -20765 -27227 6017 -1617 -16396 14499 9866 -14824 18971 -3726 -26659 13819 -24713 3275 -25280 25779 27484 -11130 -2961 -16984 7942 14022 -9164 29941 9056 383 9931 -23852
-2851244534
32178 25118 -19598 16545 7341 26634 3042 3813 -29855 -17775 -4858 32138 -7773 -32507 1272 -18556 -32606 -32144 15303 -22180 -16007 -1169 -15629 -26096 17641 27957 -8826 -27871 -21245 29267 7586 -5085 31823 13983 -30054 15154 -29993 -24306 30890 31557 -12746 -24322 -14330 29043 -14273 22328 -21451 119 3999 -9635 22789 22296 -15403 12935 8302 -26452 19146 7090 17864 -1750 -19175 8008 12631 15662
3297 16589 16563 19012 10279 -22191 1269 12144 -15924 -18968 12158 3691 11396 -9806 18657 3733 27894 -15135 3930 -24788 8978 -4981 -19522 30339 -2242 -5186 16378 13727 -32134 29478 -24991 9133 12171 -28060 -23428 24634 26328 -14028 13741 15112 20146 25713 17327 32442 26111 29515 16978 26604 31269 20810 -9926 16949 -27174 -28236 -11149 22394 -15411 -9575 30231 11023 1440 -18486 6670 -30700
1556515607
10853 -8515 -20651 -26681 6814 26816 -22618 -27748 22035 11542 -4249 7610 -26611 6593 31556 12261 -27750 -30738 -8678 10757 14727 23977 21426 17569 25941 -12675 11597 23655 3169 21278 31334 -28265 12529 452 -19050 682 4647 24201 31790 -32136 6408 24863 31972 -22696 2011 -891 10511 -814 -22648 -12417 13367 -27809 364 -349 28351 17859 -30124 25751 10013 -2807 -25261 5158 7216 10011
7504 584 -32381 -22184 26554 -21514 22006 -22439 22816 12862 10382 -25775 2527 -3122 28619 -20652 29789 3627 1207 14518 25894 -3150 13549 27248 25838 8741 -12131 -23240 -4854 3506 19993 -561 -28754 -26828 961 32413 401 4883 -16288 6972 -31142 1655 -12849 -442 -20665 -18122 10435 7704 -28828 -8981 -26411 -25942 -24547 -11490 16367 31554 5665 -17619 -27424 -24033 -9466 30445 3283 -23403
2929863500
19195 14533 19037 -5421 -23742 7777 9191 14163 -16734 -25122 6621 22947 -1803 -27159 -8047 -11438 14469 -18605 -16634 17085 19326 12546 29954 -16874 -17628 12791 -6955 25335 25272 19401 -237 -4510 -11297 22297 -32315 -27373 16800 -32613 -807 -17246 -15495 -31385 -9265 -21569 -2178 32479 28020 -7252 -3324 25671 10120 -9617 10741 -14618 23590 2228 18866 -18440 11498 -11023 -1390 7427 12162 -29021
27264 -12132 22640 8627 6389 3056 -21930 17999 -13960 13434 -13447 -27967 482 29924 7505 -5043 20807 -18360 -14019 -20603 1882 23041 22452 16116 -31138 -2816 -23875 23840 -20168 -22695 -29226 27214 -16636 -2460 13619 -28336 339 -6525 28104 6501 -27138 -15136 -27272 -21102 -11724 -20913 -1954 16945 -23371 4812 9339 5812 25276 9473 -13595 -32343 -21429 -29361 25468 6161 -24906 -31353 -32633 -25925
2296456925
15364 4175 -11864 -1115 6418 28073 21500 31005 -10889 14443 30 12651 -13685 -5231 12596 4827 13885 17159 -21189 -11772 -765 30077 4053 18829 18659 12632 -8566 25071 30958 21413 4777 -3384 12187 -31760 -8782 2038 23910 28839 12597 -17073 -26296 -12016 -27237 1806 23037 18279 14923 12634 871 20707 -27917 20600 -4886 12828 -20668 7695 -21070 16302 27160 20045 21806 -22849 -7412 21832
-26059 -25950 26639 23111 -31843 24743 24285 15353 25237 22491 27328 -2039 -18815 -4321 -25203 27821 -5031 -15694 20982 4776 -228 -1441 24033 -27091 15044 22764 -8902 -28707 -11193 26644 -16532 -13035 -23605 25660 -12378 13763 -28446 -10901 -29896 22984 -12689 -6383 -32206 31000 14311 -8480 -26767 15775 5289 18968 -878 -18802 13612 26387 -15641 -19142 -29404 15898 -19451 26709 30210 -31631 -8280 11030
1218655319
-16008 -3419 -5585 -5079 28997 9569 8272 1045 25688 -9272 25763 19018 -5547 29210 -31186 9097 -7066 -18838 -1407 -6788 -2024 13565 21130 -28097 -2143 19167 -16717 10494 -29894 -19124 4194 31000 27924 -30987 -30668 -18141 17482 -18467 -18117 27465 24159 27313 31473 -27204 12418 -3778 -14585 -11174 23427 16068 17597 14833 -23874 23842 -25015 21816 -6337 -16854 2261 27089 24308 -28792 16926 30059
9019 26170 -20023 -19227 16693 32015 -9596 22542 27328 8266 -18427 5694 -2689 -20334 9872 -30877 19842 8795 -17443 -21685 2841 -24431 -15598 -28104 -6465 -27397 26762 -3209 -22120 20702 4764 -211 11823 12098 -14078 29919 -26521 23673 9866 -4854 2756 -18698 -12894 32519 828 -14182 26912 12137 25921 32627 -5292 22671 704 -1839 20919 -13310 11227 13583 -29440 -25918 4087 -1038 4681 18626
-4290959491
-11414 27284 15337 14515 13373 31587 8498 -8217 -242 26783 -8762 27906 -16903 7006 -12467 -3464 -21377 22626 -24273 21666 -3246 -22457 -25723 -5548 18638 22620 10062 -932 -12137 -29802 -11270 16161 25058 -14364 -6836 4023 -17764 22719 24533 -22865 15516 -7215 23039 1270 -23928 2961 5682 7361 -26429 -14908 19885 10076 15541 16992 4279 11969 27681 2055 -15758 19919 -30699 -25914 4499 14597
-31002 8509 -25539 25569 25780 17501 11579 5908 -17753 9366 -8958 -12267 13182 2053 16444 -20705 -4440 9997 24654 3351 27852 -27171 4736 -11100 -9353 32595 9937 28074 -878 -6476 -25549 7901 29550 -11016 -893 -28528 625 -23227 -28847 -18707 -18265 20182 -4572 15513 -3093 -31415 2431 -1110 29104 -31251 1005 -27928 32101 -14861 -21950 -22050 -27918 8076 -16803 31258 30157 -10608 -13160 17390
1115366892
-32526 25044 -8801 8119 5722 8435 21372 27279 -776 4975 26612 264 -16491 5700 26063 17150 31520 18638 -25023 28759 23346 6132 13668 28876 24958 14405 -1484 -8863 20174 31925 -23171 -13755 14295 -637 9527 13171 -9830 -5388 10089 29592 12931 19050 45 -29720 -17861 -17435 -27319 -28938 28376 -14451 1458 10957 -22365 -29038 -22354 22333 -16452 -7744 -9176 882 -25160 -8292 26371 -5392
11397 -2301 -17568 11078 -11784 14044 -27343 -15439 8334 3867 -622 15627 11259 29209 7189 3520 14810 -19805 -18370 -12429 8601 -14077 -29404 -16212 -13928 7045 -27934 20872 16767 -43 31042 25785 -11433 27350 23574 3316 -24334 30733 -19527 -1195 19291 -19816 1171 28910 19112 28019 -6903 6105 24312 -30104 27041 5102 -31569 31939 -3931 -21490 2863 22190 19957 -9486 -29655 9317 23999 24473
-3102116752
-30478 7318 -13220 655 -25616 22699 22193 25785 12258 20248 25307 1994 16899 12158 1536 9914 26950 -19292 22241 -18748 -5736 25008 10841 -27885 -25687 21602 -21385 -25390 -1948 8269 30306 -26397 3717 -21866 12356 10375 -32054 7085 -2522 -7436 809 -24838 21034 9417 -31937 9463 19970 -26600 15831 15286 -6984 9223 -12923 29979 27955 14761 32233 -30014 15024 12302 14411 15634 12967 5192
6523 -573 21892 17317 -29285 23537 29852 -28757 20970 -13340 12330 16931 26371 8636 -21089 -23058 -4576 -32515 3726 -5630 -3242 27602 -19385 14138 20399 22129 -7430 -4437 18011 -11774 -26422 -19313 14111 3118 -14323 24048 -96 13559 1501 -7379 -12187 1829 24868 16047 -16695 12659 -26349 20694 -15632 32348 24260 -20322 17908 -16932 -5096 2256 15777 4257 6463 14952 -20814 8837 -29266 27390
1652750180
-28468 -7674 -8002 -6667 15695 -12146 -1421 11889 12517 17634 20137 -29715 -17152 12172 20331 26077 -9887 25967 -17499 32713 17880 27533 -5117 -31670 -7168 17971 23459 -17487 -5351 23693 21732 -29872 28798 21028 32663 -6620 -27487 -11739 -10674 16685 -5442 21815 -20331 19657 31116 -9157 15292 3627 30029 -7887 -4396 20434 -24045 -6095 -15369 -27117 -4125 2179 -16917 -8715 -14834 -23983 4198 6490
22912 -7747 -15315 -24206 -6496 -30784 1770 23133 9176 -25512 9552 -12699 23816 3349 5181 -8526 -2214 -26261 5826 -26713 -15761 -14692 10056 -29315 -25974 -9046 -22857 23843 -25398 26137 161 -16777 26124 -10205 -31236 29245 -17762 32483 -8631 31611 6549 31115 -22514 -11360 10366 -251 -30100 -27456 20704 21035 22491 18804 -7848 -21066 -5506 -21548 -18721 -3057 31339 11174 9000 3364 686 11209
595179138
-26128 -11843 -3133 22518 -6155 -17599 -26074 28485 24243 20088 -30678 14007 -8571 -6121 27251 -11902 -3978 -23287 19871 -2022 21029 17625 -14705 -11940 11809 -10912 18954 -5984 -26321 -12828 10266 -28281 25875 -17188 -13708 20769 -15266 -29525 -12915 -28976 1683 -19448 -16370 3772 -44 -15516 16865 5838 1308 -18519 -1122 -27878 4050 9785 -11478 -4966 -5825 27030 -30576 -949 -11595 -16991 -18506 24962
-4088 -14397 30412 18968 19299 -16661 -18712 -16090 -19327 24013 15775 -5733 23079 -17587 11501 -3473 -24750 -19730 24868 -14669 -26163 -24879 4445 -10474 -11971 -15383 28860 -8395 -10598 26196 -19884 -30160 -6061 -8418 -11144 -11595 -8535 -19636 -8858 -2470 -15284 -20918 24799 25118 -11718 875 -22523 -1804 -27360 26878 10472 -23567 -6224 28616 -28587 21614 -20286 5508 481 22401 4385 -14189 -1147 20917
3909783620
25169 -8188 -30398 -12007 -22385 6056 25786 1124 10987 -5683 -7655 -24147 22456 10586 -6553 31541 -18583 -17246 -382 -11188 -18622 22140 -1194 7466 764 5129 -16982 -5911 22422 -24105 -24448 20691 -18134 2508 -1179 3512 12980 14638 -23493 12575 7697 1674 1725 31183 9768 -24281 21760 -17498 4749 -23012 -1055 24788 6871 -7872 -17931 29791 17189 -18263 8779 32245 10352 30044 -13336 -19040
-10750 -14067 3449 -1813 -14210 -7337 -7748 14860 -7237 -6821 -9059 31110 -29816 31282 26067 26240 28143 27140 19676 -4730 12933 -13230 -8525 -4019 -4002 -20775 -28753 2089 28466 -14755 -17280 8187 14662 5569 -32333 19568 21098 -21479 13184 -22713 5861 -17350 10494 22049 -21474 -12687 -491 5809 -1270 -20711 4288 -31389 -2260 5038 -23968 -6000 3562 32295 -1197 -20026 1112 31833 7806 -11814
-384737127
-25938 -9009 -26171 -7666 -10198 13365 13034 -22596 -27785 -27702 -8631 528 -31242 -29539 -7989 -12329 -13437 -14468 -7904 -26818 -1203 330 17301 29695 -4394 -8444 31975 -11380 12913 3222 -664 -27657 -31704 27316 20224 7805 12018 7488 -3488 -30546 -10736 27287 16779 19903 32724 -11250 28469 204 -19510 3562 9543 19306 23380 -25932 30926 5994 30927 11218 -23922 28299 1442 -23937 6666 -23239
19371 -21226 5546 -155 -16 -30359 -13252 24071 23596 -21260 28584 -8789 -3867 -21087 -25743 -2247 11551 -22093 13978 -24800 -18111 -31441 -3608 -900 -626 -24845 23045 -8116 10706 14121 926 -8845 5459 1412 6072 6534 -24429 29630 -27081 26617 -27644 -28000 -31189 21394 -6362 23527 24551 -14167 -29035 -2200 -12468 -15761 18910 31 -17823 20079 -11414 20380 -2231 22482 -25845 5001 8140 6964
546384391
26216 25642 30744 16433 -13393 -28502 -32361 -16421 -28153 11724 31461 12685 29511 8120 13603 -8128 -4803 -25210 -32221 -20683 -7810 -17429 -23718 5965 28970 -6392 -7932 -31537 -24619 7378 -6186 -27015 -13461 29355 -23569 6664 -27012 -28853 -27625 2072 -2987 17407 -30824 -29384 18493 -21068 -23977 12045 8285 9867 -23149 -27116 -6049 30030 -6383 -11147 20544 -24620 -19184 16479 -8132 -27870 -22245 8613
24408 -9608 5215 18093 -31304 -1850 16330 18631 12884 -10889 24642 10245 9170 -13496 -5254 -3566 -13507 -12047 14494 -815 -9475 8030 29974 662 -21308 2630 12648 6350 6361 22019 -29348 18234 -7459 17049 -29301 -21734 -4410 -29925 -32252 -13608 8575 17742 23685 -2475 -14671 16416 6368 -14479 24712 -11084 25797 -3854 15674 -19149 -24619 -28757 17206 15508 -17276 4280 -9968 -17561 23568 -12625
322977757
29470 23300 -9971 -516 -10208 -18383 26392 29903 -9202 8845 7483 -29677 -13981 4091 -20367 9370 -21999 -21086 23023 -8901 18551 25401 3442 16192 30105 15319 -1388 -9698 1 -7846 30867 3344 4095 28108 1989 24269 31233 1209 -30071 -2534 7244 7359 10760 -18144 17240 731 -8843 -27206 -23601 14741 -29310 4181 15235 -12618 2384 -5937 29010 -23198 -6544 -21606 30207 21722 11488 -29794
29919 32578 24668 -10529 4832 27443 13393 28823 -10542 17007 25963 -10768 28095 -17173 -20792 -28773 -26621 -7186 -29308 -12575 13486 -1317 173 -23973 -26919 22826 -4861 15432 486 26316 -7272 4474 11532 -30831 19159 -7282 6507 16195 6501 30348 7260 -24473 -14275 -20135 15255 -7770 -3502 -11841 17618 -5238 -12414 1885 -21450 27116 32209 6943 15932 16281 -13834 3022 -9050 -23587 6639 -11817
182538835
3615 24192 -21060 -17525 30203 13606 19677 24979 -18565 -21333 -31318 -6581 22799 -434 11177 -8014 28762 -4283 -31001 -1594 -13723 -18730 -25437 1025 -19567 15986 229 13327 23890 -18432 26477 2897 -12072 15804 -21399 -2387 15146 17 25405 -25637 -16764 28972 27799 17340 4046 -26973 11721 9129 -8276 -30126 24627 24610 -11576 22739 -475 -2807 2811 2153 -9186 6178 -18065 9346 15818 11592
-2748 -21430 9804 -7897 -18343 5945 22899 25261 24151 25464 -31768 10223 -13605 7253 -32654 -19273 -27746 -25264 8935 -25344 -6084 -1922 -10155 -20821 12866 5193 10125 -10905 11074 -20692 -20391 924 -3010 28698 -16392 15997 29872 29173 -13583 -6439 -11480 -12779 -289 -22331 -5195 31844 -18173 5784 24626 24922 -20776 12004 -10715 9405 12546 -9718 20842 -13732 -24869 -31114 4388 -30935 -29316 6217
-3392961088
9663 -22026 -871 536 15845 385 -6854 -25659 297 -32559 23703 -26347 -18359 -24694 18020 -10795 7871 17790 10170 -31316 13341 -22535 -3737 -11650 24714 6548 22990 -13477 -25588 -17174 -26691 -1657 26255 22724 -26741 15862 -3504 -28761 22918 4003 -13158 18547 20072 18625 -530 -22197 -11011 -30935 28022 21758 -24513 -1043 -32378 -2268 15608 1177 -28036 10654 13889 5618 4948 -16365 1333 -14186
-20276 -28547 -27594 9322 13339 29733 18235 -800 22988 -29650 -25396 21253 -25182 -16076 -2527 -15619 -21227 -30034 -18074 -26265 -31695 -563 -20577 17425 8806 8436 -16920 -11718 -29329 -19883 9269 11128 8120 -23149 11009 -17113 27568 -13016 -29814 -29206 -7279 20337 -27824 -16745 -11353 -27836 -26248 27636 -19197 28956 8517 15821 21237 11189 30069 -18764 16528 -769 -29248 24004 -13961 -18472 31012 30834
-1403420900
6696 -624 -25106 -16413 -30760 -16447 -30805 -12075 17567 20643 32358 -25554 5828 3799 30583 -2892 23563 -17839 -10903 25870 14667 -9834 21071 8232 3165 5762 30968 -7669 -20427 -1836 -7807 29660 -2307 18397 1609 1687 -14885 25238 19990 -7887 29769 -9664 17778 -15345 -1730 -12008 18311 -6865 16269 -32637 21741 9344 -12730 27900 -17096 4768 -9368 21576 -1920 21501 -25172 -23771 14134 -1378
-19372 20592 -11032 -9963 17037 27271 18830 27601 -7124 -13338 -29390 25413 -14458 -12624 -5546 -6052 24522 24618 6637 29473 20893 -17808 32080 3717 -30843 18818 8267 861 28613 -13789 15569 -23726 -30039 29587 9713 -17993 27072 23168 -21982 -28192 -13356 -26385 26834 25769 13208 -8269 29400 19755 -1300 5000 7252 2243 26748 -5248 -21356 -31367 -16037 1026 -26506 -30915 -16288 1935 -29746 -29258
-2733428003
-17555 -16885 18551 -24371 -23822 22828 20495 -25485 -14879 24594 -14124 15263 1801 3207 17476 -7629 -13727 -6821 -9976 9796 10028 12063 -6511 -20130 -7846 -1218 5657 26346 14505 27767 -5885 31371 7830 12269 12793 30609 -7516 8277 25556 -14740 -68 30104 29371 -19220 400 -19495 -24726 15151 27291 -4487 7070 -14958 -25015 3035 3560 -6154 23212 -25271 -18437 -22740 1822 -11444 8029 -22021
5534 13306 -11714 -23361 -12832 -4772 22404 10363 -11578 30444 -21122 19197 24719 2574 24509 -10783 -19734 -11157 1102 21235 19162 -29659 -31567 -28872 18689 -5050 -28765 -21841 -21143 -20248 27778 -8079 24684 -22326 -14910 22716 -16274 1586 -640 -19646 29812 -24430 -2581 261 -29674 8874 -29426 29675 10519 16208 -7668 10638 21885 12388 -16410 25072 387 3624 -16343 18653 -14984 20230 14184 -28372
2057857086
-31635 1268 20237 -25937 -1509 12383 -2790 16646 -22124 -19829 2731 19626 -20112 -29989 19597 -8348 8951 25672 -7814 7848 -2642 25101 23191 -11575 2873 -21038 8444 22352 8845 -31105 32515 -4942 -14362 -22675 17575 -5220 7981 1592 -20606 9746 -5717 29932 -3634 -20480 21313 17827 -16144 -32028 32056 24228 -1767 -17047 -7637 -2195 -14247 -3109 -16928 11909 27535 -28754 24693 28649 -30564 -432
-16738 -10894 30510 19508 29446 -21933 -595 -3607 -26850 13291 17933 -23603 15535 2332 -31127 -13061 -18195 20808 -9156 11718 30997 -23871 -15587 -4217 12477 28863 -32050 15069 26139 -3692 -2048 731 -11304 21885 -21208 -17199 18792 -2787 22520 13023 -7580 -24538 -13439 10069 -9850 12596 3761 -24134 -8157 -24496 -2146 24985 -5627 -5119 32025 2173 -27784 14099 28001 22106 19225 -28028 -17952 -25336
-3013644201
-9761 7075 4225 -15887 30708 -16978 -11086 -15128 14421 7003 16039 -16097 -27180 -32050 31165 -24990 3557 -18419 8421 -28392 -4075 -8389 -30243 -27302 -1267 -32251 -24759 -7066 -28682 -3918 -30744 22736 -31110 -28067 17741 -626 -23444 18003 -2178 -27057 -18659 -23958 -32698 -25152 20254 -4290 7783 -10281 -8598 -15128 -5452 -16285 27833 -2378 -30074 4590 -16204 24065 -23779 17359 -15557 16466 20258 -28802
-30627 -1556 4876 -3836 3902 -31901 3746 17023 19060 -6586 -14600 10326 10354 -19617 -6455 32520 31573 -8580 25059 -4536 18486 -3498 85 -16869 -17574 -18305 1136 31700 32044 -2879 6764 14284 -7115 16514 16367 -14699 29273 -28546 -25047 13757 -25192 -8198 -24603 16225 29252 462 -19344 25256 26206 4533 13393 -3445 5986 9261 -23033 30321 25127 -25419 3160 -31158 14961 9898 -30640 -30010
-527346773
-26932 26770 -25844 -15618 1846 24003 -6691 -1847 -13007 -10165 -8185 -5603 -10895 -21555 22899 -13718 22371 -31069 -24283 16519 -5900 -5548 -11453 20316 10721 9247 -6990 21348 299 -28231 -2273 7332 -27347 14657 -5537 -32272 -20040 -30721 11050 -27041 -26699 -14275 26407 -1737 14116 -26420 -27273 10985 7856 31087 10602 -2077 13692 16513 23891 30494 15691 -16107 -6403 19656 -30562 22235 -21638 -29435
-3885 -11826 16295 1056 -28116 -41 -28472 20228 26022 12932 19125 -8941 -11651 -13135 16790 858 -15924 12520 5833 -22554 -20158 -30931 -31439 20853 -26828 -27278 10185 24572 -12698 12447 28233 -19853 -17396 25785 -5720 -21700 -23174 -14746 -15843 5684 1851 8879 -15623 -4843 27412 10943 22413 31606 34 3454 -21938 2783 22007 32324 11255 19067 10960 -16787 -28077 -24793 6401 -9335 -28456 -30353
3043700091
-18742 -15815 -19681 15570 -27137 -29183 -5587 -19073 -11408 23324 12491 -16588 21664 -26847 -2105 -9239 2206 -5198 -5979 -17285 -81 -443 -27608 -30895 29783 8370 2195 24594 -2603 -10102 -29298 -12058 2834 -6360 6898 138 -2926 28890 15226 10575 7908 -7998 24967 -21090 -17146 -23132 27535 4857 -12253 8570 -5874 -28462 22198 7374 -30612 -24476 -558 14964 5853 -10085 6656 -21854 24103 9927
15698 26905 11660 -24971 3209 -5495 21751 -19586 -23286 16923 -32597 32015 946 27958 32407 2950 20105 -14386 26771 28830 -7608 -22819 18219 -26275 17630 -29346 26790 12430 -3549 7192 -16599 11135 -10750 20389 -30513 14964 19335 -14013 -29529 -260 -4099 6754 -8587 15970 -18924 19891 4003 3557 -14039 -27986 -8624 -11751 13936 14856 20131 29174 -7633 21356 1293 17410 13343 1911 12273 16641
-3261626795
-20441 18707 -1087 26521 30075 -5254 22506 -9391 -14974 12169 -8076 24209 -1598 -32706 2063 15142 -12182 1847 -32213 17674 5625 -17178 22725 18386 -3787 29925 30880 -24493 -9131 -15562 -5932 8709 19716 917 18856 -9520 -19451 -28503 17239 -2155 -2093 15089 -11012 -17627 -2782 -16848 12013 6012 -6139 4175 -25723 -15118 -32688 -6367 -6360 -17294 -26333 -29006 7300 23731 -1640 -9153 15402 3192
-31385 9717 17062 21225 -1955 7639 -23353 -21177 -1421 2201 -24352 25625 3640 -15081 7890 3218 19324 -29480 -9437 1419 8108 14749 -2609 -15855 7206 20139 -28378 15141 -25858 -17746 5652 23177 -15313 -28797 -14692 12949 23409 2736 27800 -6928 31440 -7234 238 17530 -12340 -30300 -17359 26623 -7431 17724 14637 6689 18402 -23464 1490 6145 31112 7761 -115 -28701 -8944 4629 3089 -31665
-1642398127
22787 -2624 -2344 -6272 22959 27269 8940 -16588 8615 -13869 -18378 -28368 -12958 12261 29869 -30545 13365 -8060 12870 17484 -25191 7506 -8403 -28897 -29065 19621 -11928 18854 6719 888 -856 -8421 6692 19611 -16170 -6471 16686 -15687 -3013 -18804 -15872 -26768 -427 14371 5933 -25001 29669 23286 18678 -1188 -16710 -6749 24344 27931 -19807 -24298 -23257 27805 14372 -24690 -5821 -28403 17183 10485
3960 -9094 -13477 -11308 -8982 -16701 -17986 -28992 4566 -2658 13149 -16256 -10930 30589 23011 9696 -13129 16423 29070 -4411 -11490 11363 9084 25315 -15629 -24733 -6584 -17335 16662 8276 526 -5027 -24825 -5724 -28100 -19868 -13081 -1331 22609 -19877 29091 18560 -26478 28177 31270 2195 -30411 -3003 -20741 -2533 26893 -6081 -26215 -9242 -29316 -24884 -17197 12527 6173 -8365 -217 -16857 -19673 14771
382138804
-10067 -11158 6105 -7517 -10247 -10629 -5688 14664 -10029 10956 23205 22248 24399 7286 -3760 12623 30776 -14812 12597 26044 -30038 10402 26910 -16535 1087 7480 14967 -30816 -1884 16708 -31655 -970 9680 -9483 -14599 -21128 -19108 -23268 8984 21834 -18947 -12283 11801 20296 29076 -27251 -8374 7687 -21364 30558 -11277 29658 -32297 13676 23098 19171 -15772 -19474 28006 -1452 -28213 -23280 -12876 27759
9425 17455 -13650 23372 -11264 30070 -21913 -25876 -29703 -27861 4050 32082 27578 28005 2043 -10372 -21906 -7301 -1158 19771 9315 -31594 -25509 -7660 26907 -13615 30482 1864 18498 11080 -30875 -17369 -11949 -26896 -8944 1242 31315 29385 -18730 -29177 3271 -5746 -5205 -22373 -19732 -14113 -10343 30479 -24495 -2830 17852 5315 17030 27791 -17533 12498 -12079 21229 -16522 -2364 -8186 10956 -27983 11141
-1429970777
-22807 -10417 -15456 -7834 14627 -1786 27251 -31487 -16622 25708 25406 -18922 -17926 15131 3733 -2798 1112 -30102 25058 2548 6079 -26559 5942 -31382 -6667 28319 3249 -19611 22803 14472 19179 29114 -23591 7569 557 19686 24039 21269 17391 24759 -3917 8270 -10133 -27583 -26689 769 4186 -13243 -22645 -11940 -1829 -13070 -19556 31941 -1205 -18768 4127 17142 912 -4852 -32277 -29419 -1209 -11184
31995 5862 -27501 -11016 27066 -14398 -18474 -21906 -23531 -30292 30398 18394 -4853 17663 32723 21939 -13954 28224 16221 -2486 4961 15037 -8673 -29545 14773 -18133 14646 -9296 -31019 -19892 1428 8788 17483 6872 -18931 -361 -18956 21377 22292 17564 -20780 9655 -14300 24136 27760 -6065 -11345 20374 -19004 19881 -25853 12302 -21038 -19429 32505 11233 -32585 -6092 -24434 32648 -30916 -32391 -434 4553
-150359235
-31738 -27628 -15782 -4035 14380 -31009 -1669 10211 13306 -30524 26809 27094 -20988 -29672 -19136 13875 -5190 -30735 20908 -17340 -13882 22803 -9304 -1293 -3593 -24071 19240 -4709 -11742 -4453 8723 -26531 -259 10392 -31774 -24042 -14188 -21953 24884 -27749 -5016 -6635 2688 -10768 2157 -20718 -16603 -29494 5885 2495 20622 -13115 -22328 7560 -27478 20053 -7705 14242 7710 8404 -27090 -27702 -3387 23874
-18051 9581 -5149 -3320 14049 18960 22174 27054 5121 12336 11721 -1939 15815 -26324 -10821 -21133 -4497 8667 18703 -21469 19612 -17984 -8847 26267 12793 23544 24048 -32339 31267 19296 17010 526 23404 -1450 6328 19779 -13492 11846 3671 10073 -2607 4763 -11192 -15406 16520 29171 -7559 -10630 -19660 1862 29352 -32367 -1133 9056 -24991 24382 -29315 -15659 26340 -15309 -12304 -15244 28619 -4223
1998726458
11403 -29855 -637 20760 26073 5063 -258 -13257 -27562 13254 20982 -21692 8800 18984 -32244 26813 -32029 30544 -28399 -16167 -20218 13571 -3163 -8186 15860 75 22685 -6863 5513 24179 124 25562 -7802 -990 -1102 -22186 -9454 8444 27788 29083 5972 22206 -5306 -6780 -28584 -23455 -5129 4165 -21375 22652 14501 -13196 -23149 -21765 -24192 21180 13451 22953 -24405 4850 13309 3042 6828 25863
-24451 19321 30552 -32335 2957 -16411 -2560 4987 22224 4320 -10267 -24661 -20298 -14 -9889 1387 -5852 7664 18522 -9426 16269 -24740 -14716 -25885 20675 -20973 19711 -32133 26506 -30142 -21491 13117 1277 -13012 419 30642 19132 -27273 7829 8378 14480 15999 -19734 22504 32615 18464 -27013 -5280 -16648 12305 -30590 5925 28872 -29694 8230 28042 28515 31294 31068 4812 -9711 20919 -6678 8483
-1812272469
21948 8710 21072 -22780 -29176 -19162 6864 16310 -27769 -5736 25186 5724 25562 1217 9224 22157 -16480 32250 24417 -31019 -18249 9879 -11898 -23220 -18634 -1632 22550 20021 30442 -21655 19603 25648 -27317 -8594 -17097 29149 13226 -26363 -13431 -834 12995 28380 -24849 -4717 16611 -10983 -21696 -9910 22055 -1178 19796 10217 24207 1617 -8925 11289 32059 -10980 23594 -21366 26806 -18881 30210 1591
25288 6748 -16221 -2424 -30343 21015 -20861 31676 5228 -7647 -26103 -17872 21569 25736 -15095 616 -1771 14881 -15405 17152 13094 -26494 12405 26929 -22161 -8001 -21519 -706 -9302 10569 17703 -4168 10292 -18592 19921 24340 -16196 28556 -27284 -11218 -30640 -17384 3203 22680 -5481 -471 21965 -22689 -10585 25990 -31477 -32002 17575 29796 21905 8701 -20638 16805 -18906 17750 -22779 8417 3660 28887
-6120315263
32085 31445 17887 7217 -8381 25970 15578 -16695 7789 -6200 14066 21150 -17403 7345 16079 -3478 -10103 8809 27684 -21501 -16395 18072 8807 19520 -15421 -13012 -16386 -28729 11514 -4874 -13407 19503 -12040 28818 -10538 -11457 12596 -1729 -10082 -18893 13514 -7909 11966 24368 -25832 14192 -3994 8376 -12130 1256 -30511 15867 -14608 26514 -28394 -23515 6205 10892 -29225 -28218 -26134 -32360 -6135 20132
-4328 -11982 -12650 -9597 -25822 10238 4176 -28207 -4473 -3922 25557 27311 -3571 18302 5301 3974 27047 -1876 11545 -147 -1565 27169 -19622 -3963 -4588 22983 5420 3160 21865 -30952 5661 -12800 28674 -1984 -18813 32483 2304 -20799 -3599 -3683 -2054 8829 -29043 24731 3458 -30281 -13414 6834 6815 -11939 -5844 3695 -3343 19784 -11204 9951 -1255 9765 30425 -26541 21398 16438 -21533 -27290
-39185000
17740 -32729 6034 -19316 -10959 -29011 30398 3426 9275 19303 -13808 32547 -4983 -1074 4234 30763 -13052 27025 7670 -29498 -8117 8786 15007 -22118 -32252 -22113 -9711 -12354 27385 -4097 17275 -26560 15376 27494 29850 -2061 10933 -11966 -476 -25389 -3180 22314 -25420 15283 -22140 -16184 -4326 -27483 11068 -25123 -10325 29939 15877 21663 -2275 15847 29925 -30388 -6466 -19512 -29668 -11177 -27461 -2476
8059 -6402 -8996 -24507 28003 -12824 10085 -26807 28998 -3105 -5943 -24931 3971 -14346 7513 10173 -12666 3292 18297 9342 8 -12182 7515 12665 26837 8495 24313 5917 -29452 -644 -16823 -18547 14533 27821 -27948 9576 -868 -19693 27632 -11163 -31971 -3785 26255 -27677 -26870 603 -282 24169 -3206 13092 -9631 11019 -17447 -13144 -440 -14698 -2082 460 14325 8792 -28338 -14589 30424 -5260
-2656482138
9778 -22246 -11735 -3497 30585 -25141 -27440 -19477 30644 -2370 -28982 25834 -28969 -9766 21111 -7280 4463 -21371 -31882 -2523 12345 22562 23838 -1256 -14035 23463 -5382 20253 -3159 26141 8264 -1162 -3881 -30906 20095 -507 24505 32442 -4168 25283 17173 -18356 -31834 32460 19662 -4627 -770 16276 21442 -14135 -31107 -22733 19719 -5972 -15486 30702 27651 16792 6015 14209 2975 -21011 -24247 24743
7520 12249 -21118 6168 11500 22182 -15624 4697 -31447 3984 -22206 23944 12121 21414 8166 -15641 32546 8693 4140 -5255 11896 -7471 17989 20207 27852 11857 29223 -8007 7547 29763 21798 22607 17191 12937 -27589 17586 -9504 11768 21454 -21149 -18416 18963 19680 6496 3823 13025 -26568 6106 -32334 22315 -9035 -32615 -25092 23834 19171 -32400 -12251 -19767 22475 5214 -9030 -721 -15291 32565
-2789938326
22164 20470 515 16475 -17840 19049 12060 3697 13517 -25346 -598 11826 -22693 16423 20224 -10731 26961 4669 9314 -3902 15187 -30697 -16556 -9170 26730 -2752 -12974 23161 21816 -18352 -13275 8453 -13259 6227 -27825 -10894 -16601 -13933 2947 29936 29959 21555 -13514 -19944 -20149 9157 11564 14307 20184 -31818 -6968 -17189 -18683 -10896 -7433 -10568 28820 31750 -29662 5635 -31070 15977 12250 2770
-8040 18642 -21621 -21417 -18560 31789 20741 -25145 1921 -19273 -19366 4776 12119 -17610 -15784 -31650 22170 -16940 -5331 9234 15815 -28681 -15346 -31409 10900 -16993 -17928 -13093 21334 -15410 31905 -23314 3145 -22592 14097 -9500 -1081 18879 -17616 -4672 12696 31216 12440 -9392 31122 16107 5891 16217 -10052 21285 -12597 9889 30279 -31422 2821 -28495 -2219 20979 24768 -20014 -8492 5104 -3048 -22144
2543567293
6057 -7884 24863 2999 -29488 -24215 -18932 16098 -30510 -32058 -13501 30999 -14771 27489 15861 -25220 19366 -14673 -413 23339 -12668 -30489 -16754 -27339 27430 -12334 8730 -1566 -25539 -19633 -14267 9116 27440 -20848 19505 -11296 -3833 21693 23661 -25782 12432 3641 27613 -10991 19692 46 -1151 4157 10649 32687 -3877 -24258 -5815 -12217 -13812 -3649 14721 -29491 21325 -24451 -1215 28275 24616 18722
-20393 -13868 28537 -12464 -26909 -15654 9474 -13216 -27824 -13615 25158 12003 -3283 -16943 -20164 10557 -29475 5100 2448 18893 16177 1632 26619 -15611 -14352 28364 -4551 5855 3809 -19313 28989 18225 -2395 8572 14854 -19229 -11585 -31746 13768 -30344 -31258 -21969 26949 16480 -372 31677 14471 6132 -19215 31712 -32003 -18519 20153 22869 6198 -31329 27715 -1899 5480 -22715 8818 -14872 14326 -2583
3385773036
30599 20204 26945 -20875 -14028 18787 11487 -21916 -2911 9096 -2495 17871 -3913 4181 -13947 -5561 -7710 30741 20591 -21261 4262 -20817 -13248 5085 -993 31461 14971 9520 517 16270 1675 3124 -24562 -137 -26355 -14232 -14266 -11195 30519 16341 -13594 -12142 -15625 28259 3369 -7813 8509 20778 -23659 -2419 -19279 11294 -23844 -28407 -24000 13729 31402 4831 -22977 -3371 31103 29545 26199 -29187
13064 17722 13213 -23910 -25289 -13393 3117 -829 -13731 31668 -18608 30015 27778 18098 -32456 -26544 7511 -20545 3885 -22190 -965 -392 26394 26201 18768 6685 -32415 -18329 24350 -16887 -21372 638 -15513 -20590 -4558 6306 28187 5070 -11382 29594 24363 -22269 2450 -10136 -29127 -7298 -23304 -24325 27952 30877 17472 12625 26879 -985 29965 30482 -13254 -15623 9001 9179 17449 -2814 -2502 -13966
-676403951
-1963 -27632 -20828 -7364 17983 -28546 -8641 20355 5481 -5134 30144 -21107 -25253 2959 -8686 32544 4869 19319 2440 12090 -23668 -13902 -23660 -7392 26835 -30486 -3979 -9836 -20142 12517 -21461 -2377 22879 -24588 29528 13251 -26448 -17641 -31773 18676 3761 -5126 -13659 27500 -23194 29719 -7901 -26248 30465 -5858 9191 -1224 29154 3713 10883 8985 8223 32285 14559 -26021 29628 -20894 26361 -8848
31756 8834 -23358 -24391 -9757 11599 -26304 -31126 -17394 8574 49 8392 25277 32523 -18995 31298 19145 26222 30071 -6702 -3015 3082 29728 -29470 6800 9314 -19258 6852 -14128 -1305 20307 16847 -2803 -14058 -8995 -14954 10836 19630 -17084 -24070 -103 26570 24761 -31264 -7323 5008 3712 -5392 -24839 760 1202 -12849 12194 -3096 -22206 26662 -9905 -973 4356 7679 -16944 27158 7274 -5098
-3491292704
21819 8425 14232 -22416 3999 26182 24456 24342 10680 -16234 -19622 7758 13286 7941 15679 1765 -29510 3255 29177 -12442 21707 -18198 -5356 28189 -21648 16550 12077 -30641 -11359 28211 -27930 29925 508 -20986 -14396 25134 19153 -8873 -6920 -21617 -29292 -11345 29848 -16950 23450 -31317 796 -20393 -29279 -18870 -13690 24786 12308 -17825 6173 -16694 19970 6810 14092 13120 -6076 -21979 -7678 -29553
25130 6710 8905 -19373 17458 -19024 -31124 -4179 -4904 31697 -9420 -31527 -24266 30389 -29952 -7619 1245 28343 11699 -28275 4420 -25343 25989 -8603 -26242 2437 16238 -29186 -29338 16037 22166 11327 -29836 6476 8502 -30899 23549 -24626 -13765 -29554 15359 -26188 31305 -31108 -17588 11032 18968 -18231 -8894 -21169 8929 -13950 -2504 30151 2305 -11902 6232 12803 17489 27715 -12424 24034 5833 27701
2445755430
-5278 32419 7937 2186 -21207 9410 19853 7336 -21451 -8489 5324 -22063 -19550 -16053 1681 2087 -13981 5847 20070 29643 16103 -30416 13950 -3573 3831 19469 -16193 7728 -14985 24335 976 30196 -31447 -14292 25689 2854 -5573 3533 26474 6767 23190 25627 -8337 -19870 13740 -25836 -4008 -11843 19732 19801 -30249 13650 26906 25496 25639 21725 30111 -27614 18532 29139 -1091 -30610 -11349 14923
-25384 -3640 -8038 -14154 26711 -29931 23 -14264 12494 -24083 -13548 21768 -15038 -22147 2948 -12571 -14858 -31102 8623 23728 1903 13109 11175 -5000 -25347 -30044 -27873 -6170 12477 10429 1892 -17947 3630 26893 21875 -29340 11513 -23189 6913 28275 -30959 -17859 6955 5157 3291 -13054 -23460 -20154 -12146 -24424 31447 -2151 -10500 2821 -27406 -22550 -20779 -2229 -18663 10321 19063 30711 29981 8723
-6362555104
-4809 3693 7480 17525 15775 -16654 -5200 1486 29513 622 9353 -28360 31529 18079 21622 -19577 -27003 -31895 -6487 -12968 1873 -10852 -24415 -11393 -19079 8722 -25225 -17029 -26307 24849 -26196 -28594 32174 10849 12331 -28139 -15199 -5379 6640 27675 -6782 21503 -32316 21175 -28446 -11030 2297 29361 4146 31637 -6288 -7939 20425 -29070 16732 -23625 -23583 -29459 -18320 -14083 -16512 7386 -10307 531
17665 27866 4783 16522 13975 -19508 -18872 -26452 6335 25947 30806 -18450 3351 18793 -3403 -9624 -18379 -20007 -5539 14737 -6102 -28278 -15940 -24169 26901 14967 -27390 26308 -11628 -22324 -7303 7541 -11012 -5141 -23643 -18831 11014 7117 26527 -12654 -24308 8505 -14758 9681 31423 19205 -16721 -27129 15322 -7234 -17802 -14263 8714 -8935 16699 4716 -25560 -13501 -17967 25415 25711 -7399 -852 21871
3764488164
1223 24256 26312 29584 7209 32086 7555 -23812 29243 648 -4240 18805 10433 19802 17477 -19402 -20713 -23751 -22784 -21958 -32177 20688 -19180 24844 24952 22268 -22501 8318 29218 14495 22913 -30972 26142 -25237 -31240 -26498 29720 2076 -14071 8881 31758 -16207 24270 -1332 -26693 -25100 1177 27212 4818 24570 25659 -4259 31879 4247 -7125 17157 -26597 16585 18029 -27218 3090 2651 -19616 20851
21585 -10117 -27120 5127 -24632 -5015 2765 17568 -28098 -2710 27196 -12719 4663 8663 29120 27694 -32023 -14262 23103 -14578 10866 32424 -7967 -29255 29937 -3043 11149 -14109 25602 20416 -31054 31251 24812 -8274 19412 -29258 -22435 19429 -9069 -2596 -32031 -29636 8366 -26823 -30410 -27060 -19232 3575 1081 -31903 -17366 -13442 -25912 -31019 -24893 11308 -24705 29517 -9268 -11463 -20594 8656 5929 -27440
-1703689881
-28522 4876 9382 32011 32257 26216 -23235 24422 18141 30429 30363 13034 -21355 11092 -27012 -7176 8991 -22270 15126 31899 7981 13028 -16716 -14221 26334 7403 -21814 -13749 6387 1740 -21520 23548 23520 12481 -23551 -12380 -6305 23988 -5867 11235 -831 -2241 -597 32660 -17070 26700 14005 -23271 -12516 -12018 -3638 -16293 16433 2322 14883 32328 -20864 25669 -19307 -5906 -27385 6280 -25082 12305
-5811 22203 -19216 -21167 -27890 -21880 -15963 25526 6976 7516 23748 -7156 -27243 18346 -16675 -22431 28672 -925 -21546 28975 -28384 21482 -6987 17471 17722 11734 -14316 -27944 -11067 24306 586 -12704 -29824 11135 -12579 -10210 10413 12195 22621 -25678 -20628 -18599 -8680 -5286 15339 -17437 -4928 -6986 -10148 -26724 -5851 -10244 26682 16556 -9477 9023 -28050 22477 -1315 18232 22028 22004 -25750 -25886
4154680156
31061 9296 18894 -26816 -2662 -22268 2291 -7531 -31853 24271 -1097 -16567 543 15068 -1732 26256 10907 -13040 19352 31341 31108 -5312 4857 -29745 -26382 22555 -18906 14871 15770 -13334 -10859 -21556 17633 1182 18400 -5156 10853 -28614 -32150 -15434 20701 -28043 15156 2595 -9426 24241 18691 496 -25350 -16635 -23983 24908 31824 -25488 16893 32384 18350 4794 6701 -16362 12148 -15784 15740 11030
-28760 -7721 13836 -13003 18304 -11774 -4421 -15420 13362 -21505 -19662 -10910 7607 29368 18414 3104 15994 16025 2828 26461 25930 -12155 20200 -23730 -23040 4122 13234 18780 7702 -19576 -3388 -28209 14100 3859 -23726 9167 -4814 31383 -19859 -18356 10167 3774 13684 -16484 -21918 -16377 -14370 2480 -173 6966 -24567 22086 31266 26637 12593 -7844 5451 16712 -31651 -17840 -29252 23496 -7603 22404
4513579727
27166 -17984 18812 2179 32003 9010 -24484 28247 12496 19389 9870 6581 -8596 24338 -9658 26543 -14398 -14208 23340 -18729 -2483 -10354 -31917 -25317 29103 -31901 30285 4684 -23949 1239 -21228 -264 -2416 24024 10245 -24400 -91 -23180 -12352 4078 -18412 -5493 -26537 25755 -31918 26736 13421 10505 -25917 -13931 4089 -15278 -10612 -29840 -31845 -31458 -14148 -8515 -12444 2357 12598 -19837 -1071 -1396
4006 29048 -28638 -640 -21469 -19074 -22634 -12783 4510 -15156 30799 19948 -15464 16635 -25650 14055 -24531 9289 -26051 9332 28170 -9840 -16187 16472 10035 8434 27771 27407 -16065 9648 11998 20583 24391 31868 -27505 19271 28073 627 3716 15039 -24945 16468 12976 19502 -14376 -2151 10515 21936 -32684 -25190 22802 -12195 -15890 8206 12754 -18693 -12766 26969 -27082 1139 -26981 27935 -11100 -29057
2720675159
1727 -21421 10526 -10306 -20661 -26637 -13577 229 31714 12200 -17758 18569 13238 -17298 2778 10548 27665 -9386 -14241 18608 -3722 32172 30308 30914 27283 -24650 -5105 30175 23071 13006 -16723 10566 32525 11973 -21044 -31369 -31772 -28600 7701 14095 17724 -26825 23266 -17454 -13999 20151 16300 -22066 31663 21944 -30341 20838 -20810 -27725 -32743 17770 -19254 -16147 -22968 20625 22022 17080 -31106 4550
19832 -6014 -7458 16786 4823 -21623 27275 -17627 -8782 10124 32740 -26150 396 -14609 10578 4115 9237 -14501 -15677 -16781 19684 4665 29792 -20337 21572 8193 24934 -15366 -13034 20831 24631 754 -2272 -5180 -18554 -21668 4213 9416 25771 -30112 21716 -9906 10617 -24253 -21547 -30978 12168 -24757 -27826 -3627 23840 17733 30440 -4227 -6358 30641 -13768 25215 -4078 -19950 -26044 -2537 -26820 19571
-45447313
18904 -7495 17857 -23282 -2947 -21302 10302 30256 32550 5651 -23834 -1153 10956 -6356 -9954 5653 28361 9162 21699 -10977 18028 1301 -25016 -27059 27438 -1534 10271 32280 16767 -4826 -5474 5754 -25449 -13041 27859 -9668 -17581 -4352 12148 -11001 19248 16346 17602 -7924 -8657 -9081 -9148 6807 11063 20513 -6483 4746 3142 -9323 22764 12761 22886 -29464 4331 17583 -32216 -16 -32179 15128
-17594 -4031 -17446 -17459 32310 22041 20337 19299 21610 24710 26453 -10429 -5650 9527 -27998 15505 30436 32275 -27692 -10783 6566 -3920 32761 3638 29414 -9954 -17259 7476 -15477 -13771 818 26932 31374 8526 19038 -28352 -30660 22945 16948 12758 -5053 4817 -18023 -17928 18548 -19221 -32520 15178 -23035 19786 29616 15518 16000 21768 -13112 -4112 -5527 16084 -20814 20279 -27632 -30001 -9472 21459
2541060951
-5211 -31374 -26100 6574 -32261 -29685 -20899 -218 2748 -7057 -2663 -8414 -706 -28498 11132 -31063 11185 -26345 15683 -14991 -2972 21943 11890 -25421 -27052 -17866 22013 -11882 13053 -22056 -11877 -8670 -4435 -25990 3346 -25638 -29694 1111 -13545 -6624 32208 -21981 464 25578 14261 -18779 16578 -13265 -25293 24949 -26808 -30106 9295 3343 332 -17784 5200 -20665 17974 1387 87 -22274 -15386 1799
20722 3884 -26901 -5646 12845 -17103 25847 16449 -10826 -22574 24261 -930 -4547 -17489 30529 12085 31031 -20542 -26737 -12317 -20783 -25308 -30037 9904 -19892 -31954 -21442 26618 5514 -6439 2963 -23501 -8299 19542 -3485 -7905 -24329 25197 -32139 26512 -29161 -2488 6766 -17445 -20906 -29861 31423 -8505 -18701 16347 -21840 13402 -30289 17201 -13429 -19874 -19042 4726 -12469 6409 10388 26212 10381 -22042
1070329489
13918 6593 -32267 -3305 -12551 -27700 -27324 16081 32058 -27398 13390 24095 25078 5413 -21233 10582 4036 26208 29195 15635 7061 26146 2125 1452 29487 -7615 -9681 22039 3086 12739 -19091 -470 -16482 -32760 29867 -17952 -24402 30973 -31182 -27711 26418 20267 16884 30563 -2696 -13267 28546 -22965 2836 22084 14243 -20502 1025 -26028 -11262 -26510 -204 28480 -17805 13438 3327 27972 -30290 16392
13919 18258 10458 20102 2359 -1476 31937 -29498 4134 29396 -24102 11481 11741 4438 -9757 26109 26728 5120 -27568 11049 -22624 19323 632 13726 4503 -2693 21678 -26743 -1204 10183 8437 618 26227 16198 16998 29636 -9682 24994 -12262 3176 8967 2496 9630 -9486 -17004 -23007 4002 -7275 -9105 21342 23363 31491 -20809 30818 -4427 -32583 -15755 32449 13755 -6304 19872 -23410 14077 18748
-824396302
26219 17203 30665 11538 22151 24637 31048 21196 15461 -10006 -21318 21592 -2241 17257 -2113 14816 3189 -32440 -18963 7168 12439 8943 -28701 14036 -13996 7845 9760 12619 -12180 -23628 25718 -32327 -29247 30078 27681 24623 31006 23241 -8739 -12664 420 17381 1140 28032 -28809 11712 -6551 -22647 5918 -4547 4701 20400 25690 -5090 305 25605 -32304 -983 -7134 29880 -13002 -26156 -15705 -20446
-30426 11817 -12426 12517 23114 14528 -15433 21903 -5594 461 24147 -17447 19373 1367 17375 24372 -8016 -23716 26888 -9018 -5998 -20639 11618 23388 -24951 -31481 10268 2392 14801 -10532 10587 8445 -3751 -18914 7483 30802 -11094 -1351 31096 12154 29524 -32067 12963 18105 -23610 25555 -30740 -14964 -3633 -27558 -7932 -3829 -18971 -13685 20652 8659 -21559 26258 4947 30614 28066 -4579 -13828 -23114
2547155830
26047 -23417 1504 15384 16579 25251 -8609 21913 3748 21176 4047 -11581 -29433 -11819 -5553 4403 29280 6163 9583 -14225 16262 -21431 -2596 -1592 32720 -12998 -8174 -23052 -23867 19391 -22597 19926 -18750 -2692 -32564 -22136 1523 -8979 22942 32748 -24884 -3039 11003 411 -31116 16614 25880 30965 -11525 -27705 18863 25 12507 30805 6091 8134 15172 -7625 861 -7008 -1706 8453 31354 25174
-24957 21795 26798 -845 -20500 -17047 10058 -13139 26833 6745 -3878 -7079 24452 25690 32631 -31198 -1828 3436 -14192 20308 -9929 23983 19385 20497 18407 -8743 2594 -29765 -914 23052 -29246 5665 -5102 -16894 -22586 -19152 -31108 16936 -26503 3528 -26223 4660 -29907 27115 -20840 -28977 17602 4365 -4676 -15276 5393 3256 6293 -6025 -18140 -25021 27455 -17715 26524 27999 24765 456 28141 -18466
699802226
-11603 -13908 -4124 24432 -31348 -21201 -14549 28569 -26793 17855 -5747 25247 -15481 -11064 -19598 -4913 9270 7624 15675 -25782 2491 25520 3966 1896 -9459 565 -8125 -6473 1636 -22125 9422 28440 -23541 3821 24032 -15897 17755 6628 -19958 16471 11120 -10817 -23765 5243 18344 2276 -25719 8691 -28236 2230 -18471 -12836 -15656 -21642 14989 -4570 -149 -11761 -4050 22141 25989 -26863 17550 20216
25811 -21631 26325 -22107 24386 -17868 -18940 26303 -3141 -28714 14882 24537 -5826 2785 -24940 -3503 -32458 31869 17596 25254 31659 -21348 26491 -25358 -10226 12692 -31933 -21039 15989 -27251 -9235 -11905 -10323 -10868 -14903 -24450 523 29028 15711 3224 -20816 -14980 -885 -31849 -15006 862 16066 49 26028 -26362 16329 12845 -2280 19376 -31621 9960 16213 18061 17909 27818 599 26315 -2618 18444
-2401686872
-16557 3112 14717 29512 -15426 -19451 -27800 8689 -4626 -18272 -16126 14620 -25064 11382 27720 24947 -25845 26003 26648 8265 18144 -5274 30823 1368 27278 -333 12681 3203 -27206 12813 6497 31161 -7304 -12135 21748 -23056 -28741 10038 15599 1489 30503 -13973 -9785 -6662 15732 -16290 9055 17430 26775 -17937 -9165 27106 22686 31495 -18431 -15444 -4314 2420 11201 -23235 3542 -11531 -32348 533
30678 -17559 12469 20267 -8318 13150 1980 20963 -18887 4453 10833 -23256 12521 -26621 7595 26092 -28843 -14124 -11682 -5238 31282 -16893 14691 -17102 28184 946 -31824 29310 -29016 -29757 15133 -19846 32026 19494 9846 12762 -5038 -16100 12182 -2590 -21541 -27922 -27174 10218 -11277 -12475 -4662 9796 7672 30028 18636 25504 10240 -12708 -578 -9069 16800 -653 -30297 13832 -29134 19586 -28931 -16189
1148655731
3706 -21499 -1547 6162 22237 -27846 25064 -13496 3322 8296 -11753 -10645 -15987 -9196 -26704 25834 1871 3948 -9496 11029 -7914 -20216 -3055 8525 -14794 19314 -24634 3323 16966 5542 -12986 -18638 6638 29157 -29121 17224 18709 3762 24085 16717 3538 -2626 29913 -13322 -7362 -10712 6586 30978 1621 28132 28880 29551 26511 -11719 13608 20789 -25311 -29448 2413 -10473 -29590 -739 -15161 -8433
535 -16660 13146 22435 -7546 2609 13355 -11593 -12071 -22701 32501 -9810 -20126 -6461 -4971 29314 -163 -21387 12610 2211 15538 -28841 -14184 12877 -6622 -15771 10137 14260 -2769 -11287 -7557 -17853 -25267 15028 7399 -14082 -32322 -23327 -7393 2389 -12610 -22504 -19829 -4283 21640 -14943 -24902 -4626 2831 4666 -6941 -30113 5038 27379 -30672 20830 2363 12512 -12655 -21313 -10858 -8624 -28199 4243
-649108790
-12984 -11679 -880 31537 8206 18330 -8789 25683 -946 -24047 -29009 26046 7629 17712 15830 -24965 -14383 511 -10649 -26848 -29489 29566 30191 -14586 -5569 -22195 7223 8273 -10972 27408 -24953 22787 29434 -8267 13671 -28565 476 18030 13600 -19823 -1937 16238 26613 -3060 10949 6190 2311 19092 -16013 -28001 -26184 -13680 -31787 12078 -1486 8349 -17928 -31365 19295 -19206 2142 28312 11517 25227
5282 31181 19490 -22659 7079 -7639 -12503 -32354 -1377 7813 -19870 -18439 -18128 25264 -133 21940 -7709 18249 29671 17957 -15564 -851 -32510 -16168 2719 -27474 12808 -8155 -21266 -18354 17690 3973 -17739 -20218 -8699 -11130 -30125 -11386 -29921 13105 -25142 -22261 26124 -13870 18321 3121 4035 16019 30838 21068 12096 16478 -4142 -14215 -26083 -4777 -27167 -26376 -18666 -12765 -30802 -25928 10070 8253
-4315137294
-469 6726 13830 14094 -24961 -1635 -32532 -4806 -25696 -30969 -2676 16756 -8828 17751 -30581 -20950 26172 23409 14075 23174 -14734 16520 -13229 19224 23000 12786 -30253 6752 -5288 -8739 7055 -27008 -25608 -1265 -11966 27822 -28320 12426 -21851 -6443 24949 -18183 9510 -23590 15514 -23089 23952 5082 7230 10458 29337 9305 5821 -10020 6198 -8000 -1675 17896 14157 -21085 -29828 -32230 23538 -21737
12156 -13819 17763 -2518 -13482 9580 31911 -10647 -10577 29288 32699 -27159 21565 -30605 -9401 28395 26868 -9673 -32720 -13905 -4839 -24705 -19875 -3678 -14141 7860 22995 30698 30681 26042 5910 338 -22 12052 8874 16622 12451 28276 -19145 -32727 28913 -22853 8563 -20029 17034 -30177 15724 31468 23433 -899 -3996 -20376 28028 32738 -806 18547 31611 -7640 16552 -15510 -803 15171 -30586 908
-1434596149
6444 -1151 8884 -1885 11865 25610 -23221 -18993 26604 -23361 23216 -2813 26911 -14696 -11236 -32025 3246 -10434 -26721 5621 -9553 -10808 -29082 30902 7612 32379 8402 -22869 249 -26055 -2217 23342 -8727 5521 -23164 3052 22322 592 -10473 3250 21588 25214 21252 -31057 -32400 -15290 -26550 9320 14109 8774 -9624 17886 15145 -25401 30078 14190 -31149 5877 -30396 -1026 21397 18939 -10454 -9212
30160 28150 -8681 -27261 24085 13374 -19314 -28495 10229 5837 -15053 -2722 -27597 -25805 8886 25117 9823 -29519 25946 -6170 -29903 22621 -4556 17603 -29726 6428 -1418 21661 -5401 -10900 11638 2532 4860 -4064 28934 17075 17531 -12924 -30187 5674 30953 11081 18698 -5282 29273 26352 -9193 19921 400 -23877 -20617 -32212 -19761 28145 22713 -11971 29349 -28564 -29532 -11021 -20622 19859 488 -17178
-144303790
31253 31924 862 -13893 -25557 -13173 17232 23865 22626 -5093 14632 -5754 5852 6028 2337 11337 13747 236 1518 -24664 13750 -3253 -32555 -18936 24405 -22187 24712 3928 -9912 31368 138 5156 5435 -16434 27581 24791 30776 6225 -1926 8122 -3093 -28469 -17072 4845 7120 11907 -7974 -13276 -10016 30546 14510 -10806 26658 23438 513 20944 -19327 1558 -19586 15744 -7936 -32555 32090 -24867
26858 20239 -32154 -2647 -23768 -5264 -14263 14656 -32669 17669 -29754 31106 -16138 6223 18526 -28281 29240 13431 -13149 -15508 22010 -4170 -25491 -6719 21463 -1540 24757 -11636 17131 -8247 -13091 13034 12396 -27838 -7211 -14079 -15722 -19723 29757 23012 -13090 3995 -5863 20285 4248 -27086 -16827 -13271 21299 23653 12281 22765 19966 7620 -2325 -11427 -24811 19620 -10493 -27709 -348 -5442 -24794 6802
3348814136
-15315 -16936 24077 -13772 -1547 28637 23319 -15068 891 -28859 -17005 -15717 -23416 -10862 3804 -10701 14550 -32677 -22822 18702 -8538 -7171 15909 22702 32248 -10203 28885 1486 10769 2219 -3799 -16170 -29752 -31076 -6503 14635 -11948 -12186 -20071 29217 -30408 -11010 24814 15817 24033 23539 -14635 -18857 -15118 10403 14137 -20873 28841 26613 2057 2453 29317 -31315 31466 -17362 27658 -21865 -4150 29854
23273 -32755 12516 30588 -30205 30939 25556 -211 25231 -28529 25101 30274 -6667 27186 13210 -7080 12407 16392 -25306 12743 -7179 7702 1213 12812 -14936 -27395 21508 -30532 15708 22019 -12373 17419 -29728 -20370 -9449 -16042 -21781 -7988 25810 -31399 16360 7614 6524 12144 -15067 -1613 21540 12541 -16248 -27239 9042 28620 -10174 17773 -25819 27847 1873 -9611 -12318 13975 11850 9980 -23586 9858
1676305869
-2105 -10709 -17238 6084 -11283 -29571 31416 -21435 18601 -18813 -801 29151 -26057 -32475 18585 -628 9122 -26473 -14130 -14150 11972 -13735 -24183 26134 -21426 -8431 -19873 -7762 26856 28515 -21480 -14759 -7879 15452 -10485 -4981 27042 -22654 -17743 -5797 2522 12759 3954 -6734 -10738 4378 9408 -28939 15525 28768 -10379 -20496 12595 7512 -15464 27737 -1469 -384 -12619 8620 -24329 20836 5070 20290
823 -21353 -12529 21007 16107 -22955 12995 -776 -12450 -31272 -21467 -26937 -6180 4498 851 -28730 10375 29172 -26308 3366 9233 -13072 -2449 16188 1100 -18136 15803 24707 23851 -2016 -21789 -18766 28004 1833 20683 -29804 -307 -32230 32099 -4290 -1631 -7320 -19052 -30024 29989 17227 28613 18257 -5069 -29772 -23480 -32289 4195 -24783 -30983 4683 21726 27375 29828 -2557 18652 -4638 18973 5167
1596349061
8038 -7855 -10373 -8422 -15653 16522 -4059 -6144 -3455 19419 17098 -9042 -6534 -3189 28604 -23156 -22723 12616 -30809 -14632 10547 20539 14579 -18873 30219 10154 -14197 -23415 16812 7141 6588 -4543 -22699 6001 14015 -15613 11999 13930 -16105 1398 31198 -16466 9285 3918 -11065 -19259 -744 18780 -9560 -21628 15803 24503 -11549 -25596 2304 23948 16527 -4032 -14903 21169 3439 24162 294 21912
32176 26164 11701 14218 25710 -22377 -10421 12199 24735 -18679 -8408 9931 -28549 -11643 -20571 -7210 -10280 28210 18042 26880 -9075 -6005 -28235 10478 -15191 -10565 18979 -7948 -32588 -30235 -24969 3879 -4426 -31250 -22847 -8572 29164 -15450 -31406 -25261 125 16933 16667 -14109 -20483 -1599 -12199 -28802 21152 -782 -9640 14006 26473 -6571 15110 2830 -2687 -23830 -17757 25232 16741 -24245 -11418 11821
-4225629712
7888 -2138 22621 29768 -18149 4713 -31807 31674 21212 -31686 27988 -21380 23388 -3046 -16130 17528 -27905 -15246 -11601 -7534 30464 4723 31830 -10416 588 28673 17990 6455 24188 -18838 29505 -29619 -30448 -24367 -2780 -28675 17374 -14518 6459 -4660 -24824 -18078 -32360 -7664 -28323 17603 -9417 -20480 -15610 22248 -28103 26049 -27992 21641 -1003 -31883 -18576 793 -14149 -6532 -28847 -12805 -12860 -4629
18918 5644 -6166 21995 19398 22647 30527 -22156 -32708 -24723 6621 -14667 -14720 1131 31054 -18074 31119 -27621 24084 -1875 -22426 -29612 2899 -14370 5588 7221 10013 -23251 -17210 19796 -18448 -21287 17494 12620 25779 -27158 28369 -3017 11488 -22035 10899 16628 -29207 -2249 6716 -24932 -17144 11709 15183 29397 30510 26364 -690 -9320 5452 -26764 10927 -29324 -28562 -10861 29612 -32284 -5838 -26480
-2417100660
-1569 -8558 16302 14339 -27846 -22193 -21228 32391 -23376 9868 26387 17809 14490 1239 7843 15022 -8691 25841 10506 -9451 -13862 27587 -11686 14759 -3307 5023 16548 -19082 14160 15237 -22365 -32420 25801 4098 -27404 -4230 -19588 11536 -14553 -27104 26006 1722 -7799 26242 28616 -28063 -15779 10190 1903 11640 -18814 20533 -24721 14195 -22740 20663 -13318 3356 -14170 1754 13538 -1870 1850 -8993
-10693 22657 -21277 15256 3712 -20964 26347 -28616 -20312 23034 -5891 -25062 27128 12464 26065 -29747 2935 22016 -4382 29837 -9039 26696 11519 -27249 11933 20373 20876 -6250 2608 -23060 8106 -29105 6558 -21723 -28902 -166 -26682 -30733 23787 10601 -25993 31163 5489 6041 -18697 19317 14399 -31247 19214 27678 14627 -10649 -10711 -222 -22351 -28564 -20837 -27057 3690 17172 3712 13573 -23571 30097
-1449381579
-28494 -2324 26521 29858 1811 -906 -13834 -28678 -18343 -10235 -13488 29025 26142 22248 873 8594 11527 25015 13970 29703 -24626 5699 28604 32190 -6778 7174 20916 -19628 -32350 27650 -20424 26849 12070 -26994 3769 -21903 21498 -23611 -16971 24402 -30813 31721 16814 -3177 -21047 -22123 14118 1631 3206 1617 3852 18348 23294 -22523 -6939 -18040 -25895 -23111 11497 -2839 -28030 -16545 6134 27321
16890 23937 10987 -24352 5021 4380 376 -3952 12162 1203 32122 14674 20734 3650 -15875 20230 17051 -8218 15257 -24335 -20468 -11985 18988 5359 -14017 -4495 21102 -21317 352 1371 -572 9070 5011 -15030 -25579 -26808 23637 -17176 12018 -15632 -10652 -26703 -14218 7082 -121 -18314 1313 -10306 -23331 -25013 13774 -18937 -10746 -20621 -404 -15187 23043 13171 -14286 18065 3679 -19795 10632 -11245
1379382973
-32509 -22226 -27755 -8940 -3757 -3865 23018 -15848 7357 18860 27291 4701 8871 -1368 -18736 11740 -15634 -29737 9531 -31867 25561 22765 -32221 24594 20102 28976 14334 12442 -12816 -19096 6784 18177 11663 -5248 6304 -10586 -14590 21165 -9623 20173 8 -10510 10777 -12754 -26223 32634 -15148 -11531 3438 -13630 -5477 6741 -684 -23626 17140 -16146 12266 -14386 -20264 -9882 5753 -5993 -29777 15293
-32661 28470 12567 10464 26064 26894 32173 -32102 -21793 25805 -25849 -16364 -22169 -7494 14122 16334 13293 -21313 -27452 -29650 28578 31881 26219 -16727 -3018 -15515 27157 -19457 -26003 31120 4592 -8860 -19204 -29261 -8534 -21155 -10917 26630 -26852 20011 -19480 -3142 12944 2290 -19574 9395 -7847 -29441 26394 -14337 -4170 -21357 -20516 22027 11558 -5725 25086 -4945 -25358 25339 27073 -19054 -2934 30170
5190420762
25956 14 -26533 21630 18424 -18016 20044 -4495 -22234 -3320 16664 -8088 -17153 8431 -306 9205 18767 -13193 -682 25102 18800 -9068 19481 -2808 23196 25773 -22611 -12826 -8303 724 -4647 7616 32209 10081 17071 -27309 18256 27890 14561 18003 8115 14160 -30727 12686 19397 17882 19135 19256 30619 9395 -26424 30601 -11620 52 1899 4943 -5399 -22714 25077 -14912 -17192 10446 8608 -30349
24424 26096 -20302 1630 -4413 9303 -19813 10395 7487 28073 27824 10050 -27514 31145 17269 27379 19444 -12126 328 29047 3094 17354 18683 19157 -15570 -14059 19466 -8511 322 -9495 -10705 6472 -15936 24961 31972 -25877 -15532 31539 16375 20437 -26474 15006 -13978 24315 19602 28770 -25783 21424 32401 -28021 3197 -20634 -30238 -27236 23436 -29019 -26376 -18321 16907 -20834 -3646 17781 9395 3295
7648396836
-20172 -25413 -7119 -24136 -17877 -25378 19270 -21261 -12354 31744 27847 -16761 -9121 32408 6037 -13029 -2472 13827 10816 -14653 23829 16150 -24063 1291 7972 32701 -24682 5505 -23285 31753 -30023 27705 -28885 949 -12754 8635 -2196 -17588 16776 -14912 -13679 6692 -22570 20437 13052 10693 -19060 3275 30371 22932 17590 -6753 -1731 20932 7141 16960 11640 31671 -12721 -7797 26380 7200 -5197 460
2951 30210 -668 -20449 -4896 -16271 3983 21138 -5459 -13069 12642 1778 7734 -18354 -25378 21055 32724 18275 -1523 16019 1298 9977 25348 17905 11152 17505 5789 -12612 7521 -1802 7367 -16949 -2809 -9596 11149 22253 -6885 20569 -22085 -1598 23354 9120 14135 -29748 -6301 -3607 8390 -25889 -18539 -28911 28864 2816 -22233 -9965 23918 -14930 19898 24830 19919 24421 -3019 2975 -4023 25218
-4831090205
31427 25208 32045 25675 -16024 12239 1126 29302 -24999 -12475 -8591 25052 -17731 -4460 20049 -8691 15747 -11531 1151 -27844 -170 -26999 -4047 21831 -23389 29727 861 16668 32226 4955 -5845 -12825 -20784 8565 9543 -30919 -14307 17624 8247 3240 5463 19108 28146 27347 -14255 24559 13827 -18323 8125 -11732 25958 -19614 16445 1167 29173 -1847 -3798 -31228 26689 -1709 -5052 13330 -18442 -13015
-20126 -6276 -20173 -7216 -10638 -4817 27936 -21924 -24793 -14333 -7915 -20553 30189 -11815 -91 3188 -8832 -16000 -2165 1800 -12751 -29543 -16683 -4532 -7961 -1445 29524 -2621 -23834 20798 -19783 2206 15408 -10330 -22275 23867 27467 26708 -22943 -27852 25452 22313 -12230 -6852 228 30011 12431 29109 12580 -16909 -31014 12068 -15243 21534 -13139 17119 4562 -32413 -8168 -8344 -26136 25662 26002 27986
-4088808321
32086 -4306 19578 -24984 2017 11573 -26344 -8941 -364 -19852 -28507 -9914 -4476 -17273 19841 2594 -29580 4685 24262 -5274 -20646 -10390 -24056 20927 27698 22459 5452 951 28853 32062 3366 -26564 19640 8856 -19946 14877 -2536 -9803 2531 22157 -22324 14341 28692 9408 4339 -32481 -5696 2430 14282 17856 31756 -19094 26284 16500 -20478 -26338 6890 -10580 20631 4770 16131 30680 24838 -22226
-1804 -22701 -16821 28669 -10023 -20309 7118 -30418 11223 -27756 23380 -17335 14921 -28659 1648 1304 -2627 12181 -2776 -25226 -11305 -20639 -21422 -32482 -31823 271 16663 20347 11920 -24986 -22080 -10459 4934 -3506 -3657 23833 -3134 16187 -212 -15243 -25574 27488 7961 18374 -29594 11210 -3807 32098 14601 26035 -5494 -23461 9223 19972 -29804 -13635 8225 -15754 -29387 16755 29377 1626 13650 -12982
3119714557
-24736 -3774 27383 21782 -9619 30670 -8254 23856 27993 -10686 9898 6356 -22713 6330 32302 26581 13171 -16049 9621 -22446 -8326 23224 9819 22891 -15487 29873 -11507 12417 18846 -23630 -28643 -4017 2143 -4659 127 8093 30512 27839 21097 -29765 -285 26921 -420 25227 -699 30563 1817 -31352 -25185 19165 2109 18824 -2085 14011 13373 -10544 -16530 31475 19627 16082 -2468 -9615 9087 -8563
20298 15010 -13687 -19516 2233 11036 10819 -19095 10017 -15595 -32335 -25568 -16548 -25313 -19219 16431 23236 9203 -31034 7733 26664 -15633 30810 3610 11215 -14932 802 4545 -13880 -31548 -2999 6678 -10942 28263 2310 -24774 1848 -1884 281 -13834 -16076 1119 -4217 24569 11126 -1703 3875 -5123 -26583 -27699 -4170 -26510 12115 -6194 23030 14420 -16946 -10269 -27379 -18777 10547 -10499 28350 23280
-2377815002
24189 -371 26849 -11368 -2734 -8586 -17802 -27128 9063 31669 14744 30903 -2144 20890 7285 -477 -125 -31195 23016 -19833 28329 19396 -16406 8017 29173 5836 -7462 -29993 32558 25570 -24466 31835 -14943 19160 -11334 -21920 24906 -21326 7125 -552 331 -24736 -11910 21695 11562 1842 -24193 -13560 -31018 23259 19695 340 -24596 -16698 8062 23632 20081 4369 -17312 17955 29963 -23912 28973 -609
-24815 6307 23364 -2258 -17396 17266 15804 14821 -16221 29244 6907 25188 11422 27371 6919 23165 23413 633 -22489 8551 -13751 16259 27281 32638 -4781 22096 -5548 9077 -9071 20495 8389 20790 28459 -12091 29692 27947 16256 2430 12303 31124 -8017 29187 3421 -31541 -27994 16539 6497 -16714 -25778 20199 -6208 -30706 -14011 -29860 20991 -31285 -30407 -11536 -21886 4131 -22886 3579 -21992 -3222
-2074329611
-15462 -25198 5057 14258 -7576 -3955 25213 -32663 21973 10472 -21177 8332 -10028 8196 -841 -22419 17181 4996 28592 10000 -1720 27242 -30984 22303 -7754 -13398 29721 -6795 26827 -24358 -25874 -20241 7000 -23676 17980 -25671 -8515 -20251 -6780 -13556 8655 24994 24198 -31054 6358 -12400 12122 17999 -17243 -7125 3658 23128 31782 24294 14791 27123 11557 -5582 334 -9853 27122 -10667 -26091 16291
11293 -6712 -14337 15270 12336 24787 -4140 -18134 28929 7857 -17496 20117 8849 -22624 -4701 18768 27304 -19991 -9704 -19223 -12051 -25782 -29770 8397 -31221 22228 -30633 -12455 11742 -20161 4925 5939 -24928 -30363 -10288 -8634 17389 13105 -4320 7651 30212 -28150 -117 13658 -15371 -12464 12239 1728 -17347 -10428 2387 -22660 32667 -24477 6096 -1156 23222 23172 26854 17606 -71 23158 -11949 20155
1192291269
26701 -19727 206 -30976 -16810 -10947 -12953 -32185 24353 -20613 29108 -10022 -16512 11731 22039 24643 342 -12295 -5000 14105 21763 -29411 -23481 -14493 29573 32651 12897 -13498 -26409 -14806 1864 -12720 16957 13538 9905 16136 -7906 7836 -21673 -28140 25391 -2265 -964 -24168 -5936 -4816 -24494 -5842 17274 -19306 32591 20109 -16551 -9373 32694 -4149 22349 -3781 27657 -22440 -1450 29207 12725 17384
32467 -11446 -5208 -27848 -20701 16347 -30648 -17384 1106 31552 -16164 16548 19524 4563 -22449 -17836 -29648 -27031 -7222 30409 -11708 -32207 5783 23385 -621 -9273 -16137 -20498 -30136 23562 14018 -7780 -27952 5679 21296 16336 2260 28658 6392 -10073 29141 17893 -29603 3538 2980 -10837 -7807 -31975 21360 16393 -11372 12971 10239 9963 -18637 -11397 -31649 21322 -28171 20571 -8018 28754 4650 -17567
1119684102
10751 -24820 -2485 -9106 -9681 -25168 20698 -26318 3972 -24897 -10836 30387 -14527 5168 -10347 23807 -22202 18756 4235 -14028 -3001 -24566 13061 1567 -74 26465 23595 -12700 -29485 1590 -212 -4347 -1042 -13914 -13223 25472 27869 1585 -8148 25037 25462 11474 -25719 9866 7248 2875 -29308 -21740 2177 11997 15705 -11644 -29284 -26037 22595 -22596 -25599 7669 3634 26553 3453 10003 21913 -28444
-15947 -15227 29377 25408 -12296 26439 -29388 22918 -4244 -761 -25893 -25287 10075 20757 -21332 -833 22932 26643 -6468 6138 -28285 -3810 24129 15862 10965 3797 1255 -4597 -928 7898 28460 -15212 5437 -26567 32157 -13862 23699 5477 2675 -9165 24258 29630 -32631 -2199 18928 -32075 23053 -31409 27518 -2373 -27717 -7995 13304 7052 14643 16202 -30796 23856 -26995 -11328 11280 -23733 -19609 26013
-1380312745
167 22777 32379 -9675 1378 -18809 15482 20820 13069 -29315 -17970 22114 -22976 18736 6877 18105 -2603 -11697 32522 6282 25931 -14166 30543 15775 -31349 12775 21371 8250 30868 -242 -17394 12180 18018 -9711 -17771 8011 -2062 26315 26215 -8629 14780 -19689 -3291 169 -30874 -739 -4994 -22316 10170 8686 26696 -18816 22456 2937 20583 -11652 -7259 -25465 -27252 16774 -6853 -6278 -32051 -17893
-10506 -9700 -1929 12561 -3417 9996 29194 28056 -17879 -23711 4794 -1567 -16234 -31873 32326 -23888 3668 -12684 4253 -16848 -24685 7214 -27458 -16805 -21180 -19541 17329 23161 -31616 25202 8478 -14280 26966 23092 -686 18747 7853 28 -5845 -6764 13396 -10720 17977 26232 -14940 11384 11599 25842 -25467 -10107 12191 -27128 -29477 18846 29622 -20541 -10263 -26894 32645 21715 21836 18934 -20940 4476
114868510
-14132 -15820 -20112 -20247 19315 12610 13816 -19033 17449 -29034 30065 -8084 4467 27622 -5710 -5331 -13405 -20040 15806 -28067 27038 25604 5297 9853 -17874 -17913 24603 20347 -23281 17547 -12871 16388 30812 -20960 18515 -22573 -24962 -12847 25671 15414 -11540 -22660 23360 1190 -22537 -9518 -24508 1982 -7272 5358 3560 -12328 32224 -31703 -13280 25847 -31120 -1408 -15727 -14387 -4612 -4441 -24458 -12430
6013 -8220 -28229 23491 27478 30589 8884 -16159 -22426 -29028 -20236 -9887 -29171 29104 1496 29742 1371 -10015 32301 5676 29737 29600 28029 14620 14058 25605 -23128 24134 -7409 22385 -8530 25831 15723 -16496 21506 16864 -16765 -12945 12700 25272 -3349 6538 -22268 9387 21631 -4273 28275 -16658 25191 32244 8313 -19799 23347 -10244 -6504 26206 -8395 -16244 26831 -20273 28876 -29983 -7217 23464
7111435683
-32652 -177 -23493 -14810 -6311 -31490 -29188 -31530 -4640 31379 2153 24252 -10371 -29192 10994 19289 -3097 23974 29761 21509 27238 31555 10823 27135 -6310 -29595 10606 -4507 -20485 -26348 28332 9327 17999 -7636 -11328 23955 -1052 -19206 10505 -19648 15403 23947 12019 2816 17396 -29006 10061 31529 -5935 -17968 -18469 30335 -26446 -16872 9846 15611 7845 -17429 981 23744 -12860 -19720 -10012 -29426
15384 15535 -13302 29552 14526 32221 -23461 -28815 29640 12289 31206 30800 5678 -30322 7333 -594 14137 18363 -14855 14947 -352 20127 -1217 -25202 12265 28709 8044 28443 8698 -7139 5814 -17461 9137 -723 11764 9626 17866 -25223 25716 13835 -10213 4246 -796 -24600 24065 31338 -5228 -7673 -28111 25652 -12064 1665 9687 -2000 3354 -11081 27457 -19965 16157 -9060 -21009 6301 31794 -23407
1369878959
-11190 28899 -14689 -10769 -18199 5934 21323 -21995 13085 -25329 -6163 -16224 29768 4225 32447 14103 -5119 -28390 -12156 14018 5453 27550 17877 11267 -23489 -6531 19034 -20180 6307 -14053 5393 -5013 1951 30620 -7968 -8280 141 24726 384 -9993 30402 -31050 4519 -13947 -25534 -9958 27669 -14410 25545 30602 -5454 17305 -15084 -25854 27313 21719 -19353 -14244 -7606 -25313 517 -16801 30799 26598
13223 12751 -7951 -10592 -31639 -12880 -16655 22465 2185 -19942 3228 -20612 11933 4773 -21368 -1143 -22664 17790 27568 28291 26214 1396 -4920 17197 26104 -31478 -24866 -28833 -24005 29580 16531 -11122 11169 -17123 3721 9284 -14969 -12069 -12139 29196 -1298 21479 13764 -31721 -26139 -30862 -21381 5917 15863 23000 -25574 -15165 -22911 24194 15649 2055 5491 -8483 -22830 25165 -26875 6173 29845 -10171
4750530
7434 -7635 -10682 7525 -20878 -14786 27213 10065 14511 -26878 -7709 2598 -30515 15776 20936 -28939 15086 -9920 7034 5295 5556 24860 -29154 -26269 23170 -29904 27562 1036 32648 20423 5247 27071 28699 -3805 -28718 -27523 -6650 -23023 12705 1011 1415 24462 31791 -13777 24465 25393 -13801 22736 -11814 -31140 -10244 -31526 -12229 15226 29833 -2017 19578 -5020 -22738 -6480 27406 -885 -30764 32064
25694 -20200 18338 8637 -584 -25228 -20858 19502 15260 25046 -8712 19037 -30013 5126 -24055 -21189 -9796 14249 3077 17792 28919 23388 -13255 25661 -29608 3436 8849 28144 -25021 -2712 10110 31681 -1963 1769 22574 10434 30163 23184 28522 6990 29521 1788 -10090 -12449 32670 -2180 -28054 -17657 -16336 -8823 28435 -824 1396 -22713 16583 -10682 -22517 9120 -22618 8355 6082 18467 29140 26136
526938697
-22435 31165 27907 -10108 17955 28400 21298 20928 -5399 23519 8610 -22796 -1066 -16912 27944 -5748 19531 18036 9556 28609 -20748 -4750 -28588 10051 32248 12387 -21959 26283 -4566 -576 20540 745 -12555 -17862 -20431 27685 -26277 20560 15893 -1835 -19148 732 7651 10496 -22123 28723 31550 17879 -7280 22625 -7559 -6617 7104 -20312 -27151 14109 12049 939 20901 6291 3491 8373 18513 -5160
-6773 -1097 -19286 8543 12510 -1331 10042 -27957 -13874 19826 -24240 -22417 -5689 -27507 -22893 -14537 6727 7544 24866 14482 -18237 -22227 -29499 7350 -24656 -2811 3430 31572 -14834 -8900 12980 -25660 3137 -7030 -5290 23987 1654 9436 1854 7504 26488 20880 25184 -20161 -22093 20170 -6244 -30606 -11205 15305 12761 -12658 -8054 -18764 6935 -12834 28229 -12629 -3029 -18472 -9416 -5590 32515 -3792
4530801120
15744 -7652 17902 16813 24007 6373 16274 29885 26711 -13145 -17373 18733 13369 3840 -905 26692 -4852 6445 30485 -22260 24288 -20163 -3869 10366 9810 32766 11868 -18912 21005 -1447 -25007 6846 -22621 25858 23672 -13310 27349 -12355 -27516 20837 -23286 -8987 -2701 -8006 -17204 -2707 3190 -27596 -6543 -12043 14478 25792 15077 10014 -10593 -13536 -4799 16203 25647 22978 -23606 -1090 23686 -16459
10784 1731 -28687 -30832 -21403 -13697 30891 15531 1650 -30607 -826 21641 29217 9220 -3627 22468 9606 -2459 6142 22936 -18860 -20513 -24043 17865 -9082 -15214 16097 -3503 -16879 26548 3303 -28991 -28133 22953 1322 -23688 29191 -18124 32278 16989 1307 -9595 -7504 4272 8388 23375 1754 -9553 1703 -12449 12188 -32431 12474 -29213 8434 -16685 -4367 16142 -17611 -30570 24834 29390 -28729 23008
-640967213
-4888 -30458 7912 212 -19731 31230 21598 16473 -26666 -24277 -13615 -11045 6394 -19755 3384 -31215 -14904 -8498 -29403 10122 -5724 14772 16034 11562 -29355 -25995 4601 -7925 -28631 -2584 3977 -12498 14467 -18887 30391 -31201 13623 -14560 -2018 4064 -24556 9199 26455 -18213 12319 -30370 -16347 -19012 20853 -32447 -28578 -29669 -31018 18337 -15606 26499 -10065 -27290 6196 -29520 29073 12273 18203 -11987
-27877 22568 22097 -7089 2333 8274 17678 -28091 30905 -28138 5695 -1151 11323 30564 -15445 10391 -7764 -7481 -18023 29069 -10448 -910 -19013 -28125 1203 -4318 12281 18813 31924 10433 -10208 -11895 -21336 -17671 -217 -17671 -11191 -11012 18221 -21747 -31311 9450 -32002 -12508 27998 19554 10432 -17211 25397 -7302 -11995 32654 1367 19701 -20021 14816 -16474 10610 1110 -12855 -8935 9264 30361 -15511
827893676
-13885 -24341 -21635 20670 18426 -910 -563 -14303 -4853 -453 9438 32220 5549 32344 19138 -3906 -14879 31389 -16999 -7360 21077 -8604 -26616 26868 -19701 30635 172 11896 7108 -17644 -18810 4518 14712 -16242 -19019 25406 30670 174 -9059 9867 21889 8516 -13450 17959 15023 -7814 28665 -10697 -26937 -5736 31568 9463 28139 -6776 -32177 -31635 -9519 -9405 31113 11993 -9591 -24925 23284 -30596
-15698 -8362 32444 -17047 -2687 12930 10484 19274 -23804 21565 17429 1682 -5416 8376 -21076 25370 -8298 -5174 -4895 -9790 -5421 8511 -27849 -32426 6411 -15553 -20510 30362 16387 -3614 -14804 -5421 14543 -7833 31712 18215 14268 -27764 15215 25910 4792 -10916 8173 -3056 23458 6771 -31840 -1315 -14842 28825 -11859 3576 -8226 -4718 -32454 202 -26748 -16305 9678 -10896 -1928 -29504 -11525 25217
99273840
-28162 5561 -28485 22138 -27776 21081 229 -24007 -6392 6176 -5589 -31314 2044 -25035 32391 22890 16173 21372 -27448 -13380 11534 -17674 -19283 -14338 1205 10175 -13668 -19631 26800 24156 -26979 8965 -26077 25477 -19815 -9735 28213 21160 -16646 -2290 31482 -316 -475 29421 -8976 7397 -31356 -5986 26603 -6363 12883 -30066 18133 -31958 3381 -1139 -25669 23391 -7175 -31351 -30814 9793 -31727 20908
16480 27530 19245 -3059 26790 -4081 -3139 13185 -15332 4034 16945 -10761 29187 23173 5809 -26405 12815 -3643 13918 -22173 -25976 4333 -5254 3259 14756 -17676 9086 -17252 -21453 -20927 -3595 23290 30443 25588 -3684 30559 -11345 4964 32320 18236 21089 -3548 -27595 3411 1489 -11370 -3599 -22767 14430 -6530 7249 6337 -25089 979 25087 -26762 -7615 9392 -13779 -3455 -20770 22797 11153 16516
-2442329914
-13234 8160 -25928 -18090 -2476 -2580 -15755 -32617 -23148 -27969 -27013 4987 -26188 4129 3913 -1361 -6060 -16602 12703 22470 -22450 22475 -20170 -13006 15407 9041 -27504 2 10177 -3008 9345 1334 22835 -32329 11781 -601 -6772 25522 -8475 3668 -26642 -3557 -13295 -3023 -2320 12713 -14560 -8599 6833 -9945 22139 -18713 32363 -4824 -27219 22897 14072 19075 -16209 27970 5667 6348 -19234 -32255
19987 -18651 -23790 20201 17796 1559 29913 -18900 18656 5180 3282 -2814 -17038 31371 -1848 20718 -3664 -2229 -23157 -6782 19158 -12440 22843 14889 8511 -25303 -11150 -24067 -17449 -26860 -11369 -1477 18814 21206 2951 15789 18708 28177 -16970 -19685 -5594 1856 -22706 7853 14079 20772 -11406 26364 5815 652 27238 -24906 9636 -26405 -15991 16139 -8528 -24325 22580 14216 -7406 -17002 -13906 22857
244256745
-30395 2826 21577 8383 26290 23902 23151 -31988 -13948 -24608 4910 14528 -3905 -13156 -32767 20744 823 -30193 -15531 -28018 -12185 -1327 14845 5928 -432 -23768 -1431 -3571 -28181 -11443 -27288 8983 19403 10192 -129 10722 -8130 10015 -9792 32136 8700 11444 1589 -12812 -8651 15978 -32105 26610 -1424 -31514 11453 28102 -30409 23282 23551 -21831 -22886 14153 1319 15222 -13230 -14354 31468 -26529
-3873 5395 -20586 19860 -17321 19929 -6404 -6458 -32645 -18711 -20908 20465 14666 -25319 13512 -26681 -5752 -3254 -15202 8701 -3152 -3986 -4216 2113 2528 -14001 17724 -27330 -1580 -28332 -3463 1631 10237 -14078 -1178 11721 15746 -26892 -6052 9401 -16503 -18592 22725 5243 -3689 8768 -12963 23915 -20224 18558 -8271 -9214 -6840 -15148 -29622 6661 -5534 -8437 25458 30554 4646 21535 -8743 -28485
986491468
16367 -26964 16301 31267 27710 -16927 -19281 24719 13826 -7940 18976 -3717 30763 -20070 -22249 26111 14720 -30848 -21283 -14435 -10296 -12556 -17547 -23786 -24614 32305 12497 6455 24779 -28485 -27228 -749 -14849 31618 5789 -28017 4417 19481 8230 -6876 18814 22023 -27317 257 5362 27222 30901 28499 4637 -10632 23871 28123 -15289 32042 -15506 -263 16815 -24732 12956 -819 -13768 10603 4952 8972
-28566 -18284 6917 9729 16981 -14018 -25127 -21717 -4063 -27108 13384 -4582 27767 17553 -31406 635 20317 -27892 -30066 16167 -26656 6382 26837 12577 19985 -13371 20244 -7954 -14853 19293 20359 -9204 -4951 24469 -3356 1474 -5092 29636 -4423 2759 -26349 32484 -27725 21639 2072 -1676 31909 -29616 -32204 -6688 -30092 -2499 9358 -29977 31123 20583 -31940 -27069 -26859 -10593 -13827 -17938 -16074 804
1186646558
-21507 10569 -25539 17700 14183 -30251 14001 25166 10692 8644 5374 -4314 29987 -26893 12947 14953 21084 13665 -25515 28798 -7631 -6129 -1250 4590 32396 11356 3681 3906 32492 21313 15858 -3497 -8406 -11031 5675 18968 -16106 -22772 6163 -7845 8380 -29803 -21137 13572 15024 -25908 3581 -30353 -16896 -17102 -29172 7154 8918 7154 -7139 -14766 -17305 13398 12962 18883 18767 29566 17697 -1393
11851 31993 -19080 27782 -3740 -19664 20874 -16050 -15893 -22166 -28635 -17711 14925 -22997 23915 -19892 16221 -21876 11275 -22995 30717 -29969 24330 -14905 -12037 31056 30144 -32523 -29897 -14502 -4049 -26802 -18157 23848 -22689 6420 -10394 -24937 -8117 -13830 24576 4531 24453 -11126 -11522 12364 23194 3406 12601 13214 -2010 7341 -20443 -994 7098 9576 -1069 22321 -27482 -31069 16777 13548 -12435 -30649
-1460005789
27982 -29142 9337 -31057 -20450 4810 -14312 -30290 -16357 112 -7045 -2905 -19294 4997 24235 -17533 -29124 -8535 24619 -18213 16277 -30748 5000 23739 -2515 -27261 -18410 20965 12122 -15221 -29631 -30669 -16494 14510 8005 26234 -26979 31499 -12774 -31734 -24214 -26529 583 19668 -6172 30291 -19171 11243 -16925 -13683 -16987 27877 11800 -26438 -21322 19058 24065 -28576 -28592 -22401 -21563 -2708 20317 30270
-17508 -30010 -4997 -24482 -7836 12482 11479 11877 -7545 -28114 30199 19378 -22618 -14728 25921 -23833 13749 10651 -25280 21499 27838 6726 16019 17151 -26227 -24609 128 11826 -14322 -29959 24635 -4355 20844 -7949 24351 3693 9684 9536 -7893 20725 -1978 25308 -12044 9511 -15677 -17963 4071 -5285 25134 25820 28853 14647 -20674 -9533 -24361 -29876 -23648 30495 -1529 21110 -2269 25613 24333 -25596
-2834937419
4821 8601 19924 5785 -1263 -23401 -13410 -17304 3388 -18174 -23058 18741 -14560 27230 -8421 -20682 10756 -24158 19004 18960 11089 5492 -31649 -1531 11617 18244 -5083 8364 10214 -21864 28031 -28523 27825 15431 -17003 11108 14422 26271 -27719 -18197 6597 -21733 -9248 -15942 -27126 -7461 664 -21639 -4311 20525 13411 -8189 -29613 11787 9316 4974 -17535 -14835 13330 -24293 7632 641 -15838 -2657
26895 22382 -7771 15041 -16325 -3005 -12547 16019 6941 -26992 5739 -1949 -19981 -19763 31458 -32199 6700 27784 29509 27272 -5528 -24999 13624 3995 -25380 14771 -22478 -1848 -7088 -6097 31355 -15465 25198 10773 30886 3240 27316 667 -2335 1467 12092 15319 28251 201 16584 -26714 -25488 -9535 -22625 4225 22972 -18604 15344 -8291 27359 3527 504 21256 10904 5792 -27562 16329 -28483 -4698
2590692622
-5149 17909 -1725 27494 9452 -9306 9237 11437 -28322 3683 22076 27994 -26311 -32596 30875 18480 7893 -9268 -647 16375 -26864 -15842 19038 527 -5761 4124 11738 -9026 24849 -13001 -1297 -26662 26642 22236 5757 -6392 -5896 -27867 -2268 -15522 -4435 124 5142 -17065 -22891 -23112 23210 10544 -20811 -7266 -21388 19081 -7246 27398 -6407 -9881 -29010 17815 -30596 22604 26072 9606 -13540 -9069
28900 24424 -10008 -25629 2697 12881 -5471 19569 -4842 -20337 -3157 -22189 -30686 25120 29504 4156 -26337 21773 3521 -32672 2299 -11219 -19951 21144 -28254 13208 -16083 1039 31359 3487 27270 -15972 14483 -22627 -15911 5636 -8369 6271 -3764 -4211 28370 -2886 -20100 -29123 -32110 -13874 10837 -24032 -1432 -15434 31797 -24454 15756 -24052 7590 -29496 25354 -29258 -26789 -10389 7595 -20587 -311 -23766
-990542922
-19756 24471 -488 -25297 -24031 -26011 26039 -18107 -1980 -27543 4797 -30962 -24400 20581 -28929 -24638 -8749 27214 23607 -18642 -32458 29514 -8793 -6046 17422 -23622 -19803 -31695 -19122 -960 4395 -22525 -5521 -107 -28098 6844 30168 10467 23207 16937 -24916 -14545 17660 17838 10485 22911 -22780 7424 -15825 10786 -29256 -10639 26367 308 -11628 -7144 -23603 -20562 14665 5617 21358 5122 -24673 -6608
6942 4295 4567 5539 -10119 -7505 -12318 -28663 -22710 26331 23292 24149 16605 -19056 -10661 1935 -9022 -810 3939 -23010 -21465 26601 29838 -15310 -31578 6082 -28596 12932 5813 -112 -10290 29060 16610 24479 -18462 -4503 22397 -8793 21945 -1162 -19673 22078 -12312 -811 29084 -14178 29657 -17731 -22615 10564 -25425 -15711 -7987 12686 -19575 12912 -13234 -15389 -30637 -11735 -8352 -5257 25554 26619
142227766
-6522 17292 12757 -3923 -31780 -6761 22190 -12964 -30683 -28131 -14648 -6246 -1720 -2759 -24442 -8 2719 32292 -12219 12793 8740 -14132 20381 21688 25537 -26235 -23261 5100 -17713 -15322 -18085 19444 21381 32557 -18508 12752 -29096 -25836 -4581 4051 24778 -23940 14384 -26041 -23413 31423 -9832 -6898 -18608 -21932 9924 18023 10395 29484 -18870 6980 -7582 -4292 -21151 -17098 -13719 18106 -5520 19311
-3737 -21165 -16914 -27134 8898 6911 -11873 -22666 4341 -29095 7028 30144 25069 -15010 1166 -27560 3396 -32033 -29094 30164 -30936 -6195 -19254 -11944 1792 -18474 13441 7866 20457 -2034 -29835 -14362 -19500 -27928 -2005 28769 -4255 -24938 9545 10778 -22582 -9976 21204 -23465 -3434 -6361 -31281 -11309 16025 8995 3386 -12647 -25243 10061 30976 21704 13463 -14708 -17975 30397 1165 -20575 -30827 24879
-1614800154
27083 20207 -16516 5073 -2077 13985 4320 -6079 -14379 30874 24564 11038 -8452 -15729 71 4021 -10739 20664 -22476 25332 6395 -14301 24162 14686 16032 -13622 8819 -7226 12696 3584 -2038 -13206 -3103 -2620 29486 16401 32679 -12863 6078 16646 -15640 -25540 25586 -22438 25465 13356 -28351 3481 2019 -28200 821 17175 23646 -4992 20896 -27811 23213 17509 -3131 26793 -24323 -17588 29144 -17280
-113 -32272 -14219 -8814 3139 31818 -19188 -31701 -8965 13899 17794 18207 -6996 -4619 -13232 15610 25655 3699 -12513 -17699 -23128 -30457 10146 -18571 4896 -28543 19934 -18574 13932 21581 -23955 28726 -15672 -26742 25000 -31421 -15488 -24151 25686 30229 -2948 13068 -27045 21550 -4564 -21527 -2561 -13277 17774 -7376 -2337 -5356 -16878 28920 24688 -19391 -14513 30440 27527 -10281 -32149 -5625 -4670 15056
2012393329
29923 7376 -17854 -21168 14820 19431 11937 -25057 24762 -12939 23694 8536 10780 19927 26738 15103 7442 27367 -10797 -18532 31146 20014 23156 7445 -342 -7876 15975 -11260 -21349 30722 25783 32351 -14992 17969 12051 -23703 23788 2614 22988 31620 -13347 15399 21439 -845 -28609 -15022 -1880 -19586 24077 -12695 -6879 -28524 6520 541 -3479 23828 2944 -21118 -11831 -26211 11162 17449 655 -25481
-12156 6202 21776 26353 17556 -10109 24912 9840 13113 -16508 -14378 -23251 -7310 25012 -4461 -27652 12622 -14525 25404 21380 6727 -4900 25095 21485 -11768 -13261 -32281 -9139 10220 -12744 13094 13112 -9456 -24707 -22327 -4302 -3720 -305 -25295 -15984 32201 28151 17089 -17687 22338 6194 -13729 29274 -2697 -26481 -29737 2143 26289 -19303 -22122 -3659 -8882 -20384 12481 -11557 -8538 -32092 -29557 -10123
-3373808822
-10223 -5878 -22485 -16074 -24313 -1819 -10848 4217 -21441 3496 -28858 -21002 -2794 -20415 1630 -25533 4417 26424 -14131 -31813 14942 -9451 14249 -7738 -23076 6877 -24156 23649 -15812 15207 -22875 -15115 -11243 1178 -7475 487 -15593 3006 4254 -31034 -19771 10325 28659 -4400 -22385 -22970 -32404 -15279 -25824 -976 30452 -26772 1389 -31516 -3559 -19389 29334 -4640 545 15752 -4889 -26832 -14916 -12936
-10368 9523 23305 13515 20892 -24620 20751 -17225 -7813 3387 24485 -30395 -21977 11406 15847 22966 22581 -18412 8880 22520 -18875 -14038 7524 8685 29043 16144 -8899 29651 -393 -1223 -12439 -17654 17629 -15703 -5146 30596 2009 -3723 -23197 26778 28015 -11139 -29935 30964 5142 15614 15039 -5139 4175 22405 26200 -14139 19465 17189 18000 13220 14461 -31128 -30471 -11159 22012 3773 13152 9120
-6131374683
30446 -15251 -14457 -1334 11151 21512 -3769 -25279 -31797 20746 -24146 3314 -31580 -233 -25206 -20609 -19820 24670 14160 31220 -6196 13119 3330 22383 -20473 -24236 -29299 -1831 -23061 -22185 -9007 18450 -14425 -7126 -23431 9935 1007 -30414 3545 -23167 30491 23976 -3982 3022 -29794 6068 21392 18331 28645 -30770 20501 -15809 5848 25643 -28800 2151 -1470 -1383 -11041 -8283 -15903 3704 -30638 1739
19701 -21571 141 -21127 22329 8775 2960 -2975 3523 6197 12491 -18256 27310 7551 26605 31002 -7137 -16573 6705 17967 8184 -30186 28335 -32674 13260 10935 -32565 -16076 26919 25623 15231 3132 10247 5205 7094 -1121 20782 -28952 12994 27861 -20390 -13681 13935 24590 -25064 -32090 27154 4729 -14092 -26033 -29061 -15497 -31166 -31486 26686 -32298 22398 -8705 23385 -27163 -19929 -22277 -8914 -9605
-3695199807
27206 2136 -18825 -31594 -11073 8635 30154 16605 -26604 -3250 -18310 -7055 -11970 -7073 -18452 3142 -26121 -16756 28573 14107 27613 -26217 -26480 15991 -19495 16819 -6886 15247 -29266 2122 6449 -20918 17711 13211 28910 5640 -29658 -27894 14596 16562 20370 5265 2460 4584 -26460 -20514 9833 -12126 15448 -25607 -18262 2467 -13739 -27569 -18758 30281 2432 -6976 22659 -32045 -9730 27369 -8079 -23003
17748 -8054 -21885 -15274 10408 5142 29369 -24156 7984 -22083 -26484 -13855 -13776 24667 -8113 -23939 -26488 6498 19464 20447 -5344 -17298 -16061 -25366 3462 -14930 -19774 -19057 30613 29041 17223 -5923 21460 -31726 6716 13443 17078 15202 18489 -12688 -28793 -10831 8796 27353 2742 18572 1836 31335 16427 -7413 4797 -3948 -8812 -5377 7601 10965 -18513 -13018 4785 -26977 25732 25313 -9532 -21469
3846780858
-22552 -8839 -2541 20773 -20448 13310 -4557 -19410 -13488 -511 11735 8777 17113 -21933 -1874 -24312 -384 20810 30668 28867 16040 4063 8156 -9439 3884 -29447 -16923 3329 32274 24951 25532 30287 19045 25045 -28349 32126 -7069 -9386 2028 -17687 6081 4808 20484 -9041 28733 -18518 -11598 -21553 -2228 -21520 -920 8529 -23139 -10899 -6781 -31304 21334 17309 -22930 -5040 -6595 22995 883 -24093
-7706 31558 18032 9247 11968 -16720 27092 -7091 -15141 -31221 -10910 23263 -3485 -9517 12726 -13801 3498 -27606 7471 26661 13499 -1972 25748 -4221 -3393 29269 -10861 -8631 -27071 12394 -27809 -13231 -11466 382 17071 -17375 -17437 -3261 -8994 25221 4905 20407 -6991 -31485 -13849 -20764 -17514 23637 -32735 4919 -3350 29213 -24714 26869 -21731 -3389 12228 -15881 -19783 7132 16292 28495 30186 -11216
-780393505
30478 3387 19571 27127 -22827 -27360 -22353 -13708 -28876 13161 -10566 12424 -9438 28986 23041 8741 8929 -17438 22588 -28690 24310 30578 -32400 -18210 -25716 -23114 -1585 -1416 -10337 19833 -19807 4005 19038 28393 -26649 2392 -31201 -10839 -9694 32681 -9701 -14765 -11196 -3318 -22313 26815 7973 -25890 8970 -3838 -19894 -20641 9679 25174 427 8931 23305 917 -28589 13129 -27961 -32700 12605 -31783
-27580 1117 -14504 -15277 -21193 7982 6834 14296 -11365 18348 3860 -28953 10805 14599 21244 -19239 25323 -29845 25400 -12362 -24013 30628 10066 -2568 4439 -7165 -4651 -7334 105 22894 9545 5417 32728 31773 -7943 -29292 -13444 -19991 8843 25143 -13762 15009 2648 13721 2577 28278 -21689 26064 8165 6074 25584 -13548 20822 -13604 -27453 -26571 -4438 -5959 2594 -32512 16734 -4347 -20937 -29384
3190124164
4920 10795 -30362 13637 -5365 12653 18480 -25325 -19680 -11566 -31137 22738 -20585 -15936 7455 -21455 8646 17734 -9424 27578 10336 1726 -20059 -6040 4200 11405 -9772 -10166 -12484 24106 16803 19682 3546 8254 -4063 -6068 -27697 25977 -18039 19415 -10416 26162 -22108 1081 -5717 24883 22487 11868 16237 -27578 -2653 10619 -15599 2919 8841 28987 -28327 -15791 -185 -6093 3892 -14006 -28280 25641
13905 -18617 512 11859 -5085 -28465 -12862 -3295 -8499 -2535 -22811 26687 -18428 7687 10169 -9290 -8465 -24677 -19624 -27285 -14961 13899 11801 25211 23599 -31027 8677 -2433 -4856 -17072 -14280 -6384 22312 -5913 9729 32345 31556 -15318 -5152 15741 12180 -13431 29645 -29773 -13357 14684 -24726 -30497 -85 -14472 -18046 27422 -32600 -10483 7979 -7179 4559 13303 -6530 2304 10264 -10936 -14474 24293
-1827608124
-839 -5626 -29751 -25969 24786 3139 25356 7747 17528 -14773 9355 32514 -32253 -19050 19174 -3835 10580 -16413 -9057 28160 4030 12480 31086 10013 22560 -25461 -27051 27246 -16211 -21238 32411 -11414 -23032 -15929 16887 -4264 -29533 -2115 24693 -29655 -4571 -2810 -9585 -19361 -17116 378 1968 8400 6238 17048 32106 24696 -22414 2990 -2343 26068 -8496 -16565 24604 25597 -1518 3971 3447 -16976
6484 21836 -21544 17845 -17472 -20829 -8432 -2305 26120 4696 24849 6390 -27218 -7927 15364 16198 -28940 13331 2652 -20412 -28360 5612 -1855 -17498 -14295 -11849 -5977 13689 -27346 25183 -17203 9439 -13988 -32547 4856 -15690 -15400 -491 285 -25883 23014 -21407 3884 -23686 -8506 -5728 -13442 -27446 -31251 19168 -1944 -22496 24208 17901 -18987 -14331 3940 -32468 784 6617 17791 -6899 -31504 -331
1479286253
-16456 -22180 5304 29285 -6250 4999 -24448 25568 32160 7158 21795 4215 -16321 -24262 18909 -2406 30087 -11023 -27720 -10080 11040 -8191 9648 21621 -4860 -15783 24917 -2326 -13559 15282 3898 -25034 -20140 17060 -1001 -29264 29228 -29034 -23230 -13737 26239 -22185 25776 3281 -14107 -16408 -32193 3200 -16614 -8475 -25814 16002 -7199 -910 7147 15395 23203 -8900 -7050 23728 26982 23685 -3050 9312
20848 6340 -29125 -25027 7037 -29756 17697 -24829 28733 -1597 15944 -1608 12033 -3736 -31475 -29659 19433 170 -32271 -5479 -17468 7035 -3192 -9392 12373 16699 2852 -32386 -24866 -1586 6080 -5375 17676 15461 -3663 32510 400 22986 -14496 -30906 -14746 -3964 14824 21547 7814 22122 -8426 3200 -3660 30435 -17946 7042 23136 5063 9528 21384 -921 25545 -5923 -29798 -19715 21330 -16801 -15042
-2062223774
-24284 12010 -13257 -1982 2531 -29435 9533 -18003 1594 -31826 -14373 4096 1928 -24359 17465 21604 3345 32029 20620 -17113 22928 -20631 -14204 -14050 4551 -30165 -32303 17526 24900 34 -12475 -10363 -26317 -3351 -31242 -27343 -2426 26422 -30525 29266 17341 -4397 -15896 -27703 18015 32592 -21029 -9395 26473 -28232 27774 20132 18021 -18996 -14427 28898 -9630 2957 22555 -18118 28970 -21241 -15390 -1374
29957 -8651 -4639 21968 9510 25466 -13493 14402 9691 28593 5465 26479 -11635 -14954 -30536 18530 4106 3758 3079 16594 -24403 -7468 -3389 -11066 5312 29666 5646 21872 9362 -25775 10840 12238 23863 287 29492 -7017 7189 -22891 25979 -20427 -14919 -28081 28795 29013 -3342 -5599 -30130 -9549 14841 -15619 -3686 -12180 -11468 -23743 12780 -17207 26437 32287 17671 -7244 30333 -23624 -170 9249
-6067942226
-29155 12114 25011 -2473 -16708 -7600 -20017 31523 -7386 -4382 10270 -11971 -12181 -168 29036 -20540 2762 -32035 13134 -30986 9625 5660 13763 -23313 25036 611 -10768 27332 -7991 -14398 -16635 -31145 -28513 27909 -26496 -19475 -13291 -1368 31236 31242 5423 21792 -12591 -241 1454 -31821 14722 12524 32643 -1140 3922 13353 -32120 5417 2976 21226 15674 1649 -1375 -6167 29399 23930 -1258 12333
10430 -9623 22898 -22848 -28640 -4948 -20985 -30650 -13688 -7680 128 19557 -5711 -18462 11883 29307 -5186 -4266 -23678 32040 -6509 -32320 14075 29731 -6692 -29330 -32437 -15430 -1871 7150 -13764 -30238 -25699 -14309 19447 -22634 -20076 -25329 24474 3336 859 9088 -8306 744 -21230 31772 -839 1460 4975 7206 26740 -12263 -3647 30043 4131 -30629 19432 3474 28951 -23435 14146 500 9883 -17603
-154420404
5965 26124 7569 -31368 -16550 14831 3379 14953 -31942 -2446 8619 18436 -29636 -16142 -18038 -7378 -7702 -7954 -3168 -18673 -9399 2180 -27807 -17790 -19607 32088 -149 24017 -28904 21654 -30655 24432 11915 800 -6291 4476 24660 27974 19104 -15462 -17402 8867 -29349 449 24126 29367 -21645 19119 13789 -12888 19206 9295 -25964 -22555 14240 5133 -5495 6644 15480 29897 -24553 8303 -3566 -27543
-8520 14258 12738 3832 32025 31965 12881 9851 29671 29366 -8580 3334 31274 -15583 24015 19972 14882 1490 12803 -6061 27760 17978 15753 27063 -28690 9503 -26447 -13530 20826 23741 -13533 -27826 7746 6399 19450 -20250 -8853 -7974 -10766 -10614 14388 15472 28298 -19629 -2814 -18635 5681 2787 27453 27490 17263 -15559 4131 13462 -19923 -22537 2867 7082 -26965 -9930 -7063 -8271 28352 26130
-7090644525
-17451 10670 -11482 13091 -26456 14075 10737 23082 17641 9781 -9792 -19304 -4600 -17928 11292 12358 15586 -14123 -13730 -26245 -8460 -8272 1635 -3433 2922 -18679 31918 -15391 -10341 -19881 -3366 -15790 5163 14667 -5569 12558 -22227 23066 -13558 -13279 25432 16968 -13183 15337 22891 13586 -6259 24502 26693 -27670 29171 2037 -23638 -16322 -6756 -23624 7574 -30709 11700 -13402 8264 29218 -20073 -17389
14370 16309 -13049 -18426 5071 -29096 30282 -31592 -1791 27934 15405 -21894 10733 9085 -282 -1129 -18827 -1430 3954 -6270 -4938 -24114 13210 -29566 -1713 15935 30390 26322 -11953 17471 6735 2596 -3657 -6 17116 -10578 3635 -23411 21023 -26713 -10488 -15963 -28810 -29800 -12823 22453 -17551 28052 19300 21145 -19713 23626 -8276 26015 24658 -2838 -30054 7558 13943 6567 5331 -19400 -24401 -27212
-2129781095
-10267 -3737 31827 26453 -10946 6323 -5204 -9583 765 -26782 31203 -28245 6353 -23117 -2777 11470 -27668 26216 -32155 31030 -14770 -12334 14233 -2785 12236 29667 -26647 23176 -20133 10298 7041 23857 -6356 26792 31427 26578 -28948 -17841 14177 -31455 9293 -19527 -19662 30360 10165 28096 14127 -15833 28546 -27975 3415 -674 -10083 28413 11701 -20915 21429 -8266 5183 16552 31122 16096 23216 -30216
-14448 15510 14765 14860 -7652 17026 8816 -661 24850 -20368 11565 19303 -15221 -14374 5707 -842 -30373 14487 19355 -26025 -1737 -25819 -27831 -17170 -17414 -6960 13549 -32474 -11742 21294 4927 -31481 30964 -11867 -16273 2199 28383 4270 1942 -27874 -4641 17136 13307 11116 15790 28896 -7392 6191 -23416 21946 -20337 17320 -13135 -29830 2434 -15408 -9941 26617 11298 -5091 352 26164 16177 -28301
-1329374149
-2594 -3957 -27304 -24645 -30331 -3967 -16619 -25061 -31619 -3713 -11281 -10454 -1915 -26570 15450 -7387 -10726 23883 -30681 -25729 9326 -11058 16672 -29103 -21736 19900 5906 1159 -4694 13077 26774 -19988 -5032 27410 7092 1055 8812 -22394 9122 1955 -10935 32719 -29791 -8078 10575 14899 -2072 -13483 29315 10294 -3167 -6971 -29307 30814 671 -16309 11142 31777 -7988 -6506 27038 25892 21360 -9284
-13699 -16792 1494 -28791 -20267 9767 9839 23989 -14749 28797 -7739 -22690 28255 -31969 15931 5013 -24504 -7657 15091 11118 20360 -11826 15672 -7671 -25613 10138 10431 16135 30757 25360 2065 5857 -9768 28503 12829 20179 -27520 -31338 -31643 -20963 9425 -18719 -23552 -13096 -21931 19592 7524 24835 9480 3489 -2516 15287 21259 29263 -18276 -9084 18197 11133 -26678 18779 -4555 30603 4917 -11063
6398651387
29062 17579 -2516 1567 737 -32118 11271 2823 20431 -5179 -27689 -839 31626 -23572 27161 -18183 -20027 1074 -1006 8641 -31208 10185 28208 29218 -29114 19419 8094 20209 -17702 28473 -24750 -14497 2839 -13427 -17465 -3281 7941 19086 -2845 10485 21602 -7454 14302 -2131 797 3824 4074 4985 31596 -541 -19008 9324 -2915 17577 7356 -22898 -26965 15204 -8399 -5944 3955 -146 -18861 18352
-25607 27862 -2458 7986 9039 -25589 3695 -31229 8695 -12904 22609 17119 11818 -2693 -5809 1137 26662 -19506 13715 -1871 9072 24649 13842 -26612 -24942 -20057 -810 16877 3828 17007 16095 -14941 -28975 8660 -27178 -7147 -30222 1757 -13020 -5813 32692 5316 -22790 -19703 17052 18557 -31416 -15346 3864 -32341 -2734 -32345 -21363 -8908 -19799 -14136 -22079 24679 7958 15893 21332 9621 -3674 26670
2067653043
18125 6914 -27031 14634 -22887 -31628 30105 7757 2987 20902 -29934 -28133 6485 -20666 -21032 -2537 -20282 5310 -8407 -17191 27186 22968 -14822 -25429 5393 29130 32719 28193 -31355 31405 21642 3602 -22329 16475 -25724 -29043 14649 21083 -8267 31970 -31870 11572 -19960 -10017 13285 -18844 -4330 31988 20374 -29874 994 6543 -14834 -18706 30232 -31968 27988 17871 20256 -19761 800 13698 16391 5986
-18334 -28021 -8703 -22051 -26288 13574 -14787 -23494 30466 -14572 2974 14315 7699 -21811 30971 -18340 16263 -23213 23681 27512 7888 1820 -28440 16187 -19149 4746 -15318 3902 -13574 -4977 -10307 -13606 2655 -6788 -10556 649 22070 -9990 6967 -12715 27482 14959 4080 9627 -29908 28581 20943 30383 -16641 -23335 17973 22862 21572 -11560 -17695 15611 14170 -20373 16135 -18002 -10224 30433 -29584 17535
-4169595333
-13773 -2383 -7026 -24712 -13785 -3011 -17088 -12055 7551 -30028 -7432 26968 -24611 13002 -11650 -28261 -10473 -15092 18173 -23391 3033 24045 -27168 29038 -6091 13767 -13199 -22009 22677 15583 -8201 -10235 -14708 30716 -27733 18504 9249 -23220 7639 28411 16580 15448 9759 -17699 -20247 21955 1119 -3261 13209 21180 32549 -9048 10132 -2344 12315 -5004 3840 -27480 -29030 -7988 -20127 11762 31025 -26757
-31122 3022 -3764 21284 -3876 -13902 27342 -23332 -13027 19603 29987 10830 14199 9158 27518 32491 -8885 14083 13628 15536 -23064 13297 26340 -27921 22054 -32520 6681 -12417 11009 -1979 -28048 32193 17191 -629 -17010 2099 -1033 23175 31553 6345 21597 -205 23456 -17393 -27894 -21761 12862 -15443 23799 22630 -8852 -11769 7695 -14368 5402 7919 2300 -27356 -13945 9913 14595 13154 999 -27779
-417690204
-25512 32018 -6448 30223 -12317 -31296 -4380 -3770 -23290 12202 -21925 -3091 5636 7824 11116 27605 -3590 29451 2405 -862 23151 1380 -2329 9881 -32423 -4071 -4033 26777 18046 15110 -18931 -9860 -14965 -5802 -4003 15651 25080 -29339 -18356 -14459 25007 -26277 29579 -973 -24355 21925 9031 -9853 22166 6826 -23687 -7152 -28751 -22032 -23949 -18926 -20436 -21761 6125 -12627 -3151 9146 -28541 -15450
-14553 18249 567 -23185 26835 -15729 21396 -18993 14851 17472 31025 -4108 -16182 22013 -9243 -9552 30549 22480 108 4411 4981 -4025 18412 -5564 -5347 -32388 25254 -1552 18482 -32546 -24983 26801 -17123 -4534 -22897 25667 -31938 -28440 -30345 12019 30099 16757 8400 -32548 -23852 30350 -13759 26992 -15948 -6284 5945 1705 15336 -6830 -9216 21372 -30275 -18526 12555 21109 27010 24057 31050 -18965
2069680372
5265 -30451 6031 29981 23811 -13296 -2598 -11849 19981 -20546 -7453 17997 -2864 3678 -31278 -7712 -27027 -16362 -4499 -11338 -31752 -2043 -10860 1067 9692 -1163 15359 12671 13454 -26859 -22147 10584 -21441 -12329 -2268 30687 -9867 -8143 21693 -12536 13531 13375 16575 -15709 12713 27480 26232 -28373 27204 -29044 -1612 -21124 -16776 19879 -31708 -32104 13480 956 25411 27381 -3025 25390 18834 -10679
-1182 2046 1327 -27987 12787 -14161 22867 -9466 7376 -2683 -12467 873 24355 1164 1142 -7803 -18104 4197 6937 -31585 -16334 -7620 3260 -31332 -18019 15323 3240 -17661 -13473 11875 -7734 30047 13433 -10887 -11406 -29130 -19849 30713 14044 161 1562 23705 -22520 -15187 -28392 -32494 -7917 28634 -3464 -96 3587 -1058 21684 15597 915 -12724 -4539 32224 22008 23432 -5006 476 -21570 -572
-1043986812
21857 -23531 -11876 -6783 30833 14294 -30671 -25303 10249 -12423 -26884 8153 -14328 30543 -5941 -14272 -6910 -466 23042 -25437 -10404 2023 -24486 15030 -24849 23774 32715 -14497 31419 -13315 21817 16288 -28184 6104 -5807 29510 -10888 -7340 21955 21985 -8493 27134 21520 -20782 -27926 31670 20205 -26375 21405 -9086 -1421 3868 -19881 19638 31102 4173 -32429 -24329 31337 -19965 16649 -17424 23552 -13410
12564 -31795 -5210 -3629 54 -26938 -25910 -27547 1222 7480 5227 -1853 -3761 -1129 21443 -1751 -27223 -28168 -5370 3641 -19548 -6217 15529 3485 3955 31635 -1837 -18718 -22776 6845 23005 8081 -20902 -16312 11409 16146 21183 -24699 25983 -14512 -13928 -19219 -21158 7025 21977 -31061 -15060 -23511 -3707 3496 -2279 -9264 6827 -14296 -8576 -19352 -9842 8348 13896 6620 -4359 14737 3029 21106
224568549
9947 32289 -14822 4537 -3484 14973 14364 18146 -2062 -29313 -12868 -1916 10720 13315 20934 32058 -19874 13050 22664 -667 10614 171 -20438 1286 17226 5839 3419 -25663 -16050 -29304 -15207 -4286 -29851 4749 17073 -31795 -31750 -29987 -21800 -25563 -26119 -25008 15437 -27434 -5812 -8408 -13103 -25144 -14465 -30929 32766 -10687 -1531 -22986 -9860 -6367 -12949 -3670 -25599 -26681 -5456 -24268 15918 -18233
19406 23160 -4847 -6032 -9972 21986 -11572 7010 22588 12677 -30614 1930 -16318 -31305 7650 -21728 5773 4292 11591 16726 6109 -31070 25319 -29400 -25799 15363 7432 21147 -3502 -28711 13102 7803 19228 -25704 -8164 -19367 10747 -13812 30708 -12835 -24747 -7101 -5479 19993 24239 -15200 -8656 -196 -18126 -6003 12363 -13411 19518 -20899 14588 18576 5344 -27670 -14581 4964 11899 27714 22638 19386
179442035
17898 -17150 22936 17030 19128 24411 7387 8460 -32100 28361 -2210 4926 32273 28518 -31759 -13751 19643 9765 -25116 12698 -32102 -9662 12607 501 -2348 24469 26232 -20735 13823 -12526 -24020 -21588 -14175 29334 -57 28851 24746 -19035 -25122 29601 -7301 26877 6715 -21321 -24176 -5623 5936 -25409 -22164 5824 -22398 7532 -29204 16388 -31068 29968 -15269 -6774 16482 10010 4759 20361 -12707 -22825
32148 508 -5395 -5263 20293 29889 26623 19545 14052 16848 28731 7268 -10703 15389 6405 15903 6068 -19581 19477 -13378 26933 -142 -15590 -12412 31410 -6970 29864 12390 30521 20634 8939 -32625 -15712 82 22255 31816 -21484 13321 3906 -27143 -29800 -2499 24407 26046 -11045 28259 14508 -27878 32572 16292 18633 -17452 -21289 10806 1141 -22583 31320 -18658 -29120 -28708 -8048 21712 -17874 -24222
-266416237
12974 -2616 25070 21220 29536 13307 -28242 -813 -24649 31075 16033 -21558 -11997 16664 -16926 -28749 6265 18861 -28399 -15981 -7483 -24832 13285 26562 -19365 -12314 -11468 -495 7608 -574 -795 -10951 23579 -9918 14456 12581 -10862 13540 1601 -9984 -31570 19748 11573 8704 8973 -436 -21966 -14093 -3499 -2324 13217 13494 -11900 7472 17966 -470 -19113 27125 19034 5790 9257 20718 11049 1470
-17431 -15540 -28742 31165 1587 21797 6506 19954 -19635 16988 11325 -27558 -31171 16451 31152 30085 30463 25890 -533 20568 30648 9325 11903 3074 -4576 6883 -3463 -12425 32679 -10393 729 -14560 9176 20688 3121 -32270 32452 -5024 -21764 31792 -32204 11949 27149 4198 -17513 -11634 27856 -32220 -9121 -25766 -7310 -16874 -26795 -10178 -14738 26984 31645 8289 -7207 -16387 -10962 14190 -1946 -11927
988635297
-5620 11877 12693 -23399 13331 -2731 25803 7479 -18323 -18911 30358 1529 -26911 5396 10887 -8602 25818 -15939 -24750 -1498 8893 31736 -28980 32398 4740 25322 21960 -6413 15767 -1428 -2027 -4254 -13146 -17253 -256 -5890 31652 -30949 -7313 -9832 21713 455 21156 -27668 -13460 -30456 -6585 -7340 -24544 -26803 -17921 -20461 -19056 30352 29295 12980 -28795 -7079 -5568 20425 -29751 -14272 32212 27414
16882 13185 12408 -26058 -22029 17661 -9103 2877 -27890 7870 -31215 -30882 -1939 18560 93 18465 -25613 19960 25818 21639 4518 32479 -32584 -16265 30293 -8102 -18023 -31913 -7889 38 14742 29842 -7784 -21169 7972 -894 3418 14230 -12937 -6328 9789 -20050 31795 -26167 -7848 18979 30291 32575 -3357 10141 -6464 16436 -16566 2952 30921 -6323 -5063 1327 -10327 8869 4357 -5512 27726 26292
2680643639
-32176 -23893 27356 31964 31896 -28880 25460 12159 31170 15865 -16012 12117 -2796 21385 -24683 5959 -5291 31269 -28426 -9616 -2050 28005 -21545 30728 -14011 -417 -29901 -27799 -14084 7481 -12638 24157 -28408 -2912 20824 18936 5900 -25597 -26432 -873 8805 -3218 21595 -3935 -3007 -25966 16349 10339 -22185 -29564 -19017 2772 15575 -21286 -16286 -25682 -30904 -2248 30591 10400 -7581 -7903 -12816 -18552
-31174 7525 -30126 -10286 -13158 -31787 11172 4007 14026 20677 -21044 -16528 -5625 -6632 -31505 1993 -11623 4718 2429 -30949 -17489 29954 -10266 -5358 13744 3608 3635 20275 30908 -2561 -29773 -25040 -10947 -25156 25054 -789 27025 1264 922 -20125 21826 -13295 6897 -23452 -4135 11135 16833 5626 11067 -15677 22501 -19426 31294 -14084 4071 15307 -27632 -19095 -31022 -30862 -23282 23892 -14571 -24402
3748721779
28821 29417 -24637 -2794 3390 23455 -18316 -32717 -8134 12910 -20605 30758 9459 -6751 -11 -10185 17463 -25406 -27926 26346 9467 -9124 -31725 -24793 -7928 -7172 -8732 6947 -11664 18908 3313 -25894 -980 -28025 -23216 9171 24122 -31590 -31336 28730 -263 -1092 -18850 15124 30074 31649 20208 25569 26498 -3252 10082 19845 5325 23136 679 -15062 5637 10721 7816 -4510 -16202 29585 4254 -2509
9650 27981 -8214 -26693 22139 -26847 -24098 -7585 11115 -9732 -30212 -6050 22959 18588 -21344 3377 -32098 -28004 -12385 20431 14825 -6094 9730 -17786 -15854 -23333 17728 -3143 -1658 -20155 -27133 -8733 -8601 -29162 8755 26593 10274 15359 -20213 19619 -15952 28683 -28575 -25126 -14054 -15108 18733 -31869 17857 26297 -10766 -5631 2122 13162 -5146 22891 -9849 10188 11380 5833 -19803 -15623 13051 -11178
3859045691
-4651 -15918 -23781 21185 17842 23679 -26386 -30158 -1194 12892 -19864 23779 30846 -27299 -18474 3650 20447 -16292 -24422 -32064 -20077 -23298 -23599 -17161 -19485 -4724 -19288 3300 18793 -11958 -17155 -30422 -22188 17518 -20779 -10653 23553 18223 15977 -12239 30134 12160 -5343 125 14417 4490 1687 7959 31128 884 19940 16473 -4726 24395 7592 -5505 -23118 27467 29089 13256 1873 16821 724 -13838
-16341 1168 -32569 23771 23620 -849 17845 27016 424 6147 -13825 -13073 32325 -32376 -17511 -23139 4723 -2199 -14644 -24388 -32159 -21661 -20523 19477 14426 19638 16698 -6198 -22307 -21130 16152 -22151 -32138 29 -18528 -31653 -14930 2229 3460 30413 9829 7574 14342 24540 15994 5081 -12905 1979 -15068 -23415 21329 1494 -4831 -32701 -6618 16137 16061 223 25150 2491 26187 -398 -23340 -32204
5986601209
-26088 -5816 24629 -24150 19408 -14956 12735 32425 -6675 -6167 3769 -25720 31580 -20518 32673 453 -2471 23931 11689 10581 25719 -4380 -7953 -18340 28573 6084 -25539 -24350 28221 -8231 19874 24723 25226 8311 -29050 -32502 -12058 -6413 6572 17416 1458 -11211 -11801 24847 -22418 -5528 21265 -26430 10443 8471 4525 -13312 11899 1648 4154 1613 5485 -11365 -17025 24920 -25501 -7914 23636 -1641
-9156 19178 25837 -13095 26500 10445 -7540 -17704 15786 -10569 -12650 3816 19841 8417 -28822 -13889 -12133 422 -20737 31528 15447 -120 24659 -15854 -16574 -9229 -6702 13288 3381 1536 17483 -21898 -19236 18694 8704 29907 24118 -20443 23133 1517 9836 9412 -21746 17829 -5649 -566 7962 -3346 -31195 17124 -26364 7545 17465 -12362 3629 -20319 -11886 -30817 -18588 -9092 -31632 -15553 15425 2470
812678244
30733 15818 22102 -7630 -14864 1100 -19262 -29093 -11789 8282 -7315 -23904 11495 -10432 -17705 -28128 -17841 -8721 5638 23613 31578 15141 27782 21976 -20147 27865 23314 -4513 12748 -19494 -18271 13514 -10104 8468 -6388 -2007 -15783 732 -23590 -13350 -5130 26980 -22353 -18111 15346 -31178 -30985 -24735 6698 -800 3458 29154 9019 9692 3569 20875 4511 14158 32310 16619 13182 -1852 6157 29419
-3236 23587 -1652 30391 -8632 -28374 -8131 -20968 17523 -869 -30102 -21852 25726 16268 -15932 -3299 22222 -14606 -19975 27530 -25526 -2675 18703 -31487 5941 14148 22622 -1862 -17927 17674 -17721 -14475 14886 8621 10208 14122 -6633 -10357 10385 -25342 -4964 13291 -7771 -30400 -16498 -26480 -11521 -10952 -27964 -26705 -27182 -11550 -2778 -5271 5901 -28576 -16356 22604 7774 159 -3958 -21369 -4502 -21629
2416826150
7724 201 -27343 -21944 32031 30222 -15853 -23976 -28326 -23907 -16966 -27561 -20080 -7489 -4509 29717 -19876 28079 -14182 10582 18136 -28666 -13839 20910 25185 -24391 -18791 5414 -2166 22657 -5129 27253 3637 24628 31661 -5728 -28702 -12586 -26423 21074 25320 -1942 10310 14419 -490 13891 -12854 31709 -10448 -9416 18999 -7889 -32656 -1551 -9362 23328 22432 27881 -14202 7450 12791 23710 -24555 27320
-30415 -23156 -14937 -24336 -6408 -7141 9479 -31746 -8087 -23339 -5720 -5556 -15393 -16248 16970 16814 -12223 -30931 18629 -7896 7437 -25968 21122 26953 -20774 30805 20721 -9726 20005 15441 -9860 2682 32636 32213 -4712 -10571 30519 -11070 -20906 19967 -5154 -17505 21599 -28192 -31622 -18779 -19467 28160 11764 14161 -1895 -2291 -17479 26016 20095 25887 -29805 -3842 17334 -11807 13720 16405 30658 22607
3343517914
6090 -7434 27577 -31322 -7871 -7132 -19788 24150 17063 -14154 7697 -7000 -25938 10887 -3475 31929 3959 -3844 -18204 -25113 24911 -2248 -16112 -14734 -23561 -6364 18153 -32260 6985 32409 -31115 -29882 12608 -22897 -4546 -17096 -5038 -26586 -17927 -22639 -13579 23409 -24743 29559 12101 -26714 32482 -22450 -28100 24310 -28424 -16099 -4766 18072 -2667 -8141 14125 18798 15021 21218 -24408 30424 761 8907
-24281 -30375 16682 -21294 1803 -15545 13884 -16559 28061 -31238 9277 -6659 11081 14693 -19049 19430 -20600 -10835 16482 15057 2319 -105 -4537 -9684 -5438 2669 25705 -9028 14318 -153 -22668 2973 27377 -19462 -16667 15859 23652 -30697 -6951 25820 -1889 17377 -20730 32096 -5632 -12173 -3895 16477 6965 22138 -5751 6705 -29662 -18003 -25448 -22374 6512 13996 -25381 -17836 -3533 29218 28556 -16739
6755668675
-29693 21261 -23118 -31661 -13345 6763 7399 -29888 31 -19267 16158 3930 3336 -19828 -11951 -8999 3192 -685 21086 -20938 -3585 28924 19080 -26088 2662 6674 -16813 9005 11411 22056 4902 -1139 -9468 29539 12789 -18267 19796 -2308 24268 -17638 -28266 -16492 -17482 13667 -19888 -5641 7900 -12035 -20037 -4486 -27685 31493 15991 22939 6146 -7664 -9765 -22126 -32094 3163 -9776 -22622 -6711 29328
16055 13581 22488 11926 -10427 -2659 -2561 5075 -6610 -31243 -26330 17198 2799 23152 18092 -31410 -7565 20136 -8856 31467 23158 6929 12815 20529 -20647 -6702 32424 -2473 29944 -8049 3175 -32091 1939 27315 -26413 -22708 945 -32221 -13354 -13927 -29274 6000 -29965 26938 -17134 7527 -6086 31824 20832 -13274 -17075 -32568 28344 -30070 -15168 -31362 19104 -22117 3161 -24101 32261 -16923 7547 31878
-337762970
-8191 -5674 26284 29747 18167 24436 27917 22037 8039 -8230 7378 21111 -6142 13559 -18028 26550 -11224 -18458 7810 -8353 3750 -8325 4707 16877 -1447 6856 -10092 282 3698 -17947 -4933 15945 -27280 2326 -6166 -27843 15126 7133 13477 -21866 30233 17394 -15204 28304 -11425 6513 -19676 1609 21071 -26707 18438 -30088 13444 2810 -8576 16891 -28282 -3239 -5995 5414 -8887 -25802 -9123 17570
-27271 -11714 -22806 31940 -15013 -31355 22960 -6297 20898 10175 21540 -18228 -21877 -2305 9791 -27049 13628 -5770 -133 6876 -26363 5823 11757 31526 4603 9404 18542 -26968 -10084 -16023 -23457 1363 22100 13302 -6751 -11579 -11836 28132 -13232 -18327 2787 32223 16202 -29949 -5554 -11418 23033 -13002 -4735 -30794 -17386 16599 -15997 16455 3005 11288 -32680 -25336 -22405 31985 3462 12745 -27972 22748
366168428
19097 -30316 -32352 9334 -4710 -29694 -8466 -21687 -8300 -21081 -1469 -20004 -28725 25026 3863 3705 -23055 17867 9292 -17658 655 31202 -29836 -16948 13403 -28327 -11409 28278 -29542 27192 17511 -23856 1521 8373 -25221 -21570 25169 27978 -8087 29890 -16104 12310 -6273 -13099 -2705 3361 -435 -17386 -30584 -19378 25413 -6154 3536 -11951 -12875 16834 12386 -8187 -7834 -12026 14448 -7638 30584 9199
-32292 -9148 11769 19212 14050 2759 7456 -24440 21821 22165 22894 -6152 -25147 2531 -27741 -7847 -31556 11180 -23374 23706 25867 25863 -30489 23522 -2168 -2387 6186 -237 -17931 24636 -20783 -31955 4052 -21659 26159 24576 -31040 -26848 1457 -4828 -17577 -788 3264 27144 15878 -3782 -4982 31753 16716 -8160 -1232 -1357 22778 -32131 11419 25669 -11533 23703 -2294 31997 20365 -18646 -12765 13378
-868372193
-2764 14476 28196 -30321 -25247 -16482 547 -3616 3843 -17287 -28870 27813 -18952 -15696 -1874 -17290 25453 -22581 -8697 -32166 4866 19999 -16978 26456 -7983 -4475 -17339 -954 17949 10896 -7188 18262 26111 1008 -21848 -23747 21731 -31438 32418 -15717 -2430 -11863 -16317 -4584 1908 -27716 -14876 -1728 12154 -11794 13661 -79 -12483 2655 -7027 -19444 -19094 -7163 22924 -22403 29222 -467 24659 31912
-30763 -27039 18017 30709 17461 -23109 -7937 -20803 -18485 -18073 -20738 20177 -29706 -1978 16995 8827 31821 21995 24076 -5726 20609 27629 -23054 431 207 29994 -28870 11221 -21032 26492 -8292 9439 -2277 2386 -26850 20361 29863 -29690 19657 -2884 -20086 -30431 -30496 -14985 -5432 4247 -30183 -22325 14838 26650 1793 -11089 -11217 2226 19529 31020 31073 -9206 4478 25451 17531 -30066 -18380 7322
5188509229
7575 11643 26466 -5591 18749 5274 24127 -19266 7630 23696 1462 24196 8944 -9540 24759 -21902 -15000 23286 -2549 -10585 17272 20835 28346 -5571 -31681 -6067 -3004 10400 -7145 28558 -24101 -17079 30456 8230 30228 27876 24173 22214 26772 29946 19157 21212 -6962 -12997 -20577 23928 -6608 12217 24838 -31201 932 26236 17112 -18079 -280 5480 -13396 -7818 8014 19578 -2097 26404 19873 -7852
4165 -14302 30441 -18501 17766 -8633 -27955 -6959 13402 -19445 29388 -7444 16377 12189 26103 -17228 25699 -17325 21958 490 12708 -1100 -21087 -19076 23215 -26890 -23701 31277 -4689 -14026 17760 21885 -11081 15039 -9712 -3542 -11001 29126 -1849 -28508 -19569 3279 24745 24592 2425 -21936 10696 10012 -9415 15478 20981 -22526 -12273 -30267 6640 16055 19924 17524 -7633 31300 12740 -32519 2073 14250
-5531998306
13542 -23375 8671 19577 -31496 12746 4967 14207 -4919 10968 -23796 -26991 -16979 -6950 688 23375 -18442 22722 -5464 -24031 -21474 -23703 -29988 18571 -28352 1597 -31483 8023 9890 -3504 2706 11003 -16071 9661 -13710 11237 -7121 30958 14447 -7768 25962 -20555 -30787 18364 20486 10174 16461 -28877 27655 26031 13735 25385 -27455 22361 3474 23441 -19731 -9803 12319 -32361 19215 32227 6857 -14922
2153 -308 -13659 -20715 2523 4217 6165 6082 24314 29148 13848 -23892 15726 32105 -9594 115 -20525 -25758 8777 27186 -1841 11671 -25767 -31842 -8740 -21930 7067 19290 -7523 15893 -21453 -30862 12140 -23013 28558 -8543 -19824 22516 -28188 -24548 -19918 15781 4019 22756 -17918 -5988 11288 5919 3294 -20042 21424 -24946 12117 22769 -30830 -12131 -10224 -20985 25735 -30724 -24828 21575 22152 6759
-1961680415
5714 -20815 -19635 -24518 22707 -1504 30547 25799 18926 -15981 -18305 -9449 15774 9605 -22922 17724 139 14327 -12945 -1413 22280 -21842 -21469 992 -1393 -7210 -32652 -2501 31571 -6028 2159 28486 2227 9362 -28077 15456 20984 7378 25290 -13581 9415 22174 16254 23021 -2776 15928 -12458 -2718 -3405 -7555 -6413 21887 -8659 -19133 -4600 13539 7711 9569 -19107 24874 31400 -14754 -29146 -1512
15744 -7534 -23619 -6400 -19290 8972 -15189 32505 10350 29605 4625 19244 -1857 32248 -7943 25494 22003 -21126 30564 3585 30694 14171 -12425 1381 -4732 18829 6246 -24914 16275 25827 17651 -26660 -2269 -9678 -13228 -5901 20322 -19290 -3926 -12904 1624 32676 2811 15330 3826 -23309 -2700 27812 -14787 28152 -12057 6531 32172 3010 1973 -24206 18848 -25546 5702 14959 -24123 -4089 13108 32169
149731888
2206 -11886 -3192 13067 17400 12624 -28150 17145 1792 -24489 2907 -18084 17960 26995 -4476 5839 5076 -32371 24935 29345 -16058 7556 -26660 -17053 23870 15530 18230 -14961 -9316 -19068 31327 20105 5381 -23638 32545 25711 7046 20610 -23717 7440 -2117 -25654 32046 -19443 -24866 -14819 15837 -15055 9104 17271 -31719 24011 28299 16585 19638 -17650 1270 10571 -28136 3881 -13085 -12175 -27574 15970
18742 -27843 16586 -28274 -27666 -29915 -25228 -152 16007 29531 -16661 14953 2199 -20970 -14676 25258 -31159 10087 -11999 -3169 -26909 20829 25395 -27222 -13626 -1976 -23646 -12202 26068 -30004 -11757 15946 -31133 -18244 879 -159 -12162 -12873 -9790 -30158 -17675 -22570 -31043 20498 15761 20562 26854 -19867 416 21064 -11756 21556 2794 22025 30149 27269 -21953 10630 28911 -3565 25872 -5533 21967 -12502
-3161716966
-7092 7298 26255 -6945 9053 -5619 -20450 28476 3401 -12693 -3590 -5818 27838 -11523 17255 -22502 -27349 -28027 -30206 28670 21541 -22918 -22251 -21091 -28393 20462 24547 5102 -6982 20004 20288 -8048 30633 28858 803 11492 -27788 -1875 6073 13782 26981 17398 1704 -30469 23250 13737 -6716 -29901 -10994 -15246 3489 30990 26391 -4481 -10918 -30770 28916 -73 5873 28552 9128 11490 4904 -29584
9648 15451 16837 30847 8752 -24954 30435 25603 27038 32466 -25563 26036 -24967 14468 -26356 27358 16705 22291 27857 22575 -16018 -18742 17686 -30550 3160 -27115 -16532 28040 14859 -14745 -26025 2062 -25394 16386 7522 -7802 -29653 -3645 -10775 1231 -22539 -19460 -16403 -3967 27122 28346 6405 -22147 -2322 -16380 -11864 -8366 3807 -26401 19891 23754 24006 19095 11742 -29332 19064 7123 13668 31950
-4778503138
-21872 -28526 30660 16360 -1807 -3130 -8949 24887 6305 -6960 -28055 -12483 -770 -11700 28755 -9195 25851 -20197 18536 4802 21235 10375 -10948 -23737 27085 3630 20141 -30851 16799 25760 20941 14105 -10325 -13346 21825 -26871 -7651 -7137 1470 6050 -4817 -592 5222 -25032 1032 -20349 25867 18196 16680 -22510 -9585 9863 -8273 692 -8987 -29801 -16838 -4466 -22157 671 26534 -15013 -15585 28932
-4076 -11327 -1725 26744 5124 3639 -9191 -1309 12103 17126 -17216 7432 -3934 7315 -22580 14736 28025 24731 9938 -19723 5553 -13203 -21075 -3118 2798 -20906 17355 5925 -10266 21668 8883 -4291 4388 -7224 -18024 -7613 10799 -12221 28336 4576 -26398 10793 -11563 14016 10916 -27719 14616 -6737 20102 14839 20956 -3579 -19080 -28232 -18009 13606 4076 42 -7147 -32766 -4045 15620 -2993 19786
2065131057
-21985 32267 -13475 -7947 12188 -23978 21505 -11411 -17483 -27685 -23821 -7425 3483 24190 5753 -24618 16190 18827 -3505 -20735 18212 -20456 26964 -14417 -27875 7075 14220 -25321 -27696 -31875 -31613 -30661 -21822 -8772 -5573 27954 21872 -22808 6199 31560 26342 5962 -30190 10573 6507 22032 -12963 11516 19335 25862 9739 31914 -24845 5284 8927 -7391 27171 -13398 -7002 -28214 -9248 30604 -12251 29149
30520 25022 10332 23185 -24069 -27882 11797 -18693 -7917 -12288 6085 -16136 -7182 -14841 5648 30990 28602 9942 19483 -2911 -3596 30986 -14608 -32617 31399 -18480 11638 31263 17008 -12382 3646 20159 28462 24196 -541 -29860 2714 -11121 32303 10209 -25055 -30649 -15754 19569 -1331 -1731 -11043 16713 -13830 12374 -8863 24338 12675 -32749 -32654 21316 -16083 -20100 -265 19442 22245 -7585 5769 -2963
-4632595967
-27929 -11651 -21654 22920 19510 15761 -22192 -438 -17312 -11010 -10035 -13658 32348 25040 -24141 28795 2797 8753 -32240 412 -23060 27310 30807 23565 -21067 -31167 12096 11054 -9527 11534 -3288 25165 29655 10079 11584 -3314 19897 15024 437 -248 -20518 4338 -17037 18231 -11507 -30074 11736 2054 2478 5339 3251 -5657 -17393 32258 26009 8989 -14221 -7292 -31085 10582 -1426 -31643 -4656 5278
12368 -6349 -6435 -22223 19192 8121 4728 21304 -27100 15230 27113 -1265 -25945 -1683 -860 23775 31430 -3238 -21099 23462 24769 -23880 13187 -16310 -25165 2843 -18906 -6623 13481 30720 -13874 -12901 -10663 12793 13294 3249 22702 -30836 -31590 -9935 -22453 11819 -2153 18868 -21330 15682 31376 -12669 18073 -23516 -7693 2259 -22864 2046 -5028 -20530 30136 -10545 15267 30832 28052 -26287 2253 -26627
364159624
-8454 23385 21812 24843 19377 21033 -12985 -2537 -14159 28239 15336 18261 -21933 28421 -23842 -4068 4748 9751 -20321 7006 30213 31304 21454 10797 26098 -14725 24497 -11734 -22563 10523 11995 -24797 23117 222 -15598 -5989 -7250 27751 25921 15294 28689 26624 -29180 -32559 -6769 9264 -1136 22500 -7035 21874 -5815 -20233 1913 30148 13370 8394 -19860 -27409 -12112 31365 3396 25556 30308 10482
14282 -25991 -7102 -30752 -6344 15412 -4951 27321 -32700 -9985 -22767 16860 -10368 24036 -15585 -5180 -25312 -3606 3618 -14299 -31887 12992 -22122 -561 18018 -2198 15127 13644 -25491 -9599 -31048 6392 27170 -512 26152 22238 -17609 -32547 26899 -16257 13725 -26658 10205 -10870 9903 -28931 17407 -29672 6653 14070 -27658 21861 9005 19709 -1403 6209 30487 -19042 -26180 20158 -32553 3968 30715 13566
313267870
2712 25172 7652 30142 -9176 -29544 -8275 16152 -20134 3030 18118 28370 -5972 -32645 3632 5193 -23659 27477 31340 -11107 24512 1651 -7412 6402 -16381 26852 -31548 30072 30917 -28581 718 10461 -11805 -30941 -29875 -9810 -24931 4694 -26986 15759 20422 26180 -18732 -3122 25221 23733 19864 -22815 28085 16071 -11195 4033 -948 29586 -32651 -16789 2245 -17940 29359 9744 -9986 8813 25563 8536
-23322 -22148 24540 24255 -29968 28222 28171 -6420 -25104 25672 -11141 5617 -2593 -21850 27861 28696 19725 -4632 -20231 32602 3900 14174 11548 -28410 -10566 11012 -2629 2696 10219 25393 25542 7083 24880 6718 -8921 11104 6687 -7249 11746 23476 -26472 -13347 8781 -1396 -3468 -7889 -2356 -21506 4436 12924 25014 -28194 981 13304 -2325 32617 29225 -621 -18269 -20188 -18287 29437 -21660 27137
-2550484327
5193 6356 -17368 -28663 -1669 -23996 -12330 -7105 -30362 -31135 4453 4557 616 -1486 -1263 10209 3731 29472 -18583 1428 12363 -25429 -17288 -16988 -28343 -4418 -7929 13293 -1349 -24552 17235 30645 10856 21249 19020 -5709 19486 -1388 -32325 11825 -30399 -4863 -31889 -1693 30947 -14418 6477 9181 13640 6743 -24498 -25380 29782 30317 28844 9399 23566 3391 -1357 12401 14864 -32660 25196 -498
9336 -10002 -32088 -31544 14377 -30281 -8804 -28474 16716 -24587 20692 -12876 -4784 -166 32035 15002 -20111 -28 -418 -1056 -31050 -19911 -6183 11978 -30065 -2661 28436 -10974 -27005 -11461 -7783 -4907 -5990 -8795 2455 27851 -20755 -1494 21192 -25301 -6403 -5472 28943 4009 -15858 -16705 16453 -19119 24571 -5142 -10054 -27955 -32596 -19541 -20656 -32442 32410 -25193 14893 19050 -30665 -8059 -31463 -17353
-724732626
-12323 6903 -4470 28221 -20863 -122 18324 5665 -20037 -29044 -13167 3871 8881 -30642 21429 -14067 6313 20057 -19652 -17491 -16341 -22115 -3647 -23832 27565 7810 -25922 -610 -9782 30985 7624 4340 -11386 27700 -20409 31064 -12209 -23997 15339 -22857 1049 27987 21149 1368 20438 7615 23268 15137 16563 -26525 2194 5868 -27317 15505 3836 -21921 16484 23910 -7 -29073 23353 11636 -8492 10213
22198 26906 4018 -8785 -16088 -12402 -20170 -19642 20671 -31049 7288 -19833 28079 -22693 -11911 7152 13339 -15018 28792 25166 -20684 9625 -20340 4747 -252 -31678 14133 -31181 -4217 2479 -14976 16741 -6725 19951 25211 -32457 -2374 29626 -29568 -22690 -16198 12811 20753 14193 28055 29992 -31395 31606 -20095 11568 -17524 7214 9330 -7198 7333 7378 31763 30016 29937 -30084 3869 20700 -6554 -20161
-255691075
16498 20145 20705 -28935 -12715 -25121 26178 -14128 32545 -7985 22070 -17631 2704 -5565 -12079 -20426 25846 -19719 12694 14911 780 -12276 -8432 -15494 13293 -4224 -27075 30820 -18001 18893 -28376 1711 7056 -5256 10805 21533 -7422 2268 10357 9675 10613 9578 -31205 32158 32350 -19975 11944 23980 21476 27655 -15560 4631 21497 31206 8729 -30267 22704 -32455 27363 -3963 -4257 1130 -15073 5761
4285 -31759 21206 14571 17659 -31968 -21293 -11665 23001 29226 8693 1775 -23423 -1644 5414 -26828 -30370 -22548 12761 -7905 6184 -17515 14213 16788 -23875 -1648 21778 26535 11591 -15255 32347 -23318 -24229 9240 -19290 -13005 22024 2255 10846 13720 -25713 3837 1610 7056 -3744 -19880 7901 30965 -2426 29953 14792 8767 25316 17363 2046 -6766 4651 -9563 19490 -7237 29474 2661 23276 -24260
1437678603
5817 10086 -20931 -27621 5061 -10656 12201 -18981 -31714 -17319 25159 -18494 27459 -19051 -5583 23013 29114 -31809 -263 16560 32266 9346 -23172 -13279 -19908 -28000 -23891 -7620 15563 24293 27688 -22887 -5420 -3573 -20131 -15316 23770 -14736 -15145 11057 -10695 -14646 -25998 18243 11168 9020 -730 23779 3290 -6636 3592 -29867 -4022 20279 -12875 -6600 -19531 -1107 -14999 25674 7182 -14158 -30985 14694
28578 15831 12895 -32552 -1686 -6967 -25270 9109 8351 906 29655 -3658 -2248 -13158 6856 -23622 -23578 15084 6191 -1116 27167 21324 23373 -3017 19349 18880 18623 7953 -22315 25169 12134 19888 -26114 10131 21546 759 8506 -1614 -28604 29746 -12262 20360 28664 -2569 31383 -32340 13945 11550 25318 3886 15400 -4494 -31275 30703 16148 18814 -15024 -28557 -13500 -766 -27746 -3656 21284 13503
-631750164
-20107 8594 4881 19877 20185 11475 -30864 14858 -23813 2057 1630 -16773 -22255 6152 -13970 17587 10565 -19778 -31452 -4630 -25025 25252 -23488 6518 -27904 -13563 2253 14686 4068 -20270 26186 -5231 -7432 74 3531 1323 29691 30991 13264 31492 3175 -27406 -30739 -32638 18004 -16380 10860 31371 -11356 19264 -32608 27034 15468 -9922 4739 -6234 9458 5498 -27971 7047 6830 -3345 20530 -5364
-8821 27432 -22948 -11160 26711 30931 -29620 -13086 -13935 16939 -19136 -11947 31018 20362 -13950 16510 -5211 9310 2021 28622 -31924 26586 -9729 25532 27607 16459 -18910 -31283 11113 -29980 12026 11873 15220 18987 12643 19007 -4302 -11699 -22029 -31781 -21643 32375 -5686 -9323 6541 13631 27517 752 20875 7851 1444 -4454 -4319 -32256 7471 24593 18057 4206 -12454 -31898 -6858 -10530 27027 -3739
1666755032
13884 -15369 -1463 9423 -11257 7855 -18340 -3536 -31274 18060 -314 24111 -28363 6450 -24826 9936 10431 13548 -5745 -14330 18409 2870 12084 -488 -27257 -11124 18727 28551 -30306 21091 26443 -4750 30063 30157 -26502 31922 15620 -22 32659 -31582 -26169 8018 -7063 31198 -14698 -15845 1890 21415 5920 -23017 -19138 13990 -9042 13628 -26395 30883 -29437 -7994 -32486 -7395 18790 -23974 25961 21209
12499 -27449 -15652 -7953 -6620 18645 -697 -23485 20094 -27623 -14456 -16960 29354 12179 12082 -16910 19659 -14146 -14646 -25820 7275 -28558 5003 -4898 21797 -31114 32452 769 -10931 -18970 13306 -27264 23136 13332 -6667 -4326 10702 27154 -21603 -3455 -28619 -8966 -5956 -23658 -21929 -27681 16234 30213 3152 -6466 12919 5565 -22515 -13671 -12730 -32266 323 27570 -7935 19216 8669 17470 -27144 -24521
-630950693
-9395 -18608 -13867 7278 13020 20211 4320 -21281 20357 26264 -30521 4501 -24169 1889 -10856 -304 13128 -1562 -1353 27691 -6876 -8244 -23841 -28436 -8442 -18542 32764 9434 -23976 29823 14552 -24905 -14182 5661 -25699 -23211 -20188 -10208 19639 13307 4904 15749 1636 8531 15495 28710 4071 10164 23951 -1515 32603 1437 -24114 -30441 -4561 -19166 20642 -27905 18930 -9731 -17749 27187 -10779 -4432
-15161 -18329 -23324 25343 -146 -6441 -8807 -6858 21069 15776 5857 6779 -11976 -11453 126 20312 31516 -27584 -19055 -12576 -6576 -22995 -22886 -669 -12288 -1014 -26061 -4952 8527 28876 3790 -8360 27127 -18540 15174 -20138 11646 -30441 12958 1730 -25996 23309 -19078 -28959 13252 26014 970 31611 -3137 -25499 -2382 27402 -19331 -12573 28473 -29824 -311 -29263 -17569 -3938 869 -23312 -31134 8265
5559532377
-12005 4761 12746 4948 32 -7508 -17150 20166 -13743 28196 -25626 6091 1533 10557 -23937 -4978 31560 26793 26186 -9128 -31941 29073 -31526 32093 -30316 -943 -17771 -18086 -19748 -10834 17036 -7517 -29954 -2720 10020 5117 29655 19755 23071 14866 -6591 22863 26021 27424 21384 549 19416 21526 10716 31242 -16800 27203 13061 17851 15975 18280 5424 2486 -28704 -10014 -15913 -3963 -30518 16455
26835 -28994 -11312 -5352 3908 9994 23601 26510 -9879 23668 29287 6305 -12582 -980 -7343 -9252 17989 29174 -5819 12491 -22331 2148 -16258 -15138 30621 27519 -13060 31489 -6253 -2300 11168 -27255 1445 -24355 29527 8566 25684 -21795 3600 18200 -32000 30147 23687 12001 -11549 -24637 4100 7227 -20433 -24372 -14836 -12391 -24449 -27775 -24178 -8066 -7433 4990 17305 -3533 -28702 -29886 -221 -29680
899500680
26850 18062 24758 -9763 9445 29236 19215 -3930 -25509 15943 6261 -13229 22169 -4583 -31995 -20822 6897 17518 22116 -6036 -6092 -13394 14101 28996 19571 12126 13472 -13997 -2318 2874 23786 -12120 19505 -32064 -16013 2386 -20531 11287 631 25418 -29779 -24884 12296 -11411 27855 13638 1857 -21635 10984 -14198 -32174 5826 9480 25494 -20239 13591 -14695 -2735 -4517 23038 -454 31457 4779 -10702
-6610 20202 1257 1974 29687 6546 -29782 -30682 18034 11947 9108 23394 -31249 -23609 1335 8643 -16333 25412 -991 26328 -10847 15321 -10912 5972 -7463 10827 26976 16980 6836 -12161 2505 -11663 12623 -22678 25828 -31469 -26747 4437 24755 -13676 10015 6131 -29830 32430 10593 2389 -30950 5748 26425 -10150 31273 -8424 -9621 -13753 -12294 8745 5009 2136 -30621 31225 28431 -22419 20684 -22298
-1404319859
-21197 -32425 -9557 -624 22870 31079 -8918 -25014 -3839 -18998 7058 -12723 -15370 13816 -22548 -7413 -14785 9637 14123 -12692 -28664 -4085 17090 -12480 -26355 28684 -1061 31523 27941 -19547 -15624 -13601 -683 -12774 -22082 -6133 -7907 9416 -19217 -25821 4271 8340 -21298 31600 -25612 -15722 22315 -17074 -19147 18165 6430 -23534 -19210 -30473 -6924 27800 24068 31449 142 26338 -17574 8337 -5280 16358
-25878 12027 -28071 -5034 25673 -16429 -24820 21085 -25446 -30104 9749 -26492 13275 -3927 -21741 3348 -31422 5988 32622 -20115 14094 31059 25934 -18315 -12856 -26924 4947 -21712 -12004 15736 -18922 3571 -11119 24170 -10236 -14244 22282 8311 1407 25009 18268 5310 -2970 11782 8131 618 12624 11325 2072 -4695 -1630 -27362 -1923 -11859 4492 14633 -26507 -37 -10299 -32613 -15809 -6152 -20618 -16634
859186184
-13409 -22646 28663 8313 29060 -28201 -25565 16847 -3509 -14847 -7836 -10032 18057 13470 7781 -12973 -22761 -9095 13060 28652 30292 -17751 -29605 -30846 32295 21814 -23098 -6118 -14918 15330 -29053 -13560 12673 -26728 6716 -19775 8249 -27051 -15297 -11849 -16261 -25641 6815 -2172 298 -8556 28781 24042 -28698 8317 29910 -23070 -14284 -15734 10785 -20862 -284 -12165 26194 -1726 -13395 17590 -10108 -1663
-1849 1649 -15250 -8003 -12912 3366 28760 -27376 -20249 -12004 12678 15164 15364 15886 -32146 -27072 480 -31606 18226 -7475 6517 -1218 28073 -15279 6886 -13094 32196 29494 10390 1290 31894 -9681 22115 18955 -24427 31236 32478 -31901 -8517 -1722 31066 -26221 -15600 -11702 4211 -28641 -24789 25589 -18858 30761 18821 29994 3048 -13302 -15087 4689 23253 -8132 -12336 11086 22979 -6622 -23161 21069
-2744947133
-11660 -32079 4181 -3184 8247 -16927 24561 -18501 -14781 -20158 -28995 1096 -11425 -24498 -19002 23117 -29392 3228 14087 -29965 25873 -2694 25524 -2445 -1700 31365 -22172 -21452 -4565 18779 -19321 794 29105 12984 -20272 14843 -16666 29565 31064 -27485 -15535 23440 -17335 -24021 -27133 -31361 -11524 28329 -468 22423 -20614 18637 -17891 -25288 -4186 157 -12753 -14279 6471 14412 -11067 16680 13720 -11065
-20869 -32531 12055 -20990 8997 -7780 -30562 16750 23329 23913 -11525 16978 -15461 -3667 -19118 -4298 -29451 2860 18902 -21653 7505 4349 21131 8981 -12562 -14169 16630 17719 -19458 -5041 -18951 18101 8780 -6661 22663 -11225 -1194 24675 -30464 4872 8244 -4363 -9131 -17573 21741 -19108 73 -9338 30719 -25973 -5621 2266 -9004 31582 -25174 2640 -31153 29131 -17578 31939 29835 -31071 12467 -17545
478843578
-28183 23493 6845 -30782 3592 -25889 -23713 -6543 7978 24036 -1157 17601 -19278 -19605 24296 10340 -32702 -1886 -26057 26859 6588 10833 16613 27473 -29108 27353 -17746 -3601 29815 32367 -10665 -18549 5648 -21453 14444 8550 -12245 21093 28349 -11705 8558 -20936 -4221 -32364 12233 -21256 12459 17263 -9039 18713 -10820 21736 -15252 3687 27325 6513 277 -15193 12724 -634 -677 10831 1472 28396
-29907 3491 22805 24862 25331 -31958 -21550 -23977 13008 -17810 604 30981 24059 1481 -6496 26640 -7654 538 5265 7097 -4324 10158 -22100 25794 3027 10680 3326 28230 6875 31480 -25977 -7446 19068 -9609 29118 12539 -24998 30472 25416 28524 -31961 7490 -7591 -1024 16892 -28825 25345 -12290 4295 18462 -12092 -2735 -5779 4971 11203 28317 -1041 -6094 -7873 14890 30278 30818 -518 -7289
7953380808
-2361 -3570 -22810 14640 -14638 14539 4161 24457 -10524 28905 -22352 22050 20866 -10304 14954 -9949 -29989 -24301 -24575 -877 -14676 -11877 -27508 27083 -14308 19308 -22699 8735 -22669 1951 -15685 29060 8485 28783 15583 -25101 -14571 32124 20986 1874 -21498 -17867 -29413 23749 13107 21174 -4321 -4125 -11047 18769 27276 -22286 -6946 27905 -13764 8119 -18618 -24157 -24312 -27836 -21079 18022 13916 919
-12676 30373 -11694 11774 1449 -26047 30389 25839 -16712 24460 -21410 -24303 441 21746 21927 -7392 -10159 6482 -2480 -14367 -5529 -7455 15432 -4254 -27403 -21549 -26720 -18698 -28613 -941 30627 17942 -27118 -22254 -17828 27082 -25306 -29996 16386 -31957 -9223 15737 27594 -2872 -3006 -5653 16022 15440 1540 14364 2127 -6576 27854 -8212 -28713 -12857 13160 14881 -10346 27924 23571 -29499 -15270 -4597
-2755063978
6603 24495 31021 374 -142 10936 31071 12006 -21272 16741 -28024 -31799 -21599 14811 -6449 1770 -23258 28902 23417 21557 -15711 6869 -22114 440 -425 -15798 -16948 -10779 10005 -23541 -32128 -23695 -22539 23593 -7450 -19363 -31299 -27166 26992 31816 18617 13443 9472 -5956 9705 -10782 21270 -9392 4987 27135 -7367 2811 -5943 -23039 13564 3020 24812 4072 24372 19995 -19684 -26326 -29344 20875
-31619 -27553 4895 -15194 27260 2808 -22142 30743 20549 -11308 10557 31196 -26332 -26540 -22149 10794 14549 22125 -13508 -8608 -145 -31283 18375 -7386 11491 -18588 4853 9681 -24967 -6838 524 13250 -19140 -3127 -28780 26865 17213 -20270 16491 -22947 17748 10109 21120 -28 25905 -32212 14254 -24084 -26679 20698 -6380 -4703 23597 5994 28870 -25754 12545 -15653 29787 18190 -1301 -17186 -23641 16911
1186581842
18800 23863 25722 26360 16725 -31967 12862 -12068 -9722 -26386 14960 31206 26820 8969 -30010 -31156 15045 28906 -9918 13281 -28792 -4650 7768 2368 14968 25633 -14720 -13567 1136 -23569 31408 21620 3919 -20806 -3515 -24172 -15489 24589 18461 5033 -13629 13203 -22465 2477 16142 11046 3322 -7143 339 6565 2485 -1973 15461 -1894 11634 8771 27554 782 14970 -1892 9250 14821 18760 -21753
-9250 18677 -4693 -1565 -4174 25950 7294 18962 -5194 21512 -31480 -2747 20135 10909 -968 19844 -8211 9463 13687 29514 -26509 19569 8723 29524 -11760 17378 -23243 -18485 5927 29867 11119 -18359 8457 4544 13233 -8969 -5319 10305 8317 -14567 -10075 12548 32034 -18690 -759 -28445 -21400 5697 17334 14327 -16787 -19770 -31934 -15240 -30893 27323 -21168 2611 5213 -9907 24912 -2137 -27933 -15615
-1949810308
3417 -309 -5065 -8627 3492 164 -29700 -7829 -10295 -5778 30821 773 -24758 -28408 27710 5109 2254 -14313 941 27577 -27149 13748 13388 -14365 -32481 -4594 6947 8153 8721 2929 22641 25636 12607 31313 3905 -4042 -7351 -23924 597 19734 -16241 22349 9612 -3363 -3980 9953 18757 31134 -5480 -30900 -12931 12125 5275 15005 31639 1106 -24817 12310 -24017 -4011 19114 15229 19430 6599
5913 -7160 -13907 27042 -14283 13754 15015 23986 21867 -21556 3294 -2584 -15448 8401 13592 26946 3245 30656 32691 26796 11235 9145 -8171 -29535 -29436 -17949 -2199 9508 -30775 -7811 28860 23563 -27410 25802 5724 17168 3459 -3914 -23174 -27553 2199 15682 -9652 -24512 -11542 29409 -12037 -6877 26501 17302 4990 27119 -737 9447 14282 24582 17448 5632 3156 27038 26036 -17329 31401 -5327
2967447864
10589 -8347 24155 2281 -21543 -1387 21027 3929 32680 32510 7445 2734 -12423 23309 -12436 22559 -517 -28728 8316 30114 -29009 11114 -13246 18035 3470 -4625 23063 -20932 -16589 15834 -4335 -4106 -26298 17959 23363 -13440 5371 19960 -24948 -20363 19013 -1037 -31329 -7051 -25003 20379 -16280 31233 31465 27341 -31565 -20322 -28009 -30758 20744 1139 29098 -11595 30401 -8084 -29184 8532 11687 20519
5217 6824 366 -7346 22294 -27543 -26026 17151 -32410 1259 22012 4676 -6307 -10348 12448 15004 11112 -26888 19384 7269 -29161 -5154 -26579 -15189 -30809 -16345 -1775 -6762 20864 -31502 -24558 5061 -1114 -22859 -5745 -30381 -31153 -18937 7484 10380 32627 -15564 15916 16766 8122 2661 -12930 23093 3819 -26435 29887 4837 -14076 20424 -95 -14771 1603 -15474 -7589 3169 -19248 -23641 286 -18157
-2613129764
13300 19726 -29877 26480 19745 -26958 19143 -6434 -32091 -4234 445 20199 -9692 19670 2841 24967 -3670 23501 -17619 32277 422 24917 -5222 -26547 -7589 -12963 29410 -12693 -31245 4600 32258 22495 -24691 22932 24947 14776 23843 -23016 16282 4124 -5471 -26739 -17945 31512 10152 -13224 -17859 5153 22327 -2130 13899 24706 4913 28215 20323 -1412 6402 -24061 -259 13276 -15074 -5869 -19023 -26327
-15697 12738 20956 -11775 -4354 -23985 12593 23278 9190 32424 20402 16551 2563 -9878 -1896 6725 -2857 21222 -3567 -8618 22263 4973 -752 5094 -8101 -7528 -6814 14144 22584 -11229 21510 32163 -26306 10790 28055 23109 -26941 -31164 -21734 24585 -30193 -22170 1639 31215 14982 -21204 7814 -5843 7704 32196 32244 12618 -24463 11234 -19218 16708 -26149 22518 3387 -4025 8994 8430 27873 3998
3143902611
23585 -11431 6385 -26395 15607 2272 30758 2831 -8540 25397 2144 12924 31495 -14372 14603 11362 -22287 10529 28535 22452 10146 -23786 -20520 32136 -31900 -23280 -804 -20685 8652 12123 23575 -17142 -12720 -23518 -14335 28024 -25298 10736 7331 -2320 9253 28669 13049 -22582 10636 18077 -23827 -27696 24932 -8435 521 -14526 18715 21046 -9398 15282 -16840 9004 27235 24738 -25131 28447 -18279 29499
13187 -17184 31333 -3549 15495 -18374 10848 28087 -4083 -23906 -32071 -19758 10247 -10934 -15785 23544 6889 25411 26085 27828 16071 -24596 -10584 8076 1267 20271 15777 28483 -23705 5940 13159 30430 -31373 -23913 11969 32162 1069 -21138 -6209 -22512 17479 -28924 21212 -14289 3754 -14779 17624 -29850 31572 -5767 27175 -2090 26298 16119 -263 -8490 -21645 -26364 -19987 -27779 18358 6076 -11818 -27887
3424572322
298 -2098 -9697 -8323 -2819 6480 -29146 20662 -29248 -12741 23757 -14751 15859 -30845 20483 -21020 -8852 7909 26759 30430 -30631 706 -14646 31625 -17706 5901 -12696 30281 24189 -21905 782 27362 31626 9491 -20483 -23263 -14822 -14294 13750 16499 27099 8268 32012 21872 3440 12639 15177 -29325 30087 -32020 -14989 24930 -14082 29688 -22654 24825 -9308 -29247 -4900 13368 19379 2226 -21196 -19360
9092 -11920 21670 -23697 -26032 -31269 6499 21401 -24259 -32478 -2639 7914 -27832 22674 23590 -31017 6494 874 1260 15745 9834 31705 -20314 -17155 -25692 -13397 -16579 3521 911 -10249 -24680 26847 14407 16874 -28005 4115 5540 -26018 27784 26655 30501 15391 17501 1939 -7087 -31461 8074 -22752 -24606 -20582 13461 6185 -25493 2780 8949 -22607 27102 -10944 9760 32133 19513 -3006 22288 28516
6144524561
-17559 29554 -30121 -1968 -10070 2864 32005 29190 -3904 -30553 -1848 -9747 25704 -13108 25118 19246 6233 24223 31737 21475 -31923 9738 -7877 -1098 18966 10414 32525 21754 -12680 -27029 -3513 4098 6401 3166 -18660 -20896 9045 8829 29695 15036 7900 14016 1690 25189 -15914 -30929 -9503 31231 25535 13925 -14963 -12801 10913 -8086 17122 26755 22360 -31775 18151 -26531 12769 8311 19605 -16352
26289 -27923 -26500 6500 -20690 17623 21204 -6764 -8305 -28658 24734 -20123 -19848 22485 20182 17499 12332 -25425 11867 -11494 19162 -24270 6020 -13744 -21992 28912 17627 13922 -32219 5748 25926 5759 -24603 7385 16541 -12072 -1187 6083 4438 27136 -8195 -30806 -14588 18258 9794 -30532 -17418 -29438 -15115 -6165 -2732 4169 -21735 29630 -2843 -32256 -23997 -13934 -30165 13714 -28651 -32601 12375 15439
-2166882108
-24411 18491 -14594 -30952 28255 31818 -17987 -18915 -20743 -31228 30711 -30173 11732 -8226 6034 -22549 -1272 19618 -10647 -10616 15981 -9757 -17075 -30030 -6940 4927 19049 -28016 -16592 11362 24953 4717 16183 -27903 -22036 779 -9330 11762 -30019 12433 -28067 17083 -24533 -22273 -20742 -9956 23293 -17337 -1494 21490 19818 7092 -4268 -19032 18005 -29509 215 11916 -11176 -32178 20913 7023 21592 30511
-3137 7473 -19738 4144 7199 13540 -15383 -28543 -17938 4384 -31902 -21043 -7643 -122 -19941 -18612 -12016 -14207 -10302 14993 9309 1821 7815 19456 -147 -5425 -10123 -28799 6499 17179 -12329 8288 -14142 7273 -12 -13384 -31402 -16673 15947 2935 22658 17818 472 -2746 -26497 -29350 -12657 -691 24875 24120 17749 21776 31560 21523 16876 -7831 -5905 -15853 20456 -27174 -9711 -29331 -4250 22268
2535758093
-24173 5081 -13774 19498 17049 23167 -27321 9703 -6040 -3002 -14295 -26193 -6701 -31402 2410 -13039 -19859 -4893 18904 19587 25145 -17509 20977 -32221 -29183 -7081 2018 -624 23103 -16097 10352 20778 -13812 24905 -12756 26098 -28419 133 21286 -12136 -27069 28321 -5612 -20873 -5670 -13414 20444 -4592 -12237 32034 -29767 11511 -18294 6955 22549 9816 23127 -4780 -31138 -10328 20350 -5669 5420 27865
9561 -12996 -7082 -20276 11891 29359 2856 2044 22900 -16962 -8522 15635 21959 25281 -25432 -8930 26040 -21664 14265 -27747 7764 -31316 11433 19905 26316 18853 18408 24503 27393 -3820 -10104 -747 19580 12960 25601 7021 15269 27202 30227 23037 -32433 12796 30762 30114 6408 -17004 18535 12175 -30972 5856 17706 -16084 8299 -20763 -27495 21641 4472 -32571 -26539 31997 27737 -11339 9985 1354
-256918071
-32317 -20572 -23666 -18494 20452 18270 -21572 10813 1259 14930 -11786 24328 9793 -17732 8151 -6767 -30094 17477 -7361 23908 -17671 -30813 11188 -6958 -2037 -3213 -18165 2327 -18721 -5278 -21921 -6421 3660 -17949 1777 -31675 29773 -23275 21012 32558 -24625 30454 -9699 19424 15810 -15577 -5139 5619 24709 11813 -17322 17336 27476 17609 20241 -12016 8458 14781 18502 -29639 -12423 1801 25528 15030
30090 25126 14858 21272 16399 30565 28421 -3623 -20491 24709 -26629 -29971 22417 -21579 23770 -8908 -7350 -29060 4565 15125 14787 28776 4377 14427 -13487 -26818 -16724 21079 -5051 -12498 -15155 21317 -10381 -9932 4212 -18385 8572 -30691 -29711 -8731 24996 29753 -18970 3742 19254 -30827 -272 6322 -26880 253 -27238 -29741 -6654 29965 -14044 8636 12840 12845 -5355 702 11504 13011 -18804 -9408
-695152593
7835 19533 -28490 -3373 25575 -22063 -29517 -23261 -20769 -7015 672 -4113 -28686 11398 17644 3631 -17307 20178 -21545 5285 -714 -24539 -22205 29928 -23243 16244 -3211 20973 -32618 -22592 -15538 -12528 -4673 -13889 -27966 -20515 2756 24815 -14868 -1647 5261 -14479 31609 29449 6636 -29135 -16878 20812 10656 24588 -607 14570 19158 1143 -13031 -13951 -29972 8407 17826 -2939 5389 -10787 15418 -10851
12143 22398 -15503 -23401 15877 14768 -8079 11224 13535 8894 -14011 -18118 -2852 11219 22142 5293 -30404 -13812 8787 -16714 -17451 -1912 3762 -8489 -1066 22330 -2628 -25761 -26900 25547 -30431 29123 -27281 25593 -3685 4023 -18653 -16059 9764 -7218 1291 3833 -28150 -3212 -1651 22921 -25033 12409 -25074 26745 5226 -9758 15273 -32705 14574 -11196 1074 -23709 22030 -12365 16813 15127 5938 27033
-24382889
-193 21697 14789 15866 26215 -19086 9482 4009 6588 31391 -9111 -19261 18692 -19842 31991 -23638 13875 13888 -14939 -3312 16002 -12326 -19927 10571 -1735 -20582 31939 -15078 28435 11937 -19648 -20482 5688 4743 23376 -30101 -13185 4245 9268 31472 -19279 -4168 -577 7581 -8633 25480 9189 -28679 -32620 31774 -4124 -28410 25247 -7408 -8931 -6394 -11617 27420 -6756 -3022 31128 -7875 8690 6135
-16545 -18931 7943 19619 2008 23416 -782 30566 26968 7071 15138 -18265 24336 -29599 -21028 -20531 -21111 -6917 -20981 -20146 29721 12289 -30575 -25195 -32696 -8749 21007 15424 -26693 16715 20556 30043 1941 6970 -20198 -28952 -32216 14314 -22397 30350 24907 24357 -29020 29175 24288 8287 -9220 -8878 -8123 -23528 3392 -14585 -12429 -23495 9989 -29876 -26240 -22857 1919 -28141 9982 -15805 -4318 19537
2616716404
29189 -1698 -9351 -11985 16612 -14418 -9356 -765 25329 18583 -6919 -15299 31059 -28987 -14227 21736 -10999 8090 28826 4128 14081 -686 6240 21199 -29139 -31587 -20547 25956 -19141 -2329 -9529 -16335 24487 -21283 -21717 16027 -11679 29863 27224 -20894 5664 -8946 -5564 -8207 944 11389 -12904 -5918 -4247 -1542 32216 6309 -11215 21547 25926 -25564 -27009 -17915 -5128 9437 31540 -18491 -829 -78
-14523 4215 29032 -10244 -476 -15635 8761 -28883 2617 20666 3509 -15723 5600 -12667 -20493 -18441 -20920 17617 28660 -14145 -6103 -29408 11086 -1244 -24169 18741 -25602 -498 8177 -11740 17981 11872 -6121 2916 22548 411 -20943 -27970 3403 -3987 -4820 -30597 16097 12960 -7865 26077 -20808 -23372 -27716 7630 5417 -3821 -24403 25816 7598 30252 18287 -5587 27308 -1079 -1720 -21584 23877 -15117
1853919674
7271 6963 -4012 22249 6921 3208 8050 23807 5388 -21053 19669 -18866 1381 17840 16608 8744 -31664 -31856 -18709 -25595 -1040 -26807 15583 1072 -9243 27782 30293 -16804 17567 21249 -22970 28685 -20487 14867 31457 -965 25190 24887 3213 -8419 10558 -29492 29180 -29767 -14342 5677 15663 -11902 -7921 -29536 26620 710 16376 -27065 -25135 10367 18797 29402 -32453 -1306 -25861 22733 20690 30261
-26296 -10025 -12249 23297 16628 -13884 5258 999 23761 -3328 -16309 -21173 24388 17128 4722 23970 -19906 11117 23455 32352 9886 -7186 -10819 2359 16202 -23136 -15424 515 -11924 -9536 -19678 -22417 15439 -32128 23888 -26024 -11043 294 31699 -16703 -22863 -1698 31581 -28023 8642 -30954 16082 -11834 -5920 5489 5030 967 -19677 -32086 -6284 -31495 16724 -15393 10450 -28246 -4435 -27741 9898 -13607
-653542949
-11698 -4581 19131 -19467 -27246 13785 18956 31316 24503 -17517 -21213 -5665 20985 15755 27302 -27617 2547 15652 17727 -19649 -29865 -24979 24176 14523 -20163 -20177 30850 9793 9935 -1580 -621 28685 -2750 -5474 -20645 -30187 12274 26875 20481 -31672 18749 21631 -16496 29843 30167 19225 -14846 -7971 -23345 -28891 10851 -6850 -12754 2191 17034 9566 -3392 -27065 27925 24028 20365 -2905 -29069 -26433
28853 -27101 27773 12884 -5389 -12129 -32038 -260 13070 5824 11969 -30762 18969 5310 -14994 749 26867 8380 -26757 19717 -17246 -10619 28078 -10483 -565 -19060 24875 9248 30697 17077 16232 7542 -10548 2382 7512 18320 -27627 -16032 16623 4927 11507 6600 28777 -5617 1472 24015 31830 -4950 9079 28694 -20427 3602 -235 1441 395 32396 -24575 13164 -30459 16544 -312 25897 -5200 -15517
-694743243
9287 403 -8699 7004 664 19961 -22956 -17689 7056 -19634 4938 -14235 15435 9415 3889 28016 8617 -1439 25010 -5566 -27556 6279 -29672 -17094 19012 -6933 -28486 19574 -22021 18174 2130 8315 -2975 -24030 -30329 -9682 -20658 11397 -20769 -986 30339 -24542 -19400 -18208 14367 26690 20150 -3898 30471 26920 6332 -15912 2096 5607 24376 6823 -7254 25707 -2246 -20425 -4784 -31142 16897 -30588
12425 26555 2366 -20046 -29790 9453 -9085 28343 -21014 4780 28824 -15876 11790 32153 -16470 -20133 -6503 18504 -25466 212 -31913 20246 29967 19918 -21377 7181 11232 -28575 25507 25529 20473 7380 -17232 19929 29222 23933 19840 -32565 -25728 -21390 11834 -2675 -10554 22055 22946 -3376 4535 27374 30521 26259 -25934 -6761 -3971 2038 -23387 -20027 -5149 16729 -1322 22403 29149 -6851 -10231 -28145
-2115841534
17974 -19533 19006 -4572 -14532 2277 11955 21573 15884 -14954 -2844 -31648 -10867 16713 30525 -28692 3998 -16904 5314 19381 20079 -16779 13297 -14846 -6558 5482 13476 -21765 -1403 -21561 23344 -16579 -12622 -11681 18036 -6461 -7723 -14075 -26523 -7702 -17317 25351 20035 12177 -29538 -13672 -28756 -28731 10179 -16219 9028 32463 -27508 19211 -7259 24270 8474 -21721 -14800 26247 2471 24208 31639 12353
-20680 18844 19825 11606 20656 7735 -2659 27162 -4836 -28839 -9733 11762 27577 -20273 -20822 25446 -23881 -32036 9454 -12388 -23836 16678 -12440 -30744 -8492 -19332 -325 4063 7816 -1778 6410 17737 -6002 -10095 -19945 -19816 -15450 10942 -8471 -14083 22215 -20182 -9061 22596 1628 -24284 -12800 1881 -5879 19952 -31287 30062 27820 -6758 -9708 -11767 -24850 13876 -23499 22154 -4035 -4253 -2568 21844
-2861719761
-7267 31919 -15261 27073 7107 -31679 32223 16460 7503 -31147 24432 10630 -26543 -2514 3724 -31046 -28132 26660 -9310 -1074 -4785 -31603 -30678 -20668 22548 -10076 -10598 5045 -28232 -28290 -29532 -29585 8876 6935 -2987 -27639 4971 -18778 22814 -20017 29588 9362 -30619 30993 -2585 4370 -8790 -10119 17962 -19782 601 -1126 11742 4080 28754 6743 2813 -10816 -19619 -13309 29284 20685 21401 17132
324 -26230 -475 -14009 -21129 -24203 621 -3569 -7342 -5950 19629 -5707 31482 -17530 11377 -3919 11432 31647 5006 -19653 -13115 -31334 19058 -6981 32682 4140 -318 25038 -5949 28410 -10192 -30235 -6844 1647 -13119 -13513 1928 6632 -12058 32647 -22468 -4410 18758 -9337 -10665 -30029 17540 12651 -24587 -11215 -18003 20130 -18255 -24201 -20945 -13002 -11102 26979 22444 2923 23381 11787 21803 27962
-1038539728
-1595 8262 -8550 337 -28426 6319 16408 -26228 -9337 -20582 28070 -17558 28418 16548 20319 -25409 16683 -13591 -15423 -30349 29898 29569 -12804 6422 -12103 -18101 8093 32419 -16773 29676 18400 -4120 -1654 -27074 -21650 -18723 -6948 25617 14041 1649 -13797 32703 -9273 30662 -6 -2638 -24601 2006 -17571 7415 -30056 5892 -4066 20063 8079 -19733 -32653 -12445 11597 -25222 -4273 -23903 9406 23748
-563 842 17550 -25663 2967 26253 22296 -9999 -20390 23232 -10127 -7818 -8532 -14057 -7709 1928 30719 5099 -21078 23816 -21759 30765 -4409 24067 -16654 15477 1385 7465 -16667 7441 -7444 4752 13934 293 28635 -29197 -11487 -21457 -26421 -26272 -7359 -31169 3036 -5325 -28094 24765 4850 -19788 -17792 -21024 31300 -3685 1874 18098 -18365 -17101 -31882 30496 -2649 -13846 23207 20823 3101 -2824
-1760351095
-4924 7560 9390 -20930 10429 -23489 8080 -14012 -16207 7407 -17690 -23345 12930 -10379 28731 -2743 11285 -22003 2445 -24760 -16834 -24816 -794 14263 1080 -19671 -20984 -24147 -10267 -20589 11583 9222 -27607 30400 30126 24925 -22848 25010 28616 -10397 -5663 28950 27839 -31642 -12847 -25784 -27471 19034 20019 -14642 -26073 31609 20889 7321 -31873 3263 406 31672 -24947 27081 32619 14656 -26949 27405
-6058 20855 -31306 18151 12995 20642 -25384 -18322 -2560 18437 10035 25760 9273 -27961 -29767 -27080 8914 -1512 -16638 -14697 9275 -30674 18602 -24080 -9133 -3094 8364 -18848 19331 -6135 -32148 -24106 6305 20804 24043 18720 -28358 29060 6122 16682 25794 -22879 -15355 7865 -9562 13961 12535 26244 9737 4356 30580 29094 7499 -32499 -5801 -29038 27624 22845 4236 207 -3855 376 26530 8150
356179099
-18385 -3275 5851 -31031 1896 -6367 -21707 -15438 -7385 -22020 -18628 -25117 -13747 -14031 -972 8327 -16928 -6573 22818 -27535 539 -31966 2091 14118 873 -23371 27170 -20237 16577 5414 -5594 -3315 22279 1042 -31156 6071 2035 -16964 24880 -11039 5918 28212 25273 20420 -27987 -14595 11082 3244 20905 -16022 -31240 -24813 -15438 -6343 -23148 28451 5542 12637 20647 -4022 -8953 -9508 -212 -5031
-3060 27470 23609 -1693 29853 -19595 -12644 -10524 7426 -11519 -14696 11439 15104 25421 -28150 -3923 -23746 -19058 -2230 -10818 21898 3258 -27709 1191 -23453 1681 -13754 -847 -11663 -8653 29736 4932 -19335 -7977 -27670 23851 7053 19445 6259 -28650 -17666 10155 -421 27926 8432 21602 4325 -17905 15619 -28507 -26277 -10321 -6585 18697 -29927 -27303 -18715 1524 -22523 21325 20110 30288 16933 -14815
1823799875
-1357 17430 11253 11775 22083 8649 28858 -6640 24022 -1119 -12092 -20428 1007 5107 17314 -32118 -4689 32321 -1352 18854 -11459 3390 -23516 -28207 11647 -16284 1896 -19365 27612 22678 8062 16058 18226 3171 4387 6660 28323 -14477 412 21065 23241 12264 3357 11824 2568 5882 -19114 -22505 -13410 -5460 -6989 29172 8870 -14587 -10351 -20082 29558 -29271 -31349 11417 -18275 -9785 1078 5623
-7794 -3609 13914 14294 -19589 15705 -26867 -27205 -24457 10912 2222 11727 -7148 13285 -4633 9133 16091 32283 -31710 30374 -2491 30412 31204 -1711 -10523 18562 -3153 28345 14605 -13005 21360 -26769 -15027 -3831 18539 -5408 -32237 9967 2702 19362 -20325 1642 17788 -15627 1110 20126 27473 -14597 15960 -19191 3407 -18903 -21441 -2794 -25479 -18212 32455 -31445 11570 3187 -4386 1752 5508 10959
-1959544652
11757 -32762 -3020 -5394 3344 -18372 -9443 -17270 -17066 1066 -13633 -13544 -26159 -26019 -2521 12155 29712 16198 22459 18638 -7167 -29748 -26554 -20140 -16424 15009 -3986 -809 2726 -979 15815 -29206 28467 -14688 1227 -26349 11231 -27063 -25551 28697 22044 -15334 -30551 9420 -8886 -31660 -29206 26124 31979 -20651 -550 26381 -578 -14341 32546 5676 17775 -6544 -8608 -26567 11733 -19222 24944 -22399
7551 -15548 32132 17808 -3879 31919 24325 26635 -8984 -865 -19865 -11406 -22840 27326 -20789 -31316 579 8301 -3399 15785 -1546 19921 -11582 23719 26404 -29258 -1091 12564 13569 -12301 25863 -15628 148 17053 -20400 -294 -16878 -10441 -22921 3896 1455 -30243 16533 -5966 18357 -3476 -1132 15480 -4604 24694 -15346 -20327 507 28050 901 32423 -692 11057 -23807 -25345 -27427 21843 -24694 -28572
-1546745291
2871 -6878 19097 -19898 6722 8396 -7576 14264 -10818 27887 -1042 17528 4919 -3759 -28758 19235 -20082 -2007 27515 109 -16585 -9202 -22871 15471 22440 -11197 -18272 -13200 11534 22518 -4062 18959 32009 2879 4565 8710 7878 16426 5258 19989 -32239 32478 16760 21678 -6407 -27397 -11226 10845 572 -17398 3140 12787 10564 -13934 -12031 -14504 -28181 14341 -17044 17850 32490 -31351 -521 20073
-1942 -17172 -4788 -10737 -12081 -6050 -11461 8721 -9638 -13311 -11344 -30615 16652 6172 -4914 -7073 31237 20797 4168 -7431 -9163 -3152 -13333 -18601 1627 -7451 -28054 14567 4237 8736 7134 -10716 3526 4050 -140 -24771 -32609 14900 9342 859 -27571 -15467 -27781 -7350 13890 7724 32655 -4878 5766 5899 26106 8761 1575 4156 27182 -9049 9407 -3316 -23219 24818 -822 -24226 -202 30680
419086134
11740 8929 31779 -16999 -21336 -19145 21223 2712 -1680 20472 32211 7261 11695 -7304 31449 26516 -763 -5314 -17988 12130 -7007 -10569 15461 24171 8674 12012 -3493 27976 13938 11796 -3026 32541 -1382 30018 29788 2378 57 -15026 9379 15814 3398 10801 20343 29427 17860 -23218 -29116 -10326 -3339 947 7707 3361 4409 3252 -192 -11332 -15056 10141 10879 -11731 20978 -20269 -28028 27506
14002 2339 -27098 -31525 32682 27366 17820 -9534 -14915 -8522 -31091 -937 -25387 30223 -15536 -5104 -21516 -32466 7707 -7084 -12967 13014 11723 711 32417 -2771 -5729 8173 -13385 -14155 32313 -9786 -30438 16312 -20819 -20036 15153 -26349 27702 -32271 -12632 -6816 -32503 -27768 -12387 -30035 -11067 28119 -10924 -20498 21254 -18018 -946 17695 -22142 -7267 -19743 3213 7267 -20053 18536 27342 2395 -21946
-4473612816
-15052 -28937 2333 14465 27846 21502 -7258 -24540 -6226 -27929 -20845 2018 -9466 -620 -20189 -31709 14159 31128 21989 -16938 -3588 -16656 -9187 -14105 12325 -2225 -7955 -1762 -21024 29624 9169 28507 11751 -3920 20597 16966 18590 -16179 21079 -32226 -17029 -7670 7991 5053 4102 -16323 -26774 26726 28890 -233 7782 -12994 -5002 -4261 -22159 10997 -20421 7023 -29105 -10343 -19577 -6487 -9764 -1602
-31339 16830 32270 8476 27461 -3622 9855 -21968 -1343 9052 -14549 10060 -15355 19471 21749 7809 7177 21353 14542 -22309 2275 -32428 -19044 -21656 23055 5646 29120 -5376 30909 -20232 23120 -10885 23847 -30896 -8155 -21027 -22285 15687 -16424 4351 -7819 13497 10283 25449 20543 22688 2466 24394 -2461 10613 -2849 24381 -29801 -30484 -31506 -6940 -26932 15657 -16346 28540 16833 18171 21116 29337
1931402358
-1964 -14262 22281 -1798 29772 -8796 -12786 320 -3374 -25723 593 -32505 -12489 -11506 29248 -25718 25078 -6641 1414 -26329 18883 -6377 -16594 -4131 -6485 -6181 -18601 18256 1469 -9512 -3803 6095 -27911 32455 -19322 8574 -8744 -2094 -7786 -24420 9681 27284 -27965 23950 -27394 8776 4315 -18176 -120 16594 5018 18052 -8186 -30910 31100 -28714 14500 17619 11794 -29718 -24261 -19766 -13963 5147
3773 27323 27132 25746 28165 23266 23576 8107 12880 4835 30393 -20804 20646 -26840 24218 16918 26369 27913 -5312 2025 -4751 14504 -4815 -26825 -726 18369 29626 14430 -26593 -20946 11601 10372 -6084 -9932 -15349 -14020 24880 -16822 -18473 24336 9813 -16778 11930 -7501 -27929 17241 -1546 -26134 4363 26803 -24749 -9618 -26717 -11423 -6327 -17345 30623 14518 -23837 -9497 -13554 -32070 32054 5764
3718198972
