0 0 0 0 0 0 0 0
0 0 0 0 0 0 0 0
0 0 0 0 0 0 0 0
0 0 0 0 0 0 0 0
0 0 0 0 0 0 0 0
0 0 0 0 0 0 0 0
0 0 0 0 0 0 0 0
0 0 0 0 0 0 0 0
0 0 0 0 0 0 0 0
0 0 0 0 0 0 0 0

1 1 1 1 1 1 1 1
1 1 1 1 1 1 1 1
1 1 1 1 1 1 1 1
1 1 1 1 1 1 1 1
1 1 1 1 1 1 1 1
1 1 1 1 1 1 1 1
1 1 1 1 1 1 1 1
1 1 1 1 1 1 1 1
1 1 1 1 1 1 1 1
8 8 8 8 8 8 8 8

-1 -1 -1 -1 -1 -1 -1 -1
-1 -1 -1 -1 -1 -1 -1 -1
-1 -1 -1 -1 -1 -1 -1 -1
-1 -1 -1 -1 -1 -1 -1 -1
-1 -1 -1 -1 -1 -1 -1 -1
-1 -1 -1 -1 -1 -1 -1 -1
-1 -1 -1 -1 -1 -1 -1 -1
-1 -1 -1 -1 -1 -1 -1 -1
-1 -1 -1 -1 -1 -1 -1 -1
8 8 8 8 8 8 8 8

32767 32767 32767 32767 32767 32767 32767 32767
32767 32767 32767 32767 32767 32767 32767 32767
32767 32767 32767 32767 32767 32767 32767 32767
32767 32767 32767 32767 32767 32767 32767 32767
32767 32767 32767 32767 32767 32767 32767 32767
32767 32767 32767 32767 32767 32767 32767 32767
32767 32767 32767 32767 32767 32767 32767 32767
32767 32767 32767 32767 32767 32767 32767 32767
32767 32767 32767 32767 32767 32767 32767 32767
8589410312 8589410312 8589410312 8589410312 8589410312 8589410312 8589410312 8589410312

-32768 -32768 -32768 -32768 -32768 -32768 -32768 -32768
-32768 -32768 -32768 -32768 -32768 -32768 -32768 -32768
-32768 -32768 -32768 -32768 -32768 -32768 -32768 -32768
-32768 -32768 -32768 -32768 -32768 -32768 -32768 -32768
-32768 -32768 -32768 -32768 -32768 -32768 -32768 -32768
-32768 -32768 -32768 -32768 -32768 -32768 -32768 -32768
-32768 -32768 -32768 -32768 -32768 -32768 -32768 -32768
-32768 -32768 -32768 -32768 -32768 -32768 -32768 -32768
-32768 -32768 -32768 -32768 -32768 -32768 -32768 -32768
8589934592 8589934592 8589934592 8589934592 8589934592 8589934592 8589934592 8589934592

32767 7554 8053 13476 7150 -19498 8044 30486
30006 26336 15513 14378 31492 23233 3742 13
18703 1480 -32768 1381 10516 27968 -7854 -17729
-29814 23786 -21490 -25411 -1337 -27554 1 -13031
-30014 -1865 24034 21889 32328 16374 -22435 -8839
32566 -27902 -25961 -2000 -20418 22807 3571 -2812
7367 25464 28084 -1 16846 -13505 -25005 32767
9117 1 3968 1349 28350 -26286 -1 -24937
8228 -24565 -29459 13135 -12543 -4184 -22332 -8839
-433390381 -1244089188 1184165890 -283097653 -516499637 1797666959 -1278257486 -49357037

-761 -21574 -4692 20170 15330 12853 20331 3615
-1870 -10784 1 917 13653 11607 -1216 -11974
14931 -22288 11126 -6233 27488 -32768 15025 10109
7592 0 2954 -9519 -7592 2912 18041 24147
1651 30254 14950 32767 -1 -4560 8661 4646
2090 20007 -6252 22746 17116 -2785 16976 -10113
4055 -32037 -12086 25384 5424 12580 -15491 -9205
1 12700 -13070 -24265 30789 -29182 -8911 16380
4519 1 -15586 -25414 -15785 -1100 23577 10492
-181781184 -414362683 114901300 1025522571 -800282101 -444133459 -999710079 328257097

-11311 14221 -16434 28932 0 13760 -31536 30943
6449 -14569 -29860 -18453 -1 -28111 -3137 -2510
8878 23510 -13997 -1 -15382 10985 -6310 -1681
14123 -2557 26088 10553 -11525 9666 -7561 22533
0 -7667 -32768 -14677 30722 16508 -17464 24201
15605 13450 7964 26865 -20362 27352 7432 0
-13587 10223 13360 10863 -22007 7767 0 -31040
-8226 -28940 27939 -32634 7369 -21434 7883 27053
-18637 21157 16732 11204 -7720 26848 -18614 -16171
1016917575 -1790526358 656044887 362276507 -735172534 1181182261 1695127798 -1573688543

13065 32194 2999 -20120 -3014 -23508 28953 6683
16234 4751 -15035 -6560 -32768 26193 28400 -11992
-9656 16506 -31305 5422 -6101 -4719 1 12723
-23127 10364 -12784 7020 -26014 846 9857 -6008
-8361 -11685 16456 -5689 -20021 18932 -28089 -30789
-25428 -1 19906 16988 31250 -20835 -24062 30975
-3631 28530 17056 -1 -17583 -19302 -10741 6615
30090 -14654 -9899 23523 19716 1 30840 32767
20705 -32768 -28879 9187 24343 32767 13456 -4342
-1538955184 1049187518 -145301005 -831585603 -429024197 -1325504007 -2736365135 2357862825

-5327 26941 -22182 1065 20003 -32195 6656 -1049
26404 -536 4084 12262 -23067 19689 -28137 20409
-21947 32767 16354 12568 23547 -12630 26252 14366
-11458 -6270 4996 -3856 -32653 -17199 32501 -7201
4916 -11209 31785 16727 -1 3403 17569 799
28393 3181 1 8794 26171 -4273 -890 -4680
13548 3500 -1 8756 -7919 -30446 -5067 -16894
-7827 -12008 -26574 -78 1 -4723 -17488 -23364
407 -15908 7908 8045 12425 19324 -28782 -20333
-1141435428 638942876 -1298932460 -1423526248 110068201 395085884 -177117835 864207974

-2140 -6814 1593 24049 -10506 30964 5810 12195
14536 -29493 -27839 -2448 -32038 32725 23955 11678
0 9280 -7612 -1897 10205 32767 7969 -11813
23114 11879 -26425 -11963 26233 -25075 16302 -28693
4510 30376 -32768 -12739 13229 30973 8742 32767
831 27648 26959 1 -21071 -3748 -2529 -15178
-10265 -14578 28956 6142 22866 13985 -28568 -26701
-14804 -24263 10882 9867 26043 -7777 31865 -31480
-7586 31981 -17102 -32768 -32768 8897 -1 19733
-156580171 1074226441 213141661 -600427061 2403733262 774424763 -2236526104 -2716873377

-10976 20792 -5998 23774 -14588 -21459 -30473 18942
22961 -3533 -8346 -7247 -32768 -9631 5197 5282
-32768 31000 14846 30481 30654 7570 3675 -15147
-1690 -31704 11587 1169 23541 -1 21925 -16187
344 16015 5869 -18804 11477 -14689 -31014 -2837
-8641 27095 26036 -18276 5481 -21957 8155 11398
3607 -27149 -13073 17697 -30065 9840 29060 13795
-21639 -2370 -30217 1136 31891 -3517 901 -22515
14782 -23548 21718 -14473 -3956 -11156 -28076 31911
630921928 605948563 -2125344022 -268914956 926262051 422225328 -213938984 -1767450857

-22003 -24371 1275 -8129 0 10174 23723 22316
28674 0 9913 -32768 4684 1 16684 -1
0 30286 29103 18582 27915 -7888 -26984 0
-4901 18556 -2733 -16306 1 16166 5794 -5297
11880 13074 19217 -18503 -17517 16095 28938 -27664
32767 -27053 28034 -21205 1552 -6493 -11440 7254
6468 -21237 28654 23683 -17997 -1912 20164 -32531
2376 -26621 -32768 7760 -7863 -32768 -26337 11165
-23402 -1 8550 -22546 -15294 19344 0 30609
1588992561 80866169 -749666890 609506509 35924456 23693155 -1197789106 -682557876

-17307 -141 5451 -31207 -20505 14563 5327 -12658
0 23562 20899 -6492 10875 25321 15149 -10434
-12518 19852 4450 26520 16816 -1764 -30195 26413
-26494 6867 20974 22817 8740 5388 24851 -26698
12635 8529 -6373 -21676 10241 -23642 -3221 -6128
-8120 -19624 -1 -26468 12331 -11088 20621 1
2833 -16985 -12551 -1265 -30457 -1 -18775 32767
4095 32767 16850 627 14942 29353 -32768 19644
-25422 15155 6420 5255 5610 0 28072 -7244
435045380 1018993604 -157610796 1972205252 -335348685 417971538 -1351932914 -474387132

12416 29545 19751 18085 -7097 32419 -5159 -30174
-8056 15381 26335 13464 -8273 2808 0 9638
4676 7106 -1 -4640 -26634 18929 -30588 -4075
32767 -16420 -32768 -16422 -32768 -28412 0 -24094
-28925 17524 0 -4521 32767 24372 0 7502
-11488 -1 21565 -11584 0 11500 -19153 -13878
-30882 17570 -24814 21000 2010 13326 -18497 8840
4127 -203 27236 26420 -3893 -22777 -15804 1964
3357 8178 32767 -4332 26849 4442 -5176 -18784
1399085564 512645890 -302267447 -1580265333 912899058 1129132129 -821185258 629395914

-11730 20161 -24181 -7142 -15734 1 -7949 0
693 1 -8974 -1333 -22715 1 -11967 -3795
15571 326 1 28401 26906 17401 -32261 1
19757 4754 -7527 -21176 3236 -21987 -24012 4885
-28433 8677 30776 -32768 -132 10113 -6449 -26943
-22050 29871 4451 30652 -10667 -25097 -4547 27105
-25306 -23470 30721 10778 14249 30082 21659 -31149
-28660 14218 -12908 19758 14927 20891 -30504 6447
-18511 -23651 5605 -1 18491 0 -30456 -1376
-444063794 -113483904 1184090683 264098248 724679284 -369450813 842401542 1318060153

-10769 -26629 30279 21986 -20206 29345 -10159 -32324
-11489 -15625 26609 26988 1 24222 -4578 22514
-1 21156 -18069 16451 28519 7819 -6730 -23223
-28385 -28267 -304 28418 24043 12357 -12318 -17183
27004 0 -12710 15960 4851 22994 10253 -11308
-7658 2155 7194 -27319 -25210 1 -6671 22093
14078 12814 21904 -23728 -119 0 29979 -17899
-28476 3580 9792 -27632 -26836 -31198 -29678 0
13534 -29180 -27608 24086 -24052 19160 32767 -4018
1170141529 439457960 -385596720 457432522 1806066759 -724131909 -302516845 -2350493706

12082 2331 0 -28075 10263 12681 10048 -126
5908 30656 -11470 3959 -1 56 32767 -29345
5876 23078 10125 15554 -10626 -28924 6775 21366
4745 -4447 -18643 -12396 17295 -5252 -741 -7269
-16332 -1933 -17697 -28822 31235 -10705 -23890 31489
-20377 20092 15322 32567 21270 21936 1 -15499
-32670 -18336 -11715 0 -17918 13940 -32063 -29309
9046 -31890 3139 -7390 -11072 -2912 14201 30698
1 19681 -10930 13416 8543 -10120 -1 19400
-373875066 211926658 1168636795 9830158 754778248 323896376 -1095567347 -230663211

-1 -28872 25047 -12370 3764 1 -16093 21131
-14495 17657 32767 -24430 29578 -9675 11381 31497
9914 9737 22827 1643 -7023 -32768 4744 -9054
1716 -7920 0 20115 30070 -15751 29259 -11982
-6117 -3973 -20424 28424 4329 16180 -16161 6857
-10802 -32768 28184 -584 -5527 -28863 27722 20930
-8679 -25736 -15681 20939 14623 -12936 29412 -14646
1510 -9308 32767 -52 27169 -10910 22691 30105
-1 -28223 -19815 18988 -18959 10287 -19385 10813
552767511 -2151813612 -1089735687 -823406684 1528348443 -147935054 295835647 -1129235218

-25976 0 -22645 -23015 -15808 -27898 27942 288
15683 16464 25987 1 24872 18288 -4079 -21582
-8502 30275 436 -20953 1 24115 -16454 -24249
-13578 -15799 9295 28897 -32768 -18030 25429 -6137
-10146 -29589 -26765 -3020 23308 17165 28276 -1
32767 0 16938 -24216 -31331 -1 32275 -3395
0 -15990 -1 -50 -30318 5481 1644 -18273
20386 3941 -18339 -1 -27845 20946 -2079 196
-2324 0 -20452 -12560 4214 31701 -19291 -21975
-683795168 669564959 1888770974 -1586836034 705825520 -798485959 416476352 910173929

6821 -17355 -1524 19643 -27977 0 -27982 28842
31712 18237 -532 1576 -2979 11387 -26305 24265
28759 -29988 -25276 12679 25662 11440 9261 -402
-6999 4596 -28401 28761 -30043 1 -17769 26950
18632 -23400 31500 -20154 24611 -19106 -1158 24917
17670 32767 17682 -4057 32767 11816 11219 22580
15009 -26976 0 -3548 -18168 10550 -22815 -7482
-801 -1 -21949 24077 -31645 -4193 595 -24756
1 -31533 -11733 -7852 -30756 23219 27548 8439
743916406 -745029333 870742601 624421259 -495633611 -1442643999 990595353 751897274

-32683 -5910 -4571 -31777 -6526 9658 14700 -8449
18704 0 -6123 14999 31693 -7328 -28214 4901
-5399 23515 -8251 -11261 28790 -5488 -27075 -32768
-29847 1 31319 -26244 -2628 24099 -27297 -14914
13778 26813 24340 32146 30924 4960 500 1
1 30660 -24525 -872 14091 15328 14547 10601
0 -6649 -32768 18745 -10660 -22626 623 26526
4035 -27640 -21232 -24109 4296 14778 -16614 18683
-9369 -5547 -18219 -10610 26310 32306 -2197 -9921
951261733 387645570 1154694380 904811892 -89597534 1014780804 -840955588 1199730206

-9348 12520 -30765 25424 15201 -31506 -5659 -24513
-7900 20339 -17389 32767 30621 -17166 -21990 32767
-9532 -22236 -25830 5801 0 -2098 32610 5195
-11645 -10007 10206 -1 3112 -14578 14161 -20661
32551 -15743 -25956 20534 23594 -8622 -29415 22642
-26347 21892 -17885 -6930 0 -10056 22001 -27742
32767 5307 23098 18337 -26200 -1 30221 16968
32767 16317 3392 -24765 -26180 -12071 28819 7436
-22146 17784 3540 -18579 -1 26465 16638 -2802
-1010874615 -1045684542 88920889 23766459 -2255287862 1215901242 -434922100 175862176

14846 8274 -25886 -28305 27568 25362 16811 -24080
5060 -2007 16670 -6840 11308 -29635 -923 -1
-12679 11307 -8361 19905 -2478 -26478 25249 -3610
-32768 19046 527 -10274 -23558 -27714 -18515 26587
-22680 -6227 -16787 -1235 -11395 -15382 12746 25816
17388 10226 1138 28087 12198 -8092 32767 30965
-25875 1 -29984 -6642 16895 24402 3670 -16819
-27274 9883 27501 416 31828 29594 5025 26144
-20633 14038 -13649 9999 -4332 1451 -32768 -4498
-645046109 -490236515 -105323477 1382498579 90581374 -1227477519 794342635 -46912483

-27531 -17610 -31209 22134 26132 -12548 -1 -9183
15499 14644 -826 24282 3697 -27216 -2304 -8456
-23204 16014 -2905 7102 23807 1963 -5480 15290
1 -8820 -9476 32767 1 1230 -23412 25568
8891 -10821 -25413 -28658 21882 -25674 -1485 18850
3302 21530 -31745 9522 12853 4398 0 -18734
15895 15923 -10951 -21741 11670 29792 8717 -23951
18846 -8815 -22537 6723 -27679 403 -2870 -3002
-10035 -13446 -32768 18928 -2493 -1811 -18038 770
1905190989 209360362 294861288 1489070022 379817259 843392139 -685004401 912883674

-16231 -29134 25200 -703 -5421 -5908 12468 -9385
-2972 -31693 -18559 -11389 -61 31416 -30773 14356
-25704 -29424 -1 17227 2368 7158 23942 -20196
-16731 -6454 22190 -6415 27213 14081 -3395 13256
-604 25734 -28886 -16479 1 -19290 2638 -10
25464 7772 -13997 17927 29900 25171 -16622 342
21163 -7318 -15341 6242 5637 23586 21021 -12658
31537 -2734 -786 -6458 -13555 -6399 19288 14183
-31442 6051 -19186 1 3871 -26657 -1972 -31256
255812894 -967986357 1032565231 -616391097 1238225544 -1018197762 -668075735 -1356289096

1 -4603 21723 -12619 -19771 -7448 -16790 -21999
-25366 -32768 -392 15946 -16500 -28383 -12305 20424
-26024 -10590 32767 -22266 -28361 0 14025 28973
8468 -19309 11407 15047 20937 8765 -30962 32448
-28554 13214 5382 -15026 -25424 16401 -14046 -21482
6681 -21996 -1 -27969 -23199 -29222 19715 -19175
9616 -3729 24321 -29116 -11972 950 -30589 -3250
0 2618 25556 -25541 -9876 3545 -23195 19030
-19348 5974 -8233 -28202 8025 -15613 21560 -3270
-182914412 -172807421 778462978 -1539934355 318174441 1285950640 -347211765 -171370619

-4442 30573 21966 -29477 5367 7496 16580 -3402
-27810 -1 -8178 -29283 -1593 22554 -4180 32069
-32293 -9559 -9010 12932 13006 24241 16653 -6945
10923 -9381 -26356 -26165 -32768 15268 19772 -30095
17196 19673 -14594 -26950 -26284 -1 13044 17217
-19929 0 -18361 4883 28351 30635 -30004 -32546
0 22818 -25079 23573 -18229 -22987 -9078 -25673
5745 -23242 21856 2916 20298 -6744 6134 6723
25347 8145 -1065 14416 -1857 -10972 27188 7917
19722264 -1222602227 -592711559 43960237 762902628 -1877383031 388388925 231371806

8996 0 26173 -22500 -7389 -30730 22703 -3562
1 10747 0 -3748 -3432 1390 2277 -17220
-24165 2723 -3378 31091 -6212 -32768 -18226 21733
-24132 -2553 -27613 6316 1 30855 -29412 14987
-1996 0 -28494 -3034 20941 26403 23237 -24592
-12723 -14482 -9190 27752 -10538 6852 12954 32767
-15221 14616 0 -26034 27895 -1 -21984 -1
2545 -30211 24995 15656 -3982 28516 21085 -9745
7532 5658 -22469 -30271 0 -16314 -4976 -25725
640765777 583247454 -965671122 -509517170 803303374 -1830533181 865562393 -1506739188

-11981 5777 -32359 -4444 -26651 15625 -16312 28379
9983 17727 -2420 -15242 1 23085 14214 -26567
-27612 -26744 26517 -31183 28990 -4256 6111 1
-21283 12307 22514 -26648 -20074 21165 18480 23978
21713 26621 4963 31207 4151 23884 0 -1981
30957 5000 -10787 21041 10960 -3200 -1823 -7875
6716 -27361 -24318 20962 -3339 4420 25407 -4794
28729 -9187 -28701 -26413 -28528 32767 17541 27168
6961 28265 -18393 16018 21667 25535 -14738 15480
1105132593 339664072 -1505941835 -436915157 1981327802 952977400 -351699198 425756624

-18342 23456 24956 -28631 25425 5480 -22987 -5488
-875 23764 32767 10645 -9324 32767 -30325 26088
11871 685 -10565 -4719 -30135 -8201 3097 -2312
-32768 32767 20476 12486 19753 1 17483 -9906
11573 9167 14639 1 -29760 28417 20075 20804
-26026 24385 4938 20636 5877 -3379 -4969 1871
23240 29061 -29714 21613 1 -23146 11 16760
13932 -5408 27809 3335 -27536 -15310 -31502 -26296
20411 18108 21839 12317 9586 -4254 -15067 0
809486002 1487307958 -334799552 451414257 13290674 417940599 716178436 1110645212

28157 28934 21107 0 -6371 -5330 -17571 1
32443 -26387 5612 -12303 -20428 4983 6267 9108
32767 3167 -24610 -24628 16937 17349 -14382 -15777
-5846 6492 5079 -28349 25621 -20746 -24620 20924
32767 -16073 20912 -29896 -24653 0 18138 -447
-32662 29623 13790 289 -30988 -29095 -27179 -957
11440 -13851 8364 -14227 0 23011 -29190 10066
9531 -27658 1830 32155 -20322 -14810 7771 22032
10773 26551 -7860 3632 9845 29364 -809 -2528
700640771 -522775489 1268771707 -423419465 -602958335 -807702538 311934581 -1226201500

4592 5313 7985 32767 -29411 8745 -10754 15848
30048 -30945 -29598 20433 20105 10321 2297 -28210
23911 13700 -520 0 -782 -30747 -16942 8019
-1037 -3034 -27742 -30945 -17364 15852 22893 11421
7291 5608 -24560 -19067 20768 17320 -24497 -14118
-26660 22400 -3702 -20476 4579 -26760 -21708 -24274
1 2661 -5415 -4388 23755 -9141 18139 -8749
1 21685 24081 19184 -25549 19551 21091 -20175
-16507 -26056 18142 26235 7773 17974 31197 -22549
25992280 1358946041 -2029184986 -612351508 -1185411633 -1323189047 500801232 1640848174

12995 22072 15215 -6465 591 3199 10078 20303
21177 -4305 -2794 -32666 5008 25309 1 22566
-32768 14046 32502 -8574 -29070 25710 25044 32196
-2268 22597 -14557 -15550 25492 10071 -22448 -12212
0 1 30873 21872 -27759 -30492 14729 25043
-18585 -18576 -2683 29974 -6784 20734 24808 27736
6441 27754 21837 -16257 13151 28868 -32768 17781
18825 8270 17986 -6545 -14536 -16819 -6812 20050
24186 8462 13701 -8912 8566 -25999 -18767 -20990
73745038 -360192460 -2215190904 709638148 -19017628 -2555500379 438553695 849790525

19449 25078 18728 2939 8400 -2037 5227 -28426
-1 -9005 15664 3552 -16640 -24355 -16550 31459
29657 -32768 25456 -22100 -32768 -28901 -20644 26055
-21170 20060 27258 32767 5399 -5743 20893 -13213
-31785 -24438 -31547 -24825 25800 9726 -7763 -28652
-31167 -4955 -2217 19984 -25849 -1 -5529 29265
-32768 32767 4144 -9488 -23381 26100 -9481 2206
30045 1 8405 32646 9255 5388 1 -1
-25088 -7251 -26152 -22280 13839 -98 27260 -19997
-397662698 -1731595938 -2214192689 -148198960 3070167878 -663075093 58815918 -1573337473

0 25582 31485 -32134 -14789 12449 12613 28184
-6174 13308 24156 -12335 0 -1 -32768 18512
3240 -23698 -31441 -21919 19216 -2287 2729 6525
-32768 1389 6015 -7696 -23657 -5134 -18994 3774
-19998 1 12858 -15243 27599 -27803 28528 13992
-17054 -14439 21340 -22763 23031 -26924 9238 -9741
-777 30876 -32768 18515 -20522 -18780 -3036 18876
26641 20520 28386 3020 -32768 28740 12193 -3497
11977 -21773 -16078 13575 -4754 22700 14792 -25092
-1667153992 -1868758935 496114311 -1003620281 -1344627302 -881582162 -750673764 533186341

22641 32023 29124 30874 16748 1 5352 32413
27616 2625 -32679 30205 -20316 -18503 0 11372
-2243 -1123 22924 23810 8268 26716 145 -6655
0 22734 17708 6881 0 0 19027 13570
14734 -123 -21398 -6930 -7192 -12682 -10132 32767
26151 30606 -31551 2608 -17458 20324 1167 32767
-14228 22455 -16427 1115 19846 29093 -10034 -22483
-7487 19652 -1853 -32196 25810 -31687 -32237 30040
11882 -32768 -2519 -32768 6963 6597 -3132 32767
-703414662 -556220002 -812507487 -629975146 1431752317 384385418 -1275178997 1382711820

-7546 -29644 -11253 2828 -1835 12845 1 12846
27490 7564 -30487 11215 -31420 -32091 9437 -9973
-8234 21973 9845 25681 -3373 -32768 -29435 8787
568 -18439 -31498 17531 -9943 -30948 19407 1215
-1 -11504 -18883 -5254 998 5297 19840 -1
27344 12986 16818 0 -6722 -19123 -4523 -15691
-18960 5319 -21465 -14455 32767 18746 -16616 30912
31100 16463 1369 20539 -11744 -24722 2946 -10932
-19854 -10342 30776 -19735 14698 -12436 16020 -2849
-169029860 -1666742952 -406248114 -589771948 -91826535 -48339349 -159687171 -937754899

16704 9447 -1 26465 -27822 21743 -12291 -17334
-2161 -28217 -13813 29386 1 -1343 25011 -27288
-1 8344 26314 -6919 14319 19263 26804 -24659
14426 11598 20755 -6931 -11728 -15561 11476 25603
1152 -29951 18776 3647 32009 32486 19000 16857
-901 -11695 -32768 -9488 18452 -22252 22449 -1
23127 32767 1 -16182 18734 8661 -12609 30749
28131 -31428 31828 -329 -11690 25016 -23513 13789
-9561 17443 31039 -6000 1 -17564 10443 30128
-1186259501 -1613940055 202495006 1914690101 163189300 -530282017 1090187588 -96779784

2299 30322 -28444 -6836 -23181 -16766 21122 -12920
27531 -15472 7510 18133 30483 0 -27098 -31519
6501 -24832 -19452 -28106 6459 32767 24334 -24770
-13966 27906 1892 14327 8052 -18048 32149 3038
11900 -868 -11354 -4806 -23929 -32765 18796 -6744
10276 -17566 23778 -1531 15111 26854 -32219 -1318
-27474 10572 -20597 -18176 6727 -15785 -1 -481
1 -32261 -2461 -19200 -16253 32767 -6500 7356
-350 24816 -31923 -311 17699 -81 -13817 419
955631283 261755127 -223736894 333593808 -345152354 -488211313 1055293455 -913478933

-23503 -32264 32767 21478 27187 32193 -6079 0
11226 20726 -10724 5887 31874 -5548 14399 -11897
-2914 -19903 15785 20044 -153 -13672 17856 1682
-32456 8317 3770 -29374 -20169 16853 -3281 0
22208 1 22470 15435 13085 -28027 -8089 12757
5058 29118 6587 -15868 -26159 -15048 5598 2908
6651 3514 -10868 1812 32767 14219 27024 -19486
11927 -11071 -20902 7316 20821 31525 29998 31267
6726 31055 -20024 -28709 24084 -15092 -30862 5437
-2076252958 1107197404 -1868483131 168955615 313464519 702072302 -45930770 -785204232

7687 -26048 20166 -24355 -4285 -23009 -13164 32767
-20018 31941 -32366 -15782 -32768 14114 32001 19432
11039 1466 -32768 -15825 24236 -32768 10670 -10545
890 32767 -16397 12116 13170 -72 -32469 -12724
31999 -20068 9323 -6991 -24874 27173 12968 -16794
12652 -5522 32767 -4478 -24415 -7412 29655 -13066
-14534 -5550 12509 -9269 -21358 -23188 -6851 31647
0 -17974 5823 -26148 11523 18101 -14168 -21308
-3682 -1 21607 25917 12623 -16799 -26879 -31649
-574528250 -3160569718 -255461330 1399301211 -685061231 -21886167 -613937668 344732513

23456 14312 5270 -29047 -1293 -28517 27141 1860
-32768 15357 6422 -27519 22369 20038 19955 11826
-17002 8816 -24596 -17004 1 28177 -24888 -30925
-21654 31999 -11539 23820 -1 -13227 1 0
-11460 10080 16594 -23095 -32768 -19783 26460 -1
-18354 -25902 5279 -3699 1559 -32768 32767 16434
2570 -15008 27134 30490 -2088 28648 11870 27457
-9644 -30121 -3324 19221 -29182 -32641 -14657 32767
-21513 3959 12070 23817 3588 -5341 14652 -20120
-568234474 215508418 -194129163 1091228224 312483124 597979615 399966316 -298507629

29994 22938 6189 -280 -1 23848 12821 15970
-6149 15640 32767 32767 -5618 -24094 -18868 -29300
-27567 13711 -11876 -32768 31675 -14302 -2965 -24885
-8788 7522 32277 -25956 -3907 25183 -10783 13424
-6547 -4847 -13116 19847 -2295 15762 5394 11706
-28355 -13318 1 -23871 -11449 28025 25985 -30271
-26924 -9023 8017 14540 -21848 -22152 6954 18065
-14516 29213 15923 -27791 0 -29023 -14185 29867
19432 25951 13517 16070 -31418 -27977 -13984 -846
397300997 2395085575 -1399500261 -398751602 -565555619 -2042318948 778319790 1229733501

-22575 -16428 -32370 -1 22297 13942 -28499 -1
14388 -15685 17651 -4163 -23684 -18736 23866 -4123
5888 -16369 -1 13681 -25298 1 32767 2434
-2310 -32768 -947 28188 -1 16334 8913 -32016
-29097 -16082 18480 -9841 -10464 5916 4140 -10721
3639 14281 25356 -26701 -10007 -9847 -2629 9319
28131 -12353 -13668 -22644 19896 -1 -23141 32767
2745 17227 -25817 -19358 -1318 -26700 32767 -14262
-19203 18623 -22796 14703 -25654 30814 3438 -10965
625093851 -874457069 518257230 755196306 275820467 -932452050 -1740900227 52123792

28578 26070 -17091 -10110 -25344 -22112 -22395 -18519
-14596 -2893 -32001 892 -31578 -22842 -15141 5350
-10507 -1769 -6270 -17411 -17313 -16278 30753 4344
0 1236 21015 -28218 -5865 7424 28673 -32418
9650 31258 -5904 -16228 20772 30446 15668 -1537
-24474 19702 1130 -7058 2608 -6584 23254 -269
-26202 -2201 1 29566 22103 7569 24585 20010
2954 16338 -11717 -30377 -30664 22116 -3205 4991
-13495 20262 -4398 -20510 11065 24605 -13402 3121
-157064581 -431020416 -500059060 143690213 1626111415 423636937 -133635750 1229137303

17574 -7623 6712 9903 -18207 18058 30827 -25149
17987 -32062 1126 -19049 -1 -19622 -26698 -28303
-32768 14565 6034 7078 5632 4645 28099 -10313
17696 16731 1200 15903 14905 11389 -21337 -3336
3390 4083 -18935 4525 -9783 5838 1522 -7319
-139 31495 -10615 11119 -18267 12926 -13977 -32768
16022 0 -1 27919 10129 -30266 1 -7649
-19023 -8914 -32768 -24352 13187 12849 -6222 -27577
24592 -18493 12609 16096 -11899 27547 21088 -32545
2999825043 560442276 103957937 191872789 389463040 804390705 138079959 -144785299

-5756 -23421 0 -4222 -21829 -1158 7996 15120
28636 1 10822 -32630 -32768 9944 13975 -32318
11425 5807 -24964 -9652 -20359 452 -964 -12566
-6035 -29085 -1211 -11345 -13883 4673 -14362 -14578
-22659 -12253 30039 -10355 21185 31792 12369 -297
15620 -32768 17800 32767 21117 3429 26788 15062
31288 0 25778 -10750 30824 -9696 9222 13722
-19725 -194 -2665 -30425 -1 13684 15218 6585
5840 10763 1 28569 -1 -15174 6997 31184
138729832 -1825829570 -551991752 -1298388256 -965158303 1279753320 515160410 -882310541

-14955 -4625 -8259 -13234 -1594 -32768 -27924 1
-32768 -11191 19686 -19898 20394 16637 -21043 -2465
-4698 18649 -24998 9352 0 30396 -32768 -22935
-12547 32767 12342 24707 -1820 0 17393 -2640
-1993 8976 -8501 -76 -8012 28383 -20345 -29678
-9723 -20393 32767 882 5951 -19393 -20573 -17015
12595 4283 -813 -8726 -12444 25946 17319 -28971
4779 31454 18166 17222 26087 -1 32767 4473
-27388 4292 -21537 641 22 -3705 5201 3323
535269100 233858957 393830337 315948966 -33623021 -617929780 -417251221 -190225959

-1 -26 27285 20069 27854 12004 15001 -2720
-23348 -4821 -32768 -13529 16443 -2147 10392 25565
13505 -18461 -12538 27645 23482 1 -26057 31345
19928 -5193 -30905 9676 -20638 4109 20687 -10801
-28094 -16921 -15272 11762 -24466 -25840 5898 27952
-6024 1 -10724 0 24874 10827 26365 22147
-20999 -25383 -15775 -14518 1721 26672 -28517 -20316
-1061 12645 -1588 1758 0 32767 -11134 13440
4816 6591 31754 -14601 -27019 -20409 8552 18133
-345405831 -835210087 -1147353814 -606072229 842197661 -635508707 -1760488528 -518112642

-9095 24244 -28326 6586 -30242 -10534 13725 16790
17985 -21019 32767 -10221 -9715 -23699 25270 3400
13600 -10058 28848 -25857 -24727 18420 -2181 10967
9876 21272 -8287 -14028 32767 -228 -29627 4433
32767 16700 1 32767 908 -28389 -2999 -24141
-11245 0 18413 264 13339 -32370 25283 32767
18105 25048 30987 -31938 6793 4193 -16682 17658
-5374 -15091 -8994 -1 9417 -31106 -9849 -5425
-16710 1925 -11081 27033 3480 -2003 -119 -27374
145181601 -1062804178 -1688170958 -414807522 1091605782 -797709496 -1927207924 405137305

-13349 9004 -5547 -25794 1 21737 20207 4103
-31684 -19778 -17945 -32298 -853 31889 5318 -32768
-14024 -18561 26303 -13601 -14392 13035 4470 -21243
7030 28435 -1492 6575 -26960 -30960 1549 12787
-29813 1785 19217 352 13548 0 22532 -28112
-29633 -24402 1 9561 -30300 -12625 25042 1
10096 -12136 25780 -1 17106 -17660 32767 -987
-19445 -6928 -11319 11529 14141 0 30558 5551
25654 284 -24946 32767 -7953 835 -2365 13005
-1023002244 -1834404570 -1628354589 792278447 -1758801044 -282652109 -628704495 46782647

-3193 17935 -28745 19705 -2717 29258 -27199 21057
18106 20592 32767 362 -534 30643 -26905 6858
21587 3776 5387 14050 -20245 -30796 13397 -21607
18829 22312 -4796 -26860 19585 -13445 -1521 -16501
-20321 20875 -23048 594 -4521 26670 -5821 -18714
31511 31432 20993 -6093 5962 10849 24256 -1
-23660 -32611 1591 0 -25217 -637 16933 -28708
-11333 17671 0 -1871 -31121 -28788 19934 28183
15377 -19478 3480 -30464 20652 -17490 3034 12338
-1489316815 -563663826 -256296437 1087931775 -1625762161 137943523 -535551018 -192472297

19938 -10614 32469 -17993 -14367 -6571 -16455 23541
-15393 -26806 0 -22674 -570 22043 -1995 -22149
19037 1 -32768 -13733 -17857 26298 -25285 -6425
32767 22174 -27121 -32768 -9801 31640 32767 24765
-30523 0 13879 969 -32768 26952 -26038 1
-26352 26868 23084 14582 25042 4221 9259 2289
1005 -29289 1325 -14803 -21482 259 15940 -7851
-32030 -8162 20175 1082 -16841 5350 -14855 2847
-32768 -22893 10489 6849 5349 19862 -22898 20719
464161486 984318871 -188918040 -1751423239 2108674611 643613775 -87328534 1870753873

10729 28177 1 -4385 -28843 9185 0 16781
27391 5007 0 19510 16172 -2846 28162 -32218
8661 -6881 -2220 26245 -866 -7739 -31592 -1
21357 14173 31214 5571 0 -22992 14451 25145
1 22925 24469 3685 -1 -11468 -15291 -12887
-1 -4409 -15522 -9866 7258 -19424 25052 -29246
-29007 250 15422 -6008 5681 1 14631 20483
-26467 31344 0 8801 -32768 -10381 6872 -17718
1 1363 5100 27952 -10579 -26780 17043 -10438
-200152721 1273584194 390907914 933801791 440075408 814677222 -113543173 1215416789

-7150 6847 -9919 6656 -13945 -29734 -9965 22277
-325 -32768 -1 1877 13539 -1718 14921 444
-6086 1883 -21061 21931 1932 16360 -29074 -1
32767 -3121 -9800 -4515 1 -12690 -19252 -32768
10921 7554 -26808 2324 2966 7083 19482 -3160
1988 -5396 3725 30616 -16094 -27711 -12667 32155
-22804 -8353 31167 21328 -17806 -12345 -30549 5806
27399 4650 -12454 9983 -1 18089 23122 28674
9376 28190 -20957 25986 28862 25068 -24757 -26677
-988618697 -911528432 2192979336 1339983854 802694058 -1119317593 -770185086 24451778

1 -456 30397 -7311 -11695 -31222 29536 10198
-12518 -10147 -1550 27389 28631 -12542 -25553 5840
10514 3195 3259 -18472 12481 -17457 -32768 29728
-2863 10435 -1214 29401 396 116 30751 -32768
16868 -20621 -1759 -26954 -21732 -12759 28956 9142
19077 20942 -23374 7932 16124 23010 -6918 -14974
-14421 730 21938 -1237 -1237 1 -27078 24842
3839 30681 -5718 -24547 10924 28738 8324 17768
22188 -12504 -32768 30519 -22197 25978 -14188 28890
-1889377042 305729176 116012073 -645673285 -128641492 1074820724 43634256 39054383

12914 -25005 3095 31968 26854 -3309 -5384 -10611
-24441 13550 -15112 7975 -26694 -16233 -599 -2663
-25425 32767 18702 9395 8397 -20405 -12091 0
9450 -15307 25039 -6510 16594 21024 -9095 23959
23177 -16165 -17368 30028 27406 -1 19131 -1
1 15059 16862 -4540 14213 5138 32767 -32768
-32768 -23864 -687 -19582 30368 -16639 -20874 0
19609 -1608 -18145 -7249 21408 -11891 -27863 -30483
901 10637 -28777 13246 -27797 -17125 -19695 14881
-661617782 1654797328 266049831 -1246724386 -392102187 -2001224814 -671061700 130401285

-16582 -14784 16438 -14966 17787 -32117 -20045 13031
-25706 24916 -4217 21563 -21178 29781 -4205 -2870
7023 -29832 30129 -27325 3359 8191 -26238 -22339
17638 -1 -23076 26551 5037 0 1999 -29334
-27493 3558 -11825 5210 15578 -3698 -16256 9235
5944 1072 -14409 0 -19698 -32462 -25780 16848
-29066 -5200 -28306 -11069 -14340 -4040 -1586 -23805
-23325 21279 -17364 26985 8259 29301 -31594 -25742
28043 -23503 19368 11477 -22097 -8157 21350 8068
-424821884 -1028555672 286566770 47145145 -1610461403 148004768 -1244246339 -2484548155

32767 -15375 7780 15327 17553 -12146 -21871 -8256
-31212 -30707 26464 13496 -5013 17812 -30571 -834
23166 -14590 -15753 -15505 -3641 31831 1454 799
-11840 -32768 10319 19693 -32768 -1477 19019 31580
8619 14112 17803 23710 -32768 273 23684 -4221
21145 21572 20741 -3382 10520 2184 -32768 -56
22237 -9746 12811 -1679 1 -19567 -842 -17475
21413 -19570 22628 -20840 0 -1 17863 12229
-19799 -1862 27391 -15757 14612 9932 20320 6689
-1012323882 664239256 -320842201 372008424 -105950591 -328220630 -373085754 1005428790

7665 17197 16195 -687 -32180 -28318 -23784 -18446
-27958 -24584 26144 13204 -6429 -1 24430 -26202
17734 1849 3386 -829 -8596 -20238 2807 21294
15127 32464 3913 32767 -22665 -26578 15875 9602
27281 -2244 14848 -22804 13122 -3817 -20388 20820
17736 27812 32767 22124 -15317 -6204 2448 32767
-22153 11709 -25541 -25506 -14078 17412 31579 32767
13153 31348 -29224 -4555 -32768 -21851 27029 -17231
29117 5118 3953 15621 1 27985 -1 21016
-815665503 -1180987158 407401980 591896769 816096830 1648882450 91365397 -616947890

32767 27506 10646 709 1273 4649 -12521 27276
0 -15737 -30740 1 7881 1 -1640 16902
3021 27712 -1 30777 -21174 -19561 11450 -29319
-15009 24953 9866 -32768 30244 22023 -32768 14767
25302 625 -32768 1 -32768 -9858 32767 26725
-11132 -18815 1 -4157 -15631 30228 -31553 -32768
24204 12267 -20761 15674 -29339 2725 23936 -30488
20696 18522 -32768 -9811 -564 -24462 -29378 -11542
-13050 -32768 -25818 32402 4168 -26751 -23376 -18098
-1900821055 1074613239 747754447 -1902610257 -627130582 1083920544 123111651 1198755960

-28275 -8674 22041 -2809 7729 -27023 1762 -1
-13226 10763 5220 885 16704 23042 -2422 2326
23975 -26392 29130 0 -23402 1287 -9996 2572
15445 30079 15974 18229 11879 3402 32687 -32768
-3366 31968 12533 -30626 -783 -21890 -2542 1
11383 -11140 18342 0 23444 14095 -9693 -12918
0 4052 -17028 -30388 3437 14826 -7845 -21639
-16150 12427 20475 -7741 24752 -21347 -5136 -25649
-5415 -22010 28320 -9718 4577 -10937 26285 -20113
1372783314 -312046124 840362526 1064963881 136159794 661183297 -193508327 1196653638

-443 32767 16864 -12978 -8263 10548 -24186 -6205
31298 -32768 2994 0 9983 -30030 21989 1620
-635 -13997 -32768 -14312 -4058 7896 29129 20722
-16640 -4920 30880 12193 -698 -2694 -3872 -28807
-2867 -16484 2367 -14060 11230 -15790 5633 665
32767 20698 28270 23468 5877 2889 2310 -17355
-14174 -19165 -914 -13832 -31318 -5656 5836 -21192
-13494 4780 -13786 -29157 31948 -11774 -15343 -1
1 24142 14850 -18538 -20159 28797 12878 27797
1268453915 -1484408583 701113877 -800381045 -692228786 -3465066 -265305174 -729534929

-1 -20897 32767 27825 -29729 32767 14055 26699
-31424 -14170 -13222 19141 25967 32767 -29032 1
-1 -15434 31995 -4757 -23140 -8621 19916 -18155
14961 7605 10987 -10927 -4101 -1 2159 9903
-16673 17393 -18960 -9658 1 1431 -28863 -24946
-28541 21010 -11808 29780 -26862 -23133 1697 -1
-22810 -32259 25921 32134 -18126 29391 -27445 17533
-21128 -4099 -6358 8680 -2699 -32768 -23007 -27641
-1935 -32768 -20307 -24640 -31848 -15464 -15480 -21824
-1026402710 -562319454 931426166 -350942184 1054382183 59758963 -51976413 1642503066

30282 -16867 -23344 -16274 -29515 -8855 -20789 12186
699 -24989 -7711 -1 18418 -19571 -23777 -4872
4653 -22310 18028 -12889 -29727 -4464 -12191 -11576
28381 -10500 -28074 15773 12227 -32768 -24188 -1
25309 -1 24548 -26919 -1 32767 9070 16379
20974 -1 21375 -1 22539 5655 -10873 -28662
15672 -29263 -8084 10367 16505 -31081 -26282 8189
-83 -24364 -26754 -10547 20172 22501 -24295 -24288
-31962 -15013 -1999 8582 12023 10744 -4930 13881
-986001154 428985294 -466384289 -643814422 -554323131 -725602797 151293585 598307792

25194 -18337 -5953 10258 14993 6573 24617 19855
13269 11075 3545 -22519 -1512 -4033 748 25649
15652 21259 -32768 28220 7786 -20352 -30031 11538
-7384 14548 3988 12700 7121 8204 23350 8366
-1 27366 -20984 8947 -1 -14533 11105 -2662
18695 13042 -26861 -22482 -3451 16154 10940 23133
11424 -16485 -20658 18901 0 -25980 15731 -21544
-8984 9679 8502 -22689 -1 -15626 -2589 17349
-32768 -22914 5153 12067 -31975 13607 0 3776
-627265381 -851720737 -1310655752 -2065027 -834969127 -903643764 -309836653 -304455434

-32098 -9596 21328 -6171 31389 -2758 -16874 -25703
14003 0 24088 5414 18226 -11628 -7232 32184
-18612 8817 -1 -1534 -29707 -17289 407 -1153
-21449 18162 -18272 -11223 -1646 -1063 25291 -4632
-7280 -10191 0 -21180 5364 14674 -13688 11793
4117 18457 -15948 27967 -29228 32734 22273 24413
16789 -291 -32768 -2775 18242 18791 -9352 27193
20115 23724 -27066 -31246 -6161 -23726 -1 32150
-24972 0 -16435 27165 369 -15422 32767 -31379
591130857 -1659318156 728309420 1520895890 -1436448895 367174195 -1398885338 -1551518314

11049 6119 -28837 13660 -1 0 526 0
-29308 24247 -1 -11448 -6297 -20490 32767 5584
-32768 12616 -23624 -6869 -12450 -15596 21953 6496
11124 -10792 -27068 -4367 -22445 8633 -23544 2150
12800 4408 4517 -1565 27289 -4050 -18949 28205
-32489 1572 -8222 16303 -6950 -19430 -2128 29676
1 0 27556 -32768 29191 0 -9872 -17628
-19870 24282 8516 29740 28009 16164 142 18603
27008 18364 13691 -8678 -30232 -28682 -23664 8787
-114985171 -195213099 -555847490 776544342 489481752 -24115876 -142131632 -1382505139

0 21783 -12693 -12016 -6669 -9245 -29464 -21645
18107 -456 -25341 9806 32767 23826 -28980 -4993
-1141 -8293 19226 1120 17127 24395 -1068 -20389
32301 0 -28829 -20365 -23515 23093 -1 9985
-30848 22970 22324 -1 -31832 8987 6036 -19819
-1 -23882 16897 -1659 0 -25446 -4205 -32768
21794 -959 -17751 -1593 31755 -31255 -1415 -9199
29001 13239 31718 -30203 -28441 -26062 -30739 -19045
-32465 10505 -10483 9136 5878 6620 -30021 -13534
1329192850 1050519672 328785322 -1052944677 968157576 -41867923 -399359649 -570012261

-18073 -1849 15278 -13929 -32321 23746 17300 13123
6972 -14461 -31659 1971 5556 13884 -11028 -7341
-6311 32521 -14941 28520 23873 20278 3247 -5497
-16970 -1 -18558 -1 326 -11184 9867 -20602
-18872 -24959 25679 -13904 -7789 -10910 16099 -709
31979 -15011 367 7711 -15942 28939 -21867 3236
11471 4877 32767 -32768 10679 5479 -1 563
-30926 18463 24888 -1 11178 14794 -32768 -20967
-32768 -32768 10110 18860 4540 -11172 17370 27853
798552003 -563412919 -686885537 92455460 1780055771 -1092248264 -819486233 -607718055

-9412 0 -28072 -22631 3484 15392 -14904 -32768
-30681 24975 -11048 4517 -29338 25322 -26598 24890
-11569 -16542 -3856 31723 27477 -10627 -15900 -23534
-1781 195 10148 -15073 5037 -14923 26671 12205
1333 17586 13013 1183 13340 -7028 -11761 -21568
26808 -28117 -28272 2025 -18215 -16091 5709 -28952
-32096 -17374 30242 11059 -6569 26767 29045 21412
-13136 -27640 9725 12896 5216 13908 25357 -15658
-20513 -23893 -12270 -7880 30221 19652 14756 26520
34686840 11203636 192687316 602324055 -1097012469 -1097433466 1939225565 1098785542

-30851 -23321 -209 12421 27762 -16785 -11988 -4139
-27720 -3615 -16814 -29173 14148 17069 -29981 -32768
22401 14773 26405 -12858 -15972 -9389 -4440 1761
8458 16297 -20556 28436 1 -16307 25303 28424
-31019 32767 29362 15010 20576 -32768 -1 20019
0 10239 -32319 -20045 -26994 -25244 -8378 14329
-19353 463 -10834 -1804 -20279 -5676 27730 -19528
-30626 6854 -18293 -7831 -14387 -11382 -17670 31407
22653 -24558 15774 5646 -12088 -10393 -10995 27954
-204352482 -1903873502 877264928 313501234 -308005488 206910002 -1177508605 169577192

16304 -5483 -1397 -15854 22459 -16046 -26035 -14751
20478 -23335 1 3597 -13940 -1810 -13455 32767
28840 27205 -14878 -7531 -19140 20821 10631 8876
15478 23721 12721 8492 -7133 -28308 4957 28499
-11356 31701 11384 31933 -21521 -1801 19733 21023
-1 -5873 15975 -19531 -896 19733 -29617 13039
2806 -10411 -10277 1 -32768 2265 31603 30744
-22587 -23760 32767 17440 -25557 -26343 -15405 -25969
23291 -14044 -9 -8861 2407 0 7364 26953
61987953 1523329563 627963045 739466037 -332616525 386561444 1194145210 -1222119696

-22305 -27613 23774 -4113 24666 -30919 -11398 6429
-18972 -24949 -32768 -26283 -18971 93 7938 -28814
26649 -20629 -32768 4544 -1 -29986 -32768 29075
2860 -32587 -26725 -20655 6111 3370 26206 -21862
-31032 -6295 32767 30568 -28859 19671 -17090 24284
25320 -4200 16484 32470 -2347 6084 -20049 -8939
11303 13125 -12320 -3382 27480 -504 23966 -13504
-27945 -26543 22524 -15412 -1 -9966 32767 -20713
-7500 12361 28483 -1 -18809 32767 24267 1213
-1242740394 -581856316 -3130643591 -580540040 1890301448 -26207837 -241624871 966550788

30770 25821 24779 -15289 20038 3603 14320 -101
-23205 -24256 -9231 -5136 10829 -24702 -23620 2192
0 0 -32768 -10200 -13344 3849 -27736 -12455
-6802 -14066 3937 648 30451 16207 21701 13818
-9331 -32254 -25778 -32768 5674 12903 14284 -28060
0 32587 31130 -23714 -21258 -2298 -7872 19321
13034 1 31716 26665 16543 -632 27210 -22058
13551 10825 -14596 -19783 16492 -18687 21964 -76
-7852 17632 32153 -32768 -4066 0 -24226 7065
1082274578 169689859 -81161439 -641167733 -817892294 2766202191 -838612576 -336285172

13731 -12747 25005 1 -21843 10128 -12344 -4899
0 -16844 -1155 -11606 1 19437 1522 -17680
-15005 1555 -22530 -1 -22859 -7579 -9758 -19038
-23117 -21762 -29688 -3006 30218 32215 -19867 -11941
-6231 -26484 22732 -19045 -3884 22134 -10953 -11493
26878 32767 10392 -18598 1585 -6361 -11818 -2983
-27711 27419 -32768 11710 -28319 30490 7777 -30834
25679 -32568 -9966 -30186 32105 -31928 31012 -9899
22357 -10802 -10286 -8961 -13085 -31927 24226 27743
-285033032 -776371868 -343995148 -2185954051 -1156433161 120014563 -1953518702 2374852047

0 27610 18216 -32768 -1 -23094 -8048 -8444
-21540 -2045 -7052 -19296 10472 -21666 17792 3050
-26733 16342 -29886 19050 -29328 -3009 0 0
17801 -1 20300 -29282 -16523 968 -1777 4146
-25435 22453 29689 -11326 -20661 -11685 -25935 21803
-17178 1 17579 -1 6186 7356 32733 19199
-1 -22690 -19450 3465 0 2406 -26495 31498
16630 -2204 32767 -2655 -3917 10052 29052 -1
15632 -7639 13706 20978 -32768 -21883 13441 14866
-376954300 -407083571 474152441 500219574 508455785 334085052 38899823 969061834

-20410 16787 28932 -16222 -24368 0 -7207 -550
-31267 -21244 -29742 -19216 -26721 30790 21034 -23978
4215 20637 -13551 -11348 23904 -32768 -20490 26007
8770 14454 -17866 -27528 -14031 11697 11011 31503
-2585 -21607 4466 -6111 15793 -26246 19069 4806
-1 -32768 5338 -30674 21812 32123 13309 32767
9549 26000 16477 -4763 8238 -30560 6065 -21439
-9770 21562 -16209 14591 24001 -502 -32768 688
-16520 11669 -21480 -25918 -1851 4971 14877 -25150
283762268 2524020231 -409667515 576643075 -143855761 -208787416 377423551 -168706869

3088 1382 -23762 -12008 -6209 22150 -19332 6157
15338 -6253 -30874 -19078 11604 1 -9756 32767
-13018 -11291 19926 -30631 20325 27431 -11438 20039
22517 5154 24659 -27019 32260 -32768 -26139 10280
6555 -32189 32767 14024 -30787 10256 -27595 18161
-31968 -19313 -1 17691 -15036 -27527 20123 16476
32767 -21055 -13570 0 -26693 -1917 -23393 -23024
22945 -27025 -1 7634 -18642 32767 -23620 -1
29220 -4315 -30095 -6766 -4369 3175 -644 -10539
925646104 1143649583 -929620368 -260084565 -757133010 -1178742293 1824943485 936148168

31973 -16357 -9205 1665 17302 -9660 -22640 19484
-1 7028 -13693 32056 15233 -3447 -24041 -23102
-4028 -3584 11166 1503 -4956 5010 18588 -13285
-31739 12417 13191 24195 1 -17974 -30197 26957
4854 12740 11666 -17035 1945 -840 32767 -15193
-6090 24916 -7468 -26605 8369 32767 -23703 -26140
-20391 21310 -20398 -5158 -16147 5024 10484 -14310
-32760 7929 -13798 -15879 18264 -1 29979 -11061
-29883 -29331 -32768 1429 -3561 -1 9095 31074
166258987 -702373846 -364365597 749619993 -1106360247 -1399818768 353509008 1039754742

-28559 9913 -1 -1 -21304 -23986 -5895 -17408
-14270 8338 18888 1 25901 24419 100 -18218
22959 -21308 -4829 24698 -15862 -16283 29726 -31023
10563 -26949 30967 13673 5644 15207 -16823 -15582
882 -23221 15132 -8523 -32541 -5775 16705 27181
17048 11030 -27680 -957 7321 -31482 5012 -1
-28977 -25229 27761 -15428 0 4251 -15236 -1
7958 -31542 -26682 -5712 -32768 -22952 -19753 -4290
-24783 -20026 23545 31965 24454 29259 -11899 21875
-1024225336 1579576472 -1363157568 1886353921 -41906374 -2127467236 1689500968 -1708038835

-9507 24811 1 -15155 -31873 -30741 26952 3087
-1962 -23167 13051 -28684 14616 -10830 29516 14311
-6311 -24577 -24569 -1 -6069 4081 6582 -25194
-27635 -19676 20061 -11442 4536 1 -2465 -24501
-9592 -31499 7123 -12403 20772 10985 -25501 20505
-801 -32768 -30941 23160 21532 -1637 8266 -11170
-16307 24968 31307 0 8 9419 -1 -13725
-10073 26826 10445 2282 20665 -19390 13033 21029
17632 22613 -28099 -13340 -13829 -18443 29640 10324
2434018768 477669186 -33007640 -1732009178 -1950114551 -332538934 -918170822 780308268

-1340 -30269 -10803 20295 -18515 4798 -13332 28714
-8057 -32768 -20906 17014 -10014 -32768 -14806 -19225
27147 1356 -10876 2989 28237 -32098 9860 22998
30837 -32768 -11121 205 -21453 -11054 7097 8757
9921 -1 -13135 -17985 32767 -19409 -9989 12873
-21271 16874 28736 -13848 25170 -29416 26995 -29301
-13486 -10101 -21719 -1 24794 21449 1759 1
32767 28096 -1 -12289 1 2539 -1 -1798
-32755 0 -32768 -22100 14033 32767 1 32767
787618281 -1271250456 -500792136 -1026492158 748558035 -1509591177 2204232333 -777369038

-13023 -1 -27852 -31965 -25391 -8577 -13348 0
-477 866 -15793 29214 -20971 16704 -8327 -20104
25333 32660 -25812 3079 15429 10205 -1 18943
28134 17286 -18943 -32662 4209 -17415 -1272 31750
25428 30997 -15755 -4870 13783 -19874 -32768 -12642
1 21791 -1578 18884 -7016 32270 30204 21693
-14516 -21984 6735 -3410 28491 -1011 -19950 29184
-12881 4740 -1 7288 -27623 -16690 -17251 7814
6173 18201 -1226 -17808 -147 18683 -22560 22137
667589358 -430084708 1335395652 1498725584 913242114 465019983 635771636 131377238

28418 13643 -31801 5587 17183 -1 28781 -31183
10246 1 29783 13041 19529 -13784 3351 28321
2328 32743 4551 -14230 -31973 -16580 -6540 19999
23070 25330 -17277 -7284 32236 -24795 -975 32767
-30934 -15159 -2484 9849 3273 -5347 -5886 -29150
-2859 19404 -17841 -9973 -7150 28217 -1 -25231
12936 19945 -8637 10530 32767 32644 32767 -16101
1 2642 -26276 16297 29606 -5249 -11740 -3214
-29219 -11967 10013 19429 20435 16163 1796 -19146
-203646077 -107730220 -2006760309 -1662848884 1779747066 271954154 1065784185 582496019

6565 19844 -13319 -5793 12412 -2086 -30433 18695
18205 18691 -15221 11990 14623 -32768 -29452 26344
2025 11046 -32115 -2694 23113 490 -22361 30700
-26013 -12581 12616 12372 -2602 -12393 -30442 -17714
30781 -10715 4798 -3648 -16787 1 -30411 -32151
21968 -16227 20589 -24268 -31848 -32768 -30351 5093
4431 -17278 -6346 9562 -495 -30187 11726 21466
-24082 -7686 -25751 -1810 -14103 -31947 30177 -15886
12592 19136 -21750 -25617 -14895 -10875 -17916 18384
1627223813 1761329799 1619800095 -766361875 375457410 1608089978 138443668 -119080366

-6304 -4642 32767 25718 -31841 -11742 25251 21209
19010 6306 783 1 -31998 8354 31120 12522
-25388 15655 -7635 4813 9254 1 -710 -29620
-28602 23956 -3613 -11753 6354 31730 11096 -18499
25054 7897 2229 7548 25032 -4550 22918 1520
19662 27491 -9644 21383 -14567 -19966 -22354 32767
27562 -32768 16481 -19278 -552 -25911 19234 19576
-17134 -27656 28829 -25449 28208 3882 -1 24786
1 30029 -21383 4148 -3679 -31914 -13205 28988
39864845 -24197635 -230024254 -970927821 15356006 3056282520 -273902497 -1061669724

0 -2408 10562 22643 10455 -21003 17395 29346
24483 22654 27612 -29241 -8768 -27719 -8893 8338
9139 -17764 -20403 -14522 -18759 -11648 16770 -11519
18034 -14246 -30891 -11454 -11544 11679 8 -24066
-1 28140 30926 15029 18749 28554 9822 -28882
-6079 -15785 -26868 -17513 -21780 30999 30504 28543
1 -1 450 -10874 16541 -23275 7146 29064
-11401 21444 17961 30336 30972 17694 14568 23552
1114 15592 -3599 -28125 20165 -11151 -12686 -7963
-721718189 1282231720 -154340605 59805484 69817872 -1062765871 575195224 -541297143

-22171 -1396 -20939 15517 30960 32767 -32768 -1
320 16313 -3410 -1990 -4423 -7891 20859 -28203
-12646 25550 31278 29921 -26580 -14834 26023 5970
-18794 29513 -26509 22638 16948 209 -19945 32620
18549 -7804 -12669 1 3924 -25207 14336 -22177
24776 17206 -1 15845 -5457 -21455 31848 12273
-26043 -3762 -8450 -29057 -18449 -24533 -30862 -31329
-20560 -1197 -862 -10418 -31667 17055 -2206 556
-3346 1280 20831 -2545 19127 -19674 12557 1
-867227603 286387833 760645826 -439525540 415007283 616434068 -277524611 -893115877

-28692 29783 -30741 -883 10161 23246 31416 -3883
-20811 -603 15289 5907 15887 -1057 21849 1
-21354 31304 1 11681 21437 -25977 -10277 -26347
15108 -13748 29522 -22054 -403 30014 -14851 1249
-18143 -32768 -12136 -885 -2917 18769 26998 30128
-32768 -2466 -32216 32767 -10541 5479 -1519 5245
14396 -18926 -1 -1167 -17751 10631 16107 1213
30660 -31441 -7891 -21665 -3666 32767 -30612 0
3117 6595 -2146 11554 -29487 -19471 -32149 -1
-1599475449 -1183708012 478956558 -456818335 -1404264575 582294272 -294823630 109068774

-8952 10661 19941 2497 -27293 10218 3151 5901
3758 -1 -31638 -23189 717 26553 13733 14261
9501 22556 -15129 -6791 20225 30775 28698 32767
-8872 -17099 -28854 -18074 31514 7774 32053 28648
-13797 24214 -26611 -10698 8503 17529 -6252 7505
28084 -3747 27580 4507 31188 25629 -470 -27721
-2567 -32768 22781 -12333 19332 -21742 -25698 -497
16844 6165 -32413 -32768 0 -10442 5911 23149
16524 -18747 -5784 -1256 8352 21762 -13857 -16331
-611879249 434875713 -263968489 -116079688 -98013811 1646566428 508134685 -295805449

-20797 -27833 525 -7651 -26033 -14725 12107 8811
-31862 32767 -19228 -31652 -29163 3659 24173 31833
-618 24350 -1534 -16787 0 -3121 -7832 -26689
6304 -7725 1 -28028 -10988 1 13128 -18362
-32768 -13352 -19932 30633 0 30364 -5676 52
6866 6245 -16267 31937 11563 -14864 -25643 -6927
1 -16773 -4152 9924 -2393 -13545 -22171 30052
13210 23387 3637 7715 -32768 19320 -29381 5269
-25941 10295 2164 -21546 19557 -7525 20232 16298
409167534 2214240611 55139093 112274492 -333054054 -1130851252 -299161360 -1555057373

-22539 -5237 399 -5750 26729 -24018 10342 -18193
-26447 -1 32767 -27570 1068 599 5074 28229
-24209 121 -1 -16316 -13162 28342 -7346 -21614
14938 1 3430 13282 23059 27823 -31981 -12821
-741 -27871 -1709 -16034 -11803 -4743 -28414 -16733
-5657 22161 -20596 -23874 -13108 31804 18626 -3918
-32768 8195 -10531 -17470 17505 7267 -5794 3547
6854 -22426 23417 -29049 -31985 -32309 -2429 2654
22682 -14023 -29456 -1315 -22993 1085 20596 3822
-939152082 -1340298300 -429842313 -987380387 62524639 903540393 -1025372435 478862253

-20848 -12786 8301 23573 -3118 -4942 -14077 13191
-10894 18193 16036 21069 31257 27364 -31885 -14491
20613 -28634 -21427 -31059 29186 -16204 -6586 13832
-22899 6711 -17872 6544 7479 -1 10887 25176
-30771 0 -28519 -29457 -28459 9953 -1 -16698
7775 30350 -10604 27682 16993 2419 21414 14943
20662 7241 21630 -5013 12021 -1 -2532 -7352
-17068 15993 -10519 -13624 5909 24069 -15732 -10678
11066 -32622 0 24535 24199 -6423 2112 12858
860933717 129845638 1374461771 215927560 -2030551837 408178152 60458837 -1226989978

-2321 -10028 -20961 -10903 18915 4271 -24952 -14730
-32768 -19068 11958 5954 28355 -32 -25710 21336
31103 28826 11079 28733 444 -22228 3777 5806
7715 -16250 -9460 32767 6164 12207 -26501 1
-32768 5828 17840 -10187 -6335 23330 4000 13240
5423 -12115 -32768 21219 17908 -21236 -8996 -3266
-274 -11775 -18225 -19153 17041 880 11482 -8342
1 -32768 -4554 32447 10340 9619 2236 -13183
-21890 27514 4148 -17593 30649 -1 1000 24319
76317243 1499720241 -188666585 -1069262213 1262662138 -500807437 274283570 -1492791041

11022 -27333 -21353 -1 -32315 18908 30747 30498
13383 28104 20202 710 16690 28795 28432 -25655
0 -24606 -32427 24519 -23498 -9685 4450 25877
-20263 -15440 -12410 -11935 -24404 -29097 -18161 -27293
2840 6819 264 -32768 5445 18086 -25630 8091
-3230 -11715 5755 -27652 -21459 29078 24183 -10358
-22262 -5667 1367 -10468 -3221 -20497 -24711 -14064
-21111 -1 11334 10078 -26791 -13182 18089 -29988
29692 4127 -16440 27443 -32316 -30235 6825 14238
1682164769 -1380481461 2555421154 366959219 -1573641013 -1165851516 -639216993 424231662

-25773 0 -1584 7688 -31974 30210 1 -13823
-21852 32523 1781 19293 -28395 -1063 8872 4665
23566 -23922 21757 -14549 4730 18353 -4097 5668
16268 -11661 1 -29789 -32235 -14806 -32446 7560
-2292 -16427 -7305 7114 -1 -28544 -30063 20063
-16999 1755 -14580 32327 -25077 -26760 -2459 26377
-14145 28759 -27580 2757 0 -7311 31741 -6625
239 -9110 27724 -5653 -13702 9218 -9090 -19799
-28814 32767 -5299 -6802 -1975 6154 -1 7941
838015608 1641230480 -1330594646 -615608253 -498209509 498994688 1379680729 -487277433

1397 -26296 -294 21111 32767 -23011 -23721 -309
-4858 -24757 4493 16889 -17047 25626 31594 27507
0 14026 16110 26464 -5239 17203 26458 -882
27378 -11073 -3367 -11536 32585 14922 31421 -30628
31061 -32768 -31688 -28939 5992 26208 30680 1
6626 7385 27383 32767 -16979 -6525 13549 9098
3675 -11824 -1919 23604 10315 -25738 30378 1495
6195 5112 -28918 25978 -15718 15987 -17529 -29576
-25341 0 5702 20702 14278 22739 20584 774
-143949976 1509295604 1500022327 475820976 -253881573 561707165 573058765 -28683346

-23065 -186 32767 2408 -32768 29920 4106 -30609
-31387 463 31797 -21476 -12048 -11104 -10278 -32768
-5603 -280 -30869 -10322 -22697 17896 0 32604
1537 0 11254 -29251 -17668 -26973 14772 1
1724 30967 27976 19895 11550 -21393 6579 -30401
20408 19645 -28590 -16619 10074 -1400 2186 -14288
28032 -17627 -14280 32465 27828 32767 -9524 1
1 -28105 16534 -17855 25036 -1 -10847 -30286
12529 17281 31281 2718 -7578 17883 17058 -17186
2118795506 831579205 -1137007362 195282764 1650531838 -162851771 -99237970 128726567

1865 32761 24932 28560 1 -31206 9247 -20827
-15968 -24171 13031 -12862 15569 18797 -31764 -4642
23360 29194 983 -27402 19358 -8477 21330 -20904
28671 -22882 -32046 13972 603 19374 17010 -32768
13917 -15611 11972 11346 1423 -30492 18906 7231
19127 -23710 1 22162 -24630 -20480 14625 6298
13078 -11148 17693 -24302 10264 -2968 -25725 4129
1844 1069 28294 19547 16545 8204 -6561 28835
-29391 18484 31039 35 11304 16357 -24245 21768
137623168 1579083392 -1009419176 -3061791467 -1109235867 -1830507729 738946704 1952433236

21841 -8645 6386 -14436 -26405 -11096 25451 -12661
25970 18554 27116 -26748 -8674 -27797 -14733 -14681
-1413 -3316 27063 1 29110 10349 1830 1
-14165 1152 -32768 136 23837 -17997 12105 -31559
2197 -11269 31693 -26117 -10441 12236 946 -1
-2081 14807 -3054 -26200 32346 10925 -25700 3760
-6629 0 31672 -23270 -24934 22828 10977 -25827
-29613 -7499 4131 -17040 3564 11232 -28998 -25431
24211 -29831 -32229 1 10498 31485 1173 428
-21269519 -1788486490 -173921910 363063075 -355352636 261315571 -722470364 -280257443

7695 -28230 -30173 32767 -15186 13903 11429 13992
0 9932 -17327 10104 11945 -22247 29321 0
32767 -25085 -781 -13014 -22100 7808 -27780 9034
-5498 -7424 -17872 10509 32442 -8663 631 30077
6503 27525 -10045 -8751 -30305 -10779 19930 4685
17590 -20491 -27243 -4071 32767 10479 -11928 23394
30087 -26554 -12718 -32768 -7364 -8688 21546 -24375
-10037 -24257 -19597 -21057 24690 18433 0 23506
-8854 -11004 23588 2296 -6841 13669 0 -32768
-558538625 -880612208 -100498510 -1592976489 -711036144 -1429709984 380923258 -841997503

-26089 22386 28860 19270 -93 7669 31943 31588
-15338 2920 -25854 -28554 13060 -17753 50 -17586
19039 5871 7775 2576 14394 5697 27487 31418
3393 30469 13659 -8497 8560 25478 1006 12951
-22840 29498 4858 -30563 -10878 32767 -7017 -2117
30811 2390 -1 -28701 8524 -6906 -28187 12799
-24087 -22666 -2713 -24582 -19495 -20319 0 30855
6464 31621 -15775 30870 -1 21664 23853 -5633
22656 -14061 15832 -32452 -12497 605 22230 -30118
-1309752978 485573295 -123353546 -318813837 200046211 473057396 -170180468 -836691436

-30026 1 -17531 16291 -30337 -16289 22071 578
-28489 19148 -1 -1 8785 21199 14935 11772
26861 17702 -26199 1 22898 5896 -21844 -21359
-30950 26473 15581 -10113 -14270 -1739 0 -9865
18565 -9340 -12180 -32768 -27500 -4939 -20782 -21956
-24377 -10504 -25130 -1 -8688 -17302 1 27197
-1841 -23790 20060 -3918 30019 19178 -31248 26652
-3905 7433 -15563 32767 -4109 -8546 32767 -22066
-25997 20037 1 7101 -30101 27552 -28222 -27628
721793582 697195084 336152173 1917428381 982330511 -543386164 -686291474 56231001

23215 -6200 6786 -14902 -13887 3787 31663 -3404
-23400 14827 26042 -9254 29204 2617 -9943 31382
22096 -7285 -8491 15143 -9385 -1 -1353 -5500
-32026 -30469 4444 30515 7015 19340 -21763 -32768
-14478 -32768 -31518 0 15356 16338 25830 4108
-31470 -3886 -8734 -18817 13686 13406 -27818 -25654
-11087 -6975 8516 -7252 31548 -18699 19756 -30752
-15371 1 -19447 31267 8956 10003 -20051 -32768
-13578 -7977 -3423 20901 31574 21006 -16204 29743
-1573681890 1988461597 -334343991 1306259122 1097540030 496364797 -606023061 771965651

-32768 -29652 25735 32767 28059 2886 -17770 6968
20099 -15820 -25527 -17835 -28094 -1614 -26372 -22
-1964 -1 20512 1 -13284 2215 -32768 -10629
16443 20977 -1436 -6269 16535 17940 17631 11995
1 19633 -32768 10711 -8652 -19749 -24861 17463
-26551 17165 31675 -1 18168 24369 17161 28655
-4912 31790 1 8967 31959 7699 -32626 5597
20792 8456 21730 -19534 -20017 -18795 -32768 17441
8275 -1 2996 -11415 5735 12868 1 14921
-266051622 111200002 -161118759 707978398 -263659141 720535213 222801909 363681872

-762 17262 1663 -21085 -13371 6475 -30017 21839
26796 10340 26660 -28157 -1 25432 -4961 -29171
-25179 10079 17623 -26552 -13953 -14452 -21495 12044
-12654 -23071 11992 19294 -1546 -31648 32767 19556
26892 14277 -22177 -31009 32767 1 19696 2362
-26971 -8597 -26212 -25750 -5564 -39 19457 21512
16774 16394 25177 -26599 32767 -15709 1 32767
19723 -22843 -32768 17905 8898 -26525 24800 -32768
9162 15982 24692 -28319 17428 -25968 4893 17580
742952602 668889678 1356140921 564077995 1514042701 74909411 3345663202 -1111373347

-17929 -14081 -1 16331 9393 5074 -28420 -14544
-17022 -5199 20820 -14005 22596 -27303 -30319 17531
-23793 14151 2328 24896 -28031 -6701 -5501 -16102
20125 26695 32037 -30714 23991 25196 0 -17400
16996 30611 19192 -6977 -3467 29208 4817 -3189
7757 27781 20765 -29700 -2128 12340 1798 -17420
-26631 13022 16608 -2467 -2199 -21811 7463 20429
-12571 11844 -6722 11941 2861 -17609 26749 17910
-19473 32767 3776 -32768 10151 -12924 28171 16976
-1665145491 724371608 -506249874 1232746141 642044391 1384712256 1905433993 1530429437

29523 5913 -1668 6239 2647 19151 2738 30188
1594 31155 -26962 1355 -9074 -5609 24753 -17799
23719 5254 26899 127 -3516 12092 5466 6812
31074 -3106 31312 30877 -15100 -170 -15988 988
-26377 -9775 31363 -4683 4138 -32768 -18155 4615
23887 -12502 -17700 -1 -29344 -3735 -26080 -27488
-17766 8088 -1 7426 -27290 11343 -21170 -5376
21856 2305 -11591 29349 14075 18943 -2855 28545
-1200 26930 -11389 -13402 1548 -18153 0 -26433
-1082318687 1684256450 -600037785 -937763896 -46765158 585222689 33566586 -1302093113

-23189 -4778 -13582 7068 -32768 2944 270 8094
-20509 -15358 -13101 17297 15027 5675 19790 29391
-163 -29603 7401 15115 -24302 -26164 -25333 1
20911 -13851 20729 -18375 22856 4025 28617 29955
5480 -12099 -16623 5433 25600 -7298 -22347 18690
-31133 -27358 86 -950 -16282 1 -32768 31748
1839 -23534 -3786 17532 -32623 17955 21819 -30896
22704 -4242 8900 -18824 -11544 -22284 5413 1
-23085 -21248 -11075 1532 32767 -29035 20134 23085
-168812091 2375928807 27294073 1453593968 1355253615 837210578 -1337825589 -183631573

26704 -3034 0 -24231 7741 -14664 28285 -32768
9906 -15587 -23684 31062 -3995 -31443 -32768 -1
8009 23021 10660 -21517 6564 -32768 17964 -16882
0 21528 19239 29958 16168 4145 -18575 28558
-12129 23999 10121 25543 -30861 -11488 -24242 -3816
-16103 0 30936 14660 29047 -24842 10356 -20247
10578 -23994 0 -11466 27593 -2644 -23103 4450
-1 -26981 8241 -32562 32474 -32768 -25846 -10465
11433 -18966 -4461 23363 -13994 -20017 0 -10222
316897053 1925544953 -158677076 -395361806 658606719 318133915 -70571074 22650236

16625 -10685 -16242 23564 -21551 -18195 32767 6875
8507 826 5991 357 0 -5434 10371 -6537
-10326 -32768 -29790 12093 -31214 24349 -5308 -29180
-8437 -32768 -16057 -29406 32399 -28297 22668 5738
25284 16613 12792 18923 10281 -17640 32767 14559
-6539 -29031 -22009 10554 32767 -3422 18878 3946
0 -13935 -6999 -27741 21308 15836 31673 29500
-177 9116 -2785 7308 -2156 -15495 -24855 1
-19520 2172 29650 -12003 32767 -17628 -8670 -11656
-1861786859 91154765 -1963905225 1267412173 -111264360 209671905 -104226629 270943220

5810 -28108 -876 28547 -30221 -9252 -4759 14662
-30573 14005 19831 3952 -4638 2279 -10266 -32768
21088 20133 -13474 1 -7640 -18016 25983 7522
23172 -12907 -22589 -5251 -27159 29199 -9681 -9430
-32768 0 -26652 32767 -16712 -5968 -10426 19282
-23730 1 6995 -11427 -11871 -6251 -25524 14251
28991 19378 2239 -1758 1342 12058 -11296 -14213
7327 20682 13460 7131 1246 27770 29697 8081
-27385 -25108 -16077 15686 -24017 661 20312 -3101
1586071023 234759991 -190334782 474480103 1965679908 76456462 -1553664065 -257896034

3741 25508 20062 -24057 12893 -21030 1 -1
19644 1 -29909 8375 5235 30680 31735 12046
20470 22639 18068 4198 1364 27398 23449 -16998
49 12066 20780 -1753 -4214 26122 -9212 -7268
-1 -13630 1 16578 -22800 11598 -1 -10182
7403 -4931 20349 -8025 2415 0 -24777 9337
30619 13244 7031 16428 27483 5238 -1807 15592
-25677 17523 -26954 0 11687 25218 -4722 -10120
-32768 26376 -8381 -31480 -2292 -25724 -2155 -16412
1650827879 -1723944704 -836689503 -325495120 -960336146 -395939118 -1679815066 1030242972

23563 -29627 -24024 1 -6952 943 26401 -32768
-952 -21401 -6917 -19174 1187 -32768 -24842 -16856
0 -31910 -13683 17074 -26096 -14848 -18774 6813
-1556 -25704 -15654 24508 -20209 15373 32563 31899
2675 2139 28787 -29729 3638 -6351 13479 -5351
-1 2121 -28131 -22526 -8053 32077 17924 -5459
-11550 19144 25862 -21073 28799 -6921 11662 28636
23180 -588 0 12792 16528 -32369 -29659 16743
-6575 -10717 27202 5565 13321 -11438 -14510 4816
-1135192273 610645708 192220070 -767636629 476864131 -1673839357 888491114 1026473064

12777 1336 -10297 32767 16162 -26866 17564 6177
15847 -25742 17314 -19071 -22892 17375 31312 24217
0 29128 -31327 17985 11240 -15560 -32049 29349
-19255 23711 -19098 -11465 22539 -24304 24572 28740
-31941 -21843 -24329 7 7651 4098 18460 -7725
25072 -32724 10710 -19514 32767 -32420 9439 4191
-21483 30861 -29369 2634 13813 -10223 -25532 21391
-17821 -26983 -468 11616 -32768 32767 8337 -27267
-31803 7536 -10035 30331 30994 29407 6053 32767
720500654 -665680392 1737863814 1709280310 1311822892 -1486660642 1964268176 -174587500

20875 -18863 2942 8992 24888 -9997 31903 17867
-22059 31791 32069 -30430 30374 29140 -15741 -14389
15943 31662 5022 -29296 29540 4165 -4586 -20574
25102 -1 26642 1 32736 14177 -30650 12788
32767 -26320 4234 -6007 -32009 18275 24760 1
1 -24870 -23918 7214 -32354 -32549 -31111 26506
17898 -16314 30375 -947 -21111 -32403 32767 -32157
8625 -31646 -16065 20428 -1 466 0 -6909
11045 -1 -6127 27994 19395 9369 1229 -16227
602601497 -215756625 265345044 636603358 -251346108 -1052275475 -165867489 882045360

-14995 15318 -10100 13711 12770 -14267 15845 -31219
28944 25485 -11317 -19353 -30015 -19243 32767 -22370
24366 -18007 11850 15607 2585 -21464 -18922 -32768
-17530 -22626 -18945 1 -217 5622 2948 19487
11124 4852 -28890 -17974 -23848 11448 -16349 15003
1538 10486 -26777 26338 1309 -14893 28897 24444
-9075 -26837 -16178 31928 -9862 610 25119 1784
-8087 27104 2671 -6575 3835 -29669 -9383 1
1474 32767 204 -11713 -4125 -16422 -3721 1
439790893 1419975516 -322312599 -873481235 351241738 163574200 -1332820190 1460073476

8505 -6817 -12797 7594 13849 -31396 19705 -21223
19725 -1903 -21886 0 20929 7474 -6850 32767
-1758 -29098 32767 16882 -30691 16025 18870 699
-24924 -6023 -21438 -19695 250 -17749 25367 17445
-17947 21650 15733 24634 10611 -28913 899 -19640
-1256 -28122 -19593 29409 21276 -24759 -31611 -16047
-14569 24961 18687 -32016 -14719 32767 4570 -8107
-9308 -31529 32767 24517 -32768 -31930 -19346 7211
30757 -1748 32364 -17593 22308 9051 23825 -24697
744135403 -536226778 652960654 -1084924150 -32556849 -1247261942 953634489 -1261025348

-588 14417 -30436 -1866 521 28644 20764 -1878
636 9464 -1 24749 -28931 -24523 -32144 -957
-845 -30996 32767 -32768 -12008 19385 27288 3623
-23828 -28335 10962 -22400 9946 0 24715 7107
13638 0 32767 -16693 -27578 26211 187 4580
26879 -11818 -21738 -12901 0 12848 -24499 -1254
-13181 -9507 11374 21018 19455 24182 7142 24493
-26209 18336 8259 1 0 -32768 -30230 -18881
8116 1003 -27558 -8315 -16610 21835 -8407 -30638
1363722267 53533170 -386161409 -928369180 234988933 1437543354 -1210314787 -304800665

22682 32767 -29668 0 21487 -4852 28960 7393
-32768 3237 16261 11605 -1 -16448 -27995 -19092
-1501 22131 -4833 3426 -29152 16522 -210 -3897
31883 26723 5923 21705 -706 -20116 13398 26551
19160 -32538 0 -10588 -13682 -13537 22098 -23610
-1699 23436 -61 9987 20317 -10311 -31945 -1
6951 -17268 26600 -14304 1 -16096 29026 -20597
30232 29545 29165 3896 -13044 22660 122 -29356
-5673 32728 -31174 16237 32767 28444 -5690 30824
2497747295 -923736566 334912401 1008358966 -3032372482 1494889649 -2923904300 -738922966

-2979 -17108 14220 1207 -9445 10859 -20301 -1
26111 -5874 -9764 32084 -24281 13678 5345 -1651
-12817 -27064 -11578 -31823 20833 -2538 -26376 12002
20120 23004 22305 31421 -4912 -30727 -22131 -29512
-10708 -30428 364 16975 -6554 18604 -27382 -23631
-29170 4547 -7300 -25998 -18068 29341 -2053 -183
-11011 23947 21995 -25017 592 9121 -28079 931
32767 32767 -19476 20650 14687 18863 -8150 -19257
25841 -3668 -10764 12511 -4408 22704 -10112 -1947
341270457 1569524620 -411553704 193834183 817532194 -250226099 -435518875 1677965940

-9357 -31858 21335 11812 27693 2361 -25035 7130
8034 -7673 -5646 3769 17729 11367 19120 15749
30478 6886 24121 26510 24177 -23870 19760 16209
-5378 16495 -10179 -15653 -27821 -31025 114 -1
8597 1 12166 -2694 20614 -3844 4090 -6713
30170 -32768 29844 0 -5167 31883 11527 -8222
-28768 -20749 -23248 -1 -4769 30086 17159 -5151
20923 -13323 8261 2994 2555 13894 12894 12017
14602 24000 -12560 22234 -13278 23029 0 -8749
-1282279061 -23548846 -115769641 -247888856 -390650093 154045011 175165685 129478985

1 -10284 -3731 -7801 -2195 -16410 -14585 -11951
2542 -30166 -29740 25440 -32768 -27023 -6430 1790
-16951 -16820 19781 -28816 1 -2891 -1 498
11304 -28523 0 32339 -8775 -13242 -9255 19355
-4902 -28548 4074 -12672 -22621 -1793 31436 -14477
8439 28023 -7210 -32768 32767 -18027 12254 -21543
-21115 28710 -4431 -15217 29140 -3712 -24917 -9248
9086 23164 -1063 -13123 19000 -561 13440 -27493
-18374 27785 14491 12620 -18123 -24114 -22420 -16111
516755131 366030438 -171202882 -218077463 -822380526 18759929 1198466815 106455260

10594 -20021 18304 -9270 30995 -27789 -26352 -3832
-8514 -5268 0 -30766 11504 -24537 22447 -26935
18888 1 1 31714 1 7728 -20402 5914
-9504 0 -32768 -20061 -23256 12789 28977 32767
-19181 -8213 -29215 25714 31851 23214 24775 1579
1 -5214 -31575 30379 17184 32059 -10236 -26760
13648 4390 8692 -11292 27686 22246 14274 32767
0 -22603 682 -14449 -6280 19915 -24821 10987
9220 -4222 22835 24846 24411 -1 7374 -16232
994382872 62912159 715708304 -2220232317 764144054 834138858 274424000 -762688551

-16309 -20411 -778 24874 18454 12874 -2682 32767
23082 0 -32080 22841 6826 24607 -21731 7439
18190 1532 -17619 31584 -24519 16849 19111 20948
-22898 32505 -14545 -4466 -8930 -428 -26150 30740
-30673 -4862 566 -10769 -23418 -26016 9541 -15639
-19228 741 10559 -27131 20857 11987 -15746 12165
7198 -9553 10870 -31416 -16882 -19256 220 5479
-23240 -5264 0 -13101 -22557 30689 -17340 -32768
-32768 -1 5733 -6898 7603 -22197 -21696 32245
1327694768 -880780004 -1214506817 2197876368 770776173 1504132721 514139588 -681195842

19058 2056 25621 -7100 20045 -1 4371 -24396
-12336 -26934 32767 29026 16016 25597 -1 -32768
1372 -1392 -10934 3634 -8958 14274 3955 -27413
-3101 -21866 26564 30039 28748 2355 -5216 1
-3513 4128 8622 312 13844 12706 -18953 11355
886 -8337 27263 8868 -16262 7414 4859 18779
-30894 -1 19560 -1 19850 5004 18980 -28501
-18227 -24279 29401 0 -32674 -2836 22838 17668
26915 24394 8951 27186 32767 15617 -15421 -4409
1296368776 1162380971 -6841244 1496747277 986069559 -269209293 -94939283 -2364675060

-14170 -510 -5665 3005 18096 -2133 2124 -28775
-21887 -24374 2150 27464 -24070 14084 -11216 -19071
-26505 4451 -1 29931 32767 -26026 -28369 -1
-32768 10421 -28410 13500 -17602 5537 -2737 -24370
-3626 -14487 -23832 11038 15772 -19584 -22909 32311
0 22407 7124 27504 -11675 12365 -9 25572
17852 -5529 -3017 2923 -1 30586 20601 -17147
25128 29930 1991 -21927 -7841 -13958 17194 18767
-5110 14954 -31217 -7915 6096 24318 -10675 22896
-405221288 -658295160 -165208301 601891513 1062736667 710104067 28412623 289482200

14391 32767 28705 15879 -18138 2462 26244 10021
11657 29461 19896 -9088 -25079 17540 -17962 24388
32767 4822 -11017 -31958 0 -20636 -16517 -7239
24111 -31104 32767 -32768 15397 -28277 19977 -10592
0 -24906 -12904 30293 -8913 26797 -4114 25338
0 -200 -20615 17183 29066 -32261 -3965 4624
-15364 7175 -10833 3740 -24508 -4966 -28370 -30433
0 -24936 0 17787 -1 1381 -16640 -28051
-4887 -32715 -15256 18252 32767 -15873 27386 -18974
-1395228636 -3545013183 -720532671 1503179065 253740782 1902832765 -849848925 1195012818

19214 23599 8544 17255 -84 -20317 8882 19480
32767 -4553 32317 -11362 -20002 -6122 17478 -1
32767 -1 31315 -26087 -7243 28279 20640 3295
32767 -12443 32292 24814 15005 0 9860 -22843
0 -1652 15615 21194 2677 17057 -25759 -27198
0 0 -1 -7826 0 -11198 -15152 -30743
-17589 16000 -21732 24833 20179 24228 -15732 -17922
-17456 -10797 15984 19083 14523 17832 10439 18818
31819 -8701 -7214 -13978 -6228 -32555 32767 -32701
419172662 1904520517 874407194 1547695559 -921128636 982791191 -1733061891 -1787821226

13443 7733 -1349 -16706 31455 32767 -380 0
-20536 27111 -1004 28408 -25407 30925 7388 -32768
0 -18366 -6455 31080 2176 -15807 -31204 3504
-29639 14017 1 32767 -32768 29961 12975 -2960
-2828 -30149 -3528 0 -25057 -28178 10415 -815
4239 -12921 1 2916 5103 -11674 -32768 29984
-4417 14224 30345 26081 -10759 -16855 7004 30609
-1 -20679 -16877 -5684 20151 -11787 18099 307
-19831 8965 4683 -14079 21830 -3912 1071 9121
589695785 -720936223 -524575711 -593523303 -663766465 154506659 107776686 323813891

19671 16934 -10437 19809 1 32767 -13616 -22526
32211 4357 6429 7771 28477 -16953 -10343 -8282
131 -29337 -14070 11330 -32768 -27576 3660 -22693
23716 -5787 -26584 13972 -4469 26117 5479 -16039
-29912 711 -7071 16905 -17847 8922 -19522 9450
16282 5150 32767 -28259 -6628 -11289 -6969 -1
10758 -28269 -21662 28829 -19516 -1252 27783 -874
-27840 31823 -16105 29175 24489 -13662 874 20432
12646 21397 17597 -15413 -9617 -32768 11637 21553
-1595550685 476712883 -276056828 -1601813914 -892262198 1680793210 -761169359 258485468

-7557 -21577 -32768 18544 -21021 -26340 -10402 -29498
29857 28601 26646 10926 -25849 0 18534 21141
-7224 15136 -22712 29864 11555 13449 14785 4697
22252 -25297 21538 -7330 -8952 -24777 28792 32767
18906 17177 -19552 9942 24893 -28797 1 1
-28917 7877 22600 -17691 -17212 -9104 13022 8552
-22387 21867 -18544 6125 31222 29274 28029 29009
0 22771 -25673 -18335 4314 -3589 1423 -29969
0 10256 -30315 9400 0 4673 -18751 -4797
1159844796 -860681645 887552829 -1794117514 727749063 -1098370346 316073762 939774594

-1332 16013 32767 -20162 5928 29107 0 -29185
-16245 -9039 8830 -20354 -14148 -1490 23913 23800
30301 6620 -6811 31185 24838 -12900 26579 29545
-22989 -11229 -13516 3010 127 3346 30703 -26207
4200 -6265 29942 -31015 -21141 -26123 -11290 -24882
32767 0 -31263 1 26721 -18000 -792 -24092
-22803 11028 908 0 10823 -30893 -32768 -24037
18684 12662 -4374 619 26908 7587 -9231 -12002
10237 18278 -2749 4590 -29912 -2861 32767 -20246
426715914 279946900 159752953 1133649722 544743359 135416972 -856769276 -448488708

32714 23173 -18074 -10818 23299 -16333 -21141 -512
-11997 -19663 0 -14886 -16307 4048 30073 9516
-2645 -29292 4553 -23199 32107 -18579 29286 -24756
-9661 22003 -15622 16399 30860 5791 18570 16623
-655 -1389 17721 4313 9162 13422 24380 -1
16756 -31042 14424 -1802 11213 1 -27350 1558
26198 16987 -11687 17426 19954 -29925 32767 -6550
-20824 -6715 -30187 4725 31003 -28802 -18208 -20032
-651 -12783 -10296 -22808 -32768 19003 -15232 -22472
-625002680 538038496 -436499798 -2045743721 -679140166 292667485 -2085755366 -533295529

1923 -23356 2809 32767 -21826 8837 20052 27067
4759 -31458 -10502 17654 -13353 25272 18207 28915
17502 -12399 -19087 18669 -16957 -13610 -7549 -23884
1 31202 -22368 -1 20963 -8868 9365 -7797
-15807 -1042 -31867 22555 -1 27117 -4235 -1
-32768 14104 -3127 20803 21246 20398 -7159 1
-4462 -19283 6118 -5105 26642 -15570 0 23433
-25075 27292 17339 3866 13748 3765 -4916 9697
26680 -31610 21124 1642 18782 2917 -15507 21562
791243417 1092552779 -269764749 -1404254673 -880184248 -782394389 1571578392 -604567545

8 -17586 13773 -30140 15121 14811 -4551 -2719
28640 11650 -24639 -14707 -1621 8991 -27508 -9293
24795 -9281 -13078 23651 -19464 2839 -22332 5272
15617 17304 32767 32767 20659 -11705 32767 31543
-31485 4889 32767 15319 -32768 -18248 -24072 32767
-2419 -12171 -19351 -13718 -14346 -10297 1594 31979
11144 -19050 17244 -4537 510 8195 9338 -18223
-25815 2350 -14700 -9039 13063 -4283 -14368 22660
11965 31621 -32307 -1898 -4937 -1 25273 22632
-1194970796 637453335 31829219 1053251743 -1014796935 1072277384 -1196482499 342732705

31483 -6007 -10131 25144 6530 26787 -9017 10945
-23035 1651 15562 23926 -4005 -1 0 -29463
32767 1412 27486 -607 8568 28588 -10610 -6830
1024 -9629 2586 13553 -1032 -7895 1170 -23236
4756 7017 -28091 -21070 -8165 -14172 32767 11221
-24273 32767 5179 -27767 23672 6211 -13051 2960
-4252 -25633 -22481 23354 5667 -14287 -9262 -32768
-30443 18541 15472 0 -19515 -1698 29828 29668
-21812 -13612 -9986 21495 26523 1591 -11529 -25648
75751474 1488294064 -451225507 916767716 -1276311098 147130169 2242941002 -1367970507

14444 -31403 1 -19465 -1717 1 -18795 -27747
-3719 13758 19565 -2346 12876 -19615 9515 1
-13167 19819 -32768 -24042 20694 -7281 32767 -8393
9743 30673 -31099 -8188 0 32767 -18184 0
-5392 -22631 -16491 -4088 2501 30313 29995 0
-29639 0 -23868 17608 7477 -466 -21855 -16141
-18710 -29018 -8432 32767 8826 -15025 -17430 -25615
-25458 -3334 20140 -30496 12318 -4546 -32768 -16736
0 17234 9620 13496 8079 22104 -15448 18742
-1047427975 -82854678 -955376966 1124129054 -376956351 93235045 -610613656 -83719082

-17315 21005 24250 18704 30504 -26947 5251 -20356
-1326 7871 16201 1098 31051 13588 -2418 30265
-31008 1341 11749 15168 -29239 -10417 -30210 -26475
26930 24606 -12080 -1 10479 -25041 -31521 -32535
3590 -1058 -22513 -328 0 17329 -21950 24001
31797 1 5156 -18627 12977 26283 -5220 14776
209 -29443 -20951 26714 25284 -17357 30363 -20479
30891 31285 -25454 -16123 18600 18373 -8687 -9787
-30577 -494 16598 17212 -5317 29962 1001 2922
219699270 652499203 1139300129 -1968730102 78805382 -450843210 -563720818 -1245701140

6042 -20786 5324 310 13200 -5342 -31477 6073
-23377 1792 12560 23826 -23915 28527 -30352 32767
8745 12128 -28590 32767 -2733 -14909 23037 2497
-7063 29996 -1 18945 32767 -3605 11189 -21954
26433 31272 17048 31090 18408 -22598 29227 -26550
-32768 28222 -12336 1 -2098 -10882 -26814 6074
13020 1 1 12222 24845 17970 30665 -32768
-23540 -32768 -30886 -21635 -19226 -16339 23323 -1
32767 -9515 -8947 -20103 32767 15471 -7487 -1
927431790 -1489462368 -724460642 36465596 -174188416 -1268241541 1043462910 -805660524

17991 -6129 -8522 32600 -31709 -12244 -5346 -10445
2757 -5657 2080 9366 2811 -30392 -15783 9432
1859 23694 22559 -19976 -7767 -30462 9447 -21714
-24951 -32141 -23732 3595 1394 -32263 -18883 -30562
-25394 -17568 1 -26441 -24125 -5567 -21081 4851
24426 -20939 -27233 12997 -26906 -13465 -27768 -7806
-1 31148 -1432 18866 -21904 -24172 -26424 -21894
-3592 -14394 -12005 14045 32767 26181 -9129 5834
-1 3674 7328 194 -12420 -25092 23272 1321
484181518 369113809 1300471939 21140389 -114510861 -258488640 342314263 -1406771040

24425 -3279 -30838 24209 2910 17477 24760 5253
-7681 -6929 0 7974 0 1 -16129 25994
8583 10619 23041 -15951 -8284 -31205 -1 2419
30047 -11211 29786 -7646 -32201 -22700 -26187 31728
-28449 9754 26443 1779 16559 22423 -7520 -30003
16528 19102 0 7761 29238 30362 -5855 1144
-15176 -8825 -7561 3380 -17180 -29023 28836 20630
30959 -21424 -1 -5441 14444 -26693 -4810 -9101
-659 1684 32767 4595 3365 25368 4336 -15980
-444281196 -455260223 -164228255 -402586042 1981194832 881878297 -1235781171 -585480303

-12166 19322 -26238 1219 -32258 -15636 408 -6738
-22270 6696 -27280 32767 5809 -14070 5700 2799
-2731 30696 -23341 -3592 -1531 -13305 -20178 -20614
-8157 8046 17307 -1433 4425 -19882 -17636 -30731
30212 17743 -579 18343 -27167 -16431 1 18670
-1310 21931 -9064 -32768 3991 13802 -32768 -3493
-13047 32000 -18222 8350 -32768 19399 11073 -20365
0 -2168 28838 -6984 -2589 9850 25968 -30811
1241 1403 25885 -27962 7431 28696 12649 -28246
-1194163062 -2008163531 -530210583 596525307 -1666229984 820680818 352012366 2400890013

-20048 -6917 27351 6326 -23269 11595 -16061 -12119
-31095 2922 22573 12902 20423 -27459 29389 7631
9483 29963 18581 30912 163 3541 -23137 2118
-8417 -17185 -29278 -9665 11457 -32768 -31748 5998
11464 -1 -10016 5983 8782 -29329 1 -11041
11530 -10362 -8081 18600 -6928 5230 -4958 -18112
-2488 -25614 4143 -12600 -32768 -8251 -15046 -27792
29979 29333 31393 -4578 23953 -21023 8252 -11158
-11708 -21667 -15779 0 -28015 -4676 31094 -30494
420840061 181939710 -1858557215 -404948818 251673641 784806029 1854961765 -1457802397

17254 24574 25180 -27926 -32768 -11035 20669 -15686
-13994 1 -16945 32559 7637 29293 -8633 -22931
9514 -13496 14502 1071 13486 -17731 17718 -32171
5281 -28057 -32768 -18031 17989 24124 11215 6555
27061 12377 -8913 20009 20709 -20460 20493 -3589
5013 -11394 15346 -1 209 -32127 -20981 -14719
-18114 13162 -1548 26811 -11253 -30474 -306 18559
24773 -7318 -3025 9379 -1410 28169 16767 20679
13 -28024 -14754 10756 -7841 29947 -13829 -1
-1719662422 1536765630 -705831280 1502146546 -1058271046 -580640085 -878026052 973654386

-12413 20295 28973 -5254 32767 17579 -2156 -13793
-2280 -6809 932 -15444 -25946 17272 20350 3817
7111 21365 28717 1 0 17796 22760 15215
3300 -27066 0 -10123 10945 -5709 -3691 21979
14592 24575 1 28535 29393 -7274 -23961 -30362
31825 29941 20432 -25757 29996 -32768 29273 1
-15484 2726 -32548 2701 -6620 1 -13058 -23884
0 -16458 32556 -25662 -27364 32640 -24636 -3613
27815 -8259 1 -3748 -14273 13757 30523 -28094
-397319169 1172548789 533436741 -611626519 -302003906 749036725 -96428611 421274200

-31254 3186 -32579 1385 0 -11373 -23265 -15408
3346 7881 12306 15630 -6275 -22318 -6741 -32768
24715 1708 -8789 6863 -10789 14825 4164 -3341
3707 4759 1 -138 32767 0 -2442 28337
-17536 -9707 12171 -1 -3881 19943 -8369 5166
-24889 -22780 -32130 6321 32767 2191 -16613 -19117
6236 18079 -23954 32767 11226 -18557 11628 -1091
12987 -19093 -22666 15915 -32598 18628 -9242 1493
-14951 -7137 -28714 32767 -30507 26945 -26608 -19481
2038148656 460311834 778433263 -1580618130 759754042 1538267933 408593186 2827641082

-19216 14529 -21668 -21648 -5348 -9850 -17024 -16263
-1 1 23492 30749 4650 -31913 9140 -27724
-7776 31263 0 -13354 -2387 -11589 1154 -23463
28852 8799 -27454 -22533 14949 -20140 -418 -6363
32767 -16 26054 -28878 24798 22878 -21318 -11926
-10142 -20788 21787 21316 3022 -13967 -13597 -11702
31727 -10010 17190 -12982 -23625 -27514 -28438 16274
5377 -32768 -20106 -22691 8017 32767 -32768 -28402
-15968 9696 -25582 -17687 6497 32767 -31893 23012
1196114594 -3089773172 -308494766 29577958 637083060 -1247644176 -587388083 2029354683

-19780 28562 24028 -13325 -30291 -767 -17234 32206
26740 -25168 -27377 -32768 -26234 0 32761 11185
6662 -32768 -21710 25946 -1 8857 10212 3250
-14358 -14454 -32768 2758 -30512 -24757 -3709 -10178
17741 5743 3819 29820 -22913 -18168 -1847 -19908
12406 31073 4967 -3294 2796 796 -10028 30242
0 -31015 18659 -25148 -15635 13839 -4140 -30022
-5407 -2046 -7383 -29979 -9491 -7220 -27400 28381
22404 -14917 -9523 -1281 -285 -21802 -27015 6388
-384296286 471089050 363346999 786079957 562586618 217288020 -60024653 1099717365

-7486 32234 1432 -32768 -20165 -21133 -15079 32171
19289 9641 22074 13412 -3757 15583 11922 24668
0 27722 -17545 -29798 -11150 15690 -30856 -16404
8239 9630 -9554 1418 -17118 -8431 -24747 21350
30365 30471 4529 -27019 -32352 28256 16041 1
-1207 -3314 283 -5900 -14936 -26696 -25864 14607
-21559 3249 595 -7732 -3852 -17781 0 -13785
32627 18925 -2113 -15339 1313 14752 -3189 32767
32767 -17487 -31796 22116 -27398 -32768 -1 4293
-196106684 -243596272 -864960098 1273653244 -318956970 1225644252 -324152649 87399868

28283 32725 -32312 1509 -32768 -19825 -3896 22020
-11559 14342 11304 1 25537 -10983 -29871 -15744
1 10969 -30740 30261 20834 30312 -2857 -23518
-26458 -1131 6920 -5374 25807 1 -4907 -7165
-15805 9191 972 13331 -4751 -6463 28818 -13934
-32768 -29865 -10988 7938 -21560 -1976 -31062 10417
-2060 20611 -19888 -17769 -10570 14266 14939 10204
764 9415 9671 -19671 17148 -18899 -23500 -28321
-9131 -16979 6234 17623 -31848 2233 21408 18097
325686662 -1829705781 -927197777 -847388639 730903242 1083446250 104696050 -2057150496

-926 29791 -12205 3080 -10893 28135 31160 20703
-9397 -5627 13612 24246 18859 32767 -8443 22965
-13953 22102 -24645 12052 24337 -1 -27235 32767
-18580 -20948 2651 -17694 -3580 -23061 -2793 -11836
-20065 -32768 7262 -30322 -18613 7927 11316 -11656
15743 -25474 -10199 -24127 -28222 32619 -2037 2950
-30641 21312 -16045 -1816 -17715 18257 19142 30316
14553 20767 32767 0 -12549 -12200 -6681 -28438
32352 -27360 -18943 -32143 27108 7934 7732 -32768
-1222371975 -1233843564 -1601225991 576791427 1112236314 1556341480 -2392837755 -274845945

-21933 2148 -5065 17178 -30954 -1373 32767 32767
-17833 -16236 -8909 -16276 -20935 -16507 8868 5503
22551 8052 23093 25638 -32768 -29957 27236 -27844
6863 23235 -18004 1 19358 -5467 -21170 16219
24598 17622 7990 23389 -17408 -5493 10650 -15381
-8783 0 -23752 -8432 -8861 2779 -3783 18554
18157 -9049 30618 20998 -20031 8733 1102 -24877
-7251 -9960 18838 1929 -6240 13496 -14035 -20528
-2049 -15721 -7656 8072 -4292 -11643 9929 -32768
-410914641 418385494 1529605480 -1002586403 548606397 -508084789 850546111 445741760

27116 12294 16258 -15064 -14751 20663 14475 27479
-5662 27438 25344 24836 -31980 20913 9037 26639
4788 -9934 32767 -32768 -27387 1 -18182 7598
22267 10441 11567 -2384 15015 4657 -25058 17268
9670 -13055 -1190 3028 -9462 -1 20478 -21443
27052 32767 25573 -29827 22386 1575 7568 5210
9667 -23829 5125 17661 9127 23056 16681 17059
2396 -3721 25390 -24563 -18031 -14724 -21127 -13053
32767 -5019 -1937 -15140 -933 -23720 -873 5734
691947834 -1069706739 724353152 687325202 206861355 1089023328 -313108343 729562993

16790 -26784 -13769 9354 18482 13215 -5647 935
20131 22912 18540 -5835 1 5202 -8632 -11002
-9009 -28613 -4818 -1 -23152 -21877 -23373 2516
31842 22488 -23889 -19388 -24662 26633 24036 -7758
-1 25215 3562 12722 -15488 11253 -8275 32114
29014 25367 -14453 11737 -19550 -6744 -13567 22463
-30831 -1 -13505 3170 -17175 -27390 -20870 -13398
-18077 -15281 22131 -32768 -22109 330 -10915 7378
-320 -14395 -7493 -15475 16241 3419 20539 27599
593770426 -848018722 -410544294 115210424 -83245161 -447041753 -1108988387 188510090

23034 -15732 -24121 8574 25533 13311 0 2626
-24058 5865 20610 1 17918 -6325 12995 -6756
-23527 17693 9604 29430 -2806 25392 -26497 -8075
3584 18688 -7715 26147 23591 27231 21554 10579
-32768 -10232 22688 -7099 15857 31447 16448 -31007
-1 23143 21639 -30034 16131 11865 18028 -9593
-8408 2174 -28801 26808 7218 29783 9299 23433
-11502 20654 2494 22276 -22393 -19742 -22549 25894
-3274 -28619 32548 -1 -24640 7632 11638 24675
-873025108 76489326 -361458134 -659272826 414179286 -291801608 -236248297 305314922

24524 32767 -7204 17898 -11558 -6701 -10196 13394
32070 27940 10928 -301 23869 22430 13188 -25365
20623 -6365 14247 -31612 -6370 342 -32768 -22448
-13020 25623 1172 -9539 28184 -8512 20998 30266
-28241 -23914 28901 9852 -10181 21999 -11603 -10924
-32267 -24186 -10513 -24237 15949 18636 8252 -7322
7728 316 -31932 -3932 4977 -15341 31586 17329
13791 -16432 6347 999 31249 -25526 -31306 -26790
-26607 477 14918 -32768 -13932 18780 -25029 -13174
-1216906741 -574303488 1907696320 -788094915 1837623266 1502059761 -1929287748 -91075901

-11449 13357 1 5368 -28778 31059 14713 -24181
15838 6752 4363 16304 13357 3022 -20198 15873
-27060 -12769 3768 12292 25317 -1781 2003 -31150
-730 22669 -1 -1925 4623 12795 -21533 7775
-4355 28654 19916 9141 21237 28095 10027 -2936
18287 -9667 16148 -30303 -2912 -26524 -14123 -28585
-8067 29001 9837 18850 -14157 30623 -1430 22422
-6467 19873 -14326 -2591 9892 -10825 -1 6894
-14603 -32768 -8477 10277 15192 6335 6242 -187
-359410188 -228941046 1299616325 -736506320 -386472187 -693666347 -756364579 -381539599

9700 -10474 1 16011 21237 -27385 -15009 13325
28495 10414 -30031 17715 32162 -28665 26369 -32768
6804 13557 -3889 13030 23388 -12760 -29771 23445
-26103 22942 -15175 -10310 20403 -22216 23035 12470
15974 22387 -1371 -25667 -10242 18584 67 -25041
-12868 -9891 32767 6781 -28729 3057 -15392 3794
32767 -11750 29053 -22596 8185 4756 -4268 26103
12177 3472 957 -25091 -19088 17146 2780 20296
9345 -24921 24618 32695 17985 -3875 545 16535
1575386607 8709918 897521891 -854553237 -1951795030 680413162 1133544669 -842151436

-14040 -29711 30627 -7999 8114 -568 32767 1
1 -31474 4439 13907 -1 23237 24607 -1
-10850 -6413 28761 -1404 2032 -18219 -10283 -32768
22552 29031 15378 -17101 -387 23171 -1 8700
17451 31692 1 -16278 18852 9117 31819 -27812
32767 10101 7751 855 14840 -28674 20712 32767
5170 55 -1973 -9650 -9864 10353 -19007 -19620
23890 -15286 19921 -13895 -18884 23394 -2894 117
20673 -31378 -20780 -14920 6505 -4064 -26245 17401
-679923734 -52392804 -812839293 -454394576 -1624285568 426278096 341321743 626952409

24918 -11891 1 -18564 -8514 27126 16396 -1
-31965 -2669 6975 -12085 3393 -9390 -10190 1
16628 4 23935 28838 -20152 0 6704 -18144
1848 14592 -26920 -23602 1770 5475 25305 -20652
30066 -6249 13512 -22461 31186 -10514 -13406 -10601
-13066 4308 10538 10667 24737 -16889 -19722 11572
28485 10994 -17104 -9403 -11760 12492 -29528 26704
-27097 -28202 27853 22371 16413 -14587 1726 28595
-20118 -9550 -5797 -6219 9260 -7336 -10958 16533
-729817432 915266133 -1212699725 -516201692 -146284264 854689405 44101359 1226719695

-2895 -4090 -17366 -10906 3531 -29973 -1893 15279
-10763 20919 -7179 0 17004 25614 12096 3526
2150 28022 29099 28799 -13744 -18817 -5542 -15887
1 -16455 1 7567 -415 -32768 -3447 24810
23825 30318 -23449 24884 22929 16358 -21960 -27990
24824 18333 8462 16163 -28709 -1 -14216 -1816
-22808 30185 -2923 16568 -23041 -28732 8483 -23385
-24387 -20157 26668 10466 31777 4529 13959 28520
-8936 0 -25683 28969 25086 9825 24458 -20310
-406576759 1183007227 -274824061 -701380312 1877498527 -1001946630 580970227 440020811

0 0 1495 -5918 -27490 -7508 -1588 17354
-21029 -8113 -16436 5291 -19873 -23012 -8653 -7907
1 -20913 -8454 30965 25779 9463 -6526 -32768
-5769 -22638 14330 11970 4304 -9776 24110 -17185
-32759 8535 19428 28770 26612 22618 3124 -30000
-9068 -32343 13905 32767 9662 -30707 9099 -16679
-6682 -29322 -22826 -29595 25988 -24558 -22447 -31765
-17354 16588 -11143 24852 -28634 6332 9849 -14433
-22734 1 2503 17930 9479 9147 28861 -4577
-556881667 -80617330 826547893 1107490897 1995839783 978091285 -916638798 949056803

9326 58 26490 -2551 -20834 -1 -2512 -23335
14036 -27405 5939 -23030 28653 -14691 -7258 -1731
12053 -18434 -2822 -23892 -15966 -13559 32158 26707
-27656 24134 30797 31655 15923 -5756 -19818 0
-16132 -25420 0 -997 14414 12427 -6771 -9452
28717 -12070 -32481 -10492 -32270 4180 3699 -29833
32767 14183 511 -30998 10812 7641 14654 13
25302 18596 -32768 -24815 17314 3169 1340 7577
1348 -19359 -32614 1943 -2868 -30158 3129 11476
-1073323265 629311223 1280540526 -1381486325 -77347756 947023607 -522738189 640506397

-27321 29218 20434 28144 10613 -22309 -31905 15110
-15864 22050 22273 25031 19608 1 -847 18641
24376 -13816 9646 -16062 15810 -1 26738 0
32767 -15081 -1 -12432 19597 -18109 20068 30115
-30338 0 -25150 -30165 29555 -8405 5937 5455
10271 -9526 20980 28537 30984 -5629 -1 25313
32560 4395 27871 8488 -19249 8858 -15224 -10363
-22230 -11206 10556 23219 25806 -12149 -24245 -18301
-5069 -20617 -16048 1 -25951 13742 -32069 26961
56759869 -710693329 -1261292516 -444213132 -368444356 -391248300 127155373 -378204917

-13473 -8007 -15669 13664 -4090 23668 14364 -1310
-17366 6726 -4069 32767 -27895 -1699 29047 -10163
-19050 12353 -2264 218 27592 -14373 -28829 2093
28445 -9128 -11401 12309 -2082 23302 9081 5841
2038 22185 -7535 -30271 -1479 0 32767 -23471
-20787 -19550 14550 -20884 -16566 -26670 2729 -9084
14388 8899 -2551 -11405 -1 430 -5412 -10748
1 11116 3438 24067 23070 -12463 -10579 -27240
-18418 18552 530 22767 21435 -10003 -28949 32607
-380575192 -564723313 2221823853 -769192151 -2064726316 -911107171 -559024374 793170773

-1 -9877 -32768 -6164 3315 -22125 7366 -28273
-30030 -4400 26557 29651 18322 3968 -13071 28723
-13954 9524 19346 5934 11387 30101 27209 21159
9172 -20898 0 24761 -22445 7258 12604 -2053
-32768 -27211 -1308 -21621 342 5471 14674 13703
-7782 -17336 23895 30841 -21059 487 17037 18864
-32768 -32223 30420 -7213 5684 5741 -12699 7247
-18702 6705 20156 -12967 27473 -31904 -23159 -19495
6555 -30865 32767 20593 19428 21641 1875 -25832
-566041177 1095106255 747762478 1012717017 -64447073 1048195250 1651658090 367363481

3868 0 15128 1448 -19532 14096 32271 288
20208 602 9894 6734 -25881 18322 359 2140
31263 -19111 7085 -1792 -17521 -30108 -24661 -14695
32767 -1 -13763 1 26436 -13024 -26140 -31502
-10492 -22435 25470 -32768 -21790 -6584 19439 -1
6902 21316 -5121 -17699 1211 12497 -18059 1742
-32186 23558 -23549 19955 6748 -32768 -22685 10239
17287 -13291 9710 4763 24247 32043 -27086 5500
1 -7019 -30513 -13639 -32384 -12035 457 4548
-2409469 229575939 794074762 -434600094 620982290 58094866 493034179 -1426153626

-27719 11548 -32768 4636 -21008 17493 6044 5002
-21527 -27211 9226 1 29589 29477 -13695 -26891
0 11 -15663 28198 -1902 360 8539 1267
-15392 22557 -1 25787 16633 25030 7495 2495
12707 1867 21823 15283 -471 -18386 -24485 15060
14241 17076 15245 9538 12390 1 32162 0
-6954 27763 -17768 -16305 -29137 -499 32767 -13373
9365 25031 -18590 3006 20147 14703 -15409 -20972
-24725 -29848 -1 -18606 29038 1 1780 -2573
-357681714 2248469473 -568255140 -282571508 -750312076 -622243265 -1106690492 -423009734

-27468 -20808 -13316 4579 -1999 3711 -23731 5834
-29331 -6323 16123 -6231 -15284 749 -7036 32648
-17333 17932 -22662 -1 12784 21135 18670 -25729
26697 -32768 -19828 14608 12766 -27971 31759 24240
32350 -774 -22768 8478 -4083 5213 -28503 -1
32408 -17413 6956 28150 0 27500 -1784 -26665
-8315 6070 0 17766 13822 -19577 -28715 -22850
-28855 0 -10830 28501 -32689 4545 -29349 19817
-27788 14832 -6603 -30943 21727 -5306 -13432 -6771
617024018 345011038 986336234 -1713897192 -755931870 -2017202635 715957508 -482888025

17549 947 -18682 -3128 -18128 -23075 -9687 -1491
3340 -25222 2666 18577 30453 2086 -2482 -32768
-23440 18178 -31605 -30178 -29240 3402 22184 -6895
32767 -22876 -30035 -5663 -31274 1 -5034 14106
32767 -22144 26953 6110 -8687 58 13268 0
-27082 -31368 -12379 19486 14207 2366 -11374 32767
-5464 -3982 518 18483 -741 12644 -2740 -16390
-27997 7319 1413 -1 5772 0 11314 -25023
-29900 -14400 -5686 1 -26014 -22533 -13478 32767
641107380 -1631274339 777836329 864053304 -768257748 2135938565 -547964753 -398889160

-32768 -9394 -31104 25422 -20016 -9030 -1260 -19524
-32768 19076 25028 -16130 -9110 1 6588 32464
32767 -17710 0 -15706 5730 18323 24238 10683
15688 -19264 -8756 -29839 -14272 -29002 21888 4291
15523 -6299 -11089 -1497 13041 -10401 26131 -16771
-31049 26242 -19053 -25731 26122 3515 -927 -6973
20800 -17833 20273 -5070 -13953 5519 0 -25919
27235 8286 -14321 -21967 -21453 -20991 11364 8167
7181 -19539 22711 -20672 -31463 11796 -20258 5902
-850144210 638599846 513902729 595879838 -1147692890 -1439295784 1414162355 407887599

-1987 16546 -20392 -32768 -19779 -2987 -32768 -9659
-31639 15675 30715 -28183 -27973 -11053 15287 5519
21846 -29728 1 -24879 0 14583 -25387 -9835
-26177 -15593 -2101 -4712 -349 -6004 -6767 14191
661 -30833 -160 993 -22043 -4666 27899 -25044
13449 26972 13012 -3129 -25752 -6822 29782 17753
19198 -1 -18871 31575 -7954 -8064 -19725 9179
-1 23553 14884 -32768 21501 -4814 -19665 17345
13800 17137 26848 -16521 -8862 427 10969 -32768
381083883 1352265544 253109089 -1145729318 780054253 1019105433 -1213479897 367915936

1 -1 29028 -32768 9630 -26411 -31818 22444
-23583 17807 -3307 -27374 6435 -27044 -734 32767
-22092 29313 -12855 -29680 -30605 18932 -18431 3796
12691 16930 -5825 -21458 29170 -13438 1 -5734
3439 11532 32127 -6606 8830 -26472 15133 1908
1260 -2992 -17993 -5664 -20860 4987 -14852 17510
-7460 -23423 9763 -1623 4338 -26095 -21724 -30772
-19067 -17735 -3801 -9510 -4483 2514 8214 -1
24156 6513 -15022 -10825 -10580 -26337 -2492 -10491
356204186 194553406 2950059 842065794 293121956 285223265 556484665 -455286010

-26231 -15443 26106 13430 -4214 -21139 -11142 -1
-3609 14844 -1 11133 13854 -12293 20370 4835
-9242 -18867 29105 -29026 -21175 -3323 -25114 -11876
-1442 16367 32767 -9751 350 24221 2887 -31668
-1415 32767 10478 -15602 11824 -11592 -12631 -11748
18427 -12285 22050 12919 -511 -11349 28411 8466
-30629 14058 -209 -5648 1 -27476 2845 14731
23241 -13377 27814 -26643 19065 -12218 -23231 -20307
-27195 -16528 22649 15350 -31598 -15800 -1 31070
2233149487 -69652188 1129448855 -1016515400 -1060725410 858112302 1400953117 -1230241432

14332 -17890 -14034 1 19197 -19744 17502 -28130
-32768 -32768 25301 18645 26590 -21105 2217 -12761
22756 10942 -26695 1197 20403 -6912 -901 -13545
-1 30640 -1 1844 13317 -8826 0 7524
28510 -30587 13586 -11637 -412 -2057 -22655 16883
31336 28579 13881 -32768 -28529 -22459 21183 5393
-20531 0 23919 -28415 5708 -10987 224 -21222
10567 21793 -1 -24395 22102 -16669 -30852 17586
-1 -22273 32766 23935 29905 27457 30765 5272
360758476 2221779051 -768531671 -442765414 171089214 -1755738254 -132325883 -1722501958

12919 15017 15761 -30261 -9691 20911 7523 -13640
-26604 23739 -25370 -30094 -32768 -8350 -6061 20024
26114 -562 10521 7621 -26338 10959 24060 15472
16220 23789 20471 4023 25676 32767 2806 13941
-25788 -2896 -1 20114 -13911 22704 -32768 32767
15101 -32768 18288 16540 -26250 1104 -16703 -28145
10610 0 -27143 10752 -11241 -16769 21079 -16088
25921 -6776 21294 -22830 -16114 11870 -11023 -7573
-3339 22774 -5634 -11089 -31082 -10526 -27377 -31413
849249997 1749414849 -685207491 -1330047924 -141706721 1062551389 452463761 807903679

-12863 -5417 10903 -15635 -29980 3116 26232 -20154
-31308 -12289 -25400 4485 12341 -8477 1274 25062
-21371 -24892 0 -10968 1916 -25302 -1 -3091
2128 22709 27209 32767 6321 28489 1 0
27718 -31043 -15108 31412 -5743 0 -10288 -11591
8818 29198 28101 -6604 -19208 -32768 -5281 -679
-14097 26282 18718 1 10077 21502 -4223 -587
0 22436 -13095 -7045 -29980 195 -12361 -1
9647 -10174 -27777 14374 17624 13685 32767 -24346
267921244 126078945 -347838428 6001951 1298270990 -2030944044 -575534360 -896496365

29583 15134 -16458 1 19745 25563 -6532 -22574
32767 -2173 -27552 22251 10445 -20921 -3902 32767
-32768 21173 -2801 7661 -9748 -1 -9197 -19884
-27914 -1229 32767 9274 20044 20307 21747 -18424
-21518 -24240 1 28813 29777 -22883 13922 -3552
13955 9457 -24347 -32078 25149 26053 14827 -5862
-408 -993 -16282 32292 -1739 -32258 13418 -13249
-19111 24674 -16389 29017 1 -28588 -19816 6466
6022 -24251 -29751 15359 22402 2870 -25859 -14281
1307775091 1218374869 -206386408 -762641031 1192879218 424820735 712698246 557861466

32767 24693 27988 29673 -31689 -22679 -11805 -2611
-12774 12079 10961 19181 -9911 -31838 15828 27537
4984 -24544 -1 -8420 -18770 -15972 26315 -15524
8935 -29081 1 -14966 -11110 -23092 -31687 -32768
15951 14166 -18402 12206 -20131 28714 2106 -12155
-22675 21490 -770 23276 22935 29355 -26430 3274
-14683 -1060 -23620 6078 -9451 -25635 7536 19073
13160 14587 -15990 26220 24485 32004 4427 18652
26414 -11618 24032 -16451 -4776 9590 -21285 -1576
952320772 -1168166913 -43881955 1377811089 -40445658 -520646770 -1434311182 -571126673

3652 -8108 27787 12117 7774 -13528 -28952 2957
20418 -2156 6240 -21630 2196 -8834 7283 16860
32420 14697 8843 -4258 -2001 -27779 22576 17910
-7394 -30292 -20904 14650 -32620 14876 -10390 -268
249 6254 -22873 -30045 26431 -13990 -10762 8096
-213 -7180 -1517 32396 -9705 0 -1471 -30924
-22612 24630 -8293 -161 11487 13596 -24723 21375
3806 -9693 -25569 3793 -25261 -24998 -10834 -23375
-31512 -30429 -25682 24952 6997 -4878 -16070 20693
367186261 -987470698 -1672865320 1917772632 233248887 388319615 1025711364 561912151

7387 -6791 11181 12825 -11571 -6275 -1 21569
-5507 20303 26382 21927 5274 -4752 -12985 -20165
-7959 -23674 -7992 -10376 32767 -9451 -21810 18252
31635 3484 -21925 -1334 -3964 16283 -11606 8817
-23515 -13692 -27098 8476 -31 -27694 -32768 -8097
-25602 -2878 -28393 -684 -19583 823 -31751 0
4878 -4236 -32768 -25999 6307 16000 20471 23385
-1211 1 -5948 10590 -1490 -20718 -2422 -18225
0 -6793 12984 -9965 -24387 -24384 10666 -1459
467215982 -135698491 -667444579 -732075905 -4937488 -223441975 -497332367 359516590

11964 18310 -22372 -13400 21131 -32768 26512 21535
20218 10564 -3061 -14298 -15053 -1 -32288 27137
19172 8607 -23635 19637 -18078 16998 -15799 -10579
-29506 -4337 23882 4719 -11374 29567 -23918 18451
-27601 -1417 10283 -31151 6584 20628 -21894 19486
20065 30299 31263 -11719 31318 1166 -11705 18356
-8853 -7123 -1 4626 31717 -21065 17103 -30278
30739 25906 -9279 -1389 9414 -17410 25658 -6655
26879 9430 17429 31103 -13646 -31303 10695 23165
1207329061 633750265 95894548 -869687041 -2063243423 841600514 -453150400 1402372424

-9174 -18585 25555 29080 -10397 -30436 9784 16773
-17213 -12606 13684 23815 -29257 -26464 4909 -27725
17049 10016 -18025 2174 284 -2291 14460 -9488
27567 -32768 11447 13360 -28739 -32768 6184 205
-24272 -30110 8640 -16532 21493 -31907 -26640 8237
21409 21740 4339 9564 32767 -9217 1271 14428
-27605 16461 -4140 -9975 19888 7794 -23630 15146
32610 -25463 12798 11159 32767 8491 18407 -13330
-29431 6702 -264 21855 -22635 -32691 -7394 6183
2035924138 2258620638 -479485320 935294251 953447405 -637068623 269263116 -2127677737

-12440 -22302 13828 19967 31729 -2778 16047 -14330
-16521 17803 28217 -17305 25085 8885 7650 2522
3241 -7652 -20362 -30792 -6216 -15092 1 31647
10821 27634 192 32280 1 -32768 -27097 -24772
0 -6840 13170 -32768 -2483 -26577 -19485 28826
2198 13584 7189 23105 15896 28911 30828 403
-13696 23625 14959 -32768 26139 10367 -28263 31281
9665 -3446 -17431 11433 30244 -25639 17236 1
-1 -3 -15866 -25068 32767 -23996 172 32365
-74553793 677769995 2277700350 -832407804 2098476825 -847838377 2199309961 1599194024

-17799 -22801 27957 29727 27019 -21129 32767 -5356
6038 -8209 -12484 -7074 15816 -27317 17581 32625
1918 -31402 -31284 24393 95 12704 17887 24954
27648 -17895 -15927 30241 32333 32767 1 -1
2341 -8280 86 31162 12528 -32768 -31256 15238
-11665 27710 31943 13480 224 4168 -8678 28258
-19418 0 -20436 -3216 -10644 1276 -29902 -21335
-4364 27712 1 -1612 -27611 5761 26701 -22485
30382 15142 14215 -14457 -7104 9715 12169 10997
-975745964 178933391 -599737548 -5922051 -1123660052 568419643 -1344448821 640120538

-19530 23791 -23230 1 32017 6721 23487 15895
-32240 25064 12410 -4516 -19492 -8325 5782 15195
-23224 -11441 177 19730 -28109 7664 -30983 -15
-11199 16342 -7707 -19989 -25150 -32463 7829 1684
14634 4676 11792 31043 -30285 -16117 10263 -14183
30196 -10244 -21914 -23506 -32670 6653 -32768 11385
29811 1570 -6522 26088 -19034 -35 -16534 -1
22963 -5621 -62 25388 9105 -29049 1 -32768
9099 28028 -19926 -28637 -6593 -28164 -7563 -13910
152853065 399069404 -896511616 2079595265 -86477435 1214911510 -50332981 539496293

-19856 18246 -11695 7481 425 -30668 -26142 -17254
-13224 -16791 26227 0 25717 30689 25614 1
-12815 -24350 -26346 0 18291 4681 -31291 -1
-32407 -22880 31495 -1749 22240 -17797 -2997 -10465
24771 30097 -32768 -4406 12743 -24599 17379 1180
31660 -17319 11048 20925 -19770 27366 6599 -19574
-10827 8428 -10170 -28022 -2825 29228 3204 -27550
31882 27196 10696 -15797 14430 32123 24358 -3424
-32665 0 -16014 -19329 -25997 -23629 -9796 -6783
1778006082 -1632673975 560921762 530714886 -127513013 -1680099783 596461952 -2256928114

-8694 -10961 13916 -30084 23332 1 -7612 -27306
-26460 14662 -11658 22618 19073 -5960 573 -11735
14474 26757 16746 -9202 610 -20471 -6878 21805
-3398 10080 -19346 -26067 18619 28046 -11058 -5764
15166 31354 29812 12352 2228 -17401 31832 5325
11513 32767 -21153 5729 14212 26119 -28390 27674
6277 -13353 -12655 -757 -31545 9275 -26454 0
-20741 7644 -26128 -30982 -3383 29121 4395 6573
6150 -27861 -29190 -27650 -14245 18952 -8760 -25064
1096264197 -951859907 -1773767199 1491362823 -2765863706 -535434605 1657837348 1675648141

-20197 19185 32767 -32768 -8502 -22653 -30321 11118
-9114 -22434 987 -27390 7320 -9862 -10100 -14212
9732 22806 28682 -6677 32767 -20803 0 -7306
-10866 -7055 20998 -23085 19220 11347 26564 21263
-1812 15535 23320 26128 10823 -31993 2599 -15680
21725 17970 -25081 -5825 8583 2428 -32768 -32768
-26466 3854 -6223 3027 -30844 -807 -6536 -244
30480 -9564 -3424 -31486 -15251 -7439 31089 20987
-18900 -971 28370 26161 6517 30745 24585 -19582
-1279577673 -720022452 149972313 914828509 822136204 -1325341198 17376888 -1462376673

22205 16194 -2112 -25314 2478 -24631 1793 16201
29285 25496 -28040 -20527 -18813 3377 -7460 16547
-27846 -19908 0 3105 32767 -21543 -5430 -32768
-8941 -18812 -23948 24171 30707 24867 -1 13290
-32768 -6115 3892 -22795 -10178 1 -27220 -1
-21991 20225 -18514 1 9812 -22979 8886 -7907
-3338 17585 3715 -1 -4991 781 5731 32414
-17904 -12274 1 8244 -5320 22492 -18017 -20982
14500 -3827 -7939 2315 -3916 -12723 18341 22822
924464320 773666774 -1022037918 55082647 -994823425 -12823017 709278177 -1268192078

4323 3157 5874 8020 -6515 -20697 7534 -1
-30145 -3675 26016 21969 14227 21475 17489 1653
15441 -18084 12100 -7503 -13985 -29199 2994 32767
-7811 32258 16192 -26925 -7012 -26235 -17697 -8521
20780 -2160 -23664 -30956 12785 0 1 13619
18831 -14139 14149 1 -8297 -11485 19895 -14523
29367 10186 -22574 15896 2360 5544 -15120 10236
-22912 26425 12218 9270 19352 7067 -25292 -6792
-16857 21711 -985 -6528 -25343 6366 4754 -16173
6713718 91890674 -963015771 1056212446 -716060000 -171730619 -617368655 431551103

0 30202 -15416 13947 -17427 23985 17298 10659
20425 -14579 12410 7183 -1121 -25018 32767 19518
-18563 -7283 7441 -7768 8860 -19574 -9083 16179
-11637 24688 -16370 32005 22984 -15192 -1 -25992
-21407 28287 31477 -22364 -861 18926 28272 7903
-30464 11611 1 -24193 19316 -3911 25568 -31808
-20358 -29927 614 622 0 19684 5342 -944
12562 11641 -6375 -26221 6205 0 -25424 18855
-32768 -8182 -7547 8444 16893 731 -5703 8185
-301267599 -647346622 865700521 737543153 -53637321 616233374 888768906 -276033965

-20159 26227 32767 -1577 -4255 17783 13664 -18924
-32768 -9474 927 19972 29867 -438 29203 17329
1 23610 20466 29867 9501 32767 -31791 13084
-30213 22868 -16749 28551 11003 20742 19324 11157
1025 28318 -1 31755 1 24859 26455 -27123
-22606 30733 -18143 14801 14344 -6795 13431 26
-28636 1958 -10108 -30097 26774 -12690 19030 1380
20437 -16104 20142 1351 -14532 -20511 7296 -11832
14345 13606 -2072 1 29641 -20759 -4749 -12353
-326633010 -59230971 -130365885 -421566350 93429444 633600137 586390041 138881697

-26058 -5408 -18597 -28885 2126 27125 831 28457
11938 28243 27330 0 -22597 -26556 -905 10881
12597 17450 -5068 28643 -28534 0 2863 28288
32767 15041 -31997 -10242 -23424 -28855 21649 -1
2117 -1 -28672 5855 7641 32767 29116 -29748
-4228 -1 25580 5879 19102 6581 -31662 -31154
19181 -1626 11941 -32558 -29393 10671 -10943 10159
10572 11579 -15949 -27276 -10258 13956 9234 -556
-1134 23532 10452 30435 -28553 14576 -11194 -7590
-1061822625 1122405409 1783104331 -323457204 35394106 592449083 114078273 -339181654

-6414 10868 0 19309 8858 19220 -703 -10486
26136 24129 588 19762 -1 -7715 23988 -32768
-1238 5681 -4930 -6964 6520 15287 -15799 -25428
-21427 -10562 -8725 -18173 0 29471 4204 13396
32497 -17894 1 19444 10306 -18151 28819 -32767
-8832 -18161 -27656 -14661 -20719 -8490 -13150 18528
-13236 10177 -9300 32339 -29732 -18646 29921 -12297
-27491 30095 11615 -31535 9762 -24073 -24941 12845
-28675 -26901 -23286 27088 -26962 -3352 -32768 1256
121214226 -1678230891 67564017 389729625 -1126333759 2029921635 1066568671 -495078480

18817 15623 -1356 -10948 -26379 14568 12051 0
-11486 -14249 22004 -1 9232 -11181 -22909 31365
10457 15661 -28359 -25726 24286 15392 -19876 -32768
29619 30462 -32551 -366 -26384 -12910 27355 -6081
417 24872 -13675 1 15040 -11677 -12713 6110
-9433 -8417 16714 31011 1844 19896 -6882 0
-26508 1 -28551 -26683 -1509 16376 -7803 23752
27222 -13707 12023 29535 -15078 4648 10745 23841
-16665 9105 30195 -25873 -27359 11888 -6481 -22926
887760208 -229985079 176231239 -659161025 -801412686 13571681 12032249 -1128024120

30613 -30696 -23498 1 -31117 -8356 -1 -1
28021 6836 -8071 1 -9566 21450 11641 -27314
32767 -23136 -9329 12848 11257 -32768 -16976 5633
-1 16946 29042 -31214 1903 26223 -4953 14324
-25988 -32768 14883 -17206 28903 -30108 -1456 27871
28552 -29400 10139 7138 27976 -6380 -1 0
-8993 1 4361 -22409 -9299 23759 17097 17516
-4523 -1 2729 12024 -3987 12688 2427 0
0 -26123 7684 0 -10115 -26324 -31999 0
1156056774 -1080984461 1824632993 -770573680 1517159127 730926155 -1044975633 -350336221

-23268 -330 3441 -15146 29944 -32716 21965 1
7373 30516 19229 20458 25148 21952 -5114 13147
25720 -32768 -32240 23147 -8156 -16595 20599 -11499
-10549 -9924 -11673 -6357 -3468 17832 -8071 11706
15348 -5469 -24577 -6004 -10470 9168 -15678 18868
-12837 3466 -18992 -26581 30312 -12595 24969 0
-10691 12257 -1462 -13740 -30709 28597 4453 -32768
1 -29800 8577 20882 -1 27412 32767 3727
231 -1167 -26942 -8275 266 7631 -15698 18237
-558843095 -227020186 59373925 851577014 1379149293 244617255 -321123933 -606329614

-8951 -12078 31072 -19450 -4970 14440 22679 0
-28874 -30611 -7213 21356 -17826 -5441 26992 31187
24990 -19827 1025 -15810 -623 0 -11372 26809
-18666 -16572 23749 32479 0 -16959 6456 -31585
-6164 22266 8647 -14599 27838 -32308 10251 -5868
-15144 872 -20568 30795 -12334 26971 -2270 3229
10690 -17563 29627 -852 19468 -25079 -3994 12640
29598 4311 -31801 2084 -21673 30430 -12587 -22193
-13762 7349 -23568 -5972 -29146 17893 3408 -17039
-101206484 197655927 -896757252 -361855680 -1122678598 1294982716 -2214484646 1872809462

30486 -8512 5139 15629 11755 -1012 -22332 6935
-29071 0 -20519 -26601 17645 -3450 -4002 -32768
10121 -7310 -31925 1935 22095 -17926 -27862 -9544
5647 -27691 -22172 10535 -9047 5135 2136 -12615
-6626 29364 -32234 11152 -4313 -7527 -15407 9583
-3333 9126 10632 -10217 -236 -19171 -26737 -24616
-12898 12879 -30333 3474 -32768 -7306 -18495 16986
29521 9660 -1850 2228 4021 9945 -31404 27705
-18675 -17219 32767 28256 11438 -17089 8068 -7346
107873387 -411876852 -650170268 -138807923 -1238382317 254819244 -1400598384 -1296151106

991 -21990 11180 -28310 32122 -9790 15174 -15199
-13999 -23157 -24179 -356 -15149 -25 16691 -20028
-31652 0 22628 12536 4292 4124 -13941 -30469
20298 5158 26417 -17572 -3524 17414 18178 -8540
20035 10124 -20437 23802 -32240 -32768 12446 -14833
-6482 15163 -25965 32029 -12088 1451 -1 11971
-15142 -10267 10073 14728 31590 16001 0 -27597
-32768 -15186 1083 5010 -28050 -15112 27837 -13759
16465 24180 18096 1 28235 -14484 17574 0
1002314491 -1362015616 -295207886 904687126 -12088239 -572253939 344911812 -971021726

25226 2297 -1 -6715 22658 -2125 29181 -6289
-11474 3648 -1307 -1717 27452 26106 -8632 16513
22738 1718 26008 7374 4276 -18180 30315 20257
-5987 22835 -14969 30569 -16381 -19597 -4720 -29686
164 -10078 -14805 27566 0 -11582 16044 10901
-2833 24463 -7900 5898 20738 24536 -6082 2410
-5112 23758 13197 4720 19159 3447 19335 21163
18780 27108 -7705 -15132 22653 -12617 9011 -29044
-18755 -22257 21688 4087 21052 26250 -28626 -9243
-907694965 1456309716 -1312728963 -1045436223 -851259359 593903928 -382673371 -1028312668

8420 16036 -25318 23981 -16171 25832 -29885 -25283
-2556 27268 -10105 14886 -12932 11315 -6848 1
-1184 8184 13523 -24041 -5192 -16978 19115 -23034
-1785 -2235 -19968 -5209 -30845 -356 -2900 17966
227 -27176 9725 -8724 30350 1508 16491 32767
-4159 -6043 17894 -20136 6719 -22763 3055 -12558
-27635 3673 -21970 -24247 3575 24308 24496 14704
4350 19467 -9899 -21333 19959 7736 -21712 28704
15053 -12922 -24179 10290 26148 1 -14919 30752
23995503 -229265386 -1827226554 220436843 1584889431 -880471759 -1516169 1562281731

25705 -31217 -17421 -24622 -26045 5964 27546 -13081
10146 -11954 -28008 5243 9934 -1 23912 5327
8830 -32065 17807 2348 0 28964 24202 1
27148 5411 -14336 6636 3736 27450 -27547 -29365
24605 -12241 -26008 16248 -5718 6523 5314 -1867
19322 -6088 5172 7136 -15190 6955 -25543 0
-8045 -32119 29360 26494 27956 11895 1 17202
-8440 -17185 -7189 27121 32767 6460 144 -22654
14845 7282 -32768 14767 32420 12473 -25544 23001
-1412974248 892523873 -908167755 1501911995 1085586759 425163797 526187348 1003770719

25533 17578 23324 -18863 -17536 -13278 27871 -427
-5624 -4352 -17841 -6355 22173 29740 -12355 8028
-28386 -25754 -22719 -18065 32767 14190 27340 -27753
32541 13089 -16396 -12230 10166 31543 32767 21334
12212 7916 -30181 21352 -1214 -27290 -6246 -32768
-15301 20106 18566 -17788 -23864 -30497 -14007 -15984
-25153 32391 1 -31787 -22801 5753 30943 -9707
17827 24828 26527 -8992 -11306 12032 14618 23407
1 29053 2663 -14793 24616 32767 17131 -19961
471106384 1068455387 1752370875 1936862340 -543249811 -610925257 1762343419 824143647

1 13808 9901 12293 24251 24280 1 30506
5560 380 -8093 -8862 10852 -31017 23776 22874
26738 12584 23733 -27692 16856 -6552 13735 6213
-2973 -18433 13496 -1772 19793 12419 -29963 -24733
-23235 -32768 -25423 -2441 -28046 91 -24487 21698
-20437 -27590 2916 -6253 0 -27603 17847 -32768
1 0 27417 17457 -27058 31163 26385 -7216
-31142 -7869 17230 15417 22476 -10472 -23417 -28815
29770 1 524 19425 -11469 -19775 -15624 21447
139998066 597138539 125420743 -650772220 415325148 -1164141120 -519422412 -921423005

-12577 30496 11163 1 1 -15383 16053 32767
-28164 32767 16530 -7726 2354 -16339 10832 24868
-29232 17492 7377 27887 -2945 -16826 -3373 15693
4957 11871 -3284 13226 -31135 30127 -690 1989
24458 -31267 -1 -26033 -18901 -28834 -31203 14826
8543 -4651 -13438 -25982 20421 32767 8596 14745
20659 32767 -22488 -5438 28183 28873 -17808 -24722
-31005 -32768 2946 -22002 23650 -31988 5578 -8627
-19647 -20393 8252 17944 -32439 -818 -26716 -1566
-750303804 -508436211 953720433 871415939 1137074784 -1592089493 -1780628523 30371431

23305 1 29441 -19969 30062 5214 -21033 -19413
6515 -6271 -30170 1596 15001 -2085 -12727 -10836
-32457 1333 -20088 -16433 -18588 675 -14223 -17194
1145 -2872 13019 27855 25721 9358 -14970 15483
-32768 -20020 18155 28160 0 -18017 -24672 25175
3315 23403 -8335 2146 7819 -13333 -722 9365
-27159 -9646 -16457 -14380 1508 29304 -32768 12745
-7875 29494 2486 26325 -26088 -24000 27946 1
-22205 19632 -17051 -18621 32382 -25324 -1336 -1
221924214 772508737 795405328 -206582886 -10148340 1079792517 312576473 -53037501

12045 -910 -14175 -4877 -32768 -30062 25695 24085
14171 -27904 7913 32767 -20650 -32400 -1 -30840
-12250 -20527 -28611 -9950 1 -17742 2708 -15810
5961 12239 -8845 21467 5280 10337 27210 -28695
30438 5848 11815 32767 9647 7864 12950 24234
22454 1298 28636 4309 20593 6050 -4764 -24697
13913 -8212 0 6441 30268 10329 15552 23318
-28848 -2721 -19503 -27572 -22051 -26220 32767 0
-19951 -19975 -9472 23362 -20904 19783 7969 17969
526009127 201733968 79457339 17229744 422080556 -1437014269 151482444 373857842

-10716 -1322 31441 -8694 -16431 -1826 -31347 0
26753 -9879 -32768 30313 23802 1 -17336 -4662
3732 10180 -26015 -32529 -28671 -5899 27500 -22721
8286 10207 26205 9948 -30594 29196 1006 20131
17454 6467 -26766 6701 30419 -32442 -19490 6052
4702 -26265 16989 21336 -23522 25585 15959 21859
32767 24603 -7040 12155 30832 5009 -1 -32768
5924 20232 1 -18519 -10164 -27343 -16857 -1028
-31759 -28520 11943 -3335 -21962 -18683 -18793 12393
1766604188 -1315080451 -669576452 82545306 -701444785 741057758 -3043730920 334740486

19581 -5438 -27684 5042 -3563 -17249 1 5920
-27396 -18495 27473 -31354 25784 -11612 32767 -31452
1 21676 -12602 1378 26479 -20024 19959 6072
-21514 -9308 -6834 -18163 -11868 -30019 32767 0
17386 12661 14190 -6852 9459 26833 -29741 32675
27118 27929 -26429 -23111 -23211 -1 29612 10753
-23812 -13522 -390 -5811 6527 19895 28913 1423
1 824 1 1 31643 26880 28127 -28677
9822 -1 21985 797 -5930 15713 -12343 -9902
-720821376 -118424103 -1054105021 -1181776989 886339109 -667487570 -344132139 171542323

26269 -16291 6470 20234 -31729 18310 10525 25338
-32539 -32403 30770 0 29037 -32768 -1977 32636
-15803 -28643 30012 26017 -4615 -32768 -27596 -31166
6593 -11813 1 12326 -3028 28171 -9172 28765
11026 18108 8287 31711 16136 -25484 16699 -19087
1119 -2177 -9163 -26526 11131 -7930 32552 -4944
-25184 6165 21818 0 -30025 10558 1 -25334
-20546 23426 -21828 20096 14444 -11820 3175 -32192
4114 -16521 -25331 23547 -2600 -14503 -32768 -24308
-454081129 -706765801 2409667948 -286861571 527394432 -1212346980 -217402269 1366934186

1 15583 -32768 -22622 -22222 7286 -8135 21370
-25698 32767 -17361 -9964 27246 -11417 -3976 10704
0 30562 27538 -1 16577 -23731 -1270 -25330
-809 -14914 0 -8206 17392 3039 -9101 31474
-24020 -27720 30192 -16237 0 -27108 1 5961
-30974 21 -1 12789 13623 -25369 32767 30782
32767 -12415 -23316 -8952 27314 -25793 -29057 -23534
19020 -6977 32767 -15980 -16862 17464 -3533 -31613
26272 -22317 -25220 8499 12761 -4683 16532 -15906
-505689277 -888075650 -671994303 -201536605 -879719073 -360766972 2013170704 -159329683

-12602 14757 8605 11893 1 -22591 25841 -1154
-26085 1 -15415 12187 -32768 19969 9918 -20288
26472 -19161 6767 23894 -17472 13179 1435 13577
0 29729 17477 -32768 -11963 -16279 -17581 -26788
19724 -13075 32767 15751 -32406 159 25036 19029
-16171 -20241 6169 4037 -22601 -8530 32761 -28901
32767 -27655 31506 31806 24616 1116 15990 20309
-4057 32765 29424 -11058 24961 -337 27825 -2674
-3377 -32768 -25674 1 -4182 11703 -11223 0
-1216313497 743256443 575956376 -1366069446 -623006914 186501775 -282647691 -2235996653

-32768 9992 -7579 1664 -29916 5097 23947 -27844
-10899 -5109 2681 22543 1 -11948 32767 -32536
0 22630 -12010 -15859 20470 -2513 18515 7278
-26845 -3833 31576 -3573 -18849 29516 -6440 13537
7571 20190 -16629 -27428 1373 -32432 -16295 25968
-6706 -11736 -24304 6940 10462 8410 -8131 -27399
-13693 5048 28579 17338 10233 -18185 32767 -4119
0 10516 -29050 -12259 -15503 -13939 8464 9200
-12482 -26447 28205 -20339 4634 32767 -27367 10293
-1016431225 -1734848450 -1033954501 2595107295 -882731978 -168006148 -996734846 -1513654904

17431 471 -2716 13312 -13622 -20211 -25073 -17549
-3221 5305 12049 994 0 13811 22509 13731
-23638 -31852 30457 -32768 363 -4301 30247 -11045
30252 22748 27696 0 16312 1010 4662 1
-17109 -6695 -20261 27665 10454 27358 26812 -21902
32767 -16762 -15076 11927 -27374 0 -28925 21745
827 24575 -31980 -21027 -20798 -32768 -1 24024
15694 -1834 -5148 2731 -2128 -7012 -4873 8531
24146 15151 -18763 -6388 -28874 15188 -7742 -18418
997637907 -447224038 -1522045821 63695262 -1639696 1357747048 787040561 265855110

-266 -10099 2534 21331 -1 2397 -10531 -1
-4040 4772 10101 32767 -2180 -21813 1846 10070
1409 -5428 15494 1727 -18522 28190 -4215 -29861
3577 -25461 -2709 9536 -17972 6576 20995 -6298
-1 -15243 -6851 29341 -32768 -32406 -29094 -11697
-2717 -1 0 7445 28989 -30002 -16325 27889
4072 14696 -4335 -11084 2491 9798 -12443 -6249
-31825 -5657 -1243 -28137 -32768 -2542 -11454 28409
-11003 5257 -4012 2440 32767 -21020 -17341 -1270
123919221 451241606 -1190434660 -1222261739 145796112 1876253092 122178646 -600967570

-12165 -596 0 0 -29773 -30343 18176 6867
1 3475 -12843 2702 31412 22520 1 24348
-30143 663 8669 22655 14521 -15621 10467 24778
-11458 26652 -24169 -11964 24784 14673 15858 -24900
-8496 5573 -4133 23880 16654 22293 31109 27341
-9714 27154 23573 8234 -31321 -17543 -29123 -27108
10320 5892 27212 20624 21017 -1 -1259 -15446
-19540 32260 -7258 10053 30785 27024 -1571 14470
8747 6416 -8400 21737 -1 31165 -18355 7281
-1339462866 1067982742 -338331031 -1376991 838047433 -139295993 258389637 1291916991

-3348 8290 -17666 -9664 12274 23197 3986 31482
29839 -8574 -32768 -21577 7122 -20578 -17633 31362
-12185 28134 10668 31323 -18399 9906 -24243 25415
22746 10874 28304 28684 7458 17178 10168 -13001
-10413 24848 17015 -14077 -25819 16831 -26393 -8442
291 22864 -16400 -24819 -30801 1 -19378 7373
-8954 -7864 29686 -28662 4472 -20927 -1 -6329
21920 -22480 29950 -11704 -20572 -16777 -13840 8996
0 8032 -29840 32767 2522 -31909 -307 17513
117960951 1431158316 1024042573 -577494579 -1511327515 -82864161 -1319963085 -812521791

5843 683 25690 9212 -17326 15677 -21883 -14549
11471 -1 1 0 -13167 -30006 10765 -25041
-4120 -17584 32767 17872 9667 -19473 -1837 -31135
10269 18005 -29334 -16558 -7073 -14776 -2076 8223
28760 16668 3788 7283 15003 30286 15181 30776
6989 -22055 24854 -11059 -15616 27518 28076 16111
-14845 -2442 -27243 -13255 14782 -19541 -22759 -8409
-1147 18104 1125 -31301 -7695 22206 -12135 28049
-26735 -14043 14068 -32768 -26492 26584 -11056 15204
790237342 -1255249618 -994418292 -454936618 -480586368 1914675806 -305050223 2172730041

7126 -25490 -19001 -396 16684 -3306 9541 -3581
20423 -3021 31234 24602 8505 20943 31641 -610
27981 -32635 32767 4979 -8742 12024 20406 -23080
4617 29180 -2820 17760 -24291 -6025 32767 2701
-18985 14765 1 3720 32767 29483 4969 -14778
8080 16513 -27905 -537 27927 20988 -10724 -10862
30003 20902 1944 -16555 32767 32767 16980 -787
2150 -28248 17358 18437 -16325 15515 6581 -29627
1 -8647 2309 -22518 19066 13292 -22116 20678
174560093 -727580770 -689634593 -1870786103 389693179 628875916 865035915 -994021710

-9431 0 -4198 -32768 28486 -770 -19145 10559
-28750 -23293 3854 -31037 23510 -20043 -6128 30428
-15259 -28783 7879 -26531 32313 -570 -21799 -2066
-3994 -10049 -32371 -32122 -32768 0 4991 -12210
20172 25511 913 12709 -30338 -32292 18223 -9105
0 219 26991 -30888 18827 21917 5346 -24885
-3008 -32768 -27383 17220 -24994 28930 32767 -15783
-29636 15755 9377 15865 14116 -19028 1053 1037
21358 -24114 28175 3511 8377 -1 27893 19866
-520372795 577778102 118615932 -1245662966 -40688529 459185121 405887268 -524741637

-1 -20926 0 26203 -1263 7055 -21241 15651
-7358 3559 -15067 28750 -2563 -32768 -30951 0
-32768 17017 -23372 -3995 11713 3260 -4659 -3502
1381 1 27391 13923 24906 -7412 31754 6737
-27163 3029 30563 -21358 15438 1538 -21661 -3024
32767 7470 -32768 595 8209 1 -7839 5310
-11649 20353 12525 17653 29214 -4858 28221 -9617
-23324 19913 11660 -17125 -10419 31727 6858 8489
11724 -20914 -4524 4174 25245 24299 9009 -12493
299662860 -1112302636 -274318792 600921875 -339483767 448959813 448636062 -350503285

18840 -20321 -19439 20404 5533 -14061 -16265 -23494
-1 32767 16569 21016 -20378 -26752 -32768 14389
1 -14107 -28590 -28393 29523 -19708 -27793 -11987
-10814 32767 7528 16091 15242 12541 20926 19125
-29332 1097 -16779 -13101 -9674 -31179 -18467 8079
13142 -19785 -25466 22481 -28101 -24127 -11629 -28402
29054 -13102 27928 -5363 1 -2507 21302 4611
2004 29992 9843 -308 -29983 -32724 331 -7362
10547 23772 1 -2300 -10109 31840 -1 32767
-1604760941 556340999 -1588766710 1499752105 -883373033 -1798219488 78568968 -245240743

28331 8125 -22625 20863 20854 10352 25069 -31441
15734 -31778 -29917 -23886 -16146 9219 -2821 16774
18673 -14003 -11729 -3886 -26407 23481 -14842 17400
28262 -1501 -29319 2323 14123 -11347 22894 32767
-24889 9014 -4081 7930 32767 24786 432 28416
-2317 -31467 23530 20472 -6141 1 31252 12598
3413 23929 -3534 -5274 -29909 28104 -904 -23744
3188 17321 4446 32767 -30546 -23815 -19584 17782
20894 10168 -4889 -60 -9194 -32768 924 -16137
783505920 -273605645 -515789859 452809882 -1980497475 -602623836 68608566 975193580

5460 -14362 -16258 15436 32164 30146 14402 10878
-701 29064 -28147 3847 -24694 -935 14120 -32768
15439 -12260 -22893 21488 16944 8614 -16376 27973
-24011 31587 30696 17902 14268 -18188 -29307 19896
-15578 22489 -25179 -4656 -22408 5368 30513 17700
-18637 -15637 -11827 -27956 -22862 13881 -11707 16948
-19314 -7024 -6500 3191 24117 -15656 -32768 27811
-12470 32767 -30247 17524 -1 31542 21665 14152
28857 24230 0 -11128 -19227 -32427 -12863 18242
-1944981868 366913914 25164447 928624340 334351253 -156397007 209757533 -804218770

-1 -9860 -22038 -21102 -27802 8855 22123 -7465
-21406 13111 10084 11122 4779 -19328 -21525 32767
14038 5440 -28225 -28932 -22383 2719 -8459 -12199
-1 22008 -13066 -31440 -18017 -12554 16569 14793
-25980 -16496 -13467 -3469 -2912 -29111 -23279 17534
-13922 19748 31344 -32768 -12781 921 -14504 -5637
27309 15243 25488 -3215 27339 -4627 1984 22942
-32768 16757 15035 32767 -23701 -19094 -12948 -23572
-19909 -1 -18267 -21075 7515 997 9211 15313
736682378 327696830 415623455 1132500698 839531106 80131399 -371118359 -990219312

-4793 9859 5646 5988 -32768 -5363 32767 -21566
5947 25027 -32768 24972 9905 -8991 -26878 -29666
562 31073 -10067 -6808 13347 -15862 9915 28193
-1 -19299 -15837 -11676 11414 0 123 32767
-16080 -21754 2598 3535 24594 28907 8042 -3525
-14721 32767 -27838 -32538 8286 17934 29710 17068
-11775 17048 -5910 13386 -8175 -21981 23783 -1153
-32768 -8962 -30515 -11135 -32768 -845 2712 -13124
-1428 17817 28690 2330 7662 1 24112 17769
514235858 -1543849788 1090420984 -152760798 37885506 813499545 672499604 -1433181023

4382 32767 8763 -21538 -19284 -18535 9558 29051
-32283 21293 -9063 31644 17123 19551 10994 21152
-13548 -1 4483 -3848 24756 9280 -7096 -26380
22555 30144 -26460 26069 3232 -2476 -11963 -9513
16670 -7787 -26043 -32768 32767 -1335 -10847 -9891
4191 1 13253 -32768 -5616 -1933 23151 1440
30928 7466 2228 18181 5814 24340 -27350 -10877
-2949 15415 -8847 -1244 -24367 -15852 -14298 13906
32767 6721 1 -15604 -7891 -9707 -18995 -3491
749017754 -2016060659 -442434818 793828261 1000137986 266957545 1055240869 595576886

32767 -12172 13088 -24809 3702 12825 -28323 12945
-1528 -19845 2848 5772 28408 -24395 17947 26103
3862 27867 7752 -8331 -15069 10753 -5511 2237
524 -1 -27786 -481 -2359 29252 24814 16967
-10079 30377 28377 -11040 30770 -3171 6241 -20891
9600 -11366 18760 -29129 14333 -29364 1 -27712
-7911 20143 -6349 20682 26481 -23307 -1228 -4096
12791 18611 0 28507 32767 -6973 -23680 19325
16883 -27259 16148 -28384 28211 0 -24831 9158
2726801334 992142092 -600559479 -953484070 295143177 1752173546 -632164199 588856783

32304 17208 -20715 17803 -11379 7263 -5627 19960
18714 -18411 25953 -4803 -11772 9333 7235 1
-13698 10407 -12035 -18673 18150 3425 10485 14470
0 28787 -30445 30068 29167 -24116 32767 29946
30824 -30678 28948 -22249 -3659 105 -20016 -1
4659 -26865 -13422 29020 -2066 -4214 -32768 18809
23982 -6359 -1950 -14518 -10251 -8864 13890 24494
-11197 -15631 -5289 28144 24386 -29181 19959 -1958
31028 -9985 25327 19014 -24795 -15736 -5515 -13116
581453351 1435587727 -1940332651 -1403993888 1772324393 676208413 477966004 -20020879

-28388 -23318 29539 6268 -18832 -25007 20565 -614
-15020 2823 -9293 -13928 -2177 -3236 32767 -15193
0 1 -1783 -30386 1 505 -13871 1986
1030 8376 -22402 -16759 32767 23532 14235 -15214
-11896 -23508 -15099 9172 -13777 -12618 14363 -878
7267 9314 -26021 -12087 229 -17446 15300 9843
28062 -10473 10737 9250 -579 28312 -15067 -20379
6842 13948 -31809 -19164 -12009 -25662 -12495 18156
-1359 27359 4662 9527 -3056 15251 -13910 -1
-1011841517 -576842486 -97130086 24415041 -960121660 -471118491 456671664 -139448296

0 1 15781 -29932 27153 25976 -9298 30950
0 15518 -19085 -17410 -17740 10534 19001 23099
-1 10057 23376 -2337 21681 21913 9557 -4584
-15789 -8258 9464 17770 -21131 243 -22509 -26560
9934 24678 -4251 31953 12367 -28125 20202 -28794
-1 -17482 8862 17870 22140 -3353 1277 -2348
24091 9739 -27318 32767 23531 22118 0 32767
-32568 -15970 -21163 -24186 -7003 30013 -15894 -7258
31806 -28266 3010 -23076 13760 -18392 25500 25178
1176218164 533943916 -136418384 -2188277182 -654109894 448181238 394597130 -1326433582

23487 26179 32767 286 4819 18761 -29723 -2596
3113 30 6570 -21840 -28154 -24655 -18581 127
1 4759 -3880 11125 17635 12962 -4488 -2243
11546 32767 -27268 -13772 22591 -1 1 -1
-12818 11169 29583 2891 -14171 -3324 32767 -4692
-25886 -16848 32767 -24309 25706 12459 0 2865
28200 1825 -29224 10296 -13986 11801 15227 18634
-24322 -28148 1530 -13013 12714 -10165 -1691 10120
17397 -15092 15340 4581 3703 -4608 -19278 -2501
1028352476 421681730 17341910 -691392150 -581616158 225830406 -384396590 66746669

10041 -9577 -16083 -31599 4315 12149 -2079 -15019
-32768 4338 -19624 912 25885 23975 -11795 6765
-23789 -10562 -31669 24804 -21991 -12620 11515 -11016
4499 -3794 19374 -19902 -9389 -1305 9988 -23124
-14803 4577 23333 2116 29086 -31937 264 -4803
2668 -17617 0 -7627 0 -14241 -4275 32112
27912 -7678 -5584 26956 -10617 25545 -32768 -27639
1 14470 -10470 -31236 -10852 32318 7280 24129
-24101 -3704 -9291 0 -2930 -20903 -1 -18443
-46693781 254252625 1438083079 206872872 793965588 -293605818 -585467336 -1045109432

22266 -7030 26964 -16931 0 -14667 -26661 -12419
26501 10067 17099 15721 14544 12114 21150 -11553
-3054 32632 -21006 26221 -10900 18924 -21636 16547
-21600 3022 -32768 17984 13694 14428 -7106 -16995
-20722 -11306 20839 9338 -17396 3486 -13603 -15114
-30404 -25384 -32768 -22495 -17652 27005 -4103 -19478
-18633 -5951 25773 27053 2264 -891 -549 25596
22183 2892 15790 -3994 7359 -29560 -20851 -11192
-18512 -10204 28244 -20704 -595 -11855 -28727 -17044
1923093836 -998785476 -1290962544 -614212444 1511615339 502302850 162214024 1224301192

7903 22924 9022 -23812 32568 -28275 -32768 -3816
10503 23868 20127 6999 10140 -2787 -28940 9013
3906 31852 1 16960 24164 -5154 -28277 -7022
23036 16173 -26064 -8278 -28118 -26328 7870 14895
25064 24805 -26580 6361 24002 -28864 -32280 -27647
10046 -16093 432 -4079 -9033 20287 31970 0
-433 -31201 -32768 -27254 20353 -1 8641 32767
1187 -13893 -2801 550 1326 -21713 -9041 32767
26739 -18972 29036 6396 12534 21226 6632 31137
-642028577 613834796 -604052720 -895904629 -1918257883 1089807938 787255620 733551266

-6948 12178 -29510 -24605 -18258 -11419 14477 18200
-745 -17970 30524 -31306 16625 -887 -9232 25105
-31471 12555 1 1 14575 -24778 -20770 9647
-25827 3958 -1 19911 27283 -32196 5822 -7593
12491 14968 -5582 11983 -11469 19965 32767 -19586
15885 -18996 -32768 28331 -1659 -1 -4597 -32768
-22302 16953 -30274 12020 -1009 31798 -3912 15086
-18678 -2241 -9363 30511 9956 19065 20836 -15456
19515 11770 -22428 32767 -16785 1 -3103 6167
237129465 -2032023630 -587097670 -327851128 907839549 1589685985 959300053 491805906

1 0 -11420 -3226 24425 29565 23602 26717
15908 -10607 30759 -799 -4719 32492 -17340 -2963
6689 -28159 -23652 0 -24431 -32768 -28750 -6746
19977 -26277 6261 -28157 -3256 -22431 -4990 -21173
-9205 -29162 -2267 7061 -32768 25180 -26418 4432
4292 9679 11361 21917 26207 29065 10537 -12782
29741 15591 32767 10050 -8216 30872 -32768 -4249
13358 4936 7996 19299 26028 -30632 4785 -23180
13975 -22450 -12377 3568 17034 0 22198 -28507
308200074 -303944050 156347197 1128488639 -691640568 824958747 -1050295399 1256127832

-1 31404 32114 -24228 -22264 24868 -18637 -27806
15478 25075 -24055 -17444 11782 23017 8339 -4149
-16728 -25104 12443 -23353 -31944 4710 -139 -27171
-27546 2409 -5761 -8663 2819 29651 18390 960
3770 -27955 -29929 26594 25048 28743 -15359 6413
14402 27595 -3263 25810 -18317 16019 21664 1
-22601 0 21026 18998 -27926 28091 10767 -20346
9419 -11156 29553 -27397 7656 -26006 1 -4939
0 11210 15315 -29030 20542 -23411 -1 -13139
873033425 176767974 177626745 -458621428 -1786373410 -1241220621 -1193477716 1953869883

6190 -31390 15353 19506 31194 -12880 -3454 32767
29465 -27123 32767 23452 27608 -14424 -24688 32527
-9454 -31292 -16645 7721 1 31510 -7191 4916
-6370 30534 21877 13741 -28943 -9829 1 -12430
-18931 13807 -678 -26349 -1305 8667 -4889 729
31617 -1 29837 3218 -19433 -16081 -22893 -7918
-14176 -4332 11256 15867 31681 -8680 -24693 12253
0 20873 30882 22626 -32611 -19046 -6056 19150
23261 29308 5971 -1 -1 7315 -32466 -2234
-739651581 709408908 -783434135 833197690 180777674 1556887106 321267372 810663797

27628 -588 -2049 12511 19695 -4071 0 -31156
-3459 -23330 -13104 5793 -21086 -21297 -9774 29872
0 31416 25060 -27490 1 1 -25165 -17479
7267 24948 13172 647 -16894 11904 -1 28222
26388 1 26720 -20819 -29413 -8469 1 0
-17598 1329 -28215 26301 14853 -1 5122 -8831
505 0 -14930 -27569 -1264 24685 894 428
1 27765 2032 -27864 -16369 1 -30646 -30424
-17034 -20322 -23748 -29822 2373 -9105 5890 4153
-828697584 881829475 -634572921 -994158130 -455876770 187206503 947404935 -127261646

18518 -29644 -21354 15734 -13089 -29568 1 -29813
-9782 -6410 -14983 10501 27407 -2814 -2029 7931
26265 -17159 15981 -31756 -16094 -32768 -6043 22026
-1 -19137 -7508 31355 16227 19239 -1644 5405
-15021 19259 6517 10879 4813 -1391 10634 -25264
-6539 25431 -5956 -2569 -9277 -2457 -3677 -9117
-3626 11755 -5303 19299 -1813 11148 18503 -2298
29734 25502 -27835 -10709 29036 -7944 -21427 -20987
-31022 -3837 21740 14780 12845 30631 -4242 3531
-1871508366 459985394 -1977916313 1197467198 579454531 -273196874 468916276 -1637248249

32767 -20662 -27350 25678 -1122 -18962 -28189 -8412
7701 -25101 31478 6976 5203 -30090 31879 -21774
0 18217 8100 12458 -15599 1 -26391 28767
-6022 5193 7219 -11642 22040 2784 -19747 28526
-9500 1345 32422 15025 22652 0 11599 -20727
-9320 -3336 25749 8084 28811 -32768 -12959 24145
-23969 22827 0 28853 20317 -30192 32767 -27631
-4134 1307 16770 23586 -894 6635 17336 18935
-29173 17748 -17662 911 -12853 992 3902 2859
-954605133 -1254346568 371364464 -146278022 -563080380 -619078384 888441256 8945663

-32540 -12643 -679 -14897 -27987 -24851 -24073 10925
-32443 3468 -21615 13349 -4317 17564 29375 10833
-28630 10327 8826 0 -14496 -2740 0 -2198
23877 -9582 5784 -29690 -17830 956 10775 32284
-32768 -28935 -21157 5862 21336 -30956 15503 28773
-25579 -29675 26331 21789 21243 -28331 -31328 -13395
-31254 32767 1 -29834 29516 -30943 30048 13169
2666 -1794 23954 -6481 27699 1832 6629 -32768
23317 -18232 -494 -14909 28922 -9721 22814 26595
-1132307695 -345375471 -1311281200 1750671241 1723452909 -574411978 1308840432 242733935

1702 -3836 0 11439 -3147 -29238 4424 7851
28162 -11878 -31491 1019 -5481 17536 11312 -23735
-29943 -14725 21232 31685 9266 -8904 -321 32046
-6469 16133 -4204 -22537 -28294 -13520 11274 -1270
17941 30641 -25719 -26800 4951 -25895 30424 4169
-32325 7574 25233 10248 -21471 18843 -12194 6759
-20647 -4815 21837 -29981 23350 3867 6835 2039
-9617 27927 -8486 28135 8776 0 16176 -17334
-5402 -28234 12659 29860 -21388 -21296 28449 17326
1392525246 -530621451 2329922967 45077158 -704527695 414345709 -723301076 -31692006

-1 325 -12300 -5356 26113 0 9737 23858
18831 -10016 -29375 21009 -24760 -1 -19229 24086
24729 -11360 20902 26301 -27651 1 29337 -3828
21392 -12802 1 9333 22874 10015 -11106 32229
-30803 21756 29228 2126 4745 -28994 16046 12749
30120 -6865 16336 15586 30726 -19979 -2130 -15988
-7883 -22695 11887 -3915 5518 14169 3922 31126
-9581 2973 1016 30123 -18538 -21599 0 -16940
-32768 25376 -11691 0 6435 2928 -15805 22951
713788096 169581504 -2072415484 65887920 1204363324 -1546215216 272811685 -193808842

24169 25683 6925 32767 30205 3465 7374 -17332
-13346 23721 24780 19243 23776 -17092 -22106 29717
-4739 -17327 14434 25330 -1146 480 9878 0
12777 19068 -16901 22402 21163 721 20598 -24696
32544 -23440 -13542 10545 27449 -11953 445 21438
-1403 -5862 -24937 26121 50 8532 13077 -26859
-16703 5998 2824 19123 -11159 7542 -32768 -7189
-8366 -23766 13887 17504 -16681 -2656 -2675 -7716
-32768 4827 -29453 32767 32767 14514 30689 -26780
1932186204 -490724354 749075311 2902599504 -269683625 2854129769 50426222 -136635743

-27227 1 3550 -30697 -25984 -32768 -169 -3663
19439 -28377 24515 26412 3104 15573 30617 -12688
-31342 25882 22967 -31883 24131 -14152 -32199 -9307
19202 17659 -22821 22395 24719 -3926 -3845 7359
4759 5046 21468 -21036 18358 -2665 -9837 -10231
31712 28920 -27479 20974 11803 1 -32768 -19754
6291 32767 -32380 -11639 15239 -844 29550 -1
32720 -26552 -30718 25447 -11549 -21379 1719 9152
7652 3642 -12585 -28356 1544 -4601 19714 5626
704136588 -546719700 -115292739 -114751487 170235629 -639833790 1514969264 -15407405

-10524 11014 16305 -7573 13262 -32768 -21088 -5223
4126 -11340 29610 12342 2469 30024 14498 -13282
30247 -25723 16456 32767 5246 -31867 17894 -4041
-21688 3993 22675 -14993 -19485 24205 -12836 9839
22922 1320 0 -7798 -7715 6833 12200 13208
21658 1542 -28176 -3645 -32768 -32768 -6501 19772
1148 -24183 10050 28079 21999 2534 -2199 -22717
762 -708 -18381 -26886 17943 32767 -17787 -23143
11508 -28075 -14899 32767 -24323 17610 -11295 29703
-1737966843 239502429 887835165 146614707 533709609 1386995218 322095269 -924381930

-1681 29112 24033 25185 -5762 16235 -4124 14961
1 31494 -8469 -32768 14567 -20372 -21216 -12172
25475 -17746 12292 -19314 1152 -15616 -10446 -2380
-10387 -24421 -28479 -32768 25898 9722 -22881 32767
7892 -1 -2741 12114 3252 15281 -1 -30816
-9068 -19200 -7578 422 -2899 -10638 17284 10046
25772 -23190 7239 -3841 -12870 -23719 -1 -9407
-16875 1009 20568 -6635 -13498 24699 -18054 8770
30480 -1938 32767 -7196 -2283 17109 4075 12550
960476626 -723724896 1010384646 -541446388 -69163155 -469405603 600824843 695276249

29839 14844 -22780 19121 -10174 -19342 13284 29461
4840 -24827 3019 20942 -20440 4951 16229 -12061
22762 2687 -19836 22701 24408 -18543 1016 15556
0 14496 -3333 -11481 23554 -1 13463 18662
-15893 -19928 -1 -18104 -29443 -3711 21608 18498
-18020 -10302 -9862 -2928 32767 11944 -16460 -32343
3201 -7436 3135 29530 16725 -7607 19485 -18439
7761 -12561 -21250 -1 778 0 -9771 -30146
526 -22203 -32768 -9155 -20182 -24630 32767 31532
2303482475 705174260 882386642 446719718 2576805382 -1945447968 -299426689 -307128301

-1 -17308 13265 9228 -1080 -22321 -7311 10960
10380 13839 -3051 -16026 -3050 9544 -24104 32767
-6613 15780 1 9173 20911 1158 -10224 -8221
8832 1535 -11720 293 -32768 3231 -6141 32165
17809 -2617 -14785 -29112 -6062 22996 -2537 -1
-10510 -25313 9531 3991 -20752 -1 25461 -15802
-647 -31761 2721 -22457 -9818 27002 12118 -22542
-16613 -1 8510 9553 32161 -2430 30403 -1
915 -9425 15697 31543 0 -17818 1 9198
1160944841 -543022770 38322015 57164735 -1519153964 359151078 -1055345028 463039224

12869 -23402 -11400 26908 -21979 4446 -21943 23228
-29816 -1227 -31296 28392 -17796 -8285 -29880 1
-13432 31082 12089 -25410 -3547 0 -1162 15991
6934 9544 32767 25377 16536 -22285 323 3173
21275 5195 3534 6750 -26291 10688 -25520 1
24679 10412 28519 -8049 -1752 -3660 28214 -8111
-15645 28227 -1 24463 -3513 17396 12659 7724
-13881 21628 -16276 15007 31016 16911 5486 28905
13359 27253 0 -598 32767 -1621 15669 -7820
-1734809405 -1486618878 423353291 895765816 -856927585 1072296561 540282806 1243828994

4515 31828 -18026 -30154 -2057 14390 26390 16751
3519 -19582 17668 9877 -16153 5656 -11937 1
-30477 26947 -15094 -25726 8381 -5575 11671 1
23501 -13690 25282 13947 8623 10088 5270 -22365
-27416 -19964 -22058 0 -12261 -25640 28170 19755
-27689 8336 30197 20641 31609 11984 31658 32767
20147 869 -23122 -14479 -10040 -32768 12306 32767
7782 22527 28297 20824 -16382 5139 1550 -23498
4849 31995 5668 16506 7231 26093 -31911 21636
321234252 65432435 -253076965 -277028656 -2125910609 884274866 -855914030 720363530

1496 10975 -27612 27710 8258 -11204 -17970 -10157
-5861 26519 32566 -2866 19407 -25529 27195 27592
-13335 -19671 4487 0 21436 -32768 -27125 1
13609 25451 9156 5477 -5461 30523 6868 -32191
1 22442 -30193 -23086 0 32767 -18226 -17274
-11219 -31824 -19464 -29424 -26838 -10896 -26642 15999
-30608 28226 5692 -24814 -31963 2504 -24435 17457
-12678 -5988 24774 -134 -6468 4011 -623 -7546
15823 9575 24644 19009 31122 -32768 28005 2356
71984501 3176379185 692467845 -264857273 -2592845823 -2707852343 -2265439153 -17910879

20081 -1464 23074 32767 -23064 17125 8467 -5799
-16875 9964 -19470 22487 17832 31302 -32768 -15127
-24157 -32768 1546 -1721 -21068 25165 4803 -2636
-6235 32767 -30355 4024 -20158 32767 19654 4231
-17377 0 7248 -18579 -21821 32767 24162 9464
-32768 -12660 -6065 -15306 3986 14389 -22808 -24484
4307 31252 -14099 -19301 15179 26652 27021 -10048
1698 -8996 -5330 -1 32145 -489 -30447 12044
0 -22291 16359 20452 9903 -10365 -6265 -26699
776130603 380599229 291340750 -1920038202 -1221185260 556870222 -1348973281 305904033

-344 -10678 -11715 -32768 -16522 -28871 30645 -14754
-24227 -1 -14915 -15790 -22921 25436 13111 5398
-32768 -1 -18241 -2739 494 15116 0 0
0 1489 3971 0 4935 30205 -1 -733
22201 -17607 -29905 -24811 -15365 -28546 -31783 -20898
32767 22260 -18932 -8433 31961 -21516 9723 29748
10929 -27615 25640 32767 22197 17282 6891 -1543
-29407 -1 27678 683 -27068 -14106 -10900 -23933
4953 -10743 6008 -28860 14699 -32029 1 -28450
2089945008 -1059060920 -669722607 -866181090 2118455790 365398521 -624157452 735747408

17859 10889 10053 23869 10603 4521 3934 -32768
-12715 5487 14758 21835 7780 -9746 -443 -23556
24781 5685 -7345 -13009 12590 28003 -13997 -4626
16942 -16951 13984 -27928 9297 -1 -32768 4990
21980 -11258 -17450 -23191 -5182 5526 9284 32767
25799 11680 31643 26382 32767 -32768 25359 -32650
28204 -30676 -8000 -23107 10924 -18456 -17183 11296
-32650 -20825 -26038 -21818 0 16819 22747 -7065
-7293 1 -32768 15000 2371 -15647 4721 -8231
141068946 299410913 -571491470 -1174434253 -261002055 149585191 -149599931 666412518

1324 25078 19159 21424 16139 7929 20120 -16734
1 -32768 -28643 13684 14212 -23293 26334 -18414
-9694 -24248 -11408 1 -26579 -1 13263 5701
-22090 -22211 25680 -22997 -9272 31737 30820 5388
16429 29707 -1239 -22756 -17283 32767 -29248 -32768
-24053 23490 19980 418 19691 -21358 18248 1
-13421 32767 1736 -18035 -32768 32767 18457 -12499
-23830 18728 -21988 17227 -17415 -29823 0 -1
-22679 -17263 -32006 12774 22119 4645 -1 6704
-520877398 1739884032 453881367 -252848826 -1586182328 -157824456 -1203627798 617207808

0 6707 6124 -13492 30181 10452 -31657 -408
6309 21451 -1 21518 13572 -1 -32020 -20021
17309 -6566 -9720 1738 19007 -30344 29943 -23552
-15708 -32768 2230 18522 -8812 22378 10334 -8122
27545 13711 12632 20503 -525 -19078 2665 -29299
3919 -1 30653 22915 -23124 13282 -7131 3768
-19054 10153 32281 -6329 -32151 26504 -3533 -31503
-6189 -9557 31723 21835 12362 -7972 -25531 27176
29102 20479 -14422 7454 -27339 32767 -14874 4762
-65251396 793156944 -1549042731 -240501846 263115918 1034169143 790646144 -760604133

21694 -7159 -25678 5014 13063 19525 30651 0
22938 20444 -16158 -3264 11774 1 9693 14264
0 30900 30227 22025 25673 7987 23760 23050
28513 -28493 28377 4264 7338 -32421 -26596 6336
-7131 19473 15626 23777 2292 -16619 27917 6055
23279 -16161 15579 -11156 23536 -4074 1 -11213
11235 -11594 -11460 -1 -17333 18216 -25017 -32768
20223 -5590 -765 -18374 -9719 -31866 11053 -11008
14710 -8766 -1 5689 8882 11569 5202 -30183
911781651 -135865951 -397288843 53931074 -349787099 920981180 1182592933 176723607

24375 14316 -22022 -663 -30019 5421 -8786 -31133
13896 -9453 23009 -6394 20457 24467 22284 -28518
20118 31794 1 -19317 -10267 32051 -3105 1
-31843 -4653 -7578 -1 -3911 -10070 10616 26752
1 -19042 14039 2219 32280 -9336 15953 -14174
-15590 -14601 6319 -32043 17438 16852 25365 2350
-32724 -17298 -29405 26228 -14144 -11584 30344 -2815
25243 -30347 1 -1 -26523 -8470 -21592 2083
460 13217 -22410 1264 -12714 -32610 3951 11871
493691487 -1950714109 -521867976 831299197 -774677039 -1025400446 1092490871 163329230

-29470 -27 -10702 30559 25400 -32768 17748 9019
16377 15542 -1 10508 5116 -6502 26953 -14056
3343 10600 24036 -32768 26429 6520 -31169 13035
-23546 1 -3733 23801 -5431 -15135 -29779 -12540
-15765 29259 14466 -21858 16406 0 -6616 -31157
-27451 -18034 5582 10299 2641 -24915 -3944 -32412
5091 -1 4161 1092 -20088 28766 27841 21048
9806 17664 -24095 -32055 -24397 -926 30231 22945
18639 -19993 7842 22429 -7463 -3911 13668 -5630
183129350 664973285 -1418223072 -171030078 -1293081288 329970638 451477638 -608583548

0 -19474 -26323 -32150 13406 24921 -2681 21213
-9885 -26386 -330 16214 -32768 -30550 981 -30245
30413 19150 -25372 16155 1 13527 4411 8619
27280 -2662 11517 -31446 -6189 -11688 -4399 -5586
1 -10792 -31677 -1 5083 -1 -19916 1629
-10369 1 16313 26036 11611 5799 -14705 23759
9361 -22663 -11135 21090 533 14499 24562 -32308
-10595 27300 804 13622 -11379 28658 -32054 -26879
28670 -30128 -1398 14018 -32476 4015 -10987 32566
557796790 685082051 843421482 425892323 476228057 626361294 -18724161 -974981788

9652 11586 4038 -31214 -13696 -3638 9294 13478
-25504 -8592 9013 -27996 -28960 -10362 -20790 -25553
-24344 1 29474 -18646 -17374 10442 11462 -13331
0 28792 12929 13815 3161 6928 5019 20992
17938 -5749 32767 2406 -15025 -28210 2248 12490
-15223 23586 8810 -3692 -32768 -1 -28644 -27588
26814 8163 17348 22728 -1 31557 -26172 -23860
15043 -17047 -10093 -4928 -9000 32767 -23197 -29328
-784 17955 5073 15956 -19288 -32380 3527 17892
378788854 -171674017 -329984349 910974186 1521972216 458634720 -964809275 -1941661409

-31909 13975 -1 32767 -15109 27326 -32768 24536
30040 -17678 2674 15595 20188 -29475 -14748 -29251
4764 -7336 -17957 0 -2938 -7168 19703 -10936
29645 -9856 27567 529 9538 -22709 25634 -24963
20599 15915 -25271 21907 -8751 -20549 20878 -2643
-6396 -13779 -6341 -20897 29968 -21217 18179 19265
23997 -9773 1504 25088 29994 26414 -26542 7333
-27849 -22179 16734 4038 22790 -31341 -32103 0
5715 -30393 19632 -32665 6609 7880 32071 -25751
-3244711362 433470232 735264251 2341910091 -1059816985 1058140246 -989487247 -414373353

-386 18110 -25625 -18079 9932 -4229 0 -7768
14918 -12298 6389 18691 -23612 16683 -5272 32767
9637 -1341 -1 17730 -6011 11761 -32768 22933
0 20093 6496 25624 -28557 10960 19280 -28386
-32596 -28081 -169 21080 15191 5034 1 2987
-16015 13357 9812 -11884 25882 14007 16437 32767
815 11885 16020 0 32073 19121 2677 -6614
-8217 -16366 0 -5747 32767 30359 15802 21217
-6682 31055 20961 -9828 2175 0 -3939 14853
111764085 -75273226 176312486 -51354554 -787563235 1322515407 660414395 -72698372

23502 -16243 5374 10896 16217 -19028 27319 -5183
-1 14346 11401 15696 6446 4017 -1 -25859
8770 25253 -19889 -32768 -28704 9051 -21633 5061
-9489 13030 -32761 32590 -28800 -2110 -9572 -2891
7423 29 13394 -8759 -4210 28357 2832 10642
-1 4314 -18103 31757 3696 -15551 -1 -14117
-18311 21897 -26581 7637 17526 -7797 -20343 -23391
-17614 -23151 24319 24216 22944 32422 18614 31205
28096 32046 32767 15046 -29190 -10291 -31738 -30539
-506503779 1629684455 1187685561 822296284 -67230815 506153071 359810951 -2622696070

1 -25315 18357 13227 -32571 -541 -29729 15058
-24918 -15776 10158 24918 5529 29200 30338 1772
-22451 -26038 29627 -16443 -1717 23109 -2807 27421
-32768 30729 28099 -20375 9544 0 21836 -8153
-17354 31274 8447 -26877 12945 -5059 31597 5839
-167 7189 30826 -1364 27113 -16043 13908 -10564
30231 -17024 -5210 1479 -6541 -8679 1 12803
30537 13890 -288 27687 31537 15783 -14552 12060
28593 13826 10753 -14002 9508 -20110 -27765 -16504
-59685335 -2576494138 -1308795869 -305612049 -345486264 813798559 453303456 861873049

-30236 -19956 -17229 -16273 7330 20773 -22334 -10114
4155 -1 -1 6355 13517 -18364 23364 31810
22398 30190 25468 22014 -4120 -20626 13685 -20074
-77 10137 21892 -31942 27594 3749 0 20904
9052 11786 29141 -17613 31137 -32768 -5527 -211
5459 -28458 -19977 -32131 -1498 4328 -2048 1
29518 -12018 -17852 2373 1 0 7904 -28380
30014 -726 -25009 31319 10851 22469 -4580 26271
0 -27953 25995 6204 -18600 -24539 23922 14315
-1316137984 1252920132 577501120 -218449540 408503578 -50476298 -330600306 -922200787

31660 -3981 -1 -16111 -11125 11112 20444 -7824
-9456 -26875 6680 4833 6794 16060 -1613 -8486
11359 -2534 -22183 17779 -26774 32767 5819 -11848
-19835 17862 -5715 -18426 22793 -32072 -22346 -32261
-302 11571 -20505 -2647 20458 30707 -8817 -7518
-6333 -15634 -15264 -29594 -1596 1 -2057 -13960
-1543 2656 -32768 -7625 -1 -19384 15524 32341
12459 31596 25800 7684 26717 29974 -23482 20092
11880 -25110 -1983 -1 2678 -16667 27120 10982
729623462 162827197 -347587047 -1037533493 -1032158269 134246491 1079213761 -1540741752

-12193 -1 -1224 -18759 5719 -26893 10127 15414
19658 -9753 32767 -15454 5702 -16644 -20875 19960
2724 -24139 18096 -3374 -869 -11537 32767 31247
-898 18874 26543 23544 1227 18055 7520 24016
12078 -6369 -19566 -17380 -30228 28376 17928 11089
19325 -18672 4260 32767 -29078 -9860 21066 -17112
15950 -14801 28584 1 8341 -29169 -23099 29147
-30770 -2941 15136 -3276 25253 24815 -10650 -28804
31535 1 10158 20629 -10956 -14699 31716 21074
194746352 574696481 2076934700 1192797461 539963091 2099640402 1012352479 -2470382456

-6597 -1 30456 -1998 -2937 6699 19183 4124
0 -2884 -28235 17107 31485 20295 -14943 -6522
-26356 30138 9283 11806 20885 -16680 30407 5807
0 -1 -29707 -10780 -13464 10833 20679 -6463
-16912 1 27194 1518 -18177 32191 26701 -27479
15191 -16287 -24322 -17841 -1 29397 32767 -24121
-1 0 -3929 6558 -30651 15386 -13240 -9931
-7789 -32768 31469 23758 29458 -25348 -3840 -18914
-12379 -29403 -12615 -18382 -26972 -23106 -19816 11012
-676068708 -967337563 -1610510195 204839258 -1246872907 -668538870 553241082 -114841272

-11678 10394 23601 32767 18762 -7137 26295 29870
0 16218 -32768 18681 -4347 20057 -931 23234
-30399 -14437 3998 -3455 31530 11587 24448 22690
12812 29288 -3675 24843 -15381 6096 7283 -23073
-9287 413 7993 23251 0 10985 -23220 -21542
8402 8475 -9792 29447 9412 -2892 618 -31214
12132 21956 8772 -28079 -20004 -24631 -23898 -6719
-3904 31825 -16620 30307 9630 -27110 -11023 19781
1473 27274 28945 -14565 11610 23456 25677 -6879
992286185 -541972444 837026478 659600942 -300077381 -196773639 -97825566 -1003441827

-27083 -30469 22312 -12490 9029 -10411 -6265 6527
0 -23871 -22326 22103 -6501 14760 -1 21303
3728 -13225 -28056 20930 28851 -6349 -587 -6837
-14962 7279 -32768 25049 20284 13045 25442 18176
24931 -4204 13533 -18168 -31455 31979 21671 5074
-25795 25221 -6602 -9469 -7429 5046 29193 25835
22608 19964 27631 22562 -25812 -13557 22721 -29540
-19855 -7351 8259 12012 -2213 30459 -6657 21585
-17156 -25470 -20154 16723 9439 1 6553 14134
718547453 1667322913 1360173667 1765687372 -980353689 261203105 -1588197448 802888161

-4374 -20046 31973 26304 -26036 15413 30122 -13054
22000 -14939 11941 26348 0 -1 -13940 -12039
-24762 15881 -1 30547 -45 0 -15879 -12182
-12482 -5351 -14606 -27164 -32768 -6974 -29646 -16887
-4086 30339 28544 6950 -20303 -30510 25970 -9647
29842 18194 31648 -30934 1134 -23569 -19526 -7740
28397 7459 -27706 -25319 21263 -20484 -32036 -17333
-1339 29700 19827 3057 28621 8971 -20523 -15782
-12581 25459 26489 9890 -29707 -30648 -21757 -3408
341955043 264125008 1406260916 1254991685 2654703470 1760005532 -399461313 703526104

-24470 20305 6261 23034 25976 16882 23282 -4897
3430 6153 -21555 31394 20770 11783 15975 20455
-30409 30345 5425 -2877 19765 1 10563 -13044
-32570 -21697 -20323 26391 -24281 -5322 -20989 12358
26985 -1 4593 3500 331 -21824 32767 13399
8398 -8253 -10428 -12406 -20377 -19627 -15354 30641
-14484 -32239 -2016 24885 -19113 13978 -24083 -19937
30190 -6906 -32125 -27572 -11733 -23783 -7975 24830
-16058 -27467 -13709 -7826 -3573 -10119 9604 -19340
-376207206 -609894527 -113946768 891059855 -248442099 -136767247 1032115834 86854265

-31955 1 3358 6921 1 -7319 29213 25539
32282 8571 -25359 26289 -2855 1 1 32767
4751 11661 30457 -1 189 6 -24364 -1250
11783 32767 16681 2126 -422 9394 -16023 18825
26524 -20023 27601 -23110 27600 7061 -18681 16358
-32768 -22756 25555 24473 -31177 517 -1233 27438
15285 -23563 32767 17445 24359 15277 22467 25434
-15364 -7891 4653 22386 15993 -11224 -6274 -1
22121 3892 -30005 -23516 9098 -17968 -7108 -12355
-1362047148 459316974 -573122510 -453649653 279008853 -2778882251 -1673809626 -644836164

-354 450 0 -1103 -19263 22310 22639 -18458
-18583 22198 23050 16571 30429 18305 0 11915
-11485 -1185 8597 9048 -21456 -28247 8758 -9495
-13313 -1 27700 10564 27036 28031 1098 -14040
-9130 21451 28898 19474 1 -16712 -13694 3791
-26537 12937 27169 14184 -6073 29537 -22259 15402
21223 8210 -5101 -8253 240 6324 -2561 -10605
9651 0 31962 -19746 -18138 -26561 25356 -5732
-23639 -14056 -916 -26864 1 -16015 1511 30453
-853533860 -269285346 213646303 -869234904 -272912920 1902520 -818811505 562151960

-18636 18313 23292 -8210 -32768 14277 -32656 -12862
5773 26505 13766 31812 -11268 -10610 23941 22683
-1 -532 -28397 -29944 2133 21435 -28340 -16127
26431 19937 -27496 -13488 -27686 -17675 9036 -22453
8553 10365 -15191 -30648 -13877 -16660 28423 -22561
-4560 -12440 1832 447 -1120 13857 10609 -22881
21847 382 19068 -3348 9492 1 -28881 32767
-31132 -27583 -21514 -31130 -30769 23706 -21339 15709
26348 28811 -1 20123 15698 9393 9678 26004
-1159435026 2100886605 -1076706754 -97636140 -778661030 -849309152 1240817245 -2299730535

-18698 11906 -11236 -5567 -11475 -26196 -20267 26635
-11268 -16377 -1 9810 727 -22251 -17422 0
0 18628 -7867 32767 25138 -12947 21927 23263
-24661 9856 17744 -5718 11315 -2770 18499 -32768
-11388 23958 -29292 29414 -29410 -14332 1961 -29831
-22328 -12354 24517 6441 -19390 718 -29870 13030
-11542 20751 2813 -20396 -32768 32767 -768 -32768
11743 -27012 -31845 -6689 32767 10605 26851 -395
29061 30824 13644 21752 7245 -32315 -18530 -27384
-41227367 428247320 736765721 430871390 1678305908 -522064264 -485786271 -1663382883

-26396 30267 -8559 -28944 -15459 -426 19035 32767
16607 3432 -11980 220 -30267 -30116 -31621 1
-16967 -27293 6309 -9503 -23693 13999 -4779 6851
-6908 -2441 -14899 -32768 -18421 26373 -32768 8954
22362 -13009 8078 29980 -681 -28181 -13772 18160
-16413 -6638 -20776 28129 20377 19504 -1197 -21321
-6642 -26687 -21904 24021 -17442 -5425 -29941 32767
32767 -29870 -21733 29206 -1533 -298 -13395 14384
-21261 23366 -32302 -9572 -9934 1437 -26988 -27524
559310920 1222738515 -193931900 1743542479 -1489199039 1040454819 66903019 -991742433

-10256 12547 -1 21358 -17537 1 5580 28124
21260 27598 1 25772 28532 -7715 -26970 11862
-15814 -2442 -13604 -27938 -32424 -4112 26123 3203
842 14306 -1795 15165 -20266 8482 27049 19621
-6117 -4876 -14965 -15676 -27131 -32768 30215 6271
7780 -23041 15877 5752 -8408 15430 -20301 17583
-14453 -1 -6924 1 18625 11816 -25716 -22113
10455 31311 1586 2638 13207 -21772 7638 9083
26617 -23319 26295 1433 2969 -32768 -27105 -21896
-1354136851 768085355 -1501450217 -1837550671 -428178634 804789315 282592036 -59649229

-30527 -30669 15790 -31646 12446 -27123 16376 29014
27114 -32768 -12713 -21854 -28990 25794 -18779 2379
-22107 -5357 19305 20853 7561 -19911 1 15932
29559 -28334 -16775 28289 -1999 20278 30501 -6751
27594 -8009 30584 -25180 31930 23844 -25527 -26780
31528 11150 30748 1336 -9906 -6203 645 2962
20685 -20469 -21174 27390 -26194 -20429 3365 -11125
463 -21324 -32487 22642 2763 -3928 32767 15067
-19313 -26643 12561 31771 20307 24598 -1 32652
1132513362 -381147516 1658671922 1109829237 -374845102 -734325987 -647583727 1321905402

-24091 28392 -31384 5293 150 -1617 -29216 -1
-356 2752 23361 -10228 28860 15631 1 0
-1 -8197 598 2154 20359 -3992 1644 -27292
-10070 -1 -23923 32767 -1 -18528 -1 1
-13523 27736 -5027 -18139 2699 10708 -16947 32767
32767 -8602 27982 -7053 16871 -989 -15471 99
19758 -3277 -31629 21298 432 10409 6248 -15556
23998 12794 -17618 -18649 -32768 -8791 -11223 -29984
-10038 -10535 26936 31206 -27202 -493 -27775 -16670
70737623 -508125442 27148963 488402880 -1012127999 264953488 -282243546 275045348

-7906 17662 30682 -1398 26884 26499 -24957 -23586
1 -24524 -28465 4739 28458 -2409 -681 5124
1 -13809 -13137 3131 4906 -5045 30903 12250
-25784 -30460 26321 -20350 -30477 1253 20997 -30356
12587 -10108 -8311 28628 976 4184 -11083 6929
1 -13961 -21957 32767 -17648 21069 29019 4681
21906 -3142 -1 -16018 19774 -31715 -32768 29337
-13315 -31313 27744 27937 22882 22133 -27214 23350
1 -6059 -27312 -8981 -28723 -11393 11832 9630
-2528969953 134799169 814521408 465639220 -108970823 1045294082 -148891019 -1825470676

15539 7917 -11686 3392 -23063 9346 -3640 24135
-28706 -9367 -15216 -30004 20887 -21245 -30834 26221
-29693 -19042 -6374 967 23583 -19055 21798 -29413
1 20042 32767 1 -31623 -15961 -5755 21398
15028 6100 -12953 8135 2606 -10339 -8121 22248
-17758 19842 25728 -18069 -23110 25124 -31411 -18496
-10393 -32284 22012 -23922 122 -20361 27713 -10901
1185 22704 27924 -3310 22526 -3736 -20532 -6587
10441 -30766 28213 20893 19470 30085 0 -16070
-895871435 -1721554209 474753673 -1131877822 -844079041 155612757 570952166 464562053

31659 -16767 32715 -25687 -21780 14486 -21769 -30677
26018 20155 32767 1621 -17503 25655 31572 21684
-17922 10567 5562 -31470 -32540 -28287 26084 9595
-3971 -5735 9576 -16336 18074 -20023 -17404 -8510
-15403 1 -20161 17081 -18982 1 28086 -29956
5638 31688 -14394 24616 -16780 31695 5558 30899
15058 -1876 21251 -23523 20936 -22523 -1578 -32768
-13751 269 -4345 5229 -22886 -21725 -32768 -3361
12217 -18658 -26558 -28018 -29827 9105 26019 -15801
1250316841 260660492 1557985150 -777898216 1638952880 -384311956 -39171451 -518795415

19957 28033 -31994 0 22873 0 -3102 -1582
-8182 3017 -7637 1 3946 12501 -32768 1013
3969 -30082 -9503 7923 -28178 3741 -5694 8395
8081 -3806 -19093 -18271 -15312 13222 -4248 22357
10920 -30958 -12804 19885 -11710 -11616 19755 -5712
-5434 -1 31630 -11145 -3347 6410 22326 26144
-25214 -14792 -14619 9405 -7457 -10617 -28402 20239
8595 -17507 -7784 -6290 -14749 4464 -15017 -32253
28589 -10465 -11112 -19145 -29160 -25198 26100 6091
-124872186 -1459785079 1012114679 971450861 1512724349 384587348 -716700328 365051313

-31641 25137 -31904 -3937 -1 10368 -6043 11189
12371 0 28718 -1 27419 21965 -15989 -12386
30782 -9295 18106 16071 -29718 -19384 -9857 -2050
19060 -16807 -10226 -30798 -27857 -12906 17207 -1
11221 9089 -28428 12862 23099 5009 32767 2268
32767 28885 23419 14589 0 4785 -16577 -22603
-32768 14770 32487 23642 -8642 -26767 13309 -28465
-3073 1 -5442 17733 29489 28584 1 12188
-25908 -25062 -1777 -15175 132 12984 20874 -18388
108941983 -188712329 -1264264803 600890484 47193818 -1704122838 514833869 -28902485

-2108 -31064 -1 -19315 -28145 21177 1 -15031
6797 2365 3209 5342 11499 18216 -23651 -19092
8666 21915 21886 14196 23130 25112 -31543 -1
22745 10779 14791 -16864 -9502 -8841 31054 -3673
12492 4642 26887 -11518 4959 -3915 22968 -5702
13329 -30892 -10355 4070 6783 -5262 12343 24382
-2457 -30511 648 -32768 -10652 25120 -3401 -5343
17075 -19315 15734 -16463 -20377 -27667 4097 25511
-5023 0 6129 6912 -18763 28813 25400 7058
909271213 -403934331 -322902664 546239795 359724563 104431399 589370429 -233841477

-19896 -11471 19921 12134 15437 20842 16971 -14052
-32768 21072 8932 32767 23190 -11818 21197 -13183
15707 -32413 -19378 5917 -1 30670 18551 -32768
-10861 -25800 15408 -32768 32057 -6727 -31543 -27751
19535 8278 3139 13569 -9935 276 0 29955
-2252 1 -29150 -17111 7433 15445 1687 -974
2642 -11838 2695 15943 -19995 -14664 22844 30606
25084 19607 17139 -5190 30855 1960 -21340 1
21707 -32768 23677 22437 -13945 12581 21140 -12891
1274774840 -309126304 2277461499 -601493858 287428523 -984141615 1049502789 -665386421

12702 -30831 -15167 32767 24104 23386 20801 -14134
-27584 -14226 5024 -27594 24777 26755 -1 1030
22636 1752 29071 15055 22020 -6136 -21334 -39
16333 12612 10596 1 19524 -737 -14197 -14445
5008 -227 -4680 10931 13031 15419 -6902 -7694
21409 24951 1 -21525 10535 22765 -29294 -11206
29791 3066 29778 -25880 -23719 8816 -19566 3540
12651 -25669 32767 27156 23524 15653 21926 27002
-6236 1 -30100 -27081 0 -32768 28886 -1
-675517558 -108687444 -1839087336 -806736738 -890997796 -1142731946 -1235304834 -1680205711

14764 31537 -29220 31905 20807 31127 17086 32767
32767 -12908 -8689 -1538 29265 5075 29462 11599
-8905 -24002 7216 15668 -6764 29869 -24166 10022
1 -13966 27554 5330 1242 -25078 32180 19288
-27268 13655 32767 -12918 -24834 0 -18709 -2079
-25984 25771 21109 28688 -14536 -9055 -805 22681
-31838 -20820 19045 -30785 -16542 16100 1 0
-25990 17526 -31217 11778 26984 30752 -29676 12579
-1 -13091 15731 14208 -28154 -3181 -1 -19675
-1748742287 -1057902874 548606610 357291789 893287866 394125235 549299440 -1658131476

-23727 -3912 5661 32451 -6419 -10407 -11477 -28989
24747 16917 -5395 11947 22299 -12725 -22753 -32768
-10688 26720 4994 1148 31982 20869 32767 6346
-6757 28687 10448 -8760 13726 31262 13488 1
-7649 26183 26233 28307 32325 -17072 -25034 -32768
29423 1017 18552 -1 14463 -1968 6350 -11806
18135 -11519 27739 -3580 -28556 216 -32563 -1
-22934 12329 -21220 -22206 -13149 29653 -21175 -6166
14883 -11271 5294 30119 -28949 -6269 32767 20383
-17560318 -1470309764 -252863648 -783780109 -1734443904 85700828 197059436 -1886215134

-7026 -32768 16810 -15640 -5860 -28858 21881 6762
8131 11931 -23299 5269 22997 -18693 7912 0
14352 -32403 12463 32662 -16770 12329 -23122 -21619
12335 9653 -28329 0 28372 26029 32767 27557
24288 16957 18273 -19528 -23683 -11296 26338 23952
-1 -15124 30951 2462 -22738 25918 -21098 6395
-11290 -17732 -17659 5735 856 24916 9234 -1627
-24099 5123 -31683 30509 -29757 30912 -21504 28296
27545 24839 26075 -18471 2086 -8385 -22318 6596
-494235968 -156390089 -452782367 -867737340 1542868176 634171828 -1741768956 -1580926256

-7524 32767 7518 -29966 30911 1 14042 -32768
17795 32767 11535 2159 28326 10155 -13368 -5030
22477 11902 -30105 1 -10529 -17645 13238 5247
-2673 -27226 16845 -3779 15807 -12149 -17691 26433
13127 16218 -15198 -3577 -23069 -6270 -18891 -30656
-1 3586 -10595 0 -27201 -6544 -10512 3620
-17176 25833 5836 17408 22497 32092 -24583 -3231
-30885 19225 -9995 -17338 18278 -21985 2517 32767
-27732 1 8722 -32203 -18766 -8697 -1 14494
184217472 -1155151383 -458845716 534880921 -338254700 527467654 -781425924 1650802247

-18468 9866 32446 -12190 17095 -26276 -8581 -6324
22880 -21009 -25126 24877 16998 13585 -9797 31147
-20845 6807 142 -7844 -26763 24998 -4455 8109
-8395 5011 0 7322 -20209 10071 25460 32767
-19657 9028 1 -15323 25567 6601 3159 -18516
-17992 -32768 28628 26514 12685 10799 -13329 -32768
28563 -6830 -3487 9590 24173 22356 11058 15505
-27337 -26536 21368 -12471 30468 2808 24295 1762
-25728 -19236 -6481 -32523 -11122 -7057 1979 8006
399222571 -885707063 836902227 347872951 357489270 -460639278 -1173384893 1184386382

6280 -32511 32767 26450 14590 -13914 0 -17295
19303 -31612 9138 -11314 -10826 10892 8178 -16028
-2001 3802 32767 9529 -15850 24742 1 22510
12061 -22210 5331 29300 -27368 1 -31778 3855
13729 -22680 -24446 -18745 11267 -20857 24049 -25687
-7638 -6566 29362 -5815 6743 240 -13636 9002
-22570 -4324 -28758 -14574 19650 -28874 2315 16650
-2211 1 -13704 5446 31990 25107 4230 -14304
-15869 2750 24695 -7258 32568 23145 17534 -1857
613388800 -12801165 796896206 -1789135930 -394293945 839801268 -276783758 1380824944

1 32767 -12176 13085 9117 -7427 20560 -21758
-30063 23742 -7553 30289 29185 1 -32768 26559
14062 23580 -9688 1768 -17053 8815 28406 7815
1 14668 -13687 -1615 -10942 16615 -24225 10723
-17415 1 13466 5953 -3055 -2047 -1 10448
-1 -31922 16977 7913 10934 -25039 29878 19228
32767 -1301 -1816 -26015 -23088 -2078 20581 13806
5291 10723 10089 7317 -20303 24038 32767 16747
9324 23191 5876 -31703 -9677 13004 -32768 -29099
48148935 -715849043 -313584076 1114673862 -573005549 -2861394763 209692008 -926645236

18544 11725 -32768 2406 -21815 -21360 30939 24631
32331 -1 32701 -16684 14183 -6601 -28082 4385
27783 7992 -25270 5867 24976 11733 -8680 -4821
13892 14575 -14945 -31702 -29856 3900 -11483 31496
24694 16660 32767 4416 -32768 14651 11997 4880
32767 -32768 15651 17972 15630 -11955 78 -20585
17561 -25307 -32283 -4863 -2378 32767 -15443 -10328
18350 11899 -27615 -19995 -15078 -15769 23910 13987
-8644 10851 -23007 -32768 -29896 8944 -32768 -25260
-532863605 -158759046 164130 1928864188 -336966957 -1644571373 1606764464 433972566

-4791 -2067 14336 -32768 4494 710 -5040 -14998
-17189 21868 -21050 10716 18093 -1 1979 17619
-13490 25322 -29064 355 -446 -30787 -1 14950
-25277 -32218 -4226 29900 -32768 -5250 14302 14072
-1 5012 -10291 17422 -26602 32481 16671 2136
3953 -17282 -1 30358 -4520 -21563 -14888 -20032
-19795 5845 26742 -25875 25865 1791 -4800 28038
-31332 -27801 17413 -29637 -31671 -16943 -29435 -1
-11585 9282 -3074 -1 31641 31493 13125 -17682
355881065 753694662 -767383067 -1256510499 440398455 -869534368 517429844 -1870570290

-21153 -21158 6568 4638 22303 -986 4856 -1
32767 -23214 4687 7920 22059 29668 20960 18530
13250 2504 3999 16838 -22016 13264 512 -20500
22831 13682 -29087 27455 -30282 31080 13131 -7921
27369 1 -3184 -23753 -27095 2461 9031 -24213
-31531 11274 27008 -24555 13609 28103 -31935 30623
-21277 13319 -7005 3309 7239 -1954 -15448 -8487
-1 14081 32767 30097 -15605 -17195 32635 32767
22272 -13930 -16516 24740 -32768 7301 -1888 1593
-917314855 655410518 1395385512 2659325539 924681046 -2044544070 -697683447 383636302

32767 24185 16720 -25085 27424 -32196 -1000 -12593
6423 28805 -32514 18331 -22149 1 -7557 723
-3428 22996 -15800 -22341 18594 -13616 -19183 19896
1892 29659 3742 17364 -19210 8488 5044 1525
-5163 23156 -24836 -1 29268 31544 -8705 -10201
-26210 -8424 23831 31404 23270 1105 -19674 11395
2990 -12070 1 -23333 27629 -18622 27005 32767
-19646 0 -29579 -9766 -11749 26437 -28445 -8926
-2699 3474 19220 -30851 32767 26557 28646 6780
1020382788 -2045021476 307754615 -615054996 1095274166 -163826899 2076384892 -772438784

-5409 1567 -32768 1280 -31703 -26100 32644 -14094
28847 16526 25514 30227 21898 -3068 32767 -14199
-32768 8353 -26899 11153 1121 12266 -7757 6751
-43 -8253 -20321 -32768 -25259 -13503 1 1
29481 14934 -3339 27458 -5321 8714 -24234 21546
1 27004 836 19536 -20839 25609 4548 25072
-2795 23916 -32768 -14471 14816 -23602 14964 0
463 -8650 -15642 -24256 30792 4139 -1454 -28882
26421 -765 0 -32768 -29934 9886 654 26539
152228528 -1282176762 -975817504 1701558707 669134923 884538113 -285001767 -834589107

-5142 -9340 -32642 -27731 20031 -14941 -21659 25783
20623 32767 -6877 -28415 -31018 -20680 -1 25304
27780 27757 -20486 32346 1056 -1202 -13164 -24570
-18989 -25072 -5043 -25635 1874 -30563 -32768 20740
-16329 3365 4530 -2185 21329 -18280 -15455 -29268
-8025 31137 -11918 -30755 16482 20733 12609 -1
17009 -13259 -13146 -3277 25285 -6054 -294 -27726
-17137 25632 997 15393 24375 -32768 -1 -22462
16718 729 30370 -23211 1 -14180 26184 14037
-433765989 1467725978 -1560811783 -27362233 -638519909 276604129 -359507875 -445469334

11147 31086 1 14389 9922 32767 30286 18471
14683 -23576 -3952 -15694 -8134 22461 23147 -27405
-31862 2227 8767 1 28505 18328 -28689 -23753
4679 -17990 -194 6265 22582 -1 -15376 -3189
3028 -18163 -10872 13374 -8541 6917 -18153 -10948
-17624 -10380 7270 26892 16571 32767 21118 12876
29604 -8966 -1 -7221 -5396 -10356 -26753 -353
-2775 -32768 -9911 -6440 -28661 5679 -16789 -10428
0 25508 22122 -6825 12363 -4585 -24629 -773
-93004101 -1334138927 1244058950 154407239 -476843525 -762921792 460500493 -969961319

-23480 8188 -15215 -7795 -19232 -29927 9861 -17939
-26846 22296 23498 10259 1808 -8869 0 25755
27825 -30658 -24737 -25716 -2723 32767 -19491 -22619
2397 8281 23919 30482 32767 -23627 -15164 -27408
-23681 -12598 1 -29525 28633 1 -1 20796
20267 -27373 -6050 -173 -20862 -31810 -5561 27708
28326 7777 32626 -17675 29156 -31401 -16275 -32768
14007 -12727 -16812 30327 -24205 1725 -1 20380
-6739 5540 -1392 -4019 22749 -1684 7520 20254
-420192861 808202255 -941394188 -10029610 1281018019 -180751332 -192105845 -404158107

8555 -11528 -7498 19731 7561 11133 -1 -20328
32767 -1 -25125 -21246 -13735 22145 1 -6048
31930 -25845 -27924 -22867 509 -11598 22867 30512
9422 3763 -6211 3507 10407 27437 -20164 -780
32767 32767 10950 -26610 6460 25269 -17939 22109
-27120 18124 32767 -23577 25980 8088 -32447 -11706
-10205 -24125 -28590 16608 1 -28618 30652 -30261
-24752 2651 4557 -3945 28556 -9025 15624 -32166
-13290 -9045 8723 -14725 -30803 -1090 -26030 5869
-729684674 21637003 -516636141 -95255894 125677456 796306122 -1084418847 -1062431571

27026 7195 -23856 14644 -14991 -1 3516 26880
32767 -22250 18146 659 13208 3759 -25972 -20138
31293 -19592 -32768 7616 10972 -32768 10282 17796
32767 -30230 20783 10390 -29842 -19572 -32768 19135
8328 -23374 24686 14506 20687 -7030 11679 1539
8256 10931 -3221 16177 -27639 -3569 3052 4902
-18527 0 -10186 12074 -17510 -20089 -20683 -14242
-26080 15052 30942 4240 2541 0 -17308 21091
-1626 -10930 -6338 -32768 -5117 -5504 19335 0
-306544579 -537133594 444394456 -568190894 -231204778 -422490365 -500694341 -804811473

-28997 13052 29246 -140 12762 -21906 -11731 -22913
18731 -27329 -1643 21020 -10795 -4015 -18832 5072
24261 32767 0 -29718 -10152 -20621 23400 1723
12864 19940 0 0 -1557 -15607 -3890 29499
-27083 -12037 25811 30230 18272 -11482 -1556 3423
32569 -18330 -26651 18433 -32299 31689 -1 -9945
-16265 -3697 23400 16209 -13880 -20836 -1 13370
-21288 21737 30712 12757 32767 -11923 -12188 -27254
30655 62 16965 -1 3102 31007 5632 16612
-1478286647 364824937 235306652 374955045 -644365420 1262290940 -568888802 -919659114

-690 1 -32768 948 -21012 19096 -17944 -1
14837 -10120 -11806 29458 -32768 -8168 -12469 -15181
-20231 4589 -25325 -29852 30925 -14714 -17440 4928
12778 1318 -11320 -6315 8648 -19596 -15170 7760
4364 15365 -7832 8818 11389 -5610 31180 -22698
-31933 -2507 -19034 31089 0 -16743 13653 1
18514 0 28902 27947 -29428 -22624 -32598 -10353
6951 -17947 -32768 -27455 27943 -23411 -24994 22348
-12599 8696 2139 12162 30473 -27659 12067 32382
-1434896740 -1356594838 1176048181 623218994 312590283 1345791457 -831158234 1273461003

-15470 -11751 -9237 -9495 32767 -8631 -19023 10320
25568 22898 6964 3060 32530 -29626 11188 13767
11874 -22086 13863 3254 -30408 -7370 1 317
32262 16059 2047 24342 0 -4128 19922 -6375
14923 15525 3386 -19006 -8833 8100 -17567 -18546
-22679 -16221 18613 -29365 30721 19878 -21390 16849
14156 14855 -1835 -25122 3250 -26421 -25253 -12847
5619 -16157 19512 -24638 32767 3211 8291 31272
2092 -23485 -15219 -32768 32752 -31697 -27989 -20485
2363110196 718793485 -542915611 -1434605227 563424822 1642100961 2445756687 1000328947

-21130 32767 -29110 26309 30475 27484 28007 26302
2678 -21104 -32024 -10184 19012 26957 30558 20748
12123 6471 18076 32767 -13462 -20162 -32768 2059
-28154 -20941 3373 -16922 0 30107 -31343 -29300
-3071 26485 20841 21351 18062 21969 -9266 -25957
-6426 -10397 13258 -276 3728 6816 13436 0
-1697 -4840 8714 13792 -21662 32662 21856 32767
13494 19636 -32409 -1 -5685 -11085 -10850 1
-3961 0 -26002 -22865 27845 -1 -11638 5439
904718868 1341514201 -1249525153 616111805 -548362060 -365539214 -1214565158 757261948

-8101 23496 -11712 23480 19394 18191 -26550 -13169
-30438 -26840 -16190 6968 22699 -2315 -23222 -8662
775 -27256 1 3287 -20497 -19291 -32768 7650
-26087 -32768 -26516 0 -28273 22821 12448 -8711
1 30412 26876 4525 -844 28877 28309 -20915
-25232 28907 28756 19409 -22700 -28155 -13859 7362
2659 14445 -28865 -8888 -15472 1 -7129 -1282
-7270 4992 15525 0 15699 -3503 26779 23178
-9910 -25905 24879 7567 13861 15932 10997 1375
-393531137 657332301 -218000037 544290796 645981537 -541993121 -1480538069 817126871

10640 22598 15220 27320 22069 -9407 -32768 -14311
9674 31115 -3460 -13876 5236 5607 32767 -19776
-13219 -31820 -30246 -8972 21765 13827 16223 15023
30637 -10944 -29794 18802 1482 -7304 22877 -5809
-1 12197 5350 -5569 17669 8368 32103 -26274
-17828 -19019 19884 18700 14092 -30395 0 -2365
17579 -9933 -1254 -11410 -4619 22414 -6309 32689
-23739 -32768 23709 -997 -16787 -15858 -29397 -6802
9138 0 -20477 7563 1 23974 21743 5011
-1017498854 802090043 1190224089 1325453268 615309181 -1169175485 663997839 -1763416758

10973 22995 22585 22879 -25794 -12214 16775 -18184
-3846 17518 -15147 -16638 32767 -4718 -27051 -30891
-23083 9367 30707 32767 -25159 8737 -15015 29162
3862 7086 13471 -8097 -22815 20987 -14926 -19323
-26028 32664 -6647 27938 -7872 -26195 19044 15669
-15324 32490 -22955 1033 32767 -864 12350 -9505
32638 20621 20222 18176 -1 -1133 25630 11192
-13285 -13234 -19276 -25668 -16186 29102 -23549 297
23591 32767 -29082 -23938 27213 -7895 -20967 12247
-1372076729 2439860039 -1996683947 -584894531 -234005566 1869100168 31060109 255139637

-23663 582 -13469 -8640 23873 -31681 -20951 -26105
1386 28480 15509 24030 30373 6993 29456 21169
-27022 12309 26643 20311 -11568 -26246 -9202 -25572
32767 -32595 -11866 21803 -21770 -32768 1941 -16951
-1151 1559 6957 32068 -21294 -10324 12363 32073
-10447 29900 19369 23555 -7031 402 -2198 28626
-7614 14557 6149 -20250 15274 9780 12499 194
-14226 22177 8547 -22928 4722 -31235 24467 -12436
-10359 16531 13968 13588 24755 25921 4417 -5909
-219302461 1937763357 275307577 -2027305244 -359042962 850617142 815924412 -189380309

-4081 12199 -32768 26949 1055 -16881 237 -8600
5264 -946 -12317 11449 -1 -27443 -3911 29225
19540 -23768 -4962 -20643 -29142 -28530 1 -18075
-1 -123 1 -20204 -32768 4759 -8624 -5019
13848 13931 30755 -32768 7470 20975 0 -14090
-23336 7067 -5985 -27004 0 534 -27999 9949
21918 -10574 -28172 26996 -1 -1 28105 -25684
-27928 11778 4195 -15006 14603 0 -6844 -21210
-13871 -14988 7659 -26297 32767 -32445 22991 -10517
-407710729 38829690 750918159 -840434730 408789350 116374261 -154944265 1181814578

-7822 -19582 -32486 32767 -6200 13956 12559 3680
-5740 15237 22605 -35 -18967 1 -32768 29595
-16269 17347 -32768 9589 4950 -9532 -22642 -4174
-9843 6454 -1160 31985 -29830 -4622 -14329 -1
-1 -27533 25206 -15224 -1264 12838 -30637 -7815
26704 -31014 -7251 12883 32767 -40 -5162 3930
-13478 27969 7028 31887 -3651 23837 -17158 -17772
-30783 32767 -6957 14364 -24797 -13824 368 -32552
30059 -11885 4382 17673 -5686 898 7689 21278
657002990 230422668 -968936091 242877123 -214541249 1224787143 -611126386 -1652602708

-11716 -31785 -24459 -31315 -32768 -10892 -31932 5129
-3297 27252 -15786 -32211 26615 5629 13303 -31835
-10075 1710 19195 16523 23840 -27495 13315 -31278
23217 -18850 -22668 24906 -4496 -23448 5387 10185
7647 29763 -21081 -8201 -32768 -21581 1051 17835
30966 18155 -8251 1412 -1 -18246 -503 -2868
-31242 -29826 10072 -1 -5373 32767 -7010 9548
29760 2062 -32768 15638 -12101 10059 -330 23150
-26502 27690 22729 -6107 -25763 -24848 25310 -20883
-734778551 855855155 1708921708 -1182457381 1227009311 -13545160 -821557662 -2001869597

12591 -25558 -31999 -24059 -23326 29491 -22651 18465
-7617 -17500 -30653 256 -11743 -25329 14657 194
1 13782 11044 -7972 -10402 16615 29579 -11665
6020 -4402 -13014 21464 11239 2391 -9349 -23535
0 1 -1425 -24255 -31709 -32768 0 7117
21246 -30511 26282 31603 18478 21833 32767 8228
-32768 21259 1 -23391 32767 5329 13568 -22732
23110 -20143 20056 11945 32412 9502 -13198 -1
18807 23276 -32768 -23293 11579 -10100 -2548 0
740624342 530396244 -219012907 67047521 575487680 -1997984623 714385432 -656691739

-16869 1 -4619 -13675 -26767 28721 11371 27489
32 -19697 -28169 1442 -15098 0 -18772 31298
-10577 -19317 -12745 -23565 -7823 -14520 -22797 24084
-2271 18546 11177 2680 6794 -4907 -12361 23149
4977 -28398 -21820 -12137 9140 0 16103 -10356
14806 15405 -23034 -32768 -28321 29214 26718 20550
14350 -3642 -29510 -32629 12429 2835 -15961 -13239
12760 1807 3847 -3435 -4508 -3857 10427 -31304
8596 -27880 -16837 -20953 -4787 -22940 32767 -24421
-610172849 -313661797 191375916 -1671236099 2193006130 611212961 1081209876 1282703285

-25828 13865 -21180 -31043 -7698 -9025 21868 2445
-17993 -24183 -24794 -28969 -6922 -20592 -27986 -26254
21661 -6952 -15908 -15023 -20377 -12664 2848 19154
3119 -16170 1993 -1 -12228 27712 29455 -24112
-1 -29066 -2828 16668 27740 -15046 9971 -1307
3983 -4631 8788 26284 -659 -7903 -28921 5995
9984 4768 -26068 -2137 31090 6592 2785 -15376
11921 -19566 15801 -23852 -1 29422 -10697 -26588
-8789 -22717 -32231 -22538 -20652 29709 -19473 8299
779641663 2017819272 966960147 577852915 -849113175 -413688401 64230701 1229769217

26765 16417 6043 -7278 24428 -19782 6143 -26559
-1 19349 -1769 31452 -8642 22993 8112 1643
-1 -23959 0 9724 -760 7514 -17826 -4527
-11321 31303 30704 -22701 30910 30423 11785 -20539
-8769 7096 983 2991 31753 -32010 -4472 21161
-30119 3387 19802 -8117 -7412 28901 -4065 23990
16121 -27791 6383 -13538 -21754 15217 -762 4817
-23370 20599 -13328 -29355 2803 -15444 -24172 12622
-32768 22378 1 14381 25265 0 32551 -6219
367989865 920829898 -967583003 2037319411 1014222648 477245098 -1949219116 10083804

-22242 15636 -16497 21937 -16249 17567 -10732 -31799
15332 23176 30792 9487 -7487 -4005 4257 1
-23152 4626 -21714 5536 31210 -6085 22564 -1918
-15389 -31102 22565 -11551 -6593 -2223 -6108 15078
-3235 5233 4154 32368 1 -11148 32767 -21724
29502 -22347 19873 14004 -7693 -24167 1 -21032
-8414 2399 -11236 7038 32767 -14778 10140 11392
32494 -6575 0 4913 -12175 30367 -32768 -20289
-25597 22647 -32768 25309 -27071 28647 -3403 -1799
3056060120 -563011133 456484027 -1233751916 492593034 -2004248112 -549372150 491212463

-30583 -32768 5327 -1 24023 -12803 8197 -17976
-18338 -20417 1450 1507 -7231 -30655 -13877 10862
-15328 27897 -15838 10778 -8484 32767 1216 -564
-3890 6561 1659 31077 -3103 -18833 -32335 29712
-8499 -22235 8245 16373 31831 22437 -8202 -18619
32354 -11973 2111 -30320 157 17020 23207 4260
3749 18437 8607 -1 5855 32767 -5565 9137
-19906 -27416 5038 20188 -18226 3371 26033 9118
-7253 0 -854 3633 -30141 -14995 911 20191
-670316599 1021536136 -82048759 1086086290 -1565184111 -499410716 -522946776 920038092

-6239 31958 26605 25218 32767 151 -18395 -1357
32767 -18640 -23471 -10438 -12219 1850 -15921 10166
4076 -11621 -15840 -32768 24427 -5421 19905 -23649
-23862 -1 14966 1 -23562 8907 -9491 14788
29969 0 -28614 1 -14275 25247 16929 -20349
-15103 1 -8649 29613 15235 12205 -23608 7159
-13160 15659 -26474 25214 -26248 -10805 23030 -4221
-6358 -2785 -9674 -25455 -14608 -9467 -1868 -18272
-1766 18008 -1 -17620 29597 3156 -16549 15502
1395814069 -144331793 370761416 -240854189 -991340122 496014380 -1396536422 -304967118

-10752 25064 8487 -23210 26011 16931 31290 -5811
-32768 -4719 0 -4917 4859 27228 -3586 -30741
32039 0 -24116 23551 15204 -17397 -16368 2298
-27123 -11462 -14890 24730 11814 16080 7050 -1
30417 32767 25365 1 8464 -20431 1 -2037
0 955 14849 17899 -3909 11577 -11909 28057
-1 31187 13480 -24994 26242 -10861 -23237 6249
-9098 27448 -18079 -30775 -18725 -11767 17616 1
-19512 -11830 27279 -18553 -27832 23016 -15495 19139
-354891628 745077118 -2245910533 -268149421 -1034028414 1158452472 -38175290 -92013983

26339 -950 4442 -22733 -7531 22835 -18527 3087
23401 -25714 12586 12122 0 11303 -8275 11204
-10736 -29205 1 -24304 -25097 26073 13683 7695
-14989 16964 -32768 20166 31500 20863 1 -24717
2498 -17755 -27297 -20854 -13052 11579 28278 16402
-1523 -2505 -28973 32767 9828 -2579 -29897 -7920
-17485 16245 13195 27579 -21182 -28479 29313 5425
17945 10438 150 -7931 -2328 0 -10441 19365
11368 -9532 178 27187 1573 12914 -28476 -17539
447702643 1028028424 -731788030 962781807 -1338097236 1864653521 -932440992 -157076416

28228 -7574 -11988 -9289 27711 -30836 -15825 -28453
845 20544 -15629 -29406 21246 6529 17471 15534
4660 -13954 10273 -7027 -20425 -32554 6951 16958
16723 -16171 14510 24355 9152 23502 -23512 -28814
-32374 6181 -3057 930 -32768 10235 13609 -32768
-25774 4086 14420 -19264 -27611 0 -7372 23678
-7056 -13766 -318 22768 -24981 -18047 9563 -2043
3150 31008 -27951 25774 24511 11267 -15794 21708
20452 -31806 32581 12044 19031 8749 -2870 27360
-159712497 -663191520 559697058 1281354662 -2416757234 -275763981 -159259786 -317762639

27208 14569 -4008 -10794 1 16062 32767 -25514
-30490 -10150 17486 5116 7457 25224 -3266 21564
30714 1570 -12442 -10061 -26305 -31369 27904 -18084
31320 -18591 -30666 26640 24176 -26977 30413 -29924
5597 -4125 30603 1529 7822 8418 -3556 9369
28863 21534 -23913 7554 19704 28344 14549 -15219
-147 -29910 9524 -27478 28864 -32768 8616 -29127
15523 -9835 4485 21968 10274 -25067 12802 -1621
-12017 -5893 9312 -27022 21734 -10767 -17500 -10944
-625575785 162439574 -746705261 -661080250 239770380 -865532453 2157353253 -393540483

-11566 6853 3545 9559 1015 27893 -31883 -12076
-3991 4165 19344 31114 -12316 12460 26647 -10242
16592 -12241 -10186 22490 32767 -25954 -1 -28880
32636 -31564 3958 17241 -1 -5056 -15027 -28834
0 23632 5405 28729 24302 -10206 3315 -20946
-15508 3246 -166 25691 -18967 1 -22862 12527
-12180 17514 -1 -17801 -24454 -19843 -5338 30543
-12351 9494 18500 21700 8580 1 23254 24415
-24926 -27202 1576 -17856 24796 -20173 -31102 2757
357594211 -1952657408 758242430 233345812 -499677630 114519562 189196914 -751918208

-14565 15494 -23245 -28762 -13499 8350 -23852 -1856
31176 5406 -30725 13993 15844 19701 16398 -12897
-3508 11172 8276 -1 19949 -26732 19299 -11994
-14 -30598 -24713 -32768 23824 1 5277 21097
31233 23985 -18471 6314 16433 -11993 -26632 -26649
-8451 -6614 26868 15015 27451 7169 32767 -4186
26911 -26888 1 -1288 29286 -9861 -28366 -6241
-4620 24916 -12999 -3391 23048 15265 -32768 -15894
-32768 -31553 30195 19660 32342 -19935 -10639 -9362
-1610864565 -1778819076 1097372933 92333287 -910457927 2027575516 1445246494 -155429232

-11153 1626 1841 -30673 -24365 23391 0 -6308
-29266 -19178 -16595 21372 18682 -6107 29261 13723
4519 -11368 2313 3603 -28424 31092 28041 -13419
27821 -14110 1 -31989 28841 -14962 -17519 28308
8899 -1892 -20636 15322 25153 15056 5274 -11019
-31440 -32768 -9303 -22952 -10494 -16181 -12165 9829
-30402 -15683 -8576 -18555 8514 31548 -32768 14972
27797 -1 6955 17738 7372 -10830 0 30723
-24780 10029 -15645 14860 32723 -9680 0 8325
-1268159606 1894782834 -1551439084 17974548 896649416 149994986 552381855 67793347

5488 0 8005 31526 -17503 -31169 2954 -23555
1894 -30488 3162 -16942 -32768 1703 -8625 -18995
32767 -15477 -14764 -9673 2069 -28195 -32768 -31737
29840 -15898 17062 24894 -12187 -7461 29119 -15791
6417 -1 -1109 14616 -8750 22699 7289 22982
-24216 30077 -27839 -12405 -4566 -29800 2023 -18155
23914 30317 29809 3878 -31538 5830 -4038 -32768
-9923 30505 558 -24207 -228 -18475 32767 32767
-911 17220 28299 1 -5822 -20107 -29007 32767
92669639 -652955013 -248734542 -959192857 98920796 -275635744 453653491 1046110749

28575 -4140 -32768 1 -3615 -249 -21541 20876
-29735 -9706 -7183 -18607 14783 -25342 6951 -18010
18290 -721 -14265 4797 28573 -11815 -16673 -22298
20214 -5866 -3321 -5323 -5295 -31207 -28195 -21170
27547 -4187 15323 19407 -7602 -13941 -23066 -8901
8911 -17384 -15027 -1 -26290 19861 -3411 26876
28968 -17784 31634 22538 7602 25992 16549 -10559
-12982 -19881 23723 9696 15760 -3451 -861 -2513
20903 27557 -6689 -28923 16195 -28996 -30939 21242
1760953544 73800309 1166641533 1678812790 602312352 -517462914 -2114875415 -929788289

19396 15811 20146 -20942 31980 -7963 0 -14358
10480 0 6959 3848 20638 1583 2706 8203
-12304 15027 -13820 18179 30695 -9179 -19589 20421
-29698 7556 -2185 0 -10077 -3453 31604 -7127
-11038 32767 31583 -19178 -27944 23315 25665 12551
-9649 -17956 -31496 20107 -5806 -4333 22857 -18814
19034 16021 -26419 3123 28820 -19349 6556 -29412
26234 16810 26735 -19186 -8369 0 10227 -25122
-31537 17722 -16916 19054 -3689 21479 11281 -14236
-1155918723 -503290259 412415067 1528446480 743845670 1356025143 160811667 -843373322

-25777 31737 20669 8503 -24411 4355 -15587 -4510
-30178 -12313 -6199 28681 30985 -9372 6655 -27992
-31549 -1 16664 -2243 3433 -6642 -32768 4660
-23264 6152 -20136 20028 12408 -2939 7095 20841
28780 9587 6503 0 -2943 1 -1 -8647
-9465 18652 0 -18413 14134 5091 -13403 -10802
26634 4869 -2880 -6408 24217 -12050 19747 -5596
706 -1047 -1 16162 -18292 17570 27093 10171
-14533 9712 -17504 29318 1 -6499 14002 -15590
394081833 1858888075 -387252170 1131031353 -304196022 -273467166 -35166117 560010832

-15789 -149 32767 -1 29871 -9615 18880 -10790
-14408 21180 -2595 0 -17065 -31259 -21007 -8565
-24070 -19993 -32768 26193 -10570 20627 0 -1
30115 -23158 5008 -23617 -11331 5523 6728 10453
-30154 0 -29434 -3484 12620 7240 3036 -13944
19764 -10182 -6562 16918 7515 -30442 -15244 -1914
10769 -23753 1762 15003 -3481 -3444 -10789 6615
28319 28156 -22228 -31397 2681 -32768 -2963 -21467
15590 -23563 15477 -6860 11517 -8786 1424 27133
427123843 -948052019 -893981202 1368863956 -1194036026 610795321 806220109 -618492652

-15909 -17856 -29309 14508 5588 -9426 17480 11929
-14990 15181 27072 -32768 -22348 -6390 -9925 -22463
-30369 -30522 -31714 -10651 -13041 14244 11687 -23383
27052 30807 17381 -16120 -2853 -23274 -406 18899
-3401 -24620 8553 18138 7190 4933 23010 -5210
32588 -2909 18739 24252 737 -18167 17121 -25784
31211 18244 -20128 13144 23545 -5005 31192 -32022
21192 22047 24659 4494 -11037 -26589 -30818 -12130
30518 22940 -27403 30567 -3603 -4971 21346 16540
948649883 -2323798688 -1244590516 993151330 6042416 1182244443 2400582662 -72397841

-32699 -5480 17905 -30444 13118 -683 -10141 3014
-29752 -1 9507 -19 19835 -31580 -8757 -1933
-16526 13098 3750 22421 3629 31192 -25597 17835
13585 20808 -18114 -19580 -11678 30302 -25529 26986
-9505 25286 16687 0 16326 15649 -13795 -19710
3600 0 4117 -13054 0 -27101 18763 -28585
10051 -11172 -2834 -645 -31359 10829 -1 17864
-28361 -1 7581 14964 2821 20273 -2305 -1597
19365 -18581 12425 -3502 17707 -24882 32767 16550
-235441357 360122250 -1850752810 -1630704366 -1325082717 982635386 -159833671 -1063841811

31072 4314 -13448 -22928 -28630 -15122 -13936 948
3907 2712 3267 7389 -21708 -2938 15500 -24052
-25043 32767 17097 14073 -14436 -32379 -19926 4554
-18098 6264 -25715 -19835 1 18367 16440 5872
-32405 31577 -2525 28359 1477 -23864 186 -13314
9726 -26697 4246 4923 -30894 -7198 -12729 -28081
-22149 -16931 -16662 18961 -10411 -2831 -1 164
25323 20869 -16940 1 -20979 -32603 -17820 10128
-19889 29332 1 15678 -4055 10838 -17359 25345
-632786894 -704788474 1848786404 295189296 1410030115 -1342816766 256863431 406229170

15669 -32768 22567 23545 12490 26608 -16484 19174
-32768 -15561 27979 -23648 -20983 -28280 -15162 -4657
-13733 0 -14391 15554 -20740 20933 15693 26060
1 5390 15259 -22971 -1 17612 2006 -2588
24518 13396 -2378 -1608 6333 -20540 24179 -13017
16184 -32768 -13920 27030 -27092 31157 -29633 31462
-20135 -2827 16460 31554 24335 28947 1880 -3097
-25200 13398 24603 12750 10662 1 -15186 7671
-4632 -11270 -1 -24237 11292 26908 22726 20320
598039260 -536817685 901890751 962875536 -421756392 137536856 393825388 -412135517

16765 -21412 -911 9548 -3128 -3838 31434 -13787
-19180 -416 32413 -31749 -20450 -23414 30615 -13509
24917 -1081 31409 20508 -6894 -24753 28334 -17769
-24573 23722 18529 -8450 -26436 -31123 -21022 -32235
12146 -7964 -29930 -26630 -30718 -1 -1657 -16792
-23201 25915 -1 -30548 -10312 15170 12324 -29341
-12774 14825 30871 21490 21406 -1 13503 -12280
16404 -20723 -14890 -30083 23546 -14387 -6943 -5145
-29083 23659 -29505 -23446 1 8856 -27772 -6170
-2013058070 -638252799 -3054266183 1434377122 1115374506 1977242631 -991677644 274470399

-656 13977 -6819 26868 -29517 32767 -1 -28235
-4089 2987 1 1 -27366 14957 26605 21342
-923 -29709 -5998 -6109 31473 9808 -770 32767
13205 -12205 -2270 -7683 -13942 9298 25037 -5843
-31452 -32768 28492 3693 14190 32767 31355 -12359
24099 -6460 31925 -1 -2249 21278 -30978 5629
-27685 8655 12475 -21847 32767 -25522 15973 -1
-32768 24304 32767 16229 -15191 -5094 -21352 -30623
19800 -29805 -1 29315 1403 15945 -4665 8416
601505323 85636393 1168026309 362727841 754226409 1197647657 -1882081205 -1158119643

28921 -29438 -14562 2324 -28414 -1 16090 6122
-23553 12264 16502 -2569 -17216 484 13591 -4817
-11086 0 -21886 30638 -10112 0 -15332 32767
5289 304 10586 -8696 5082 -3021 -4560 0
14096 -1454 13472 0 1 20386 -19772 11221
-4753 2019 -12764 -31634 12280 32767 32678 -14751
-277 0 -31351 -31155 -25578 -2518 1696 -14998
16295 -5679 -13641 24201 -31348 25905 20395 1937
24469 4247 -1 750 3150 -12033 15608 19368
864613874 -467398101 115213652 105362556 2151778 -262701655 -344394514 338147944

-31493 18597 -1225 -11731 5353 -26075 -17451 17642
1 8810 -25428 22575 32767 28507 21849 8715
-16468 -32768 -3306 21302 15291 14203 22493 13058
-7955 16794 -5478 14563 15871 -6202 -10792 32767
8734 22235 7539 25757 16444 20451 22736 31326
5440 197 -31863 11243 2500 -13287 14225 -6609
-31093 -17981 25531 -12364 11432 23483 -29033 -21189
32317 -7232 16400 -7209 4050 0 32059 -1110
-19178 -24005 -3596 24203 -1 17807 20207 -15627
-1214615293 1239223405 2133236041 -718990541 229084063 431755681 799481112 -14466960

7593 -32768 4594 14096 -9755 -27847 -13077 0
17116 -32271 -20439 20616 31690 -11081 -32230 -2630
-18591 17185 17532 5825 -606 1802 -11343 -25607
1482 -395 -15614 13457 -20154 -10919 -5008 -1318
19141 1 -3302 12302 -19690 17553 -32617 1443
-16787 -1795 10251 -19697 12019 27867 6075 31581
-21091 -20369 -29382 17069 4667 -7887 19612 23518
-22332 204 -32768 -10440 17588 -2721 -25214 -5835
25313 -1 8222 0 14452 24347 -22296 -7627
-297399132 1192093984 156860435 -526263794 1316392970 135216136 -1516653161 -40100138

-17604 32745 -22469 27821 4584 10433 11675 -31637
-1 -19487 -16142 7654 32767 27813 -25255 -12904
-19745 -18204 -9751 -4370 -6771 6193 825 -20062
-32768 1 -8243 -4875 32579 28868 -1 -12873
-2541 5013 -32768 -17728 -32768 14687 32767 14534
28335 -18316 -6615 8002 -7280 14207 -1270 18077
-364 2074 30715 2176 -2778 22229 21549 -28192
-1 -29965 25618 32767 3533 23761 -4478 31960
3698 -3653 8557 6521 26767 -32768 -8015 -10390
-179598880 285156243 -300793651 -163650989 -2195709608 -670772051 -414463396 -437860587

-5417 -14504 13008 -2956 -2404 -20333 -6701 -26492
19812 -15248 18680 -23240 22202 -23247 -30229 -11918
-21041 -18291 -15975 -9417 -16854 -8952 -28434 -19417
-4848 0 1 -19016 529 14618 12788 1312
9866 1 5547 -27855 2508 24138 26119 -30567
-6108 -9769 -23309 24988 -32222 -7776 -22367 14367
-21147 -11089 16068 -2037 4853 -2268 16930 -25555
2089 -27194 0 -22411 -22032 -26447 -32768 -1546
-210 12811 9472 16423 -4746 17983 -17681 -14666
42765312 -218389364 170638562 -296253776 1675739 263581406 -7245346 -485864762

-19008 -27736 -7749 -1819 5129 -18838 -1956 1
20297 -19451 -18825 -21064 14606 28063 16205 17005
-3060 1 -14128 -14058 -14962 18065 -24115 8932
-6733 15584 4907 -12271 21704 -8890 18102 -32037
-5188 3145 13131 -626 -23023 7117 6401 24194
21603 28897 -21375 22451 10629 5895 22200 -5568
-24557 -6924 14038 -28213 4101 8890 11754 -12227
0 -13339 0 -27866 -30565 -24739 15427 13937
29278 -32650 10654 -20155 14918 -29998 5038 20864
934951557 1265805630 -657055160 -393104791 -121984836 -1013825511 -176108357 1651812226

9921 -7834 -22977 -4735 -30238 -1 12527 -18558
-15344 15233 -18330 -4845 -9739 5478 19995 14464
-27823 -28603 1 -21132 30335 -32768 5138 17240
9728 -26926 -19392 -6780 32767 -25472 32383 18682
32767 -7421 -16384 -32768 -14537 14371 -12480 -8519
-27961 -25788 -4437 -7491 18025 23970 21887 -25476
10224 0 16740 -25907 -30152 14285 -3285 -14139
-16034 -3764 32057 6855 24950 -10552 15147 783
2928 19825 28254 -27211 -7674 16227 12068 10774
-463346306 431771856 -590237095 -941445544 479919772 -274351073 1479075386 426174655

-26938 -22264 3135 32540 7768 0 -59 26588
6594 -11012 18095 -31942 -31003 29758 32767 -22958
-24135 -32713 24974 -8832 3371 -4181 16295 13584
32767 21232 1 1 -14564 19070 29652 18611
27829 -4134 -16821 -3992 17406 -24181 17623 -4478
109 25711 -27490 -9879 -7254 13912 25397 1823
20957 28048 -24919 -12554 11525 -11532 -13611 -1
-20398 -26476 5276 3888 -3058 -8824 26414 1
10460 -8628 968 13393 1 5088 28640 28089
1094313552 198658849 762663739 1628578740 512936564 469739194 -663555658 783876479

21693 -3579 7724 20257 28046 -18654 29029 -18235
-7213 28270 -20206 -8777 0 6088 31136 23527
19816 14927 -5078 2176 -14145 2073 -21709 -2492
3632 2995 -9417 -24546 32637 -796 -15464 -2249
-22521 -23618 -27312 5173 23291 -31902 5615 -16612
-30368 -14061 21377 -19580 -9049 -1 21977 16846
3917 -9845 22178 7946 -5940 -6681 15314 13761
20600 8161 62 -10580 709 -30488 61 -22277
9864 1 22729 11173 -28728 -13499 0 -13672
311280208 -1032291413 516819294 -1348564612 -796486767 -2798861 704182610 782165923

23266 3289 -7926 -9461 -8702 -19345 17588 4704
-27707 25010 -15723 -32768 21319 -30720 -2022 -7189
30254 -18193 -1216 -14726 0 -20724 31231 -7775
-27838 -4363 -9668 -32768 -4668 -27110 23199 -26621
-29676 -14546 -12903 -5586 -20443 9299 14759 22881
21730 -12318 -24623 0 0 0 32712 -20464
3142 2464 16124 -14058 -26077 20697 8657 24447
5910 11741 18503 -14430 18115 25529 0 -6200
8892 22709 -32663 -6128 -27737 30865 -29611 -1
-278083904 -443673173 -1578586759 -1224219477 278467087 -250859821 749126632 88744670

-24202 11451 -18617 -25300 21877 0 8528 13874
13569 -11036 -18406 21054 12443 46 -10778 23760
556 24698 -20538 18600 -15234 1888 -12645 13737
27298 -15077 30696 17939 26642 5817 -20040 -10353
11894 9049 29409 7000 -19714 0 -30436 9313
-12748 -29386 -27916 19289 -719 9330 24379 17306
245 -32768 -1258 -28459 -13003 22448 20452 12078
31329 -14783 -20915 -4274 -8101 0 8184 11800
16812 -18985 23306 -32507 9861 -1 -18187 -8678
-295510172 -563201543 -1582292319 1594450483 764345381 -1534725715 916998746 127721562

-15426 27207 -4795 5027 -4524 -8797 22103 -8873
8584 12074 -28587 23503 30048 24819 12021 -9577
5266 6804 -1732 -32347 21194 13680 -6550 -10106
-3989 32105 8840 -10305 23309 -8177 24266 0
-32034 25419 1 12597 32539 5059 22711 1
32767 -15034 -2358 -17709 25994 16281 25880 -21147
9732 -5516 -25452 -29311 -9173 -32768 15157 -32129
-32768 8704 -2595 25208 19230 32767 -20731 -8242
-29903 14934 -3021 -4638 -29443 -27455 24601 22552
1577137259 -1585380615 -1289246908 755008601 740887382 -2167660958 657473198 -1160911959

13723 -31870 -29978 22661 -30804 9611 31723 24837
19654 -17466 -25785 12666 10337 -30645 419 -18962
-24332 -21538 17647 -24238 23878 -10562 -8601 -27368
25491 -2781 -12000 -10683 -7287 -6480 -29210 20704
14062 -517 14561 -31989 7650 18699 -21047 9622
-24619 22756 30523 -10286 5548 -31329 9101 1
-19984 14239 24235 -2990 -10301 25834 16123 -19936
15419 -23544 -25603 18612 -28321 -23258 25334 -8619
26706 17068 -14778 5640 3377 7414 -31517 -21232
-1166569927 876358586 -560426231 1158753741 594627629 -1278552599 -593790522 -390264263

-22505 -11860 24310 31004 -3798 -21134 19556 14327
0 32767 15841 1 -20062 7822 30259 -1486
4111 -29564 -31944 -11113 18977 -12275 -6141 8296
5458 -11485 14704 29112 -21935 2110 -13235 -26445
-25447 -14855 4911 -14967 7434 2333 -18216 -29221
-22506 32767 0 17689 27913 26506 -29862 -24844
-23548 27733 22229 -17466 -22616 -16934 -27649 2380
-27364 -9827 11424 -6216 -14770 14871 28602 11429
-17116 -579 -13979 -7851 4658 -7151 -31136 823
-654845719 -1333172403 854754194 -247815956 1054075727 1077175232 1091964246 -693129209

28630 -32768 27652 30221 -28104 27561 -16819 11831
14054 -16097 7608 -11738 -22975 17139 -17035 -1811
-12601 -23479 13159 -14783 5101 26127 -1 32298
30811 4485 22259 32767 -8557 1 -13976 18686
-16629 1599 15280 1 1 553 -32569 21936
-16921 -19190 -1737 1 14501 -24117 31792 29667
11563 -17976 -16285 32767 10829 -7852 -13520 22136
1 28903 -11809 -32768 782 -32768 7304 28209
-1625 -30558 -6549 2097 30718 -16515 14681 32767
-340640666 -903613509 1404268663 -119950232 109622606 2907853269 1695047791 722142469

-21735 -21276 29720 -11681 -28421 4843 -5122 5497
11498 -19915 -14940 15581 -9655 25890 19617 5442
-14386 -3360 -21458 29578 -12119 21382 23078 -16107
-14797 32767 -14992 10258 -11737 18837 -8054 4227
21895 29054 27430 15512 -20849 28318 20394 4722
16132 32767 -28291 16016 -1 -10073 -32768 20423
19656 -22542 3084 -2592 15062 0 -30324 13699
13351 30311 14224 -8846 30280 29630 10065 -2249
-10677 27486 -17378 21434 -30186 -31115 -27454 -25130
-409866116 -1266001460 539827040 1422092112 -509716395 2263154603 -905009510 -1801986987

15089 -8535 0 10894 -12036 29449 19760 1624
-9010 7370 -6755 12923 21660 8943 20455 6829
-32674 -31537 4448 32515 24699 -22869 -22725 18117
-16262 11378 -1364 26589 24247 1 -32768 -18143
32649 -15627 32203 1 26551 -2633 32488 8118
-5189 -8105 14960 -1 0 -13998 -27344 6135
0 28607 -32768 -20982 21044 0 -15341 -12207
-6069 0 32767 -30442 16580 -18882 -5350 -22546
-19951 -5159 26413 13513 11416 23113 2305 16183
505281801 749577965 1365637449 496702341 728338967 253183412 -1289283045 -49141410

13558 -5540 1580 -32768 -1 19060 11273 -30151
17723 14572 8111 -28805 -8646 32767 16114 1
1 18487 -4442 -11026 17428 -32768 -1 0
16419 -441 19823 9386 27596 30289 -7488 32144
17512 -3251 30480 -27121 9372 -10251 -21471 -21176
-27779 -8062 -30775 32463 4062 -16441 31524 -18210
22325 -12621 -31833 -26218 -28468 19614 2778 -27074
29813 27977 26454 22801 1 28159 -4327 -24229
27560 19232 31620 -12259 8540 17699 -19404 5820
661890000 1571720956 -80825070 2059896697 1908344822 -3265680716 -420046596 2358000974

-1351 -32768 -28486 11363 -2874 15514 -15821 -30349
-2866 -30057 -27372 32767 1523 23476 -13312 -23434
14145 19780 -24734 11231 -29242 4862 19479 17109
-3679 26430 -2413 -4764 -10332 29908 -23843 23088
-1 20577 -22858 1 -1936 21066 -21170 11458
5943 -5983 -5517 23524 -7954 -6625 26792 -30756
24700 27205 5772 -32768 32767 4253 -3066 27439
10990 -23397 -2493 16727 9370 -27051 32767 -16522
9952 3806 0 8246 -21277 14681 30418 1
-236823257 34575743 1594754933 -41624746 -215161028 1117256275 -648827613 558443203

-11365 0 -27161 -11556 -32768 -14885 17723 -31607
-5724 -21789 -3210 -8641 32158 11716 -15979 1818
-16862 1052 -17285 1 32767 -7650 -15327 29540
3819 31819 -23530 -18822 -18956 -1370 -26263 -3024
29691 -32768 21253 30178 -6660 -1791 -7410 -20325
-1 -17857 -19650 -16595 31689 -14670 -17612 10941
1 11255 -10253 30179 15757 5210 24079 -15283
23833 8482 -18358 32767 -20134 26214 -734 -24599
1110 18564 29667 27900 4224 -30993 -27956 17859
-1877827765 -495261616 819587043 14321774 768677217 -101177471 -294250304 -762803363

7934 -11953 24046 18709 14812 -21319 -4914 -2547
-12232 32041 9243 -8972 -9398 1 30723 -27504
8222 726 -31300 24508 32767 -19479 -19655 1
16285 20141 -17717 -27991 32145 17870 26225 -32768
-1787 -32768 -32768 17838 9956 31937 5451 -10871
32767 3962 19418 -25634 -1 -17837 32767 -10839
20550 17344 -32768 375 1878 -18453 9566 19905
27163 579 -31268 32767 30586 -14818 -15886 11129
13868 29899 867 23360 22147 0 1760 -17829
575339274 923092034 1372179270 1501097727 -192318373 241794064 487447781 1583345610

-19544 5126 12569 -32768 -4048 6934 31750 -24116
29755 -12946 -3774 2573 20369 -51 0 28865
8738 -14981 -22970 16018 -20059 15908 15825 3024
-24819 30404 16106 0 25979 -779 -32768 -51
29861 14575 -30771 25546 -4589 4465 -9822 26905
27880 30677 -10744 19922 32767 -460 -20585 16615
-28913 -26287 19329 32767 525 32767 15581 1344
-19092 6096 -1934 -26244 -27155 -1351 -25512 -8259
9359 4702 20485 -7513 32577 21077 -1962 -32331
1076529223 -149784715 -1026532125 1136448594 -1380252123 596370692 389288051 -588492643

-12813 20852 10553 -9861 -9846 4284 31421 1969
-17767 -31432 -28323 -13645 -29554 -19525 30456 -6922
-7384 -23825 -11605 -1789 -1205 -18210 1 -30912
32487 -1392 -32486 -32768 0 30291 18522 -162
-17252 -31552 -31496 -30972 -2975 -23503 -19078 -28722
-25960 2245 -29276 -8866 12095 20310 -2414 -31090
-17554 -27665 17852 7336 -21394 -16280 28432 496
8634 -1343 -23881 -13190 26775 -25605 29469 14665
-8874 1496 -12918 -10520 4574 6259 -3641 -27228
-73926621 440258949 920797321 600565141 1529375911 1742935962 -510178176 -175761780

-6240 26354 -12432 1 15919 -14811 3831 -12595
22177 -241 31919 32312 -28245 -6661 10545 12542
22633 11914 1 -10171 4470 11372 -5801 26349
-18811 32767 -24233 -18972 -32768 2314 23918 31504
3475 11802 24513 -8022 6589 7222 153 -21454
-15321 -6274 1 25621 19474 -8643 -14969 14512
-32768 -31020 2218 -22403 10402 -15692 -25373 32767
13808 12939 28883 -21604 10641 10891 6735 26645
28379 -397 1 3629 17879 27860 -24999 2325
-440629504 -178273193 1203685165 -1661789803 330148560 176006826 -539625261 695603475

-29461 1 -4972 -9070 30646 32528 -32249 -29638
-12505 -13246 -1185 19817 -24650 -30359 15418 8928
4091 1 22282 -4766 -17493 -11340 18029 -22717
24377 32512 0 -6403 3282 0 -27543 24992
20351 -31620 23690 19500 32767 -21630 -22032 -30062
25220 17266 -2786 2086 -29411 -23582 -13514 -25254
18869 -4793 -25348 -26012 -825 -26905 14054 32767
18724 11994 -8567 22247 -7421 -28332 14074 -20586
-22535 6511 -3179 1 17652 -26386 -6246 -22366
1226697210 269288699 222886674 -666660096 1219332213 305256094 -501160434 672497266

21683 -21973 32767 -14501 -28552 697 -17462 -1035
32767 4765 -22851 -26549 22766 28606 4614 -14005
11056 -9545 17689 -10436 31018 -2557 32525 14080
-418 -1 -9535 790 -16363 -32768 17982 16036
-1424 8816 0 672 -32768 26482 15176 -18337
-13442 13058 2453 24432 8816 8257 10043 -29282
25221 -23038 0 20303 3656 22565 -9745 -19988
-5131 -21465 12028 -21031 -7990 10696 -30805 -32141
4902 -21612 0 -29223 21370 3483 24875 12985
-50602049 1352546524 2211291084 166607862 -685767995 -975328610 -317012411 -263779061

10328 -6515 12473 -25181 22396 32575 19399 -28940
0 8135 12382 -14564 1 -22849 18683 0
4005 2887 -22213 -23432 -8410 -1 32767 -24957
27040 31935 16184 -1226 -24785 -26091 3773 24347
-9947 15915 -21262 -14308 22065 -9395 -24645 31326
1 -32768 19742 28250 22471 8194 8380 32765
-31900 -4687 -32768 31105 -32768 175 0 0
-18555 7780 23133 -31921 4533 6615 -7616 10922
6105 -26767 -14382 -12661 -5692 17603 -23206 -22258
1016782419 -1047207002 406268135 -1854636264 -416095971 -671911133 197752381 -225795531

11796 -468 2763 14344 18198 1 -4812 18785
-31329 14857 17917 9072 0 21787 -7691 1
32505 24489 -6760 13835 20232 6737 22236 -28163
-12232 9810 7205 14290 10005 1 -1 -14887
-21971 13793 -92 2871 -29922 -6529 -3298 -25060
-8977 -7573 -12046 32767 16114 -1354 -32017 18993
27814 32475 -5712 24593 12027 -30359 -16699 18193
202 -10191 -32459 1 -17796 -18232 -24691 1390
32767 22359 -26923 16054 10762 4124 -441 -14560
456409339 -937880424 2662514832 178400386 -345576262 292298199 1932798298 376609087

25544 28380 2193 634 -2748 -287 -8105 -8815
18631 -14410 -4361 4218 -14031 28398 -15328 1
-14218 -4139 32767 -26231 -2274 -4400 29542 -25856
26679 -11925 17429 2897 -31817 -32768 22462 -1
805 -32567 32767 6708 -11658 -9212 28817 0
3043 3941 11815 11609 16417 0 -2163 -30536
-4262 1 16494 7343 15063 1 6094 -31496
-25888 32098 0 -18673 2301 12797 -31520 -3113
15287 -10571 32767 1 -1839 -13461 -6814 -16812
374686942 42213249 1196855031 1451562243 1379337545 889930795 935574394 -644455407

-6794 -1 27733 -31170 -32768 -9436 0 -31881
2942 -1225 13392 -1 -175 24593 51 -8668
7976 -13061 13661 2741 -7866 -12662 -23899 -30746
23796 3529 -27176 -1 -15964 -27250 -1 -20493
17584 -1 16595 21812 -7300 0 5102 -19194
-27658 13129 27248 14135 0 32767 31540 -26723
-11764 16504 31199 -31428 -18196 -23622 -3871 20482
-1 -19524 1 -13756 21602 791 -28982 -13827
23282 -22345 -5754 31376 -2918 -11390 -7506 -4169
-959716212 -225070209 959680635 1073905570 1061324289 -1149133476 -1542458526 207766017

17146 -14361 14609 26675 -32768 -18402 28378 -3561
7429 -481 -15036 32767 -3171 1020 -32142 6682
-32234 -4353 25666 -29031 24291 18849 -1 28417
2711 0 -32768 26659 135 0 -650 -9356
1 -15240 -13218 -27567 -30323 -15649 6518 6162
-5708 -25808 -22048 23262 274 8942 -11810 -17278
27495 -20702 1 15388 30295 -11480 25196 27694
-32768 -21586 28439 21954 -15043 -18431 9186 20581
3459 15625 8232 -16339 27173 7404 -4691 1704
-1646506562 -557424332 1354151588 -705175347 -856422869 -884959958 187424410 -1128470385

-24531 12857 9514 1 -28970 -13026 -1 1
8953 -1 12250 -30952 24153 11871 -16861 -14643
16722 -29231 -32280 -18160 -8199 12008 30533 13230
-22089 -31862 -15997 28298 -14542 -10161 15055 30940
4074 -514 15260 -13011 -1 -2040 18118 -15270
-18128 12180 3915 9120 29879 28964 2557 13651
7567 3038 -24561 1 25687 1 7597 -23437
32239 -32768 -4620 -21156 -30319 9433 13901 12221
18370 3326 751 19841 -8841 -20725 30530 -10142
125339715 -1266275770 447021383 522687146 576737546 -1033432966 373199680 433021748

5982 5395 -6991 -32594 0 -19998 3485 -27139
-15061 30197 1453 -8803 -23838 -1173 -1 -7277
-242 -12844 25623 -16094 21 -23368 7005 -23408
9657 -20534 -10567 14207 -5576 -25726 26521 -26259
28155 14944 3522 -22730 29370 -18939 4051 14124
5289 2642 -1 11577 30306 16105 -13102 -3099
-23423 -1 11249 -1706 -2352 32110 -13324 11622
-30044 29186 20480 -16822 14097 3886 -19471 -26846
23335 -21877 -19225 -5627 20473 -24820 -4675 1
819402814 -1449391764 420951791 1198126137 1442691986 282472616 -1536037565 -1355492028

1580 197 6937 -23578 -1 -9357 -1 19311
-23470 1 -28748 16034 13897 -29776 20153 -16334
-5127 9534 20068 8304 -17507 10903 28716 24337
5024 -1 2150 -3303 -1116 27287 -28952 -25489
9057 9113 32277 0 -32768 24871 28364 -30001
10619 14748 -21565 -4528 -14417 14130 -3357 -18079
-12311 32767 -28622 -3084 9053 -7568 -2185 25104
30902 -12097 -28251 -22101 26181 -32304 -213 -32768
17604 3958 -4222 4066 29004 13541 24408 -1848
-259005393 295357806 192306679 -256500701 193360687 42602040 81642734 902813558

5223 -1 -18061 -1 26876 21807 -31892 -1909
-15284 -13961 -12188 -32768 1 21207 -28097 0
437 -7270 -13664 -1 0 -16835 19486 15651
-16910 -6820 -13005 -6540 -2369 -31486 8323 -24426
32767 32767 14511 -314 21913 -20677 -7928 18017
-21612 -28884 7992 20153 -17448 25254 -7541 13616
9998 -21771 -3024 -25654 17372 -13572 16528 21191
-32768 17011 23836 -26053 7286 -7854 1094 -10254
-32384 -4644 -13884 5547 -12414 30011 -31935 -18514
1456241848 2080954594 -1207967708 -5520061 -2389460445 1798080544 -1866105384 335455681

153 20516 -5742 -13507 -1770 -26472 -8068 9159
21358 8495 -12047 -27550 27335 9946 8657 -10075
-32768 22229 15684 -26791 17188 -9050 -10080 17404
-21994 31763 -7020 9720 28928 -5649 -1 -1
14557 -31599 -19637 -2848 8526 -25253 26607 2473
9187 15824 -2469 -14344 20008 -12473 -19577 2225
-32117 9966 12585 32767 -1206 -12952 8532 12872
27545 28846 12950 -14385 9134 19652 -16615 -24496
2688 -7819 19500 3369 21385 26709 9727 0
-1140846957 597668777 -18509044 56118323 -339662193 -291199392 -97189641 611157774

27283 1611 -30427 9465 5960 18403 -2048 -24190
29549 28881 0 -4116 -16601 1 -13804 23589
23544 -32768 11774 12084 632 -5429 -29969 -20376
-32768 -1 -26211 -8564 -196 -13381 1 5231
0 -30011 23463 -20767 23946 -24302 15382 29638
0 27064 28052 -32768 -2745 11858 25560 -13054
29077 -8823 -30894 -1 16552 14906 -15026 -21252
-15806 -2862 -25395 -8939 5980 1894 18574 -13720
24715 -10563 -6015 24405 -24202 13792 18090 2657
1079543188 539535359 465657080 -1027086115 -888648117 -596636904 474343553 -244875646

-8027 30919 -2152 17989 833 20371 28495 -22444
17768 18768 -17710 11445 24551 20502 5133 -11951
-17052 32767 19165 2539 -18310 21505 31227 -22225
1358 -31291 -7723 -18006 -30806 -12172 -23049 11655
22371 30206 -23159 3695 -8713 -11818 -24567 27533
1 28788 1 30781 25364 -23814 -24549 32767
-10650 -10384 9874 -10373 -5954 32767 32767 8135
-11283 2550 31738 -20021 11085 -7270 -29268 -31222
-12916 13302 -31787 -7543 11338 21425 -31931 -32481
712698815 1438671779 5687467 -305114515 359300984 -352356536 -912183356 1240414195

19448 -20372 -29190 11232 -13964 -16908 -14673 -31770
-26228 2844 -4988 9312 -5087 1686 21208 -31011
-32768 -22024 20571 0 27275 14428 27301 32090
27399 29751 17443 -1 -28393 -10215 18271 11113
29448 23744 -10179 16572 18987 32767 -25282 0
-20628 26589 17100 -14622 -29312 386 5421 -20921
-8680 26656 20360 -31969 9316 23326 6518 -8732
16897 -19317 1 -6447 32767 3216 -27649 -15406
30789 -8430 7526 1055 -16316 -11609 -20722 7993
1036924144 -1483140721 -1590163790 1016122514 481098467 -551774369 -1000108797 554131488

32767 -32144 21910 0 31229 16023 17895 -32273
-1508 -10798 30164 -24546 5478 18369 -31341 -1
-3823 -16404 19518 -28886 -26528 29486 -20293 30205
-1842 7131 -22563 -15134 5916 23358 -20503 -1
-19909 1351 26562 4267 20629 14155 -30801 19504
23217 27996 8767 1715 1787 15004 32767 -26098
-32768 21915 27009 -5432 -28361 15214 2468 26704
-28881 0 3091 -792 -7209 1 -6016 16122
-12736 -10133 21513 -16661 -21190 -27086 -7947 26130
-1701502073 821920303 1830067485 -877172573 674091387 -1805949287 1733861232 1069329247

8218 10880 -32768 25956 -11470 27075 28757 -29942
-14716 -7544 -19483 1270 27432 1 -16653 -9386
10038 -15351 -294 16794 -10009 -20508 23860 14940
-21802 -13397 -7835 24580 32566 -16050 21259 -13607
31297 26071 -21633 15955 -6959 -24853 7675 21484
9592 -556 -12615 875 7249 1 24114 31237
522 7793 11640 14193 2781 0 -10839 -11160
-5839 -9837 -13020 3598 -9154 30034 9906 4212
25964 -31554 -3604 32767 -27469 20098 -25824 14992
506372304 -496389376 766947937 -1279804904 406263896 -12791218 226968684 986020966

22429 -6263 -32768 -13426 11481 -31669 20897 -24697
-1 27147 23944 9911 4069 -30146 -5590 -3466
1 -18314 -18759 -4830 -13677 31035 32767 592
-32768 -19807 14495 -7774 4605 1314 17922 403
12578 -7794 8432 -29432 -15880 31338 -12161 1
-24444 -956 1 -21688 -25102 -22109 28119 26271
-11404 24913 20090 32767 -32768 -1 11256 9849
-2271 -29836 8229 3826 -13696 1725 -11780 32696
-3795 -28840 14697 -18614 -27834 394 -24709 2468
-1045508776 -611058919 -72888777 483828743 1603657511 584073728 -331628002 1672472996

26780 -19050 -4485 30013 -18099 -13356 -24452 -29458
-1220 13905 32767 -25189 -25412 155 0 -16028
-8638 -24142 -22228 7433 16001 15164 516 10377
-28624 27569 8751 -23468 32767 5188 -30724 -6101
31348 26698 -18946 28382 -738 17969 -23071 -21610
-32136 2461 -7391 -1 -1153 -13279 -5767 -28091
22771 -32768 -28769 19483 6644 22061 29851 -5658
5576 -12187 -21427 -30289 -15426 5717 25844 -2864
20193 -32447 11125 -6125 -3526 8755 -27091 464
1520804554 126527250 383271981 -472041882 157036362 -779985659 442048157 -141851782

23475 18277 7728 21540 -9787 -17793 -18333 17556
-3124 -7452 24586 2636 30622 -387 9893 20374
0 21836 -15735 -17578 31028 2686 18021 706
20755 -32666 11111 -10872 21223 24803 -9531 2994
-26006 -1 -22111 -23780 -19486 4446 15774 13192
-22756 3837 21545 -29341 -1 -31258 29116 -14403
-31153 -20609 32148 -23437 23260 32686 -17299 -2557
-22842 30960 -32578 -18735 27635 -22272 -5573 7750
17962 -1 -18303 1739 28726 -29435 23671 27281
605232535 1179519824 1515491122 -113790459 -61121098 362217854 -1961899160 1682304602

32652 24174 -30307 -11775 29053 -30779 24287 26902
-29559 12542 32767 1221 -20605 14384 -32768 28085
-25229 1813 -6802 596 -16073 0 -19254 1
-8184 -13481 -27687 -32379 -22067 -1227 -11097 31970
981 11568 27848 -24333 18621 -482 28272 1
-19958 8465 7062 -29826 -1304 -4778 -12174 -30999
-30868 1 -30178 13906 -20462 -4321 -32768 -25030
-2312 26723 -5783 25391 4374 -6730 10708 25981
18465 -26479 -32286 -1 -14161 23669 5200 19044
440005815 -939123695 -166743139 1934361904 -1315338097 -1568917405 -55267384 -234373670

30573 20958 -27806 669 1 -18096 -2460 1
-31629 -29938 12678 26935 -23312 11054 21455 24516
25934 -30303 2571 21410 20532 21620 -31685 8111
-17353 -18460 150 18749 18229 7587 -32011 -32719
1 1795 -11873 2043 0 25215 -2479 28381
27792 9180 -12519 -14151 28839 -25101 -4627 21104
-10349 -5099 -11358 -21440 -9098 -19875 -20957 10420
-24302 2216 -15381 21338 32352 32542 1992 26436
-27307 -1 -1 2572 11317 -31368 -11959 -7074
-236070684 -107583122 -777357301 1104681441 -956827586 224474551 924863537 -146971249

9070 14632 -25499 13226 -12817 10020 31027 -14967
15871 -24367 -29716 -6411 -23791 -20097 20438 6089
-1 -14888 -31204 -31043 15226 17686 10457 -18843
-14274 12682 -9545 22182 -9382 27299 -23793 -25620
-4764 -22105 -19859 -5509 -14182 32767 -10451 18634
4714 27127 -24154 22058 19723 22982 31328 -21504
2082 31885 1800 8499 1 -24771 4154 -28594
8430 13482 -25201 23345 31937 -20121 -4636 -32563
-17548 -21938 -16002 16487 5058 -7053 25573 -7529
916575452 1124102369 675710517 -164843252 85097981 973070604 -128479264 774518819

17075 2609 -18604 13583 30514 14264 -26550 -5598
31984 26123 -4950 -16959 13942 11295 -2200 -25916
1 -17602 -28777 15291 -5994 14952 -19562 27170
31535 -23398 12149 6931 9736 -5576 -12943 -1
-2813 -13562 23535 -23719 -8589 -22506 13628 8696
32767 13253 -32768 -9275 7948 -12501 -32286 28041
-29320 24653 -27290 28977 -32768 -3107 24250 -17652
-7377 -1 29059 -28094 30927 15821 838 -22425
-9399 -32467 -27096 -5115 7198 0 -31295 15744
1151809721 -1166700560 2269815320 573739201 -401026892 1706138747 -1206278688 -730984828

28639 -22489 19083 5728 0 -7225 19092 9712
16157 15940 203 20703 9114 -2083 28644 -21664
1384 18574 31663 20754 13710 -14368 0 -14239
-26801 28912 8717 1 -15624 -8190 -20355 4987
-13656 28627 -8620 18111 -32768 -1 -13911 -8790
-31981 20510 -5666 13069 -32768 -30224 -13047 30826
-1 -5089 -127 -1 -9986 -25647 -31901 -3517
-29381 -28509 10988 6287 1 26461 -3500 29077
29806 -27708 -7082 -18676 32703 4132 32767 27292
2095411080 288595394 -1084857192 -2737336605 -3244756301 -2508172127 -1431937297 507218797

1158 16943 13570 22818 -2018 27262 27934 11698
-27011 15639 -14077 1 -482 -24748 7588 -22840
1 -21153 -5247 15160 4933 -26403 23933 -24874
-10891 -1 2800 26270 27398 -13566 -14856 -28521
0 14053 6017 13241 23159 -14614 -26666 -6886
-27695 6176 0 22219 8896 25594 31718 -31908
13265 -11985 13703 -12876 23085 331 -31098 -17221
-22788 28314 -32725 -16578 19299 -25249 -5273 -4945
26693 -2696 -5359 1 32767 2805 12369 -22659
3330122 -161553025 1032415453 1016511414 473938053 722718804 1075861079 99115975

18388 32767 2478 -2284 -32768 -12719 -29684 32024
-11400 28396 1 -25111 18336 -18725 -19411 -15119
13501 -15981 23333 -4863 -222 0 30327 -32768
-28025 25024 -3456 -15963 13 -28148 -3927 -19010
-20588 19195 -17049 0 -28730 19486 -4740 -13273
-23882 -20301 2770 -32768 -32768 21765 28403 16362
-32768 -12161 -30913 8139 2512 25707 1153 13256
-30877 -27437 -20744 -31132 31713 -2824 -30581 25833
13435 3374 -19551 28242 -25852 25782 -20359 10886
1716793430 -1492742416 -1434458985 -1528384568 1318616943 -360816749 1071640946 -969905160

31883 1173 -32039 -6340 -1563 -9887 -10172 12553
23751 -25676 15879 20050 -15354 6876 27191 -4876
10364 6919 -32578 18420 16661 -27548 29297 3829
-22487 -1 -32768 26659 -20574 -7634 11209 -15765
28566 28969 -2012 -21774 3626 -28550 17602 -10390
24829 19533 14561 1 -16803 -5240 17033 15059
-2965 22023 -3402 11980 5170 -889 -30732 17225
-27551 -18880 25914 -12031 26174 -32768 -7701 -32768
30784 -29546 -19371 -24611 -25390 -13593 -11754 4454
2073041334 643783095 -83514978 -289391057 641157078 269850570 -652143801 -770760211

0 13060 13721 -24684 -1 -21363 5267 16429
-24218 21311 11691 10963 6960 -1 -28702 28115
-25841 25144 3204 31583 -15774 26161 -11646 12362
-26191 -30677 31665 5380 -23289 -12941 24469 -12013
-28522 -1071 -5511 20370 19205 6678 -17578 27760
-4653 0 11625 6470 12650 -16061 -5809 -32760
-16371 -32397 11981 28954 31453 -32768 -18556 22837
-5842 4141 -32597 -14851 17924 32767 26948 1
18481 -31372 17901 18673 0 27226 25762 -23779
-1461628806 -2110143595 -501001790 1709354717 -1142933319 434993138 -444286107 487615865

-32369 -10630 -15765 4205 1 -5923 -1696 -8501
22685 -7054 -20019 3846 -19827 -5095 -30606 19800
2843 -17871 31000 32767 5098 -2492 23788 19379
-838 -28645 -30807 -15889 -7832 -5428 -22610 -3080
-14257 -24265 -25467 -14965 5953 -15445 794 -20661
16787 -2200 -14299 1 -28065 19980 -22974 -2953
0 -13950 -9861 -24600 19656 22195 -31876 -5304
-24127 27545 -579 22168 -6414 25056 30059 -11546
15333 -10667 11152 -5020 13917 -11703 -20045 19306
-640637247 959965811 412856592 377191187 -319847770 -99508330 712686641 -1989435911

-18104 -8316 12342 2618 14265 -14469 -19715 27684
15739 18866 12764 22315 -4670 9721 12014 -14555
16986 18409 25141 0 6740 -19937 0 -14858
30124 -24567 9195 24644 -1 11629 -22263 -4112
-29419 15680 5559 -2592 -31330 -24425 25710 -1
32479 -20852 32643 -9452 -10486 -14866 31018 1
8441 -18182 27428 -18647 8170 2458 -25990 -26003
-26974 -19217 -28425 7182 25372 -12264 18814 -6911
9853 1 17619 1740 11318 25407 -12317 17317
559692860 212913263 -77211279 1000127022 -1488262088 272873 558702488 -1129958411

22816 -30831 -27347 -4252 19142 29136 -5387 -25815
24472 -31402 -12971 7736 -32768 13988 -1080 -30638
-14143 -1 -2856 24998 -1439 1 25265 9884
-19068 -21464 31293 -6172 13190 -2119 -4683 19055
22283 32767 12463 -29054 6966 22421 -817 22821
-9480 18571 -10628 23699 -27281 -19332 -21337 -7744
-8787 -807 9155 -32768 -1 -12606 -20747 14977
28235 0 26458 -11401 -27110 -7924 -32371 -1
-10126 0 -20220 -14302 21134 -23726 23047 -7626
168710921 -911813696 319910461 -275599625 -639712757 -578634175 79209109 -1788815995

6461 0 -28109 -13566 -24478 -3670 -31563 7455
13190 -9007 -22472 -13055 -15574 3532 -13 27274
1483 -7016 8849 21548 -29243 2382 -24734 -13108
6718 -5546 2542 -23880 13977 26118 -28755 -2784
8596 8190 23291 541 22007 32767 29366 3641
31102 -8958 5209 3798 9861 -10273 -22465 7588
20926 -31937 25743 -7713 8037 -5994 -32768 -5331
23165 -21530 12425 -17306 -32768 -3153 -3027 -3980
-26312 19579 -13676 19189 -26407 -32768 -26739 32767
1808989026 722972151 1042097803 -1325615508 -2694733141 -66549100 -990284452 -613914111

-5049 -17493 5705 21342 11195 -8192 14922 -12563
-9117 -22674 -9834 29992 -20557 -17369 -12226 525
3745 -15638 19148 31053 12167 14698 1 22601
-14565 -20498 -19980 -1 -15173 -3534 19073 -719
10002 32767 16330 4790 -32548 1142 -32768 27295
-2846 29206 -10799 -17989 -27740 -18567 -1 24023
-26260 31246 25929 4200 -22016 7254 1 -31096
20780 11815 10381 -806 -15429 -1 10924 -29599
13742 3546 1 4635 28559 -25048 -11558 4895
258459199 -74835400 229903431 -841634067 -169944333 -228491371 -1193253289 -388029139

-22800 29279 12993 16696 13222 28985 -6039 -1
3811 31492 24286 11348 -28131 779 26831 13297
6446 -4203 18602 19314 -4354 3211 30844 -26378
26842 -2581 -12189 -32627 16454 10334 -29605 -10927
-3270 -12760 -17685 4582 0 -832 32767 25373
5695 -25355 7548 14605 7405 31240 7859 465
-9400 -20764 14994 29361 3727 20390 14717 19330
-10121 -26553 8974 -10519 -27891 -1453 -5156 23203
-17322 1 -5348 -2503 13489 -10953 -15513 10969
238245118 -882634178 -1121212696 130056254 -81144324 -534698921 -180204677 127817259

3591 31621 -32768 -10876 -26201 -453 23750 -28944
5805 10698 26627 -30449 -5955 31923 -8749 -20154
-1421 -11486 -26076 -1 -20645 5661 -23443 15023
20907 23694 3523 12061 17565 -17664 25556 -14591
13668 15508 -1 -24345 -25119 32767 -24055 19752
25457 23490 28143 26371 11193 1246 -24898 -15469
20774 -7374 -30203 -28610 17094 2298 17778 25040
-12591 -32768 -9673 16538 -21769 -20239 -23043 1815
-21585 -24591 -20157 26672 13036 24151 -30624 12509
-1926560977 -1028065627 1612143501 -1946030555 121951930 -246064349 -374228535 1669454714

25572 20587 -24186 -7502 7216 -21541 311 -2146
-5507 27802 6850 -7335 -31036 1534 -5039 2889
-27906 2356 -5151 14761 1355 11490 -16851 -28428
13678 24450 -32768 -11980 -12501 -32592 29364 -6624
-9134 -21664 -16099 4336 16612 19429 -15676 18788
32767 -26397 -15010 32767 24150 3542 2933 9439
-32768 -13581 -9922 21857 2368 2645 25118 6862
-23282 28904 8784 -7058 -1 10772 31005 19624
12798 10361 -11982 1489 -25179 7031 -20536 -14713
511239504 977795466 561949884 383213585 -378176871 -407784511 -1066457859 -963931423

-1 0 20914 -32768 23211 23052 -2788 13756
832 19474 -29817 -8647 17832 2700 -2435 -4163
8853 -2137 10261 -3926 -28735 -1 6460 -5029
11754 22473 24577 -29718 -15134 13731 -1 28052
-17440 -10000 2358 -298 15716 -13907 20499 -22373
-32768 -1 -12068 -11933 8075 -8171 -18703 18021
14853 1083 16214 -7474 -1 3176 -19482 -23032
16779 2874 13606 19271 19239 -9958 -25138 20924
17730 -5906 -11174 -10556 -14533 -18038 3027 32767
-198645621 -127444016 368764224 1006192193 -921945584 243756495 -716267913 434605705

-18016 -25146 -26176 -19318 5163 -20510 -1570 29649
-9366 -17682 5936 9821 194 -19519 32767 11324
15206 -27674 27012 25227 19284 -20634 7110 16824
-27514 -4598 -5948 -11586 -18594 20408 -13252 -18555
18304 -1495 -19790 -21950 -6228 6989 -27439 -23982
16320 24811 24321 9449 4832 -908 -3214 1
-26922 -1 30545 0 19857 -23560 -17201 -1360
-22992 16624 32767 -2034 31439 21271 -10157 -14996
8932 -8036 -14530 -10353 -12538 -10188 16112 18097
1276975177 799808079 92005413 -526522413 -178914492 -607919366 -994970336 -1839924842

6680 177 6466 0 -9672 26516 -5914 30701
24975 23028 -18194 -1 -20513 -28505 9954 -16333
20764 3769 -11879 8641 27532 0 -32287 -19520
-21284 31675 15179 26903 14157 4272 28865 -24119
24104 -5211 4844 19203 7179 13758 7415 -4946
14633 20749 13172 -22399 -32768 -1 23488 -747
-3290 -26739 13817 15367 -21321 12872 1026 -8323
-25980 -26098 7971 19495 32767 23942 -10309 1
-24156 29840 8405 -13710 -9380 5943 -9809 -14142
-229588838 87301785 -272914466 1168607618 -948674403 771004541 -428839097 -415431950

-24264 -29062 -21175 15156 -18047 -32652 -18994 13393
-14233 -25375 -24175 32767 -31349 4544 -961 7900
19962 -28766 1 21935 25236 -30989 -5603 -4531
31018 -15620 26088 -23347 -15946 -22747 -10758 28358
-19357 -7713 1151 26994 -25111 26279 32767 30031
-30605 -15732 -2100 -1 15567 27344 20149 2615
14848 23228 -31276 12613 -152 -20362 -1151 15764
-5396 -25059 -32286 -29388 20228 18302 31065 0
-21986 13525 1 -32768 -11249 1 -18171 -27652
-178473440 -952342392 -1603518189 -537479655 -1706600015 -153386400 -838925309 -49341406

7576 32386 13759 30929 600 -19507 20954 31639
-22279 9972 -17213 -7726 -21341 32767 -4720 -5973
-23213 -9727 30955 32767 -3697 6660 -11291 -32768
-5231 -1393 -10278 -12464 -20556 19938 -5043 -26850
5029 12793 6258 -1 11132 -31806 -1 -22172
32767 -2447 -26431 30446 2365 -28947 -18574 -32567
-7274 -25095 -29956 20250 -32768 14811 -2990 -26189
-12392 27140 14148 16890 16403 -30720 -27000 8592
7141 1577 15320 19632 32767 -8931 22551 -16441
1069393018 -1558909738 1039904120 -965612113 1165268509 875514565 -995736607 564339697

-30764 -6398 -4184 -14722 1762 1 11084 10824
-21050 1 6567 -21136 0 3709 13938 -32768
-22204 -21541 -27750 32699 32767 17966 -6172 -27997
-26582 0 0 25122 -28962 5233 25661 -32768
-5738 -24127 32715 -14539 25080 22747 29113 12016
15135 13204 -1 -1 21915 -6096 -32768 -23217
-2598 -1 -22077 0 17704 -32448 -15494 27904
-28813 -15780 -11099 0 -29334 -26441 -31169 -16703
18646 -1 -31551 -1 -23102 13684 -8803 25087
-308317844 -1493665656 -697651805 -802929197 -1362107606 -601460611 631514210 -15838899

-11020 -23879 26321 31092 1 2405 -18421 -31676
-20248 -5106 9436 16003 27457 -28717 8302 28108
21819 -1 16091 21492 16421 32767 11865 -14322
-1 -16117 2201 3572 3012 -21103 6298 2303
26919 -22651 30286 18648 19826 -1501 -23539 -3658
-8392 -20871 21382 14451 5555 1122 -15511 31775
-8904 32767 -31011 -23386 27963 -31400 -1 -32768
-9352 9595 11402 30334 -24506 5016 4625 -8299
-18942 32129 13681 -26758 -26013 -26885 0 12100
-1478293724 318296988 -2249666060 -66402547 -1841935248 -395945496 1143226289 231938447

28733 -3574 -7928 28867 31799 6517 -643 -26988
-6418 -6899 -21952 -16911 18675 20855 12751 27070
24072 -29450 7437 -4676 7927 -6562 -29536 27251
-194 -32768 11301 -6256 -16010 -10435 9756 -32768
32047 17400 20198 -15375 -32768 32767 -15727 3940
32767 15437 -26332 11967 -27735 -16459 -10221 -16693
23192 -29677 -18584 1 21763 17521 -400 -24038
17963 -24264 -26178 21467 3311 -5325 -2818 21507
14491 16609 25665 -27500 -31151 32219 -7182 5724
-1570765995 -152380991 88910128 -180084180 3906563662 37853404 -881966707 -1536262005

12643 25644 -7105 27730 -6000 -6543 3993 12770
10645 -31429 -27524 16495 -72 -24956 -31702 -15561
-560 26327 27408 -8501 -1 2134 29720 28351
12236 -14615 -19559 26992 24961 -19036 -1038 22086
11551 -22763 -19059 -28254 -4046 1 -20740 -26055
32767 3070 -1 11152 -21443 -49 -24403 30953
-15390 -32768 32767 13522 32767 23142 32767 11280
11347 -1 -7445 12503 0 -24095 -4047 -7315
-11102 -17619 -16871 13471 -15932 27327 -32731 -31428
-714003941 1967992072 -2840004430 -762772720 1775942529 -101389539 -939104950 -128010155

1409 -20754 26329 -3155 25891 868 -6556 1230
1599 10328 26538 10023 -13183 23642 15268 -15003
-19675 -24890 27809 16095 7712 -25653 31450 16755
-10323 -7882 29448 -4432 -2368 16304 -16608 22447
30564 -16321 -28472 4808 30537 24178 -11399 -24059
13462 1 -24185 -2600 8528 3396 1318 -7278
-16973 -1 -17703 25890 30948 22290 -21172 24749
-22389 27930 -8162 -4438 31842 -21248 -30461 28950
-27228 -1548 3471 -12665 -2928 -22048 -24839 -16046
173270366 -715515919 -40098188 151425730 -919949721 -433362025 -380498381 1261580627

-32768 -32768 -28584 -7404 -8851 19398 5730 -1705
-12168 -25619 -20098 5135 31424 22933 733 -8215
16662 -22296 22144 6926 -10653 1188 13798 20635
29012 -28680 -7582 -29678 -18384 -21459 -14234 2299
1 -12137 28661 25250 -371 0 20516 18832
23540 932 29472 21201 -30812 16861 -403 12658
-12609 4422 -32768 -23381 -1604 29053 -23612 -21253
32767 -8639 32300 4843 -7416 973 9980 -31451
14371 -18472 23231 -10538 -32394 2627 -5112 11727
-163238439 -1280429894 1612407817 1722200818 751931472 1975243607 -777978733 1152746269

-10458 31048 -18949 17742 -32402 0 28945 30118
21431 12050 -27647 -3452 25700 1184 26791 0
16999 22287 5593 29357 -9105 -15057 -32768 -27224
14921 -30913 8253 -15843 -30159 -1 7524 -6311
2417 2177 -1 24838 -6034 6847 31518 -24220
-25267 -1571 32767 5103 -2561 -17655 -12600 6052
0 30746 22744 -4718 -30910 -3268 11322 -19019
32278 -17244 -29139 17565 27793 -32768 21572 31607
-23951 -15994 -2030 10702 13343 -32768 10940 -24932
-884344362 -89630147 231390106 -211976082 816895603 874006940 -295715798 642398737

-30433 119 -24150 31767 13646 11542 -18345 19686
-9909 -14295 -3760 -30810 22410 8706 -1 -14772
-27383 17050 1607 0 -9126 8598 -28152 1
11468 -26967 15922 -3968 6177 -1286 -16054 3869
-12422 -25352 962 30398 25337 11325 20684 28238
-23741 2368 6445 31724 -8166 -32768 6197 -9508
-26669 -29841 20235 -24744 32767 21429 -32153 1436
10540 17302 -16700 24692 -23706 -15616 8720 -12824
0 25298 2954 -18291 -3402 14673 6063 -25937
-1148268278 625443379 422571571 -800168177 -1721549629 -670162215 -271785712 173732516

32153 -20823 -13227 19873 7466 -4019 -23189 -31958
-22039 5297 -10643 12012 -1 7410 -28368 20434
21632 26338 -23707 -23834 -11090 -32768 -1602 -17106
23531 3739 -5770 -13338 26085 11496 14016 10668
-28872 23907 27795 -107 -6914 -11931 13666 -9484
24698 28772 -8651 2979 8477 -8751 14584 -1613
-7016 4711 1039 -7736 -25781 -21196 -11189 6718
27462 -5229 -30196 -19511 -14350 -27462 20093 -30514
-14994 -25795 3710 -8941 -2301 -4402 -1 -28960
754309781 -577424962 -213437906 -771009234 263374190 -1105511780 14784707 823109939

5699 -1924 -25462 19665 25064 -6517 -29171 -5858
10355 -27386 5043 19774 2277 -8188 -31146 1
14986 27268 5903 -8421 -19305 3829 -141 -7554
17658 24063 21196 16470 -6185 -29042 1639 14590
-29629 11380 28575 30060 9689 31955 20791 -7450
0 -5955 -15909 32767 -29783 -1411 17375 -26460
-24531 20749 -20749 -20821 -18914 -30969 -23996 20056
-923 -32768 -14362 6965 10296 -1599 16884 -24095
10418 -22638 27995 21752 2015 32767 21388 7757
-1014516349 369294559 -454134761 -224992117 2341007961 462303917 -3169571456 624186744

321 -559 15376 -3437 0 26672 32246 -18148
21999 20286 -10296 9370 -2465 18666 -27071 24486
13423 -11177 4801 -29907 10705 -818 -27802 27277
-15843 0 -20521 -15886 -6352 -15704 12149 -32768
-30802 -9968 -32768 4057 682 23015 15002 6226
29634 5396 11574 1 -4819 -12486 -22031 -14183
-32768 -27393 -13080 25598 -15927 15208 -20904 -6221
-5684 19481 16579 -32045 15104 29602 7921 14275
11813 -20091 -32768 -16024 8399 -9442 14915 -1519
-177064560 -598363497 346567864 1065739680 847853542 -367247807 -398010803 -544495053

-26354 15167 -1 -1 1147 26561 23156 28221
0 2410 32146 -6115 20123 -1 20965 1
-29530 6783 23596 17254 -22526 10861 22244 -4465
-29375 -18924 5039 11686 -10520 5430 -15863 -1
1 -20496 21983 -11349 0 -24593 -24256 23138
-7766 3440 -29302 -7382 -20976 31488 -20978 29074
-9877 718 -2610 -6659 11294 27614 -13268 15293
7697 22450 18349 -2886 19120 24611 -13546 30332
0 -32768 16056 30209 -12406 17998 -413 22474
591452001 -5862746 1043218770 1288799395 769126361 682824600 439462659 364808694

-11334 13355 25904 9673 -7324 27222 -11773 -13557
23873 14535 -24636 30901 14005 14349 -28131 3982
32108 23534 -30033 6759 -21282 23689 32767 -8499
-28727 -19233 -259 -31838 6692 -18269 -27309 11939
-12759 15336 -22987 1698 -1 -24710 -11190 -13595
19277 0 204 9864 14476 -23212 -22000 -19790
18176 -27105 -6920 -20131 4988 11432 25713 -13541
25494 28888 -22769 635 -14751 -8843 -1 1
19750 -32510 32767 -4281 3174 17610 -7838 -4803
762892794 -442073101 -1010376757 41946648 -1793190046 249848308 1180241082 -1386974507

14579 11388 1 -24981 16038 -16031 -30303 4599
22775 -9569 -16244 26066 -13524 4955 14151 -23405
14256 31405 16961 -11577 32404 23058 7510 -7793
-30979 24193 -4683 -20415 18300 -17531 7937 14517
-1 -32768 4600 -19874 28374 24458 -32219 12180
11262 -3764 22605 -8629 29633 15620 -1 -6695
1 -27025 -32768 28836 18218 10928 2115 -7234
-11428 -29056 19570 -15285 -960 29946 9117 -31544
-6691 3913 -3766 -2868 -2231 1 -11608 32767
485310745 -1104412850 -417970998 720835108 621282815 -435924092 -367273704 -1204355298

5324 5194 29369 -25560 -22070 4284 1 -20495
31117 -27885 16031 1503 -11118 -504 -16788 3053
-19494 24833 -10090 -20763 1 4307 -9757 -31881
-17034 -3073 20200 -24560 -25392 8704 -12067 -4750
-20924 -23892 27869 -438 -4961 -26826 8323 23290
-8073 -124 -8420 -7491 8191 -22522 22225 29
21156 30436 -9573 28605 15423 25416 26350 0
11298 27396 18922 -4141 21275 -1 -24460 -2553
14885 -5224 19240 -32440 23831 17028 -11956 -18054
1363342800 740590201 825122031 721001174 -731239819 -493062150 -470932763 1368970465

18851 20895 -2242 7579 26862 31769 -32768 -1
11526 -8048 7132 -3882 -21733 29913 -24742 -6323
-32768 -12081 -31416 -32768 19642 9888 -4624 25991
-398 0 0 -20180 -20786 31126 16326 -31321
-11951 29 -16920 13888 4862 -4074 20463 -9687
-20453 -5666 -14044 -29468 -15204 27803 32280 7612
-17086 -447 -7126 -24382 -8503 28362 18811 31440
-8879 -21526 11511 -26102 11448 -3635 5752 -13717
10794 7331 1718 31989 11519 0 -15252 -25325
1404478053 240635766 -1905892472 -345067793 275635154 -2089329908 -2160970936 -677324979

26698 -22715 14295 7840 -11256 14280 -5581 -31026
-4252 19129 -32768 14582 -4291 -17028 -18775 -30013
-26544 4830 4607 25770 29752 13156 18285 -17690
15921 -29223 -2828 -10107 22999 15352 21546 -252
30644 -31611 -13149 -17991 0 20797 23572 27742
-32768 -3686 -6669 -3668 9224 30019 4655 27884
-1 -1806 -17146 0 10330 7999 13688 16480
-29355 19539 -10384 30329 -17951 1224 26113 0
25812 1 -20503 11170 21907 9589 11756 -31391
1282261134 1189124503 1056439879 1268265652 465271537 -1080708460 298110989 -280544832

2794 -12511 -24006 -25547 4287 1404 21395 17450
-1 -9761 3221 29691 -24942 -4364 30490 -7731
-27291 319 -5204 1641 31712 -20977 -5331 -16224
1 -1 -24521 13874 0 2690 -28717 27991
-17559 -20192 1955 -32768 -9366 -23707 15835 -14127
32767 -17304 -18671 -8252 25384 -9450 3214 1341
-17416 -31310 27894 3721 14698 17391 -32768 25105
-31721 3470 22961 -2885 -18477 -23580 1968 -11572
23829 -5839 -1 19726 -6272 32767 24341 -3027
122785188 1421651958 -1586707156 -421853311 -1236757399 324398787 -554747904 -1406900094

-31761 -32026 473 -19762 -6513 -5096 17490 -18254
0 30724 -14567 3 12015 1556 -8442 -32768
3468 32767 11629 32767 2427 -18489 -25096 -23523
16996 -17379 -24285 -3499 -13949 4491 1 26127
32767 0 1981 27493 22344 -2653 24586 -24710
14209 -25012 -5432 -32768 -25554 30976 13917 6447
-13370 19385 32767 30209 18834 6539 27641 30401
12064 16310 4682 32767 1224 24541 -32768 -31216
14494 24655 21866 5687 22525 12067 -28283 -6691
-1932719753 1186425160 1997505193 -1167906212 615847756 -1354421188 690392669 2325051654

25820 -32188 -5618 -3882 4201 18638 26907 -13518
22680 -23569 -19151 -3781 25008 9914 15423 -7223
28974 14033 31216 17320 -19777 -25019 -19806 18355
-1467 -4011 -32768 -32768 -22880 30646 32767 3768
21172 -21046 1 28960 3085 -23500 -32637 -31895
-27953 14805 -2986 -3956 -13577 -26592 -14447 -23362
-1 27522 -29513 -9209 1 -22364 -1195 -21164
-4287 -2911 -29390 -11280 -5707 10534 15682 -11875
-14685 -9865 -6847 -11480 -6735 26489 4768 -1
615114067 241712315 -1600471846 1783758528 -1234609973 -351515825 -561778341 814654762

0 -3200 9725 15264 -10675 25061 -27044 12837
8351 -4369 -17366 -32768 -1982 -9534 32767 29792
-13647 29606 1468 7978 12025 25469 7615 28592
7112 -470 -21305 -11597 32767 12370 32767 24402
-936 16908 29544 -32610 -13485 28624 28873 17819
7009 -7113 -1138 -6689 30057 1 27475 -26996
-20497 -12410 -5271 -15655 2245 28955 -5809 -17394
14801 23861 -1 9455 -22644 13035 652 32043
27836 -22811 -7904 -1 -32768 15813 -1800 -32768
370237913 -651606495 -2008734967 -1359590463 -386582650 216616573 718931704 -235331763

27105 -2239 -20186 -4308 -20087 -1079 -18051 -16028
-26651 23369 -11391 12893 -30026 -14667 26562 5591
16157 -1 23938 -14429 11658 7950 16347 -13783
22749 20610 30198 30897 -15602 -30129 -32013 7742
3419 -27023 10033 20804 25742 26358 20331 -32768
-25344 1 26030 9204 -29464 21279 -14563 -27404
0 21767 -19583 8505 -1336 3524 -3514 22250
-21020 20891 -26420 -30540 22115 -32768 -2904 -831
13197 -16104 -22562 -29352 -4700 15083 24758 14747
370509258 -189506905 363249260 -2679413794 -60009103 -1497171125 142209948 196336283

16515 -21879 22884 -24975 14756 -16645 17142 20145
6008 -32768 -9420 1 31985 15238 19955 29934
29706 -14016 -24093 -30663 -29563 -25627 -6804 16426
20187 1 -32768 22890 -24885 -26969 -11151 32767
-19995 -30150 19253 26479 18062 -18296 26100 7938
-32768 -2085 -8668 24344 30698 -32063 29789 -32768
-5430 -26462 -15124 21298 32767 27400 13523 -1047
-224 -25819 2689 12456 23271 -15198 14192 -1345
-32538 -4994 -3588 -32517 -24649 0 -3285 2313
-71533790 -782791567 975979396 -557780675 -641519141 -614199641 -1183968135 -901789870

-27967 -12212 -15068 22910 -1 -31986 338 -5598
-23146 29511 -16529 22390 -3934 1 -8665 12944
-4029 -30837 -25965 31663 -7448 24962 -21116 -12614
-28241 -29013 10726 -6798 -3812 -5096 -11576 1
-23249 -18202 16240 -30518 -18212 17946 -7109 20529
22145 5321 -26444 4990 10395 26401 -10977 12269
12023 -27913 3546 23326 -1 -1 -27412 25222
-31380 7362 -29501 9890 -16485 8732 20274 -10112
32079 15512 27325 17472 -18200 24290 28740 30420
-2035534297 -128835277 -1012578664 -1568746661 69939669 667367077 436571953 -738561421

-1 -6411 -32768 -413 -22797 19197 12078 688
-27045 -25423 -10621 7308 -2585 702 16963 -13194
-26879 -16030 -29424 462 -2173 -17185 -28420 -18863
-24443 16684 29910 19506 24516 21300 -24735 21675
18838 24794 11629 -28732 -19430 25309 -2929 17376
10473 -14586 -8619 32520 -6113 28769 -26808 -29288
-7928 27139 1 16159 -29693 -28306 -24964 -21440
-21849 -5579 -964 23629 12849 -30410 23866 1757
13219 -18778 -7044 1 32767 -22086 0 -25694
-837461795 433506440 945972098 -1071104181 -1940601946 389912318 -411312114 870268661

-32651 5935 21107 23716 7210 18766 -22461 13873
-24104 32767 -25720 5857 -19477 422 11288 -23686
-1 -4571 28533 19273 -16364 -25817 -12791 -26242
-16256 27194 -24180 -8321 30448 32767 32767 -31443
-1 -2537 0 12823 12576 -16088 -17697 -32768
-18166 20397 -31754 -9054 -25689 30954 -12831 1172
8773 -14317 -31001 30496 -583 7739 1373 29630
-19338 3918 1 32679 15185 -662 -7810 6492
-5576 -1 -14175 612 -6487 -2266 29280 9547
-717129067 732310066 -853048316 815740551 -868273571 277845304 718523193 -135892536

28202 -1 17943 -32587 1355 32767 -29623 -2660
20350 0 1853 -1 -17121 -9734 22664 23745
-19956 7243 -5389 -299 11446 -1194 16240 -17954
-26402 -31891 23566 -7284 26117 18392 -14891 27041
-14825 -14067 1 -1421 -16174 26981 30405 -16738
16057 -25191 31253 7396 1650 -23068 32212 10778
-22250 -15068 0 29481 -25436 -4989 30918 -24994
-1 32548 -26410 11373 -2559 20896 -11203 -16513
-1071 -8265 2383 -14782 23538 15065 -16203 -4809
1512565380 -1048415674 27719716 1458741653 -233245085 -726289363 -1342061433 15438859

22544 14382 28682 -32583 12228 13848 12904 -24902
5026 -16192 -18777 32741 14344 4449 12149 27080
10717 -872 18891 836 14678 0 -11830 26598
-23070 26659 32237 1 -18015 1 18320 27800
-10323 15249 -5662 27397 11650 27439 11034 -4857
31232 804 -10253 -21436 -1 1625 -13230 20943
-23173 -23129 22516 -32295 1842 14536 7457 21152
-1913 22707 1 -8424 -20807 -27982 14319 24899
4449 -29487 -10813 3803 13396 29366 -7561 25907
-930071995 1759868431 847451026 -896909735 422418408 834896886 1155766848 -1273777081

3263 13983 0 -20669 -15905 -24796 -2984 29171
31276 18051 -1248 -31220 13939 15628 -26217 17167
-1681 18141 -4992 19270 -31033 -11731 15414 28408
927 32068 -20773 30038 -8262 30021 187 -25822
-519 -1449 -13445 -29696 3086 -18276 27602 8666
-16377 -31120 30052 14252 32651 -4290 -12497 2231
25916 -31398 -1208 -32588 19409 -31415 -1 0
-155 14578 31105 -13946 13490 22114 29948 -598
-24255 31571 23482 29979 4166 -6392 18935 2947
-135622024 -1641613223 1395258892 1103781746 -561270868 481066195 -2343537107 1256471765

6616 -1 -17114 12232 1 20310 -23313 -9726
19107 -15854 24489 21115 29488 -13229 0 6708
0 -13423 4870 1 27126 1076 -28093 28205
30719 7768 31961 -15587 -29998 10221 9788 10410
7617 -20822 1 28961 32767 -12203 -8128 -9403
-1939 -10147 548 -30100 26654 19997 4900 -9119
-10485 -8329 22345 -19561 28008 32767 23104 -8404
1 13880 -18916 25026 -15816 -27195 -12320 -13192
15038 26183 -4642 32484 79 27801 19638 -6110
742496256 38011749 -1065994519 421046619 71294158 -565164246 303336140 345553035

-30522 23446 -32768 -1615 -20731 23136 -14564 5761
25911 -25046 -18980 7129 708 -31754 27509 -9976
12875 405 -3913 -3345 -13147 -24332 30324 30130
0 -25766 -8190 26105 4734 20489 -7275 -31883
19439 8121 26079 -669 -31386 -32309 5764 -8744
-26665 -780 12310 7277 2185 0 -23298 -25994
6220 -29008 -6810 -21444 0 2621 -30296 16552
6458 -27481 1643 -9046 4609 -23187 -9413 -30906
0 -7516 -9296 -32210 18095 6559 8296 -13367
-240798310 301159356 -407594641 14825188 -897064539 -149244285 516646067 748992104

32767 26438 21491 27849 0 22945 25926 4373
4287 17339 21884 4111 -32768 3691 30107 18912
-29592 -24737 32767 -15327 17255 0 30849 9427
-32768 25641 2305 7732 16902 -9690 32751 8890
-22818 26042 18830 2635 29009 0 -11322 9297
32259 -4810 -32510 32767 -16353 -14320 28313 -32768
-11454 16697 -29234 -8547 -20769 -21054 2701 1
88 13697 -10747 32178 -29494 4367 -21765 -1
-16966 8854 11106 26916 -7555 -8436 13216 5309
838710113 1149204528 561792046 1450765600 578318922 375576309 157663010 764862705

-26095 21896 -1301 -29713 11456 -16416 -32768 -28150
12016 -25040 30184 -6477 18815 7005 1251 28475
11109 17350 -11384 -1 29508 -26100 9784 -1
12599 -30740 -28911 15338 9636 22232 11001 -16375
-26150 -21522 29413 -11180 10942 -9185 4573 20065
32767 -31978 30072 30366 -4012 -8765 30676 -27094
27475 -32768 -29531 9596 1 29956 -23520 12395
27733 30075 -11472 2516 -28854 30984 -4317 0
-1 -22078 -15924 -10169 27858 -7109 -28839 -32768
2142732972 -356760963 523675332 1312782324 -298746592 -127985748 1155298923 -1406510684

-571 13047 -5400 -7756 14665 10671 32767 -26676
7632 13081 -21266 21167 -18795 26969 -11628 -9861
-31973 -30102 31098 13156 -9477 719 13874 -16551
-19838 -32768 9516 31846 -23799 14971 16382 -8469
-2735 -20610 14887 -3699 30650 32 32349 11101
13479 1 -1882 1 -26222 -19609 18351 18392
-17073 -22590 29667 9084 17510 -32768 13543 -8517
-12849 -30243 -31883 -16384 -8477 -23453 -3446 -12302
6917 0 -24815 -32486 -32306 4000 5483 1942
78785988 525036056 -1067270865 -505797940 -1059296377 1044931316 -1788417175 1371811796

1 -12842 -1791 -1 -27804 -22575 20357 21638
-4381 24415 -22414 -31662 -15532 -26485 -27822 -31848
-29923 21987 21938 -24246 26187 -31672 -10150 -28888
32767 13199 19415 -12291 -29780 -19662 -1 21960
1 25065 -24524 -14831 13173 -32768 -6632 -16411
-5676 24087 -10335 6169 -7429 -16845 21366 508
1 24453 8927 -19969 -24775 -22566 11714 4482
-32768 -9231 -29746 -23742 29167 18096 -24105 -6985
29136 2972 16382 28119 -15218 15745 19414 22402
880117602 -2746808915 -2870266604 1601914997 -1957054485 184378506 6982895 -2920457576

21280 14054 2024 22590 550 -19222 26422 -30912
-6560 -28367 13587 6787 4965 26147 9172 7815
-2314 6187 -4123 -5118 -30495 0 12335 -29870
-32768 0 -13297 -6445 -28770 17074 10398 14147
28558 -7019 28871 1 11249 21815 15109 -11154
-16595 -1147 3394 -16706 15113 3501 13161 -22392
8149 -25198 1539 24982 30007 3662 -13193 -9078
-12464 -1 3520 -4495 17119 32767 30838 -777
-23766 -14618 1 12838 -23787 14689 19193 -25404
575801678 901195623 1619791651 1471340483 50139848 710074081 -187185443 924248204

-22257 -22319 367 29803 14624 -12811 16611 3456
-17748 4742 -19398 -486 -6697 14970 -2682 31147
-5889 24163 27869 -10535 -9276 -20196 -5995 -26366
1 32758 30758 17090 -12161 -32394 -18719 1
6075 26981 32053 18369 18472 0 9664 -16138
-1367 -21456 10756 -5917 3943 -26633 17711 -6077
-22755 24030 -31753 -5219 -28091 -32768 -4586 -20910
-1446 -26486 -5543 32767 13503 18622 9149 -4592
1273 -6514 16529 -1 26339 -10502 -6737 -27226
436810440 -1537658459 1021769616 440973439 1222565737 745503872 -505906424 302508284

-10869 30455 21696 0 21444 4721 -27133 7759
0 12006 -1 -24563 -3719 -10592 -24728 -31812
-11647 3975 -32768 7476 1 20029 1040 28195
21554 11438 8550 -24766 28355 2881 24184 -2900
-5208 -22976 -1 32290 -7786 -28003 -26530 -24592
-30164 -32768 -28154 -21852 8040 5894 -22431 31053
-5869 -22545 -20526 -13595 32767 -8664 17799 -7282
-15162 -26949 -7382 -1008 8111 -10500 28871 8878
-1 5879 -29635 19583 30277 10745 1 16269
362286025 -1154389679 1814810237 171155384 -439448726 1025740102 990059659 317827197

-1 6198 23472 13767 -15108 -29975 4239 636
-28213 -3188 10362 1 -25728 -11917 -29139 -6145
-10130 -11551 -7618 1 -30260 -11971 25751 -17685
-32271 11249 9071 31689 -19538 -20933 -21929 -24133
15636 -4269 27782 32767 -3456 -1 -8048 -28241
24353 1 -12248 -11568 5679 11297 838 24078
17819 -13559 -11421 9535 -22647 1 10010 -873
-21111 96 21897 -30582 9430 -23417 -22779 -18426
-17918 12699 -27605 -27983 906 32767 -1249 -613
-1956023253 -194667282 -195901313 -1077505602 -1994019168 584976526 -475460539 -88219727

-22308 31609 -21544 16586 1796 19224 -4136 -23133
-2084 24366 -29373 -15756 -31943 19116 7260 14726
-19145 -28293 -30623 -317 15994 0 -11713 -16532
7869 2727 31212 4823 -20632 -25031 -28539 0
2996 4607 -25074 -29087 -20979 -11641 6364 0
11962 10103 -27808 -14220 11156 2777 -1 31863
26370 14359 28743 1 0 20232 1 3302
-7735 23044 26835 -29774 -2533 29475 11024 -25828
8216 32163 28543 11941 -12298 -15675 -19967 6233
31452888 -219955969 -2011005362 2316767238 -576822543 -522406100 1202332626 276061560

-7973 -6880 -27473 8227 -1 2538 12199 27729
-24437 -4522 -8866 -24126 0 -20688 7338 -16948
-3947 6655 22160 -20647 21814 3784 8952 -28106
16113 29032 31808 -11789 8567 -5556 0 -11607
11941 28582 -25413 -11011 -31013 24916 -10568 -17809
29462 27620 32165 -31712 7505 -23195 22225 -7648
22649 29835 -25989 -32271 17852 29319 29741 15141
22029 27861 -17893 -19388 -6145 3757 -24256 1428
25948 32767 -9749 -24137 6394 -17615 -32768 1
-807483553 10450834 177422742 1496481300 1468997259 1849650922 1220745141 2816288243

-22023 -2407 -26431 32767 1 31573 22653 31547
-32697 5585 527 13131 -1 -22541 -32289 -5914
-3 -12292 22315 -11593 -19755 6242 5657 21555
-7973 13364 4122 -1 14837 23288 1771 -11739
22007 12497 23743 1545 -14923 9106 -1 -30654
-17107 20031 27862 -29735 -19730 -1209 -32768 26544
-27994 -26484 15355 6495 -29277 20852 675 -25977
-26327 4157 -76 -338 9012 -5598 -5318 -6414
-28612 -9738 0 13211 5888 -1 28672 -19908
1107889734 246575832 -416612909 469786725 -208593645 -1682556558 1508770853 736602410

-5371 -7813 -31298 31956 20392 10728 0 12289
18089 -2867 32767 10645 -32768 -22245 -16973 -32606
32105 22038 -32768 20532 -6444 27327 -14540 30058
28027 8266 29640 -26819 18627 -2173 12840 32767
28647 -18792 25095 -32768 27622 -16866 23560 1
-14855 11247 21720 -26207 29720 27932 26064 -5955
-24906 21063 139 2117 2560 -6736 -12066 -13756
30013 -23680 -25689 -946 30213 5178 11771 -31495
-10217 -6298 -4805 30398 -19589 -1883 1899 -1
806195158 650962894 361903124 -1632517440 -1755585763 -1405344602 125130969 -642035051

-25987 28634 -17124 3588 29825 -16175 11445 6343
17178 13634 -5002 14960 -14740 15207 -7845 -1
-23013 -23291 15389 -28052 -28334 15457 13768 -25107
20263 15984 21020 -30054 1 1 -20758 -29930
-32768 -10505 8869 -729 -9022 -15944 -3055 -5882
0 19260 27699 -93 -32768 -20922 -1 -20096
18295 27766 7476 -8214 -26524 24851 -13547 22826
-28204 -1823 -27336 16744 -357 32767 14965 22536
-2297 -9968 -3144 -32768 -22155 6340 -20587 19866
-1162395853 -65382341 1099370141 545589720 220824595 -81898901 1404404670 -24498920

-6473 -31647 -11159 -1381 -9551 6973 -30046 -9160
14575 7175 1992 27716 -5401 27882 -2589 -7976
-11676 18659 15368 29177 -3154 -11408 -25505 -27466
31384 -17198 3186 -25170 -5411 -26010 -2957 -27699
30363 -30047 -9674 -1892 4992 -24156 -29440 10936
14026 -29645 5069 -3520 -24913 -19213 -12137 -23192
32159 21706 11579 32767 -17125 -29438 -26967 -6902
-17620 7205 -17627 4625 11638 22116 6554 -7085
-28821 10135 24367 10493 31965 -4337 0 -7539
-687068574 -241420533 1361974338 -1116630026 -1253310134 -1156287234 -448588446 529367104

13385 27797 -32018 4393 -1366 -32566 32767 16957
17822 14227 22727 -9474 8202 19274 -26321 8747
-3913 -8831 31384 29758 21818 -25074 -20002 15366
-21376 24294 -2003 -17848 -20144 25056 10025 30174
-20396 26164 9523 -15184 10099 -16141 -11486 -24146
23256 -17223 2798 -11430 -5115 -16119 -25059 -21172
-22732 -1 -26979 2325 1756 14047 -17186 -800
2531 20477 32767 32192 -27008 22524 -20824 -10502
11895 0 15932 -13932 25774 3369 12788 -14463
-383246310 519302667 38715089 -780505634 528906731 280067839 -848239149 -630976577

8639 12344 13498 2511 31501 -6935 -21537 30294
26003 -29681 21527 -24985 -19442 22407 12215 -21978
9777 5534 -14057 -4759 -5421 21746 0 23992
3501 -553 15387 -1418 3831 3373 10624 -28098
-18383 -1 -10378 -32436 0 -1445 21000 32767
1871 -14428 -9472 -12217 0 -32768 -14973 -16505
-10515 4764 -29897 26942 17369 -13410 -1761 -25886
-26020 13643 23059 2538 -28785 -23227 -13277 8988
5629 -297 10728 -4496 -1 6911 1 -22309
-545329818 1143653996 -460961398 841474312 -809944936 109864415 -17674957 -275572028

-28805 -6620 -22417 4996 -13598 -26413 -15825 27543
-32768 -18169 14409 32767 -7065 -25900 -8363 26575
-26791 28890 10473 19849 -27879 19583 6718 29658
-17825 26618 966 -1 5255 -8057 28775 -11620
9684 32767 -25792 9444 -24461 -11785 9127 1
5253 -1 10827 -26077 -26003 27786 -4834 -30346
2227 -18729 -32768 -24879 -19187 26287 10204 -3401
11349 16244 -7094 15065 16072 -31154 14341 0
-27565 28233 18824 -6557 -7367 14569 8791 -15801
-706588064 -372053613 1702260344 1541515287 199466513 1263346946 -376087844 -532750313

22963 -9613 30396 17780 -13280 -7604 32767 8060
24995 15973 -15079 23762 -1 23356 27967 -3245
-1 32767 9674 14540 -22668 220 23769 32767
-1 8345 10216 -31639 -11286 19576 1 -1247
4908 10813 -23662 23080 31619 30618 -15198 25977
-21135 -14572 -7389 -29318 -30134 -19493 24761 -14368
-20938 26032 25779 18195 -22326 -25766 26145 -11700
18844 -9041 2537 -16634 -1899 -25316 -2635 3496
30194 -13748 28592 -11247 -27750 20306 -279 -10413
1615657521 336994322 -51773284 1256863939 -1458546037 263758231 -246776156 455853777

-3357 0 5440 6603 -13831 -18620 32767 -6988
23747 11810 32767 -32660 -18705 19825 16115 1
-18308 -23921 32321 83 8826 727 9811 -17541
-13955 -8656 -1381 14356 -11005 4667 8076 -4952
-16048 3503 15120 1478 15865 -6866 17002 20952
-29166 -28258 -12331 -29696 32705 4780 3291 19438
22608 -3914 6153 1 -12224 32767 -19776 7910
15460 -20732 32767 -19202 10840 -27568 17395 -17308
-12937 19734 13495 22989 8686 10956 -30429 14088
-1151012097 -818404651 -258155315 -38854338 355160732 -519265004 679356724 -1589401748

-3198 20331 11040 11091 -12762 18565 8753 -16410
-11062 -17013 23160 -19307 32122 32767 -4472 -12569
11722 1 22772 -2476 -1 10484 7766 9425
-9807 -12406 -14922 27877 -11172 -28168 -1726 -14877
-32768 32767 30759 -25313 32767 -17554 21185 13708
-598 13377 -4512 -17153 29696 -10818 21602 -2356
-12985 -1 -14345 -25189 27662 21406 26596 32767
-1 20740 27306 -18887 23779 -224 0 24751
4730 -7720 -23601 -587 6103 -26042 8518 31320
-1439906679 -1545280075 -392239863 569916165 147868351 583630503 1156104260 132678198

22842 -24480 12847 29910 -32139 32767 32188 11554
0 6262 27043 19298 -15265 -2160 -6607 -14812
-1871 -21433 1 -31327 -26414 -894 19183 -20668
-2497 10282 18490 -28793 -21265 -13182 32767 -17915
13684 -32768 12238 -1 1123 -1 -4659 -27467
24701 26754 -6078 9258 -16833 22328 1 27576
31499 -31052 -8271 11463 -16033 -6730 24533 1
15067 -17233 0 -5885 -32768 0 -21057 -21483
-18820 -6390 -17330 -18414 26993 -1 -20367 1736
-2549936536 -1167217590 -390564879 -1081404730 -182691205 -1107519880 -1394566066 -558008873

21153 28034 -1951 -3571 31875 -19357 -32479 6760
0 -14748 10725 1 -19818 2063 4627 -17476
20352 4517 2673 0 -32768 -24552 30543 -28726
-3847 32733 30446 29654 -5108 -11159 -27035 32767
-18835 23727 -27255 25253 -11859 20857 -13706 -26581
5231 -8028 5041 -24382 459 32767 -29851 -24658
-30911 -27219 -31036 32056 20553 -28556 -14201 -9483
-18167 32767 -6855 -25273 22449 6951 26828 -4752
-21020 32767 -20130 25229 15513 -23131 29707 0
400504878 -916818335 633325238 664438617 1285549320 -2727214571 1748858169 1940372414

26686 -31204 -23232 21580 28465 -6870 17544 -2404
-11447 -12289 6661 2475 -20120 31484 8508 -8739
-15364 1547 22892 -1300 18832 1968 -3241 -19582
-5197 -29378 -12343 20206 -15979 21147 -23717 -21933
9979 -22868 23745 5283 23396 -23593 28119 31401
6273 0 -10974 -27420 20413 4411 31587 32133
1 14674 4091 -13605 -26879 -16832 -22662 31068
-32727 -1034 32767 7423 -10114 5601 18858 -32402
-32768 32373 -26434 -8129 929 10999 -1701 14390
-1559478121 -31557932 -278161924 -676260301 -1571653025 783574881 752973008 -333712536

4340 -10779 1651 -29036 -7415 7910 3211 -29854
-24711 -1606 1022 -9796 -6491 -11934 1 -32243
1 32762 -14264 1 4829 -18847 32767 5281
-6884 -22138 -14737 -25214 -27978 15315 -21139 6476
32767 19745 -21673 1 -25661 -12575 -8436 -23169
-24091 23192 18185 -29048 17075 28708 19849 -31539
29662 -28951 -31440 24444 -28770 13516 -32768 -21857
-28425 31188 -20755 4311 -28511 -31829 19530 1
-23753 25614 -7912 -26965 11848 -17765 29401 7199
41825297 704901561 2345403351 -785473760 -596573430 1854511179 -3558230791 2323848488

9916 -25731 20347 -11320 -4271 -10404 -13183 -5541
-13740 2429 -5592 32012 5485 27716 5665 15087
32767 3203 22869 -16741 -1988 25144 -8997 -12070
-31652 -12372 -16703 -19576 -5029 28527 -11051 11050
0 3230 -31920 15788 29552 14738 -1945 5352
30854 32032 -30635 -16689 1936 -16664 8641 12701
-11400 9627 -10629 -8701 -18909 -7991 -20822 13144
-18544 11297 22140 0 -8292 8915 24765 -4886
24235 32749 -26669 29524 -28103 20819 -24178 12734
-1327589565 1318837694 438020433 -161630987 1014687806 1672518649 1101417110 -912255080

-12963 31887 -32768 -19257 -16721 16602 1245 2494
-8156 -10615 -24195 -13882 17046 16164 -28577 -9962
1 -6179 -28010 1228 -12417 21823 17803 9988
-91 800 -20545 -6984 -11286 18525 -26600 -27227
-21048 1 -28760 -632 22802 12443 -32371 9084
1 9340 32254 32767 1 -30594 17410 -19387
23719 -20942 -5499 17138 -20432 -8263 10116 2057
-4431 2929 10462 -9264 -2864 22895 24360 -5780
-12008 21828 32767 11392 16325 -22816 13322 15843
-1037058885 -1713760915 -1343911157 -2126837526 -895797940 2256846802 -704558754 18238786

7663 -25980 -568 -16215 -25496 32767 1083 15756
-23456 -19269 18107 -31649 -30156 6844 23072 -5576
-12725 1 -3639 -11047 0 1800 32178 0
-17830 -4000 -29975 -12801 -31220 24713 -5431 -7508
-26094 -14799 -13912 0 26470 13055 -29409 30145
-20164 0 -6844 26141 -9479 1545 -20571 12791
-17065 15165 -11795 13685 -5882 8264 -1 -22565
-16242 23443 14367 29706 16372 -26575 2734 -31479
17786 -3682 -16510 17766 30616 5425 -26294 -4865
-754699435 -2673117986 -1198834976 -677366057 1327922870 415616762 53061447 353693604

-23628 -30916 -12643 16272 -19487 29609 -1 10785
23599 19679 -22053 -25294 1212 10507 -1720 22117
5146 -17844 4247 23643 17655 -16329 -25111 -31729
10744 15813 10697 -1 -10625 1583 17771 1
1 -25785 -14516 20918 938 -11695 -13858 26854
-28022 -769 6576 12115 32388 -29263 11021 -14314
-32365 -20026 1 -1 -18786 -26763 -2301 31175
-32768 18207 1947 18700 1 1 225 32767
13525 3423 14414 1444 18900 -24696 1 7558
-1602148737 -37274292 600983979 113744674 242220032 957288744 35229344 -78150366

30023 -1 6022 4788 16627 9501 -18754 7794
9919 -5584 -29713 -12484 11007 -26177 2741 31825
-4341 25120 -3358 -7810 24193 30591 12583 3910
-5203 1 -10328 -27394 -32472 29931 -15496 15278
11765 9682 -3391 -1 16317 -752 -6092 -31360
4091 10975 23460 -21289 -9801 16927 20009 -32768
4430 5311 -25280 16620 -2048 13034 6750 -10376
11195 32767 0 25450 -5472 -12727 25376 -23992
-29135 22937 26723 10517 -11919 -4867 -32768 -3525
-320823098 -1548174187 -332566387 282792069 -91981134 29854155 -731649509 73282113

-22886 28763 1 9175 15653 -28956 -16079 -12572
12830 10180 -21090 26391 -25527 26956 -16200 -13589
21343 -6264 21706 840 -32768 -830 23182 23812
6861 -12579 -22827 26816 9284 -31173 -25036 13077
-20542 -22260 29761 -15676 31574 -6446 30698 -8216
-14021 -1 -23332 27954 32767 1 -14446 15538
-30650 31419 27177 32767 -15832 -21144 -23825 14580
31914 7636 -18502 -14923 -20252 -23326 12471 -23973
28718 25699 12568 -28206 -20663 -15805 -21804 21363
39385228 -215028092 1394496468 -43392487 -1741183524 -1514549325 836835091 1304210441

24482 9244 7258 22777 4934 -32768 783 20499
-21264 -5254 12526 4094 30998 -19077 32767 -28308
23054 -1 24555 -22842 -18422 17834 4898 1341
-29736 2181 32767 -7201 -15225 -6741 14898 -32768
-20527 12312 32767 1 -15778 -11215 -21130 -16927
11210 8538 -6181 -4842 1 1298 -14800 32767
-1733 22832 29667 481 -16468 24620 -20775 12767
-9338 27320 16136 16441 -14390 18974 28598 706
-25548 18156 -19923 6689 23626 -25336 -1110 -7544
341389293 1618568118 -2133634831 140058272 157674016 -304249977 -1215125042 -334687783

-13919 -25611 -32768 -29560 -9063 -22640 -13186 -20830
-1 -11979 32767 15887 -1781 -30294 -21816 -11532
-19755 -31558 3083 27914 -2687 25437 -31541 20244
13589 25551 -32768 -8529 25781 -16589 -11048 -32768
32767 -22910 10830 -30999 -30677 10801 -7931 13963
17267 -17570 -19764 18605 -14435 -9670 -22954 -65
-20281 18802 32767 -32250 -30334 26107 -9581 0
-7925 10946 -26261 0 -3982 -28790 22212 31023
-22608 7076 1449 -1 -22236 -19291 23458 25493
-116057226 -219018434 -427009536 -1521660064 -243498785 -575945644 585193022 2174420184

-11740 -30537 22126 -10886 32306 -24536 21365 2051
-1543 -8429 31702 -11812 -2136 1203 -5370 -18450
-1389 2949 -6880 28898 -17421 -29934 26435 -9620
9623 20608 -21470 25217 29637 -22295 15255 -30891
-23933 -8723 1 27215 6378 12285 -25709 30544
29024 0 -10815 12453 23710 25039 -24032 21445
29320 3185 -19413 -10484 -7686 9222 -32331 17353
24102 -25742 8975 5080 7430 30627 -14883 -21178
-8545 -1518 17681 6789 29899 -9475 25819 -64
2213865583 293581632 527830781 1171283321 -188910725 -504880601 -1822838204 -424650179

27050 -1967 18165 17470 18532 28428 -802 -2697
1 -12040 19875 -11259 -20756 356 -1 12999
-15179 12493 18691 -4087 16055 -31905 -27956 -4309
-15551 -32768 24347 -1 -12913 5859 0 30454
29479 6157 -5119 1831 21835 16842 -23334 -16356
1 -15863 25294 -28898 -30199 -32343 32479 -281
5874 29659 -18700 -21765 27768 29173 -5463 23356
-29867 1 -26485 1 22001 3816 32767 -26169
-14198 9154 20822 21803 -28833 16285 1 3170
277134754 703590952 -366226721 992039781 -836016628 94548195 -927333643 -782522283

-674 -288 26136 -1050 15899 -31873 29087 -17555
-17053 1 23573 -20935 15162 -26504 -32768 31765
16582 28421 10032 28361 -1 -20553 18530 31064
-9305 -32768 -23094 27849 7705 42 23577 -30378
-21246 0 -19262 8064 32767 1 4961 -12140
-28709 15220 -19726 21450 11864 27157 6788 -188
-23785 -8048 -1 -2714 -29409 -21797 -156 32767
-19645 1376 -13331 -3489 -26151 -16076 -15115 -6451
-16115 -27499 -32768 20318 -17871 -18105 7282 762
-367612866 -928532626 -270521623 2383700694 578679018 471901354 1493532329 1288098666

-29030 27877 32527 -18159 29017 15675 -1 26261
-27080 26504 -31364 2582 8121 -21983 -17840 -2419
13524 1 0 16486 2890 27508 14182 -5275
-24154 15376 -18559 -32668 -7242 30569 -741 12599
27781 -24698 -5823 -32279 -14387 5516 -25912 -14599
30697 -1 9244 -31582 -28824 -7469 -13810 -9891
-23864 21465 32301 -3896 -1 23158 26384 17582
16576 18967 -24137 23105 29681 32767 22860 -17378
-14911 0 2723 -18509 1591 16433 457 -31715
328427532 -9164953 123619015 1005178582 686273703 290784517 350900972 406732640

21215 288 -17918 -25845 7190 0 1 8558
18094 -1 15711 2883 2391 -27329 -16054 28801
-6433 1004 32645 23583 -3803 -14728 -6380 0
32767 -30439 -6035 5773 29903 27207 6904 -17045
0 27352 -15947 4172 -6500 21100 5412 -188
1 1655 1051 19912 24828 9778 -21591 -31911
26249 28946 -12761 -19763 -12757 -1 26970 8098
2754 31031 14627 -25881 -9406 -15473 -20269 -31712
23054 -28604 9845 -22433 -29817 -5738 1753 32406
947178904 1497872035 -197953037 -150821785 -956831691 -2352014896 784967801 -793476573

12401 7998 2086 0 -30791 27006 30149 -17912
-26972 -31203 -4117 -14265 -6825 28408 -2843 -21364
-29899 -7631 1 23291 16746 16258 14129 14729
13461 -5191 12055 -10161 4538 22103 -4204 0
14925 4232 -7155 31879 -24280 -969 6461 -4770
17646 -9331 -17370 1 -32222 21575 -32768 13327
-25475 -2567 8495 -25564 23828 11251 11231 27742
11446 -1 -1 31207 -2016 29475 -32548 18011
-13632 26869 22118 13143 4967 -29856 1 -13538
-624721250 -1342081838 -92926979 -827261990 143897840 -1860084996 -462908910 -879811796

-20197 32499 -1 -3547 26052 -13157 29933 5832
18934 6914 28020 -212 -11082 -7830 -7673 -1
-24640 -635 18024 6597 20865 -3926 17841 -143
-15370 11162 -23072 -8653 -11634 19395 18739 -13768
-27614 -14752 -20677 25441 10449 -32268 9168 30191
-14289 245 21998 -14103 28704 32767 3202 -27932
-32768 23990 15544 -6369 -6741 25971 17133 -5025
22548 8269 -12521 27706 -21019 11139 -3085 -24728
-30199 1 19468 -16117 -23905 -813 15369 -16508
418798435 130500383 769643094 932088967 -559711496 884573174 1881143546 -517015566

-21771 -26577 3137 -16860 18475 7767 -31719 -7145
28716 11525 -27159 -8404 -3308 1397 -8958 -24052
-6413 -1745 -20105 -14996 -11073 19205 -20097 8529
36 8817 -17076 -23173 19401 9386 -541 19477
19058 -25954 21260 -24863 -19351 1 1 -10515
17014 25014 10943 -13676 17661 -17862 -3699 31413
-10681 -18862 9214 32767 -2966 -6290 -9924 -18983
24907 10841 1733 5653 -16558 -11898 24467 -12867
-12639 4330 -6943 5307 -21885 24659 -1 14558
-267955065 -412369220 973597279 123707359 -362367080 -624940997 -203292424 -368252996

1 22158 -22425 32669 13011 30352 -12618 -19555
14918 25160 -8993 -21117 -7669 778 7113 0
11333 -5275 10254 22636 -26890 -14758 -16944 7461
-22431 12034 -31048 7896 -4171 -7558 12849 1
21913 -14475 1 -20009 -3631 -17117 19790 3710
-32768 11987 -8961 -23066 14813 4383 10698 -4154
2252 6732 11622 17355 32767 -25313 -32768 -32768
-24859 -27765 -17090 11362 7768 26387 -32028 -14758
32767 32767 -26215 30815 20388 6842 -1941 -3670
2889845603 733428137 -16478906 554866298 -616054036 -830320910 1203225621 -470954182

-6707 -31084 -8470 -25862 0 -10161 8329 6968
-22966 27135 25478 26854 -23681 -12094 -27537 16886
-9841 12544 8816 -647 -19638 -24618 26995 -13083
16822 -28432 8593 20108 32377 26835 -26770 30990
-3518 -21535 -1 15221 -22094 25891 -13955 12631
32767 -32768 -10233 -18371 -21624 -17964 -32768 32767
-4077 29252 -19213 -2773 -24271 -15122 20588 3263
-16927 -19371 -28125 4361 22519 -22767 -8610 -25766
-24311 -17903 10105 31673 6916 27555 -28829 -32606
-932467451 926781744 -1082557387 1548421550 1504238541 -1663503915 -1991028979 1228974743

26617 17050 1449 7868 1932 -18295 -29364 12617
-7228 3817 1239 26701 -24184 -12008 -6581 -7249
21143 29463 8964 -32258 17108 -15486 -25115 2108
-1714 24968 19789 23072 -30867 5045 1 -1095
19111 7072 -9413 32767 10245 -12519 -32379 1657
9058 0 -24634 10376 -6664 4683 32365 -6340
-27362 -3459 18006 16252 16898 -21786 1897 -28455
-20861 -10612 12729 -28924 16281 21522 -5968 9491
-4805 12466 -32768 22785 -28964 -13088 -15377 1
851471520 1608910863 -669677120 1024722782 1416378508 634142429 -364861400 -1769652692

2640 27470 15831 17737 9731 22062 18909 32767
-22016 -15604 1 1 32637 -29142 11178 -17441
2049 -28689 -22426 -11968 -29983 3282 32767 11803
-32265 -27519 -9673 -28165 -16760 28628 2261 -26282
-10385 -11170 -845 1 -28962 -68 32767 1
-8833 -32768 25611 31693 -1 1 11408 -4642
-30315 -22982 30300 28368 -860 -2778 5773 32767
13352 -3877 -24347 19427 19987 -5199 -19344 21029
18641 -18568 25121 -7917 -31965 5162 1 -14893
-888731391 -1054560698 901878838 964439022 918019801 905422562 -76638589 -1423467712

2173 31083 -197 11371 26390 -25107 -1 -5113
-2480 21206 31025 24995 22411 8694 -24542 -24206
7862 -27381 18297 27660 5980 26712 -3692 22373
23407 -28832 0 -937 10137 -25759 -12077 -20780
25449 12417 15788 32767 18893 5005 7106 -5146
31693 -24012 7046 -28403 -18876 -1 -6269 -13274
-10824 30325 6519 32767 6825 -2896 -15162 -31815
-21012 -2499 -18754 6332 21212 16715 -26217 2281
-27815 32767 -32768 16334 -16519 1 -4492 -19416
813560859 365507077 -1780199025 -1320873305 -527214980 -1765458954 2189413094 943616562

-4499 7605 -26415 -30402 -32768 -9908 -12862 -1373
28413 32753 -4706 26704 9023 -12531 -1 -8406
23684 -22810 7879 -22493 -21740 7385 1362 -26308
23985 29671 -3447 846 20454 16498 -1119 -9303
-10775 -28084 17682 -31386 15400 20941 13996 -23113
-8271 -22742 -32768 0 -31638 29721 -21913 15791
-32768 -31065 -17999 4146 24816 -12793 -31090 -13445
1 1 -6908 12258 -1 31954 -19417 5705
15827 -24582 6709 15397 -12299 18941 -3857 26259
-674568281 -544905606 353282117 -538908610 -298464699 1659533748 -592560957 972333876

-1 -1041 3853 24558 30223 -18696 19530 -22532
32767 -1538 18947 5517 -32768 -1750 -2106 -22857
-27490 28246 10330 -29136 0 -22952 -11174 -23438
-32768 11400 -19487 31306 29707 1417 9038 1
-14868 -4917 -12620 -21727 -17375 -1774 25728 -10597
-29364 -28701 -31222 -26519 12400 4842 6260 18252
18902 16285 15169 -21230 32767 47 1 26238
-1 -26928 5292 -24259 -4216 9959 -11195 -24748
-5803 14441 -22654 9020 0 -32768 -28513 -23375
701657158 59855596 1689161064 774462597 -322558610 -539764577 -1024531606 -156211570

23674 25853 0 -32768 31454 -13683 -20883 384
-27542 13574 442 -31197 -4269 0 -15181 719
18363 27850 15092 17281 23950 -17469 19066 -30334
14018 14653 12882 -8674 14594 11482 -27926 6680
22342 -7393 9690 -25220 -17585 28331 -612 7803
-20828 -22038 8064 -1 12718 26686 11943 -18975
7562 24230 8064 1 -27681 -3850 4194 -15447
27264 -14582 8171 -30932 17486 8322 8324 -1
-31670 -4159 -29838 8861 -19977 16748 -17377 20075
-1634562206 889691836 -2705857409 -445998017 -196365211 115069315 -475340007 -1675306281

30003 -1 -26099 22193 901 32767 26899 -2418
32344 -29676 -11939 -3419 9422 0 -429 24421
29948 -29776 -7729 3820 31984 29917 -19692 4479
8211 -11839 -6176 -8165 -17928 10399 925 -6853
24028 -7863 19798 -5268 11108 20430 -6868 -10692
6428 -18717 6542 -31575 -14356 -31379 10051 -8876
18580 -32068 -26226 -17904 20964 -6992 -1 -9263
-19348 11303 -20380 -17089 -4994 -13347 -2139 -32768
-15465 1525 -8479 12286 17172 -1 19744 1
576489342 -332882084 -235682547 -482600144 -561060323 -619404298 26130103 151291656

24929 -31160 -3574 1876 -26705 20436 6991 12877
-2090 42 -16029 32767 -16702 -30772 -6406 -4669
17994 -5978 -58 25797 -4036 -32768 22936 -15881
138 25426 -5500 -11976 9884 29184 -13416 32767
31594 13369 21792 -10529 8829 -3987 27738 3378
-26919 32767 3144 9098 -15564 16440 12967 -25987
19737 15867 801 1 -17093 -32768 -1525 6127
27886 -12650 30924 -6042 -21215 3365 1 29226
-6599 13553 -30798 -5920 -26175 -7946 -2246 -31936
-378174558 1159227860 470983992 -922949504 -1005714814 1548592970 575662951 -1676893323

20842 9399 -30604 14415 31257 1629 -10142 -3033
-11739 -25443 9071 8226 29360 -21104 -24740 1
-18001 17122 30285 14826 -15338 10519 -24245 23284
13914 16179 -4573 16748 -15366 -16538 -28329 1
-24150 8441 2041 31761 -2102 -31125 -15889 32767
-11173 -4456 24478 8643 -18937 -5400 1 22253
-26788 30255 -1 17857 15893 10690 3613 0
11855 1 -15552 29471 -1 -23742 -27439 23863
1 -22255 26838 9111 667 -27036 17210 -9030
-1069518045 1048983244 -355332695 -380867751 427029990 767280085 -726918003 -194704730

10096 10527 -24576 16835 23962 13882 -15903 6187
-18362 -29284 -15379 26939 -8923 -25158 -6105 -1
-24788 -28642 32767 15353 -24535 -15351 -26396 -17238
8035 15915 -10556 -10457 3850 3588 3862 6782
-5351 1415 13104 -25116 32767 -30255 20347 0
24145 -23665 32595 8828 11872 -7329 -19254 -1947
13184 6241 -8524 12755 -16381 21009 5414 3465
-28066 15588 -1612 30544 -29479 1683 -26627 -26906
-32768 29418 -22019 -12115 -13919 -2421 8134 28014
-7127307 -112105809 -1256778300 723145467 15377382 -2670679008 102997893 479603496

22038 -411 -10930 21644 12642 -3169 13366 23487
-22936 18113 7243 -5317 21465 -28398 7871 -11697
-26421 -17954 -6973 24388 -21003 -29176 28850 32249
23440 22221 -14021 10229 20889 -11845 14240 29948
-1 -27791 -1 1442 -20247 -4407 21065 -3819
30887 -15132 25683 -22168 -27171 10654 -5524 -24255
6523 4912 -7686 13250 -14159 6615 0 19754
-4998 -8977 -16884 17807 27132 11219 -5347 -8024
10388 -2816 -30093 1281 27631 -24207 31604 3061
1507066430 979440316 1153595761 2021585348 281410056 -1695298189 -188692860 788818894

32474 -20225 -27291 -21919 0 23554 6818 30196
6829 10000 -21080 -24054 -10985 -1 -16091 -17447
-8568 -27346 13317 -4058 -16928 25612 -17586 -4829
25454 20207 -1 6427 -19410 29744 15173 21910
25508 -23077 -2253 -13055 4913 32767 0 -32048
11955 -20268 18805 -31633 -29999 11832 11683 19627
-29710 19952 1 -25049 5518 6116 16079 -9839
12302 -4451 17469 752 32608 -20245 -32564 20426
-26499 -26270 -14878 -32768 -12177 -29808 -30497 -9174
-391984768 1442748199 903576318 -2729915397 -350933313 448669187 434340313 518503282

17159 26881 30799 -1 -32768 1 -18394 26845
14976 -27652 21907 -15846 1898 -2782 1539 -128
-31803 26239 -23831 -25212 9764 32638 2712 21895
-11639 1 30463 25998 -5670 4476 -1720 7844
-27090 -10075 4545 -30511 24546 23475 -6185 17526
28197 -23428 -4733 3464 27161 76 -15369 -32159
7066 -7898 25204 -9089 -31387 -2557 -17417 -22107
-22488 28320 25067 -19220 32767 27462 -32768 -8633
-15719 -23585 27036 -4205 -26994 17863 -201 -24109
170023607 977521893 -866182403 941451426 250072012 13377283 2132901932 264853857

-29448 15886 20268 1 20305 19114 12602 14259
21628 30609 1 -1330 -1 -19284 -31664 32767
9840 -11867 -20215 18495 20371 763 -22652 -13229
26569 -4483 -32620 -1963 4615 2899 13224 -13572
12318 -8879 20215 -23161 -28105 -31734 12586 4783
9169 5061 -28247 18224 24014 -17546 -13185 -12809
-31639 17639 -5914 -16123 12278 20969 26331 83
-25013 -6177 -18092 2316 30201 9884 0 -17513
-9725 -4903 -16832 -7741 -21531 -31329 -22810 -32768
-1923365968 -97412778 647246950 280751567 918278845 973527274 -1079067424 174086061

5439 -2024 28159 8305 -22587 0 20242 13162
23657 -4103 -18101 25451 0 26955 -16125 -1
-30238 -27197 30806 -13799 -24531 22594 -708 -15706
21835 5038 -30310 3190 -19811 -20044 16379 -27276
0 -25772 2174 16072 28756 -22234 -31703 -1154
-5427 -28287 -1 -32412 12982 10779 -28517 27785
-12726 -27462 4410 -13120 -8691 -12989 19573 -25682
25158 -25475 8580 -7867 2584 -32768 26628 24182
12110 -7524 0 805 -1929 27795 0 -31249
-279948624 1087090771 993457176 562524051 -430556520 -472674680 500223130 -1181430069

24114 17228 25423 16108 32767 -30973 -17618 6951
0 6277 -12603 19640 -31375 17237 13220 24444
296 -14611 -32417 -11112 0 -10984 6732 -3124
32269 0 26579 8168 -29455 32767 25169 31697
-16321 24190 18569 -22540 21862 -14588 10198 -7390
-30217 -21902 13123 -30273 23952 9933 11334 0
13163 12307 -1810 18003 -26304 13640 -374 -32768
-856 11008 4192 -30536 -4934 1899 31263 32767
18090 25159 23846 -17818 26598 12383 -7422 -29580
1602034249 -1934792454 -1030837531 -430080287 1701512330 430632111 625135365 -403482949

1 12039 32767 -26722 21977 -32768 -2367 -29257
7516 -14254 -8717 24460 32767 -10345 32767 30493
-32768 1 9595 -3074 -1911 25940 16796 -935
-9196 -18142 1 28623 6197 18476 1 -28913
-21813 -11402 -29205 3383 -28380 25255 31067 32767
16586 -7537 -10611 -1 32767 -21748 -11776 -14326
-17341 -10850 -20243 -21133 12856 1 1 -7917
-9528 24405 2856 -17332 -6153 -5785 18993 -192
-7222 24355 -31666 -20517 -28007 2793 -25763 21514
-1471626865 -1761998793 -330950302 -1706740611 1505180287 -950591293 405178251 591079758

-7137 8850 -11704 451 19088 21803 -19296 -10573
3731 15461 8503 -9480 -5171 15501 16986 -27917
-3218 0 -16988 7330 15125 -9452 32594 14696
-32768 0 -15569 -1 -30115 -10383 -13376 8493
26505 2342 -2935 -14431 0 -26759 -31156 -32768
3492 1559 -5432 -14767 21707 -4682 -27193 -20626
4177 -10322 -42 2837 -29929 -21840 10250 9430
22642 -32768 -31684 -17607 7476 -13583 -21913 26954
-15875 -11963 32767 -14183 31767 31893 -10304 -20822
1338234389 905253339 -1072346885 -1316766406 -190378560 1207278687 -1933706297 -1287064876

32767 -844 -6451 -12737 -2204 0 27198 1
-3176 14985 4962 -27095 -29041 0 27899 25604
-1542 -3009 23825 25361 -27791 -3220 7516 31665
1 -27717 -310 -24916 -9830 -18908 32460 -16211
-8117 13847 25252 -32768 9377 -25854 -1 1
-11698 17279 -1247 6423 14674 -3348 16849 8798
6138 -20569 16998 -25362 25000 4522 -12635 6557
3500 7582 -5312 -8307 -28551 -32768 -29226 31794
-21459 -18050 -13599 7415 -10775 -12481 -25722 10898
-1370458517 -596382040 442853331 -349960659 -440449096 -450109406 -109018350 1613536500

7626 22551 11412 -2692 -10027 -20950 13682 -15348
-29256 -4346 -14891 18467 20242 -23073 1032 6060
-9455 -13345 -29035 16232 32767 -16272 22297 24579
24177 24680 -27373 -1724 -1 -6099 -12480 -1
-31706 -29719 1 13772 32375 13299 -26904 21934
-7501 -13301 4613 7073 20566 -20868 -9514 31513
2800 -29077 31959 -32768 13539 20252 31843 27886
28840 -24961 -9769 27259 -25906 0 -5342 31979
-25726 15795 -16147 1 -326 17292 -2995 21309
-751292407 644922722 666216362 141725914 1113635720 240853368 -202741897 -272544376

-31797 443 -6033 22567 32767 1 7424 16869
7395 2437 6561 32767 -16839 -30763 11127 -16198
23863 15386 -4001 -4558 -1 22223 26722 1
4480 -18248 -1091 -10219 -7929 21474 -15920 -727
-32768 -27842 19112 -15493 21673 -9589 4650 -27427
-24507 -21102 -1 1 -1 -14604 31813 31065
21404 32767 3359 158 23205 -18260 -453 19154
20548 -567 0 17851 24377 25024 5380 9084
1 -16669 -6104 -13442 32767 -19745 -15969 22113
1054190539 -1001338831 -1036282038 2540310 774407683 818959154 982889403 189142280

-6187 2760 -22450 -8012 -7584 16446 -17155 1
-18735 -32768 22974 -1450 -14550 28715 17291 14678
8326 -3005 28487 1 12293 13724 8596 30494
26177 10239 -10318 -13053 28245 -23658 4026 14420
15709 1767 2195 -15079 -1 -20259 -23837 15127
3041 17203 -23921 24026 12472 26844 20602 4026
-18735 -12754 -25843 -30752 1 17771 -29456 18956
-2960 -29279 21195 -15786 28456 32767 -1 29664
24630 10057 -4108 -5605 -11855 13280 1012 -28513
303425197 -724430640 -766437171 -192844321 -244282736 326200785 -645496899 -1113962997

-19660 2050 -15757 2037 -25962 32767 -32154 -1
6088 20372 30862 -8250 1200 -2280 17164 14948
26941 8424 132 -10434 11571 26956 -31908 -1
20014 -3568 15073 12701 -3838 -28768 10078 9588
-10436 -7016 17811 -13859 19200 -24662 -4685 2602
14709 -10627 4983 -31933 1878 6243 -20840 -9882
-4293 0 32767 16003 32767 -13486 15709 -13848
0 3527 -21081 479 14001 -5574 -15738 27870
11431 17023 -698 30888 -14684 9104 -6 32767
563777865 591337020 204644336 658392352 -1100403958 -1297008214 -635422827 746524349

25282 -7473 0 -10169 8026 32765 28281 11936
-32028 0 -14030 -32022 -22521 30683 4271 -32768
8 1160 16502 17918 -5330 -13237 28436 -1115
14840 -13621 -2931 19071 -16417 -19992 8958 -25467
-4182 1 32152 -9197 2176 -6911 7791 25910
-1 -1689 -1281 4883 -26749 11111 -13170 25829
-13820 273 6759 -16635 31362 16214 8536 -25523
-9656 32767 -8241 13136 31299 -14752 11005 26799
32131 -20454 17011 -5484 30954 18836 6681 -23616
1793618609 -408933757 -39020578 377519309 -159676857 -1330722972 1692535763 -1061098834

-32768 -16866 -19004 7378 -14243 29826 27740 26744
20285 12194 -20422 6763 -18422 32767 22860 28141
24899 -10560 14359 -18680 1 -93 -31781 -22346
-24818 -2902 -24391 -11727 20 -17706 28720 -1
-10855 32767 15208 11110 -31394 25201 -31346 -10095
-4601 -15305 20693 -32735 28549 18854 22353 0
-25733 21987 -3911 19076 25600 -5762 -11613 -536
-20106 18255 -11018 -10911 15101 -23703 32767 -29930
20586 -13081 23315 24628 0 16266 -29766 15162
-650377374 227708634 1131105675 -2473331485 1166009555 -576932000 -194911688 -2992990729

20993 26270 -18177 -12483 8570 -15700 2487 -22982
18326 15302 17526 -33 2746 -1 -22811 6857
4764 17592 -30654 21444 18686 -21692 4177 19009
-31438 -8014 -22690 384 1545 4552 3592 28664
-6745 12847 28009 -25636 950 13019 21346 21931
4628 20415 -14619 28606 206 27307 -27715 -9759
22056 -305 -32768 -19914 6257 -17257 -21226 -668
-32496 1 -20379 0 -10336 10455 3159 14423
17249 13924 -5624 24844 -5569 -4859 -25843 31485
-239308308 1219893849 1524169324 262223369 -661583291 1432136255 642259008 -66667627

-32768 19881 -4194 -4033 8171 -8247 1 27055
-22194 -9934 32767 -5760 -6382 10677 22113 -25930
-11210 24589 1 11647 -29802 21088 -30125 17405
-13262 13580 -1 -10915 -27534 26995 -13703 19363
9828 -3612 16008 -17189 -10695 -15940 30869 3072
29633 -20279 26955 -14706 -10018 616 21500 23915
-19970 -32768 -25093 9373 -26755 -27548 2125 -20071
23139 -8560 3881 -11191 -2149 8799 -32768 25074
-496 -19047 -31027 -5261 6241 3792 -11052 32248
681105547 -1866063621 264096937 511763460 -711616118 85998080 421111295 1280717627

-14804 26414 84 -27449 -30202 29877 -15262 32767
-20925 -19158 -4562 20737 11232 13421 -20490 -6652
-1757 30020 -26554 27877 32156 11012 2785 14451
19510 21326 7474 13356 -1 1 -816 15877
5983 -2510 0 32109 -3790 32767 22626 22283
-22928 -10185 1242 -22528 32767 592 32767 22840
-32768 -10643 -6346 -13532 7459 32364 -32173 -21410
14044 15307 16239 5710 14369 -15025 -4198 -14034
13526 1030 17597 27946 -12500 28926 11662 -12292
-277654396 287102248 90365412 585989944 1960813890 -1219410526 -213124334 160377899

1 17735 -21696 -6467 22749 26032 -13409 -20462
-1 -22492 30481 15795 -3614 -305 -24459 -7849
6324 1 -8873 23782 5894 1 -22377 -21045
10236 1 21412 -12401 20131 -251 -12308 31333
-1846 -31677 8923 9343 -3093 6693 17995 -9609
7658 2627 21107 -28878 22157 30272 22721 -15956
-1978 -4220 30136 -3763 2913 -15299 -1780 -2724
29467 7004 6245 -1 -3522 2701 -11390 -6784
63 -20408 -32768 -1 26247 24685 6773 -29395
2099359434 -577125565 912887543 -1183204752 842321135 1207000392 -1134677803 -249213909

-10731 31772 908 12372 -26119 15754 26845 -32768
-7262 -44 10808 28952 -14563 -27837 -15217 -3903
-13129 2759 -8189 -13583 -2038 14825 -30620 -32768
10126 22125 12830 -11711 -32030 -17756 -6277 -28763
-7667 3643 0 22095 -12639 32597 -25157 16385
13535 -4921 -1 -1 7300 -10105 7951 -2298
-31341 -32768 -1 -12455 6675 -23546 -10801 13591
9840 31118 -21145 27652 23306 18372 0 29155
6806 -27289 31096 -32264 -13777 10735 9785 26805
-1397703596 -997960220 -971788596 -339792195 -147373531 33562917 996607315 -1674260677

-21770 24452 16220 28443 -29245 26210 -10915 8087
23911 30498 1 -23087 25105 30608 -11258 -21896
-29313 9990 -9745 -31613 -19653 29279 -7185 32767
18477 18637 22020 -19920 -1 -14122 -23502 -6874
6482 -4281 -32051 5972 1 -12510 29973 -11775
-22109 4626 -3166 20496 29915 20718 -19269 -8262
13193 -23181 12068 -31084 -24574 26282 -1629 -31292
-1350 15493 21815 -24333 -23890 -13742 29896 31990
-28468 12981 -29830 -2287 1 -4430 -22033 11162
602885775 -363957644 1721481691 -391723462 -34086229 977599154 -1395233598 -596318464

15828 9905 -6241 28935 22884 5429 -6091 30060
1 20406 -25095 -628 7704 3902 -9592 -32591
17092 17600 32767 -4036 -29561 -7489 3337 16025
-6355 -20014 -1885 28565 -32768 5807 -5821 0
0 28848 13243 26792 -19322 -21905 -3081 20627
-8763 -32440 11775 3022 -25137 -17201 -23385 -32078
-20698 -22767 13409 1000 32767 21855 -20381 8132
16913 -23192 -7822 -22259 10899 28300 16515 1
12991 -9267 -16716 22501 -10444 -31018 21062 -8264
85121204 82080489 -100722056 816668222 760037096 626577637 -1776134181 -579268050

-32768 -28897 1 30856 -1 -1 1974 -957
-24178 19827 21468 5331 30232 -21475 -15221 3415
-9146 -7104 -16867 24165 1284 2758 30308 18814
32767 4135 6483 -32768 -1 -29997 -683 32767
-1521 24145 -20188 -14757 1790 4157 -14003 4531
-19497 5342 30084 21550 7272 -29688 -32768 -15453
32767 16738 -1 5415 32767 -6705 -23809 -26988
10133 30404 -17493 32767 3444 30748 -9375 4959
-25799 -10049 -29000 22300 2540 -21027 31830 -32203
1917496563 -145277571 1639473542 -2251833060 -621511848 154798320 -557304186 -424841326

10218 -8516 -534 -23582 5876 -28763 -17473 -6652
15775 7739 9813 -20327 24146 -24761 15960 2662
16555 0 18434 26567 5127 12606 -31246 -3584
-12187 -14291 22511 -545 22748 11346 8674 7752
-12188 -13406 13551 -4209 1 -12679 -13062 17290
18210 -32768 6110 0 -15381 30451 -21429 22195
-24509 -11251 1 17684 -31628 -21512 -18614 26886
-15183 14573 -28623 32767 -10388 -9028 0 19346
18035 1 -7490 -32274 -32768 18915 -16346 -10114
565653315 -680331979 -79487947 -1121810702 -386695371 1488404159 -350945708 -1142982800

-20486 -26877 -28905 -18192 0 -12625 5674 12348
10026 1 -4440 -8111 16803 6324 0 -28861
8486 12393 -32525 -11878 29578 10129 10317 3973
3897 2451 -697 -31766 32767 22249 30180 17974
1973 -9851 -7806 -10707 14616 -29834 -7922 0
324 -21519 23842 1 -10437 -32768 -2126 28166
-17649 -20559 -8988 -28856 -26448 22729 -16100 -31128
-184 -17770 19829 -9144 -27987 1994 32767 -11615
28041 -11173 13565 -1581 -31232 -29974 31287 29428
281835154 -1329945596 -1110614889 -94431943 266331283 2643441522 -1616501380 1974518452

-29205 -17224 12312 -8582 23053 -5176 -3212 28216
-26201 -12843 -30969 -30593 -32139 32767 26040 29718
-16723 16868 32767 -9035 32767 -30481 -18824 -110
11004 -2041 -32576 12196 -6517 -25998 -24290 13681
-15172 12281 -27294 20314 2550 -6526 -3908 -3586
-17608 32767 -4278 22430 -12679 -22799 16706 -31080
-31890 -29802 27427 23477 -1211 392 -10198 3779
-32262 -31219 29465 28036 -920 32383 0 -12392
10465 17561 850 5515 4743 -27892 -14332 -7642
-560848436 -2361456110 1375452799 1056686362 423254981 1085074896 -603691986 -1519085431

0 8460 12967 92 8998 -15519 14171 -8413
11534 -17020 18040 13012 32219 -24518 0 -13296
21156 13394 27637 -902 -1827 18814 -118 -5020
26523 19775 -3866 9896 11855 27608 25721 -5906
28189 -18196 -2197 -30534 -11324 24808 -8181 17404
24278 -6374 4170 -26812 27433 24323 26163 3857
30684 -5615 -14100 -15730 -5725 22057 -2606 -10802
19605 -28713 7469 -3912 -28708 -19141 -23649 -10155
9758 -12482 -22329 -6138 -631 4630 24032 -29001
111309618 94058363 -341302856 947313663 159332527 1000122744 1137268337 62602116

-25247 15375 -9964 -31551 22976 -6189 32767 18011
-22687 14621 0 21264 -15976 0 -15903 -27081
-6242 11245 -11313 -17096 -6646 13316 3072 32767
-23497 -5151 30212 8116 0 -25188 -19429 -32768
-13599 6026 -27861 -21281 3785 31257 32065 -5042
17092 -26505 -25967 -18270 18073 6161 -8652 -10715
21106 30230 -11569 -10871 -1 -1070 -19124 20610
21370 20863 -595 -27978 -5562 29244 -32289 15039
-32768 -7097 6497 20350 12563 18628 30031 -23458
746260898 1029341396 -808508374 883951688 1499789845 -579124305 -2280259108 -2269108881

28820 -366 -2698 -1 21936 28400 20578 -8168
32767 1750 12050 15848 8606 1 -30390 8699
18793 0 23088 7693 21465 -15897 -25600 28138
4972 16696 11476 -24560 -17006 -7072 -26817 18564
8702 21605 -422 0 13651 16105 23947 32767
16951 -21645 -10701 -10052 21515 439 -32768 -32768
-1 -27325 -13337 10211 29 13146 28375 16975
0 13812 -32208 12075 6920 706 -15649 8203
-30956 -5834 -21799 -4306 -13218 9867 4105 -12449
-654769794 -1702253232 -2014135509 -581908797 -717368335 -128540680 440695563 318667284

30155 15108 -22885 19548 -2165 -15457 0 19323
-32768 6380 -23227 1 -2133 10736 -13779 32767
-31205 -8996 18218 -9616 1641 1 -3406 29600
31010 5561 -2514 4718 -19797 -30689 26256 -12107
-27045 -9723 31558 -20312 15966 -14905 -1853 2231
-7583 -21252 -15654 17924 17717 21770 -24736 -27720
30064 15377 -1 29610 -16909 2104 -28798 -9896
-12252 -17113 18168 -1 -2880 -4606 -29026 -26205
-16483 -30076 3495 21786 13265 0 1413 32229
-11501178 1275357156 1610027032 -1200094528 687063261 406623432 -896871242 -143662205

-6031 -321 -11441 -14975 -29458 7820 -22225 -22303
-26442 25469 -16059 19161 -14005 -9373 0 18425
-32768 -17078 1 -10918 23157 12436 -6735 -24339
1 -12111 32767 14356 18832 20918 -8462 10002
8975 14219 15368 -8288 9073 32767 5276 21640
-9693 25373 -23170 11579 -11063 18003 5024 -8941
24633 32767 -22415 -8789 -24919 11461 21035 -22526
-25112 -5468 3598 -1759 -31390 -1910 -25730 19811
-11639 -22495 21459 9364 -21010 -8365 31436 7531
-621453328 81055676 -322232510 348676183 -308035859 -674289754 -667810954 491848845

13457 10674 -27436 -7687 -26015 6223 8748 -3752
-7828 -26958 -3116 8681 28778 -16869 30836 -3072
-4272 -12033 -16570 -8259 -27199 27759 -13020 -31732
14237 -11391 18716 3530 22323 -22849 -12557 -22821
-24089 5913 -27284 0 5798 -1 -16814 30955
29243 -31127 1 2162 2562 15561 25746 -12873
-5340 -21966 14905 17260 27132 -26490 -1 -10791
17111 11318 26586 -957 -16673 31132 3347 32767
22036 -21499 27394 -15666 19374 -12867 8616 -14798
-1017290203 1271456811 -686712074 1972024696 -1895964882 1541490614 1518666004 -302624900

-9407 -24950 -17004 -24107 -1 -513 15473 -15673
-22313 12039 11844 20605 -7387 -28738 20118 28995
4079 30059 16413 -26606 -21258 -836 -19158 -14160
0 14719 -32768 -24019 16720 1 -31574 17546
-32614 25943 -5187 -28478 15864 -17361 0 1
-1586 1914 22053 -31486 -13603 -30896 11712 28443
-1468 32767 10728 27280 8123 28266 6721 2837
-1752 19447 1 5579 6500 -4648 10120 1
-14303 10194 1869 10486 4690 1712 31429 -26589
497788911 457564952 -326982904 -1543512468 467279712 -751615766 883421892 622367352

9376 6011 1857 -19784 -20306 19031 16630 -8967
27747 -340 -9985 20768 2685 8699 -31970 11449
-13386 -15495 -18172 31619 0 -22843 13573 -17927
11674 25658 1340 -30149 16304 21523 -29090 15795
31040 -2050 29648 -7581 -1688 5483 -28890 32767
-27947 -6105 -9762 3784 31429 9970 -3657 10227
14267 -26202 6952 3298 -18198 25960 1120 10085
-30681 -22076 -1386 530 -1462 -15762 16010 -16788
-9207 22163 2617 30414 21027 20963 29533 -8273
-12663474 -457567797 764237030 -648045318 -1529042356 888790877 -482378550 56252011

25230 1 -17558 20782 -9803 -20852 -21224 -24601
2744 30941 8787 -10110 -6072 15149 32767 22233
3635 -19589 7119 -13096 -15257 14745 -194 23544
9281 -4039 -10262 -7909 14672 -8473 897 -17233
27134 17043 -20146 -22589 31887 4552 -13336 -17175
995 -21167 -14679 -19899 31426 8067 -10130 -14526
27728 1945 -31770 -12038 -26660 28269 6570 32767
1926 -21325 32767 31483 31749 -5811 8734 -325
-3893 -18620 1 4838 11633 27728 -28920 -18996
391182869 -1656251017 76978131 237958103 676813697 1452125894 -541171898 503716232

-23174 -29673 -27416 -32768 21932 -17031 19765 -31182
-23217 32767 -15885 0 -31138 -26427 22131 22796
-19629 20380 18006 -24329 30246 32767 1 23182
-32768 -815 29402 26618 28764 18918 25846 646
1511 -2305 -8587 18943 2675 12922 -20360 22979
-262 23438 27986 -16185 -7348 -16340 -9350 -16004
-2163 -840 -30413 -32766 -30012 10617 -27229 4652
2850 -4835 -1247 15996 -1 11166 11365 -32282
-29513 -26734 30323 -16019 -10176 -8351 -19236 7951
461705695 -379379267 573074279 511309306 -107585224 752865291 466462975 -817434277

-14183 6604 -21401 8623 -22020 28695 22875 14685
0 -32144 -13546 4379 15205 9886 15420 -8765
-30502 -28474 -15740 -8336 4271 25298 -6015 23104
-6836 -25299 25273 -30093 -13725 -1545 -6972 -23511
-5209 23441 4890 0 9771 0 19330 2595
-13311 13028 -16677 1 -27578 -4553 5232 -10996
-14934 12240 26483 18188 16546 -17938 16587 6959
-10182 -23416 -24260 -24657 -23665 -4618 -32544 311
15119 -8384 24698 -21320 -10221 15425 -30261 17537
-749207706 -781679272 500305800 1289647531 -793817001 -861903318 -887807872 1129807152

4239 2108 -32506 14734 13219 12065 18761 -8867
2342 -27514 8876 6095 -19910 -13214 27481 -12427
5905 -5657 -22030 27054 -10365 -7647 -8020 22968
1560 -32768 -24394 -26692 14705 -5648 20866 22210
10017 -30163 -9921 -12545 -16840 -5599 8131 -7524
14928 15011 27828 -2974 12472 32767 5875 -25640
-2910 -2916 2382 -32206 0 9457 -8869 -3262
16015 -32768 9303 10069 25593 401 -19425 2757
30954 -27300 27474 -19068 -18086 21761 17092 1
-756230374 1493501463 -899898271 749420064 1421850553 1461399671 723279303 667731460

17679 20674 -8997 9126 24085 -26041 -21886 -32535
-17427 12832 0 -21907 -28838 -14250 -27003 -17404
15550 -23633 11232 -9319 17969 -22193 25447 24998
16295 -23366 -19472 -2298 -12281 6665 26931 -1
24703 -5247 17511 -17331 16223 -9181 20186 30593
9470 -32768 24207 -16559 17766 10235 -14674 11375
16246 -1864 -31938 -22877 -8662 1 7764 -9777
10572 -13381 9842 13903 -3592 25082 -1 -4464
-7512 889 -19383 22954 -17317 20254 -6869 -14515
-52492307 288336807 -1867747127 344185533 -1977065700 -1114235510 208840895 672064724

-970 -19606 -20282 -18579 16874 17927 9336 -20061
-7272 -11406 -28269 -15812 13685 -31704 -25414 15404
-20155 17321 -22260 -19319 -4992 10313 -32768 16998
-8798 32767 -21721 -10690 -20788 8181 -32623 -14380
17905 13075 -7765 3730 8264 -9919 -18674 1
-32768 24245 30352 3130 23406 12173 18089 -1645
-27105 14075 30822 19119 -11250 -19050 10887 0
-20918 -32768 25106 -2143 -13617 -10239 4465 -3571
-2415 -14858 17936 13620 888 0 0 -2616
-255711746 -563504580 -919960897 -981632236 -318643549 331014430 659566397 955747310

-31420 -10916 24086 26409 -1 9072 -29092 10792
32490 23316 2786 -25332 24366 -13470 -14671 6517
-29770 -11872 32767 14687 17717 6092 10078 -29024
-27425 -16428 32547 11094 -27176 -29298 32767 22845
17037 -14654 2945 -6641 -9690 29729 -26705 -29269
-32560 20938 -19764 -30901 -13580 -6840 24868 32767
21109 18641 24376 -16011 -18168 12351 -24078 32767
29176 14759 -32768 -15883 31381 -28056 -24312 -12479
11988 -28575 -11635 1 -21943 16005 -25907 -1
553942494 -679380430 -951193111 -959523087 1969021909 -1214485694 656851504 -198502840

-9121 -1286 -11260 20993 -25076 10012 -29471 24750
12335 29471 19456 -773 -20434 -1 -6832 11473
-23881 8136 25915 -17621 21821 -16475 -32768 9998
-6633 -21034 -27762 -27370 -29851 -1 25704 13538
-29040 0 -27084 7952 17172 -11108 -4264 -14309
7981 22197 29094 16573 -9428 23548 -5707 16270
-4773 -13003 13139 2748 -26270 -32435 -21323 -21935
5011 21468 17481 20075 -8974 -23880 -18539 -717
-17666 -32768 208 -8111 -24698 32544 10686 18376
1115691401 -530831703 -937937509 2283318950 -651231600 240475681 -546837312 -1717974241

-32768 -11032 -32755 -22272 -30985 -29830 -14569 25846
-31604 7654 26004 -27575 24981 -3755 16718 -6685
8322 -3126 22130 31214 2487 -16901 258 11548
11808 -7302 -20110 -10826 -26287 32212 17872 -20689
20250 -11781 -1832 28553 10227 15026 -32768 -32087
7860 13580 -6896 -12874 26447 -26626 -18096 -1002
-25090 8294 -5461 -20701 -5562 -30442 -12079 -27429
31976 -13859 -5862 -31194 -8411 -14470 -20566 14124
8594 21127 12799 -3038 -9429 15983 4206 8512
-892141552 24550502 -306878 384479479 -452277046 -454270113 -765792133 -116501514

19108 -28219 32435 -4379 -4138 -6983 -11528 -5116
10513 -28869 -28712 16974 18451 9799 6589 2531
3541 -12554 -10718 24661 14321 -29267 -22818 1
11184 -1 -13270 -11943 -17262 8872 -30167 560
2640 -22881 18711 -27753 -12920 24196 -1 18112
24155 26660 32767 30954 -2337 7306 -30464 4744
9102 -27949 7449 7431 -27783 -28576 14297 -768
-5165 -19444 12473 -32768 6783 29239 30405 -31529
0 -30458 -9261 32767 0 -22822 24556 -13702
362010964 1604867836 1397295081 -1219343109 -1186151916 -1081009553 2039538770 -85653077

23815 -13783 -32768 15402 16048 5144 -25569 -17407
-6203 13960 18923 -513 4723 23353 -8864 -14402
-5887 15499 12903 -32768 -14257 -10950 -28138 2808
19212 -6382 -9966 -16995 -32768 -32768 1 2092
-23031 -28645 -7858 -8077 -25845 -27067 -27436 -17792
26059 30913 -3703 29389 -10936 24493 -22065 30806
12194 -3092 5050 -26571 6528 -25083 -26485 21024
3549 -16731 -27821 15949 0 2530 32067 -30894
-10612 -18100 -11350 6566 0 0 26479 0
-207247699 -639704028 -1324728896 -86812135 72556346 -1185325319 -1006516529 1534760689

-17511 31663 -17228 11401 -5164 -27558 1 -25491
-12252 -23051 2016 23498 501 -8145 -18249 13992
32147 32767 14226 1 24219 -1 -13705 -28593
26819 -31714 -6452 -23055 32678 1 28977 -23539
-17333 898 -30604 15203 24747 3638 3332 -3749
32767 3307 14131 23643 -18948 -1279 -17107 9308
1 6223 -17300 4118 -28321 -6365 -981 22980
-18680 2966 -19912 -2135 -8698 1251 26512 -22283
29011 20409 -32492 -28319 -29696 -21514 -7640 -16428
1540097267 -1486918747 994344903 188214922 -697691722 457387301 1180464602 620944621

-23624 12366 -9016 -16042 -12094 -19130 30656 -18548
32583 -13923 25018 26040 -9894 13816 17241 -8482
-32768 -12789 -32768 8429 1109 -1 28905 17657
-16258 1311 13356 32767 31370 18752 13056 -18348
-1834 -17484 -9728 22514 6425 9724 905 -28373
-4807 -16186 31490 -9672 -10963 -21772 3662 3349
29702 17638 23466 -4960 1470 -21029 2262 22373
-1 -27134 -14499 -19821 18807 -12459 31942 -27189
-12885 32767 3615 0 27954 24725 -493 7150
-281797412 -789729215 27675843 1503659179 -367716623 -1177224535 -39934195 -933967431

1 31780 -29228 14782 15691 -2711 -1 5401
30476 -26474 7482 12485 -20616 -17117 0 -23867
-32768 -4922 31273 -1 23067 5343 22622 -1
-11791 -30050 26524 32767 32767 15720 28197 0
-5669 28871 25528 -9113 0 15347 -11080 31753
5920 -869 -1409 -25369 23159 -15910 16149 -27504
11308 0 211 19153 1748 32593 11491 12254
13831 23598 16044 24105 3564 -720 22269 -14699
-18400 -7187 -27467 -5576 8483 19191 -22422 -1
573056757 -1148968224 -429679910 -530907903 -210621481 -393460337 61997226 -1482064181

-1453 -17325 24492 2310 -21813 -20740 -5811 -23370
1933 11320 14441 32767 -21638 12075 24625 20861
-26330 7651 25025 -28539 20664 15438 30003 5130
19293 -22090 12795 -8808 -27267 1 5494 -16251
6548 -5723 -9532 14904 -16441 31000 21274 0
-14554 -15478 8487 13085 -15613 -28487 -5338 -12837
-5348 6411 4104 3668 1590 -23023 -9177 -17807
-12592 1094 -13685 31721 -589 27992 -19764 30614
-17613 -1 26965 -21974 0 6008 -10933 9082
361955257 -371896665 1576977115 -8872828 -746195719 -31697931 -75461576 -181979381

13904 25001 -11027 30659 23842 -13043 4720 -13344
-31819 0 24685 2232 4016 -30192 -24033 3197
-26171 -1 -22854 7173 0 17797 -26791 -3558
32767 7586 2970 -7368 32100 -27748 -10113 -13824
-24339 -20972 32111 -32731 -27250 -2436 -15497 856
32225 28385 -641 32767 1317 -22369 21335 -25495
32268 -1980 -8201 -9829 -310 13110 -31937 14780
24639 -1137 25173 27025 22479 28233 -28784 -18640
11220 -31911 9076 14994 24950 6386 -1181 -4627
285549633 -178517970 -231722972 741652195 -484277817 -75959107 248738935 1807803557

-2191 24483 -8380 22853 16210 -26385 -24360 -18923
-15125 22844 21305 1 -21231 -23274 7144 -15804
22844 4523 -2890 5427 6569 10509 -4827 0
29677 -14123 -12454 28030 17925 -5525 -20089 16316
-5886 862 -10767 3877 -18705 21044 -9147 0
-11832 -1 -31387 -29151 -12934 15426 -19044 13966
-12735 14752 -14470 32382 25436 -22799 -4290 3205
-16550 -19264 -26898 -21673 7326 7967 16597 -16070
248 30966 3513 25115 -31501 15151 -9420 -19303
986462889 1332447373 269633195 -543824442 1079007937 -294393156 47951572 -1195656332

-14480 -1379 -26607 25123 25636 -31460 16460 -13621
-7654 -29147 11263 -12619 11775 -10251 -32768 -25259
-14293 -13709 32767 17387 31842 15414 7709 -17160
-7815 1414 -10385 30386 -21528 -30283 -2009 19575
0 16549 18492 -9044 -9344 1 -11087 0
-27350 -24383 -2449 -23368 19988 14405 -7673 3748
30781 8551 32767 19318 0 0 -25856 10736
12802 1 32767 32767 -30416 26956 -19928 0
-7391 5394 6593 28071 -15189 -1470 -13445 -28731
456292383 621881390 618866262 685991364 248298199 -930780822 616108036 1731516364

1 13112 9338 2847 -6504 0 14054 16652
-2369 32259 -18114 -17506 15184 15892 -12592 32767
32246 22838 5051 7196 1199 -32768 -19991 31620
0 25669 -12503 22656 11675 -2660 -11867 -1
20089 11830 -31169 -9711 -29523 32767 -21386 1
-1 -14976 -323 -30622 32767 -6883 12203 19439
10850 24836 5869 16969 28281 -5384 -18970 -32689
-13845 -1 -1305 -32768 -32768 -12228 5786 -31564
-10047 -13327 16494 981 31895 2438 -11963 -19693
-721440710 -693664111 -963153724 -18216050 -1489049684 663753450 1433029443 -437131326

-21985 -10254 0 -1921 -2165 20579 26587 19794
-10593 -11219 -18182 13499 -534 1 -32768 7425
-18419 2348 -9888 26910 28831 -12931 9828 -15942
1862 -24175 17845 19945 7940 -5991 4562 -6124
-5617 18661 -11276 7912 -20722 23297 -15594 -28290
9066 22803 31515 1 -28148 -3405 31198 1311
30959 10740 -30642 -28481 32767 32767 -13696 1902
-22862 -25520 31431 -5965 -28068 1167 11344 19403
-32768 -23184 10303 -12652 -7227 -22604 30218 -16284
1013996917 -858161284 747289095 746587995 -852250646 700732009 -2641133859 1943403577

17529 -1 -13174 -13886 -21878 -31706 32767 16583
-8378 -3889 -24361 132 32403 0 -17000 -24447
-9052 21695 30418 -9149 -10682 32767 -19168 -20546
20682 31373 -1 -2953 5860 1 -25011 -18319
-276 6422 32767 11481 -20189 25555 -32768 28407
-306 -23770 -32768 -31957 23884 13921 -31831 32573
-32580 22120 -3806 -32733 11921 23644 10018 -24378
-5254 -23576 20216 -27277 -7645 -1983 27931 -17415
26614 -14248 21300 19440 31123 -21127 -9323 12706
-189858461 172461147 -1187051955 228776616 320474294 171194312 -2431301387 -581299385

12058 25897 -21984 25590 -11334 32767 4119 -32768
5971 10761 -15766 -1 2077 -11469 15183 0
-22785 -15742 2099 -27397 -18608 5806 -17951 8225
31 0 13522 15103 28166 13798 27549 -27150
10993 26401 16311 23233 15201 28983 -1 -10234
-25697 -1 -12835 4290 30878 4508 -322 32318
-25229 -3003 -14877 -32768 -3638 15248 -16036 14350
19034 14981 32021 -18392 18436 26993 -29829 14240
-23772 6617 -7644 11138 17288 4985 14551 22753
-380448643 249429135 -250526106 402956501 221864081 2043692503 434905991 -459722977

-25390 12223 -21966 10052 -11407 1 -3760 19999
12401 -32241 -468 -26237 11722 -28998 23088 10401
-24153 -13500 4032 16034 -20276 -1561 -5877 -29345
4702 2824 -3860 6029 -24756 20158 -5942 1276
19947 32767 1 18580 -5912 -26158 30064 -5547
16219 16822 -5643 15229 -19053 -25684 -10547 14539
6106 1 -20795 -32768 3477 -24329 4779 4634
-6320 -32470 -26825 -26912 6078 21292 -16444 20036
-11936 3944 29043 -30485 10470 19130 -19542 25676
-125571122 -105066039 -1017414442 -65576901 -1967473241 -866796722 -81312191 1295453289

27326 -16233 2763 -32768 9412 32540 8091 31657
18325 6491 24342 -3855 13222 -32768 -24737 24288
-5012 13205 -11189 24671 21640 -2917 30173 -666
9799 -20685 20658 -8666 -10757 -22792 29458 -17199
6314 941 32767 22651 -6727 10483 6178 -32768
8185 0 -19353 26629 -8100 -13720 -19870 -14111
-27384 -11521 23551 -10542 24680 -1 -15842 13276
29164 -15575 6983 15231 15055 -26408 -20175 0
26228 -15292 26702 31524 -22732 -17956 29450 23875
201589559 1049013846 578725602 1962439375 1104499894 45778865 -956105830 1207486440

2352 -15545 27253 16416 10320 -19517 -2662 26126
-26924 27113 1008 0 25718 -1 -30841 -32729
0 -15827 -27377 -28007 -22678 -26430 27634 -29451
-24150 1704 -8068 -8684 -3619 -32768 10868 16113
28470 31967 -11732 -5184 -2523 -4577 24918 11469
-27701 25987 -31758 -23832 -31126 3565 -2041 -1651
10193 22485 -3955 32767 -32768 21456 -12742 5317
-12496 -21556 26857 -6867 18206 13526 28870 -17214
-1 12479 -16849 1 -15132 14537 32767 32767
-324193769 -2150791244 163154880 619718133 1760490023 1261233457 911706957 -418438866

28054 -6272 6021 24004 17709 26167 1143 -24460
-25526 -20284 26319 8945 -9066 -1070 -30540 19245
7486 -1384 -18594 15005 -28805 -22491 0 -28198
32767 -32768 7643 10062 -9762 4345 32143 4654
-14538 21053 4129 32767 -2504 1837 24889 18070
18991 -476 12016 30618 -560 366 -20388 14363
-32473 -32768 9266 3275 10621 9282 -9808 26498
-20502 -13275 -1 -22455 -8997 -24331 -24711 -17506
-22739 10183 7904 32424 18870 -1223 28431 32767
-342709600 464493163 -1284770005 184727579 2890256823 531015414 1362629169 -1813267291

32767 -1 -1 9117 13131 11933 19618 -6315
-32768 17755 12367 -15032 13162 17242 -14692 -3607
28147 8373 1196 17127 -1 -13596 -17937 7622
7086 -20911 25762 -29 -11084 10366 -8656 32767
-14300 -25193 -31250 32767 11360 31987 20991 19105
15337 -25475 -31298 -7858 23298 -25496 26284 0
-1183 20132 32767 -1109 -26958 -11810 -1769 11503
-13518 -1 9282 -13644 5761 0 20482 -23399
4380 32767 -29480 16582 -8577 -12169 -8244 -24351
28902776 -289339006 774111392 -2171724234 -548500819 -81450999 -220468155 -207596431

15188 27798 10015 23816 1899 -13753 -13178 -14394
-9052 8625 -8680 -22761 -8617 17294 -12180 3824
-21598 -11536 -26732 -6487 14668 -19023 18157 31124
-29580 -30974 1144 18435 18803 31 32767 -8275
9910 21153 19942 -23450 -15977 -6238 30154 -13876
-12296 -13818 10391 32077 -6777 11001 -22776 1
-1334 27140 30145 29068 0 -3837 -24606 30687
-31153 -843 15820 32039 32292 -32572 -32768 11479
-5442 32767 -24866 3714 23345 -26328 2272 -17237
1292213705 -286888660 728191718 -158707146 155160558 -1024715904 -228907125 1206624708

19738 -30466 -23036 7222 8400 32123 -12628 -715
21768 -26055 -29199 -12624 25036 -27429 19149 10645
-2482 -32518 -24200 24429 -10304 -15563 14982 30876
-11184 -11596 12860 11506 4920 -24309 -14418 -1727
2673 31910 -169 -29540 -1 -13634 5436 -12823
-17086 10888 22541 -2551 -5603 -9459 1286 -19780
1 8110 -9605 23615 16102 21189 20609 20893
22347 -1214 -742 -4634 13001 8678 -31298 -3471
-20483 18352 -13453 24027 -22109 -3350 -32768 -1902
-358152600 -1943893001 96877511 568113810 -284664255 336298453 -296608559 134292376

32767 -32768 -26673 -23708 -3503 32767 -25709 14696
-1 2919 -12094 -5836 6707 25541 -1 -27883
18641 4556 -9802 27377 1 -21813 12380 0
10770 12750 27738 19297 29823 19950 31388 12513
-1 -21301 23784 15182 10083 28397 -32768 -31163
-10211 -11296 -32768 -20126 -6376 -12145 0 -19990
2139 0 -21446 0 7091 -29388 29883 -1009
0 31139 -19571 6303 -3028 28252 -11348 -1
-27303 12899 -14410 1 1509 -4222 -19268 28200
-166817700 -672046383 -455355027 -820419720 -969546217 83187389 -218827246 778462242

0 5327 31119 7125 3077 3106 7920 -32715
5849 32767 16682 2532 8997 2770 -17499 -20808
-5902 21872 -17707 32767 7821 4016 32767 12870
5568 1126 32767 -5914 -1834 -1 6015 27493
12750 -16894 -3209 32767 -7788 1 10371 -26789
30352 9275 -31376 13514 -7172 -1 -24764 23569
-4210 -18437 -9506 28552 -26722 -27048 -10964 8522
3679 29820 4254 -7893 -18109 -5826 -25610 -21451
-20755 7555 -30453 23034 -32768 11442 -30212 1112
-1084250576 -81114232 395752699 -1332201331 372308941 1716271019 1802104113 1114188459

10795 28295 24831 9793 -17249 29749 19398 30210
-595 -24914 31044 -7136 -20167 -20133 -19040 -2228
6301 8291 -5410 17262 -14056 -6672 -9457 10943
-24879 13565 28905 -10696 32767 705 8729 30782
-8752 -10109 -2637 3324 1605 14946 -12667 23003
-12149 13050 -18573 -7763 -949 -471 -31 -25130
9897 -6905 1 -15843 -15274 12369 -8474 24084
-15771 23488 -21820 16744 1235 -32768 -13590 -17025
21030 11980 -6974 -5275 19571 -19999 -3293 15148
-197623483 -452940540 233758317 558866061 -181635766 -318397050 55411090 479924777

17938 -5519 26600 -26146 -4283 22939 4442 12587
22381 3176 -2770 27324 -28798 -31957 15918 -19100
-18167 22982 -13884 28223 -8553 10450 -1 141
0 1 2281 -12526 -17734 -23503 -11502 -27745
8381 -18177 11645 -14388 1 -6046 -27785 -26587
21001 21475 -21310 18348 4333 -22543 18510 1
-16861 21640 10099 -10966 -12133 9278 5024 1980
-1 19547 -28232 -24470 16475 -31128 -29830 21242
6571 -2572 19780 1 -15105 -23316 1 -23479
-107489420 1712701623 -570852033 1512384453 1097308326 121428073 -46244736 -630580060

-18795 -7999 28870 23570 -20728 21482 -15860 -25559
29662 6620 -7382 -32768 22557 -6883 19288 2258
-29026 22176 23379 13889 26773 30970 -24983 8398
0 -21146 -14375 -6254 2289 12995 -13412 -11406
-5914 -3078 -1 22702 -18283 -2182 -20855 -22709
15500 6553 14853 8176 21962 -32768 25242 -9661
-26233 -18006 -5852 -7127 28086 3942 16626 4402
7753 11727 -32768 2808 25012 24655 -3079 -32768
-16016 -18228 21048 23376 11606 -3383 26076 -24741
1511001657 -784926615 224131046 -148240633 494702909 1399030345 1095847472 -24686369

14555 -6897 -2043 -23289 -12535 -27135 -27457 9722
-16393 14275 -5273 -10384 -3275 -32768 -7009 -29433
32293 -14101 -23295 30819 8709 -28819 -22795 22912
396 -3928 28692 -1 -19058 -23801 22866 -4742
22577 1 -3461 -14611 32767 32767 3764 15316
-13046 -13922 1584 14832 0 -19386 32395 16446
11765 22400 13157 -11515 18670 -789 -32768 -26697
-11581 31572 24573 -641 -22903 -8356 8928 1
-17471 12779 -15792 1348 -21483 -25246 -32171 -18783
1313492752 2214040243 508481846 -146469880 -2299410719 -816669371 1031866284 632608609

-2059 27316 -5568 -17659 6178 -32768 -23723 -2882
-25358 1603 16368 28462 -3588 -9719 -7647 27227
-5782 18919 -29630 -27526 -21201 17055 -7786 27614
-19973 23611 -10188 596 1 -5421 9169 23293
-5549 25926 -26270 23116 1 -12853 24741 7466
25848 10752 -23686 26150 -19684 22322 -13994 -14519
9046 -1 -30502 -13283 9002 -2597 -10474 -32768
-9274 15671 -14628 -20640 26287 24425 -23663 13718
-6289 25349 24028 -18791 -4718 -14154 -30874 6462
2051875586 625097033 598688635 412288512 -907184179 -835364980 -434302884 841416683

-31164 -1 1780 32609 -1 15176 3940 -16347
29081 -20532 16830 -9186 -19571 -26980 1 -17124
-22548 -11178 26987 7838 -3661 16003 30178 12384
27685 -22217 -28871 -896 -28243 25886 538 28905
-7441 -22119 -8718 24487 5907 -24008 -17668 0
-11690 23160 252 -1858 -17346 1 -3033 -26052
-17841 -27845 -31042 -1 -4243 18173 9417 -3453
-27942 8180 -5385 -24224 -19009 -7534 27372 -10548
3291 -6338 32086 6406 1 -1 -12615 -20740
452770451 1062145805 275196512 -1306502700 215751600 389485882 -925455790 -598307751

-9001 -28905 -2969 -1 -5666 20168 5806 16587
689 -4410 -7123 13131 15020 -32768 30955 7653
-24672 10843 -11345 1 -17032 23630 4588 14492
-32150 23458 16221 -28156 -2334 27719 32695 -23873
17064 -5095 21345 -25339 -1383 -1 -498 -10424
12282 -17265 -31753 25429 1803 -30978 32767 4712
25881 12363 -12685 14067 12819 5426 -1 11424
-20835 -8999 29100 -6368 32767 19900 8277 13929
14902 -11637 -24546 12073 29430 11228 18165 -14512
199550954 920315104 -578256696 -307279137 -414759874 1702425941 995390377 139052796

23380 -15181 17965 -31276 23224 18894 3516 -20045
15012 -1209 -27951 13841 2139 -30208 -32560 29317
-705 -1698 -5223 1161 27678 -3366 -3005 -20625
3390 29928 1470 -30884 6897 -1250 -31487 -13101
32767 -15790 -20229 -10969 -7315 6313 -12487 11200
29367 -17346 -27933 -8223 -1 -27956 0 -11976
-16338 24107 0 25119 -3756 12631 -32491 -13655
7631 -13632 -2760 -27043 25989 -5764 -26997 18905
-3088 -24245 -17797 6748 -1393 20618 -1238 7716
-36722216 214509245 -119244743 -1068125933 809870090 102701040 -163999515 197825305

-14999 12652 24435 26972 15834 -13276 -1 11460
-22805 -18012 -27579 -30647 -9113 18581 -13154 -10146
32767 -4922 -983 3438 -5799 5656 17946 27036
-13781 25256 -31949 -24584 -9576 11228 -929 -29451
16393 -19342 -11614 -1 -32768 26364 1 15314
5304 16804 17078 32767 2161 -6956 -31974 -20219
26877 -5208 -30144 0 -1 -22592 -16506 -9014
-32768 -20899 10071 -16159 31263 -29525 27249 18901
-1954 -32768 1 -28578 -20675 -12795 9327 11809
-1178233788 1218746481 533181502 -400261033 1122787071 -1990060060 146795469 1419412259

-24368 -16819 26042 16432 -26711 -8717 -20420 14401
-20201 -29331 -13029 19553 3940 -1049 -1 30020
-11291 -6750 29530 2115 10759 21635 31813 18930
22862 25175 -25080 32767 -2751 32121 24420 -5706
9452 13012 11830 -19165 6690 1 -31427 25513
11796 -32768 18912 -22856 -16103 28259 1924 -3280
-17512 -12138 -13135 -20844 27373 -15524 19093 -28406
17524 -22871 -9708 -27444 -10330 -26631 19082 3136
26551 -30119 13814 -24675 -28259 -18206 -25076 -23933
894781919 -1126075193 -1689464165 -2289066347 483757526 2096182495 -56336813 1920411097

-14468 2237 -7816 -29239 -10900 12171 -17076 5384
12770 32767 -9820 -32054 -15023 -26803 -30515 1
-1086 20008 24662 25962 14818 -6670 16077 -20048
12222 12199 21740 -25262 19099 -11715 -12171 5861
19170 -16208 -15320 22474 19667 14895 11834 28617
28722 20187 13681 5803 32767 22787 -10593 -32527
-14910 28446 16158 12104 12253 -20192 1 -4576
24033 -1 -32768 1 4989 13063 -25528 21990
-23001 -19757 8683 -20232 32440 32502 -20880 14810
1290548941 -1099180137 -1050133068 757477859 590413378 484958070 -650235430 607805274

-23730 -124 -25913 -8202 21176 21064 25812 -1689
-20238 -32768 25832 -19285 -22626 -22220 -32486 -32768
-4805 -15338 24092 -29623 32767 13796 -6362 -4598
29454 -11488 -32768 -25419 -1672 -11696 24105 -1
13931 30489 29453 30819 10763 -14766 13095 32767
32767 15981 32767 1130 -18928 -7160 27388 32767
5601 30827 -28626 -17531 10653 -29580 3817 -9740
-6469 10364 -18246 -21026 -910 15771 -18623 1229
-16732 -25393 18045 -2561 -9722 -3098 1245 -5415
-276243140 2112028547 636156435 -644804513 -774771591 -302811941 -1302600583 -500187436

-31019 15534 12652 27473 26915 -1915 16150 1
-9196 18198 13564 6986 32767 19981 -13360 1
5291 -6897 -23326 -1 4798 -11240 -25045 5232
-23044 1322 21276 31929 -6567 24831 -27146 -30036
1 32767 32013 -13962 29141 -11274 -25867 -28466
-69 28963 30283 26715 -2560 -23369 0 -16223
26741 -23350 22168 -215 -4309 3625 -11446 11600
-1 -23871 31498 -7830 7788 11394 -14955 -15052
26997 -9618 14030 -4965 25889 853 8412 -5984
-114705084 485283006 -245441468 -692308017 900899678 22670423 984429864 885969493

-8636 -32411 -23446 29083 -8727 30831 -11978 -16193
-22025 -3821 9820 13594 -7220 -32768 0 -21328
24796 17195 23443 -1891 8379 27391 15442 31024
12874 -13991 8596 -4707 -30296 16144 11332 -27636
22567 27657 -13953 -23729 -17016 -14667 23899 -13617
23000 23218 29003 -14442 -12422 3977 -18657 19038
3475 31519 13287 9875 -16666 18133 3188 -10175
-5403 9398 2061 -25374 -19833 5799 31132 -1610
32767 2111 22979 25518 25761 30186 27279 -22921
602239137 -843484014 2092048695 1119159527 -45336953 -44684542 1175930696 -207051597

-32768 -32768 -25504 -25909 1 -7907 -1 18684
1 27058 -32768 26328 31008 27077 -13840 -31131
-16033 20252 -20466 -27013 25398 -26248 -12406 -18870
-7302 31249 -1669 22848 13583 -20570 -1800 32767
-24261 17561 -2843 -31119 -32134 -20738 -20906 24217
32379 -1629 -20052 -3174 -1 24322 -27557 -16342
-16586 -21275 11029 7541 -11087 28629 0 -19921
-23610 17880 13708 -32629 29113 -3774 -657 17952
32767 12093 26070 0 32767 -20273 -5467 26558
-1478315243 -811023302 117021617 1837275050 -531777140 -257961834 -1985971371 1310778538

4070 16028 1 -1 27431 -6403 5573 17848
6149 -1 -1 5297 -9340 822 -11090 28001
9950 -25602 -24486 26041 11438 0 -7135 -16224
-28568 31847 -3275 5007 -7024 -26334 -9656 -2775
15753 20257 12971 -31373 -5782 17580 24111 3924
15754 -1 -5994 -31057 -10296 11210 5212 1
13453 0 -32612 3693 5799 7735 3063 5170
-13043 4994 2206 -31347 5692 22505 -29215 0
0 27265 11293 -7480 21051 1820 -11820 -16854
636135662 -575625472 -570789274 758985186 492610250 -93372737 -383098347 901652020

27900 28533 -24003 5541 1338 -32100 -12472 22612
-25963 24940 -15570 1323 -32768 -2441 2510 -5539
25303 -31055 -31359 -32768 -16883 -17862 27798 -18147
-7486 -32768 -12663 23179 21631 -28918 -22693 -31719
1 -690 24973 -4021 -29727 25135 26101 -3415
-22855 3877 -20395 -22021 13122 7393 15397 28711
-18274 -1135 -29710 -22998 -10689 16533 32767 -4800
-1265 -17528 -13454 1587 -5430 25806 25981 -24230
-7050 21389 -2330 27257 9812 1614 3395 -10558
300794484 530362743 -1571227479 436612528 -308997916 -418825701 -369350842 41014096

-12364 -25943 -12506 23091 24671 30132 2108 2384
26034 -13555 927 -16863 -30894 15891 -10674 -30159
-27335 1047 -1550 -1 -5489 25589 -17787 -22524
21325 -24535 6506 -4954 -24480 -12011 15278 -6337
-16976 8945 1 -17510 -8836 -7038 -17343 22003
5884 -24789 -17115 25818 27444 -28863 -31132 -23501
-4491 -15832 26785 12576 22251 -5476 17968 -31004
-24854 -3 8986 20446 2342 9107 10871 18638
-7496 -13657 -25848 10022 -32484 13669 -24571 -1886
555826837 1336933192 1238264017 224992024 405042560 518821440 -1497090960 -94870315

29125 -9489 1 -13260 8095 -14694 -32768 -10153
-26022 24037 32767 -1714 -25405 -30792 -1883 1
-23530 2134 -15936 12677 14256 16118 -17434 -16409
22459 -11009 10936 29668 -28580 11016 32767 19639
-17945 -3368 -20550 8721 4584 2227 -5457 -1
32343 15728 -1 27521 25661 7516 27754 32603
-32768 -11467 18389 26580 839 -26104 -12212 -3757
14065 -7305 3501 21411 183 -22270 980 14460
13297 -6488 -22488 -20678 -28282 27065 11793 25650
-550485825 -1340450633 -823934574 1507269224 -68718503 400210867 -2295087796 -512507017

9767 28217 -1286 -7057 -31658 32767 10053 -18088
26100 1 10393 32464 -32768 11102 30591 -13409
-1894 7640 -4836 -19196 -14425 -19922 -22692 32421
-31444 -19824 21563 24962 19547 -32397 22849 32767
0 -1865 -21245 -24142 -17966 -28571 21331 23485
22323 -10942 -22154 -29795 12656 6265 4238 -6916
3264 4258 10395 28533 26565 4566 10054 25244
-27196 -3265 22120 -9636 26849 847 -21865 -32768
-32042 1579 10850 -27070 -20376 -3767 -29233 -8129
283468441 -1761736459 1308691129 -676094171 79294340 -515519435 -1815069886 1722392061

-1317 -23315 -10444 -25723 -6849 15687 -14914 7711
7120 2747 2322 -1 14032 -32768 -16678 -12404
-3571 -1 25473 14785 -961 -32018 -7663 0
-14881 16694 -1 -30415 -10728 -11538 -7509 -16747
-14383 24153 -22740 -25321 29121 0 -11121 -32768
-877 20143 0 15202 32767 2820 13341 -1341
-1 -1 25961 -23609 -31878 22845 -7278 -28780
-6958 -20944 10803 -22563 -4057 -31605 -4225 -1
-6312 24859 1 -21885 -17052 -11940 -17474 -21617
15067647 734915336 231556195 1988487033 1651435186 -622971230 1536817767 537466989

-6119 7294 -2385 -20371 -29292 -953 16832 17433
20752 17477 7099 7293 1 -30662 -10039 -32083
-25005 15992 -18208 1986 -32768 924 -1 -4074
-26363 -20175 -15141 31267 30011 -14682 -16735 5286
8980 -17077 -22870 -31991 7039 -27892 -17681 31961
2543 -23207 14936 -19965 15264 -31924 32767 -32768
30192 20521 -3904 -2109 9347 -24002 1 27012
29161 1464 23140 23123 17297 13947 -12137 -23649
-32537 30060 18535 32767 8627 -21934 8788 27386
100189783 -73598343 607361283 1573834886 -885249528 -935222914 839893770 -629236125

23750 6111 0 24611 13256 15241 -21950 -2914
31461 0 -30916 -27205 15393 15878 -20066 16533
20885 -1 8992 -23046 -18045 8833 25141 11028
25055 20395 1 23784 11001 -21687 11744 7839
10790 -20262 30568 -32768 -5837 21496 -14675 29654
-4440 -8587 -6328 -32768 -17577 7913 1 7921
-11239 23100 -27523 -1562 0 -22287 -5685 26049
19033 31440 23375 -12567 30567 -31978 -8978 -28136
-21927 -23589 -13947 -12130 -755 -1466 -8212 21673
-878703367 559539593 -270558501 -1222052201 948607973 958980877 748259933 -1844810695

-26952 -18514 26229 -12992 -22365 14876 -17593 31385
21886 -4259 12276 8718 19812 -7196 23584 -14619
-15983 7315 23275 -17471 -18862 -16441 12624 -18812
31309 -17868 18327 15857 -1 -8261 -25761 -29103
3971 -12721 17704 0 -4025 10897 10347 15388
-12473 30448 -30533 -8974 -2278 6107 -4787 -8704
-14349 -17645 -8867 -14647 -17476 28829 1341 14464
8754 16831 10336 28997 10176 -32768 5723 -25777
-8820 32767 1 0 29515 24677 -1 32767
366496596 -404445766 -1198167975 -2019086261 202480120 905939031 217925238 -878610545

-30553 27642 -26485 -14517 -5529 -23239 -11371 -28080
-16506 -27309 25025 23179 -25110 -7788 1 -31504
8888 11927 0 29681 -21918 16770 13544 30394
-2362 -21519 -4755 29174 0 -19091 16410 -809
25580 -8909 -28031 9876 10381 20039 457 -19164
5834 -1499 16988 -1 -30971 472 -28585 4278
28405 19401 18962 -32768 -1 16123 10886 -5752
-17027 -20180 13570 -29800 -13674 -5181 16421 26338
18347 15461 -17997 -27899 -3476 -13531 28337 -23735
1426401885 -881668312 -968931900 -361858458 721093078 -1032127689 1620884179 -79402057

-14423 -29171 15880 6621 22489 -32499 -28534 -16162
-20831 6124 5778 -1 -966 10090 32767 4569
16426 26011 -26086 26 -11719 9817 3303 -10870
10160 -21505 19301 -31751 -28728 14013 0 -23668
4873 15824 -30477 10282 -6069 -17859 -18977 -28961
9232 -9057 -32336 30997 -4902 22785 -32768 29113
19654 -26053 32767 -19108 7456 7184 14580 -23700
-11738 -10231 16892 -12319 4006 26213 -17896 25633
-5425 -28111 21771 -1401 -32172 20445 -26520 -31637
1114798926 -709511441 -554230140 2973611794 100449472 28609722 1636031346 806991394

-22433 -6125 4181 -1694 12003 -22003 19423 -9474
24769 4853 16755 -30663 20149 -10531 30742 20790
9668 -3901 30071 19526 29691 2830 29611 -6733
-22482 -11752 8711 -15250 22552 -24709 -13512 -32768
8496 30950 -18764 29547 -7935 30260 25909 -14350
32767 7455 -22552 -20195 0 -27645 -14478 -22050
-4375 -6180 -317 -12704 975 -10236 -15627 -6532
22490 3704 -16941 28691 22874 -1 20241 -3386
28872 -10866 23519 -8558 -27887 -23349 -7187 32767
-739308408 1463149001 -465845952 -1214595058 -1926851758 534495257 152189933 -929174359

-15693 1 -17534 5115 24956 25365 30151 10269
16362 8964 1 -23159 27675 14478 11419 24198
-26791 -8922 -32099 16207 24653 4381 -26723 12879
12648 -13992 -15783 -9128 -10291 19385 32767 -30814
-12745 -2427 -9610 -26257 -16936 5526 -6563 -2523
-32537 12298 8812 8972 27925 -14544 -9287 -29283
1 4919 -30699 18370 15357 -6145 0 -21437
-13277 -5999 1826 18698 -17003 21912 -30513 -15510
-27947 7348 12222 -13603 -15775 9801 -20268 -26832
-877017085 -1251752518 -79519036 -10005912 1100113216 1376219144 -316259659 1612523786

18546 -27967 -11163 1336 -14765 -32768 11914 -27096
-23597 13992 -8578 -13416 -6810 6889 -20239 15035
10709 1 15956 20166 -32063 -18476 18874 11671
-8539 5111 24830 3521 6953 -24767 -7060 -615
32767 25146 -5776 19320 22655 -1 1433 -24482
-25154 -22085 9802 -16673 -1677 -11831 10319 21172
-10645 4284 -2141 -6341 -32768 -15906 16172 8232
1 21354 -10670 -18807 25586 21304 11222 -22410
-15695 30770 27301 2069 19906 -12798 -15593 -11587
-1199981815 456593973 -522033164 1549040923 854058252 -339848810 -568948015 648179880

19149 14593 -10504 -7506 26667 13045 -5737 1808
21645 -10696 4957 788 -6310 -1 -13942 7086
-5305 24605 -3345 19515 17176 -1 -14250 2783
24213 1753 21157 -30773 15193 22638 -11803 -15509
-20955 2253 -2057 1 32767 -9962 3200 0
31240 15412 -25520 6909 25621 29799 10835 19665
-31027 -1 22910 16577 -6196 -2771 15756 21322
-19232 -5710 -23542 24340 -27644 18798 -19064 13797
-32768 17340 -27535 1 -2311 -21605 -11617 15603
-333819387 -744091120 861902298 -1974679821 884690029 -575782857 609701248 1273931659

17150 -18626 14766 -28042 1 20082 -22773 10115
19784 -17893 -20840 1 -27787 -22644 -6936 1
-17226 -12272 28525 29923 -12111 -17391 18807 13490
-7132 -15203 -28452 1 -32768 30134 -26968 -14313
27078 -22049 6661 1 15267 16656 -17282 -31948
16581 10670 32767 -29700 15245 -8556 -31370 -7600
-1956 -18248 -25454 -27934 -18472 155 19119 32767
-459 -11087 -25803 -6964 12239 -15218 -11028 -21126
9926 -32768 26313 32767 -693 -32768 -13778 -32768
-425476383 1091150078 1839306931 -445394237 1895201141 655017500 -2335957854 785981404

-3498 3788 8322 -28482 -12396 1 26154 20191
22737 -27324 19509 -11109 -32714 -13075 0 -25812
-23660 -1576 -13760 15428 8459 25779 981 -15225
3186 14700 448 1 27676 21783 20470 -15845
-20677 883 -3980 0 14606 20974 2321 -3961
28754 -20947 24456 -4749 -16657 5918 30833 23452
-27648 18654 28587 18389 21975 9374 -9578 -7598
-9157 17471 24220 3113 -19785 14860 -3501 -18545
-28949 21412 -7469 1 -16151 29036 2736 10098
595869652 -1500930193 1214816597 300677997 986663525 -701543684 800638713 1012455327

14990 32767 27288 8578 -3832 -10094 31209 25557
-25478 1 -3121 -6995 2843 -8070 10908 16389
-2991 30576 -8912 -30700 -2784 -11859 32767 10324
5212 1 0 -15382 -23491 -31511 -18929 10293
10933 425 -17011 -30401 -32768 -32334 27006 25302
32767 26372 7995 21743 6015 0 -10749 -23336
-13057 1360 -16998 816 665 -27368 -10693 -8967
29575 -9131 -18223 12855 -32768 0 -1098 17425
11349 12260 -32768 -8798 -32768 -20437 13215 32767
1183913710 627608125 2007934825 1695361475 3874680269 -861879938 520700415 2337930318

-23322 3506 14524 -5864 -12071 2127 -2527 -12153
-12700 0 -7727 30492 -13057 17711 -20426 -15834
1504 -17840 -31396 28571 6191 8224 9767 -8753
3204 8171 2268 32767 18615 -7086 -20424 18116
3887 3323 1 -25250 -14078 -10516 30569 3030
-16365 -14858 -10158 213 -7630 14174 15423 -5487
-32053 27224 -9095 -28780 9518 32767 -9463 32752
18415 32082 -26452 -32768 -9284 2018 0 30044
-1 -23487 19397 17297 0 -2036 -26957 -15526
350447565 1137954975 160076946 702575562 -1364462778 -203789167 -1633728483 -2303977681

-1987 -1 5327 -965 28231 -3927 -18037 -21221
-24568 22058 20749 28461 20761 -23683 20886 -14402
-29586 19804 -17893 -12894 -28388 12287 2413 26576
11608 14988 -26864 -30076 30034 -23816 29223 -11187
-31582 -5168 19857 10644 26518 28316 -1 12222
27819 15911 -1 25427 -3637 5099 20665 -29505
-3728 32469 11289 -18547 -3290 -10180 -12911 11787
32767 -11084 -20496 -18492 -20879 -31822 5788 -5412
28386 -32444 14709 16273 -11711 9578 24371 24560
-1322712674 -959362365 -793710834 -1183732117 -2723336 557627556 -1379152785 635200859

-27282 -29022 10957 4062 -28035 6890 1311 -23330
-23939 761 -22072 -21963 -7654 32767 22539 10897
-32768 -10886 -18242 -26267 7630 17933 9007 7462
-4991 23966 3462 1261 -10870 -2650 19909 -15708
32029 22043 12382 -12485 30450 13926 -3819 25187
-32768 -15979 -32768 2963 28061 18291 -5506 18811
-30932 -2676 -23445 30013 4518 32767 -20996 18488
-13050 -19808 -25509 -22193 -1438 8693 -9544 -26061
26639 30495 -17918 -4021 14197 6209 32476 2387
-2192797475 722069161 -242403326 969079772 1808624034 -406923719 -976339822 -743974595

10447 15312 16757 -12121 3265 4039 -14310 -23462
-13360 -5107 13244 9397 21066 26458 11521 1459
-29186 3214 13453 -15971 5319 -29081 3103 28806
25246 -8594 25851 1183 -27929 0 32240 18882
20525 -22379 -32768 0 -20812 23734 -29024 -13847
1852 20430 19992 -29866 -32502 -10684 20682 25165
-9804 23781 3637 -24618 6583 5979 -13620 21392
-28590 -25658 -29569 -1695 4424 28677 1 20365
-29141 4336 13357 -3621 19057 -30725 22081 -13635
-28281715 333087827 1772593283 -509756689 -2710753078 232223031 -124141717 -741374787

-14470 25486 21106 -1927 6126 1440 22038 25565
2105 1 -3289 30149 14463 10125 -11431 20685
27852 27314 5905 -27419 -11478 -1 12678 19988
-5360 -32768 26523 -5318 27281 3095 7043 29793
-7607 9208 -27781 4773 -22384 -3826 -15390 22664
-4017 6799 32767 -5578 28809 6502 7876 5000
16616 -27968 12522 2624 9873 0 -2995 -21359
-14096 -20459 1 -28494 -4345 -6976 -20484 26397
27259 30851 0 -15981 7632 32767 22204 -6613
836834762 -372856461 2101753726 -803062730 -787358340 764133590 -301742545 -1451194588

-359 -10965 244 22292 18879 11386 -32768 30099
7589 -32058 2209 5893 4342 -20622 9321 15991
20190 25568 28253 32476 2251 32767 -12024 4083
-28540 -16965 -8179 -10961 17352 -24976 -20842 16296
30149 28050 -11403 15334 26079 -8257 -1 23288
-29327 23731 22224 4233 31506 -20785 27458 -6233
-8548 -18490 -16151 15193 -17369 -1 -12006 31706
-24145 19394 -19999 -9993 -23520 24436 6622 5287
357 -568 -1 12217 30872 -1 9668 -29631
-347402314 -156736258 221644945 -283106330 297240423 1450571374 -1398690545 -960471516

14091 -2082 0 -22923 1649 -29703 17729 6692
-248 -9086 -6772 -3408 -13053 31964 -1593 0
32584 1410 -24615 32205 -18813 -14344 25450 -12147
-18696 -23519 -32768 26760 26460 30748 1 12029
32767 8553 22428 4031 -18014 -730 12966 15058
29957 -20483 -31476 -1 -17697 -32768 -30478 -16452
-30982 -11988 -19812 -28623 22914 30697 -13280 13958
2495 -1 -15456 20720 21217 -32768 15828 8784
-4089 -12329 7022 -23053 -31829 -11996 -3854 -21310
589391879 182210221 -134250390 -1947971673 36396315 1333456388 -548623173 -1126799035

-23804 -22137 -1 -13535 -29871 23429 32767 30296
1 18548 20829 19024 -24263 18006 -32199 9864
-31958 -16306 -1 -25151 31637 -32562 -15885 -1
-32143 -32768 27625 20765 2411 17646 31026 -32070
-28500 32767 5382 31241 20953 -27780 13204 32088
18315 21349 -32064 -2389 30847 1110 28863 4132
23653 -32768 -13436 14650 -6949 -1411 -20921 -19011
-10347 9859 31469 24771 -28711 25418 32767 18727
-1 -25072 32687 -19925 9422 26506 -10552 -7398
594372176 352199892 512578338 1711136015 -2183694361 -1550824404 348980187 206805263

16261 13320 -6004 30309 -27323 -18037 2892 3350
-29728 -26977 -12162 12427 25205 -20088 8733 -32768
14706 -32768 6555 -12605 -9460 -1 -30296 23100
-22838 26483 -25069 2282 -31833 16701 -18019 -24942
-29933 -16301 22841 8960 1824 -10474 32767 -15324
-20470 6115 0 -511 -19431 -3358 -5019 -24271
24965 -7846 20886 -5319 -22812 -1089 0 -9547
-30523 5716 -6427 2154 -15090 -27475 13480 -28580
-24225 -13113 -24226 -22531 11861 -3162 31840 30973
-1177231339 714164293 -162714479 -1014748478 807082392 -704190642 -1450863319 223522815

8491 8408 25803 19498 22342 -21119 -13454 -8322
-25554 21524 14963 -1 -7997 -7659 -6266 6176
29678 -30024 7676 -1542 -17141 7291 -8980 -26430
27801 -11722 -26111 21521 -8195 18065 13679 30742
31836 -28737 -4436 29314 -310 20123 -2451 15318
16072 -23593 -15289 9526 -2181 -26073 1 -18360
-3434 -31531 -14115 5238 -7429 11520 -32768 28503
-1 -19917 -1061 -26291 -23737 29180 18086 -28095
-19440 -1 -24323 18140 -25598 14464 -1 -28367
-1080278201 51524151 502395608 84044852 -114739118 431787385 53405945 1375559345

24397 -26127 20026 -18951 -29659 -32768 -2083 1
10921 11310 -31032 -25642 14630 -23945 9011 26339
22551 -137 -30293 -26537 21546 25092 19962 -27929
-26914 13951 6328 -9748 -1 -7778 -14317 -9447
24389 13752 -31341 -25967 -22091 21375 -14584 20866
28527 -6634 -14317 -10521 -10790 10198 -4742 2789
32767 31729 -1 20335 -3138 -8727 23099 -7616
-7053 -17061 -27832 8413 18202 -27688 2771 -20278
-22013 5865 -6882 -22881 -16882 32634 18927 11080
-1002548652 60188530 841931065 224314200 1379276036 128495932 -879499348 -1328852984

-1 25172 -1377 5712 2785 3738 -16679 -11394
31224 9656 -26765 30551 -29035 32767 4145 1205
17482 -15552 6695 -31922 32767 -4493 16871 -27271
6177 -13179 -2974 32642 26081 -11372 27851 1
2512 -1 -29191 -26354 2709 -12271 28170 1
0 24071 14977 -20041 -31260 -6311 29197 -24601
32527 -22393 13283 5501 32627 -26513 -24363 -12106
15938 -22933 -31823 -4618 11994 0 16238 1065
4050 -13582 -32768 23920 1900 10588 6330 13251
-371828098 1937100649 -940815811 1187719945 389881293 -1564465087 -401160088 1448025865

17573 30810 -18745 -21541 -18839 -18210 -20775 -871
-28529 -1870 -2371 4896 16834 29964 9180 -12982
12881 22200 11010 1 -11284 -6813 14865 -6785
25375 -16080 -30010 -22784 -25104 -32768 -2145 -32768
-6760 31922 14970 -1 -15047 -28773 22129 -26143
-16813 30907 17106 1 667 -5494 1253 -32348
-28103 15388 25661 21678 31215 27142 7860 -31074
26303 29761 -4210 29091 -20025 19536 26919 32767
15739 13900 -8303 24828 -15422 -17747 14380 -16692
655162394 -776447742 1041868936 1344162943 1710282663 668167703 -234634612 1387156409

6342 1928 19212 7722 22466 -11612 18788 23797
-5596 -22311 -3229 -10844 7640 9277 -12352 -25567
-24730 29780 2479 -32411 25764 -8946 17090 -14221
32767 32217 28420 13974 -32768 1514 -27716 -30641
-28822 -19260 7944 27195 -16871 21813 -7104 -7002
-10716 14312 24681 -25810 1 29251 -11220 -15429
-21401 22005 -11053 -9513 -17148 9452 -15421 -18728
21118 -4182 -19633 5249 356 -17504 -12762 32767
-14173 -12388 28999 -13880 14653 -2769 -26728 -4081
98244903 933321815 506882598 148178972 410828456 1330420474 53392150 -628626632

-21524 -21042 29479 0 -28726 32767 1 -3793
21248 -2941 -27380 -2986 12531 20702 -9614 -1510
-32461 -14816 29676 7813 -32768 4246 21081 7765
11889 -11024 15749 -32768 -9012 28473 23218 -32768
25089 -7265 -4694 13100 23431 -7695 10671 15435
-3842 9054 2760 -17969 1 31683 -22597 -29719
-21736 -7683 -32768 23809 2208 24675 -28560 23713
-20673 -30636 -29578 20414 -23723 -133 -23438 -32768
9289 1039 0 8602 4630 -1018 0 23963
-479048919 169391165 -219682200 -1038818009 824377531 -925255631 548255186 -943182753

22718 23786 -27095 -18033 -9344 -20435 19610 4434
2592 25573 29285 -568 -26197 -27511 -19509 0
11162 17288 29461 13213 6515 32626 -3249 -28200
32132 -10380 26136 31875 -6239 23895 12666 2412
29886 -15910 -30356 -14192 -18027 -6093 -7315 6780
22601 32654 -6331 32767 -17119 -1644 -11814 -3015
9407 -6608 2910 -16153 13484 26680 -1 11747
0 -1388 4336 16778 -16777 28241 -28947 -29197
25843 15968 8471 29535 -6905 -3123 -28717 4055
-212031953 1533679166 1036397896 1441972965 223049251 2470017879 -443605546 1250630608

23985 -11259 2067 -12000 21730 -15721 -1258 32532
-3660 2497 -11575 2991 8889 -10601 26827 4348
13142 -22756 -21489 -29205 -1 -12520 -9285 17683
-24643 -97 25883 -11816 -12748 -24614 9411 11631
3154 1 -18216 27825 -65 -30022 -17375 14337
-22341 -2550 -242 -25933 -22460 29571 -26992 4164
-16720 24428 -11731 -22979 -32768 -22543 -805 -12870
-19832 -602 -8587 0 1 -4949 -32768 -22129
-3775 0 -18263 30140 30683 -3038 -17294 -26324
-610087524 41903600 -804303568 -1521105974 1171706461 -1114654065 -999449167 1395969514

29048 24120 23410 -14638 0 -23113 1976 -9744
14718 31351 0 1 -3742 25308 -24986 23478
22024 11685 -6685 19919 -28205 -5282 15710 -8012
-9249 10295 -32768 -19102 -8114 -32414 9147 17743
-32768 13975 706 27678 31920 0 -17279 -9140
-26790 -23234 -17599 -17392 -8368 18977 14174 -13731
-1840 -1 3911 -26728 -16986 -7232 11938 -16657
-9926 25028 22687 17002 26972 21125 -27443 29869
-18151 4474 -30935 -1148 17235 -32613 -11103 27233
-660234905 -99950434 -870015706 2548454575 1096761981 -347722171 -699973864 464836358

28291 14131 8527 32403 6077 22901 28746 -669
3472 32287 -1 29658 -25456 427 -3093 10477
19921 23502 26331 -12046 0 -28506 -9090 -18910
24984 25163 468 16436 19571 22471 -15098 3534
-32676 10899 -32768 18997 11721 32767 -1 -14605
29797 -13093 4422 -30735 18621 1628 -1 -30895
31552 8191 -687 -26189 -23715 6350 -3657 -27938
10133 13544 -24303 8195 -12318 -1827 17014 12553
20680 31329 -11769 -32768 -32768 10172 -13099 -19738
-463889084 783704641 1435446685 476205101 -333613228 1177299022 3216386261 565773143

19099 8302 20215 -13264 5456 16660 -22067 -10592
-26946 -13416 -32768 1 0 25877 20533 -14785
14474 22175 32767 32767 1 17671 29695 29587
-4934 32688 -1586 21213 -24736 -6651 -23442 0
-24500 15960 32767 -21609 -5039 -24177 22520 -5532
-15895 -81 -12042 31275 30757 -15206 -32768 30396
18089 -7765 16438 14208 -29267 -29841 25180 31636
-12241 32767 12386 -13559 23991 -15411 -1 -11801
20180 -6480 23387 -24911 -24284 -23635 -31272 9011
1203190677 -2610143233 -981237540 614048448 646489007 -469843925 1359508137 -156579907

32767 25734 -1 1945 -24770 30133 -22322 -17243
28133 25153 23079 -31066 11070 8099 1626 -32768
-28134 -24938 -8092 -25326 6213 -8180 -16595 32767
-32308 23357 15207 -31979 -32768 27852 -1057 -19004
-32768 3716 3769 -21910 -11022 -13198 -21249 10021
26567 3900 29829 12278 -32768 -2885 -21419 12643
8586 17877 5246 -27153 5506 13425 -11823 4896
-32768 2736 32767 -10701 -24275 -27752 1069 31456
1 13701 20896 6881 27204 0 -21418 15628
-99247138 367367332 351470528 -748076436 290751244 526168443 647246912 456840245

23853 -12820 -16169 318 -1 32547 0 10782
-25901 32767 17214 19316 -22646 21715 -10672 -1
-30853 10746 -15151 12533 13069 -20998 8916 25239
-31407 -7860 32767 -10020 -23387 4868 14118 25992
-32768 -4560 3498 32767 26198 7936 4532 -30619
-29876 -25219 -3913 -21437 -21313 -7564 31443 -4392
-9542 1 22954 -12085 -4954 28225 21182 13765
-32768 -27394 1 -32768 30420 387 0 28304
-10714 8983 -8788 8634 30469 -5396 5753 18889
-197877201 -281243032 1707985058 -275243347 765398237 -567789789 -125198066 1281481334

-7930 -30573 21215 9082 -11956 -19520 -29816 30515
1763 -7951 -3913 -14044 -18795 -2972 -10893 1462
-7961 30878 -21078 7906 244 2816 -2970 -4421
-10952 -29616 32485 32108 -1876 -10191 -20849 -12997
10 17044 -5857 -19538 6380 32135 -31811 -13724
-32768 -14462 -4129 31556 28336 0 1 -15056
12811 648 -4755 -680 5732 1399 -9820 -8640
20471 9106 -24425 7391 5474 6644 -65 -17264
-16824 -24665 0 1 19000 1 13632 5604
424877275 -330971641 -688285608 522064249 -809882751 1362049426 -304891265 -562617095

32767 -17914 9787 8783 25251 -32064 -26822 30270
25314 -6172 20380 -8942 -30472 -21677 -9990 20272
-31066 7322 14717 30426 -18985 15220 9145 25139
0 -6585 1 8579 -32768 -3818 9342 -17531
-1372 -9265 -29416 6383 26712 9708 -32663 -18467
13423 7233 -4877 1666 24949 -16622 15695 -6042
-24641 32567 -1961 -9065 -709 -32768 -15445 9621
3915 -32030 3692 27509 7440 30432 1 31919
4653 28665 -27062 -16022 -28777 1503 28990 -5585
-2488084928 -25906181 -126502554 979722672 -1176040050 120882267 486855248 -1787185766

-18451 -12187 28035 -5514 10408 19023 19910 -13502
32767 5538 -17883 -32768 -24728 -31679 -16404 32446
6334 18165 -9349 -31969 -1661 -6204 -9881 -13018
11498 -2135 -5326 7462 28419 25671 14235 -366
-11089 7126 13205 9473 -12364 -29576 3856 14749
13471 8487 -25074 1 -2778 29765 -31553 8225
32767 4565 -14318 -19490 -22091 -18222 -21486 -18566
-23864 -1 -2324 -30570 0 3742 -1868 23988
-1 11513 -5641 25119 -1 14657 -7982 -22485
-13461528 -1721401119 -260514786 463727359 -550377316 742350217 -34377395 -1224379105

29009 -15642 27327 -1 19342 -818 13879 6088
-14560 -14806 -28085 -13807 13933 27624 -13736 2261
-22178 8028 27560 -19006 8816 4215 -11540 3487
-9864 0 1 -5714 9213 1 28195 -28002
8140 16214 -29877 -6212 -8520 -1 -22398 3708
16814 1 31683 -26069 3725 -16392 -15784 14587
-22584 18810 -4647 1 6467 5820 22316 -24791
19917 -3562 31835 -29368 18882 -18157 7939 24161
31384 25314 -27141 -18747 19732 -24418 22443 23120
626664733 -466254914 -991851376 -35337916 1008213401 613295814 -193350284 1774149368

28178 -9802 14232 -13378 -7079 -27514 -28940 0
-241 11722 -5282 27672 0 -15785 0 -4747
24689 -18509 30908 2167 11346 -11032 17361 -12530
17883 4119 32767 16781 -12262 -32768 -22762 -16154
21196 -32520 -25830 -32478 -29222 4766 4606 -31000
18056 -10940 1 30490 29889 -16752 -28591 -21927
1430 -30623 16529 -27219 206 10672 32767 -8470
24321 24377 26383 -32768 4687 11146 6978 20231
-13246 32767 -16306 11035 512 -31577 24912 -6150
-929889294 1306412867 -549864552 109705836 -1143618780 -294326782 -1060751428 -615333097

-10539 5501 -18425 -5787 -30690 -32768 9017 18554
-1 -29439 -7453 -32768 16809 13926 -22600 3921
-24905 -23731 1902 3801 -25364 32558 16438 -2978
-1803 -30251 8381 -1058 -21311 10320 13817 31028
-27943 20432 2946 -31338 28816 -25043 -24124 5567
1 8606 -30933 25794 -14198 21623 18340 -7915
-7995 -25997 14946 0 -10628 -343 -31356 13463
14746 -5312 23469 28592 1 -4262 3499 -10894
-15350 -8400 8091 -11902 21680 -23904 -30172 26737
377309895 1395260456 -1351966344 66184789 2754190171 -2219251508 1545843631 -627088783

15245 26269 -1 17984 -31934 14410 28278 11089
18279 30258 -9555 18435 -11722 -27685 31117 16343
-21392 -26252 23615 -10515 8623 -12082 -735 25277
18638 -28331 -27299 -5311 -22460 14001 11927 22673
-23233 -19473 21692 -1 25286 -1 0 22425
-32768 -20636 -25569 12291 -1723 10471 -257 -24527
5432 14476 1281 3521 -29160 2687 -30799 25131
-8162 22805 -24888 24134 6181 8107 6616 -17088
-16483 24270 23391 17963 -23542 10742 27608 -32475
2036454693 847622068 -1094984149 -1456628923 -905826191 604439395 -596071085 1218535050

15741 -4660 32582 20464 -18649 -11970 -19996 -6593
20565 26020 -28130 -22525 27189 -32768 19509 -10528
-19671 26945 -9876 0 13587 31434 -14969 7199
3213 -1 32767 1 0 -27136 -2836 1
22526 -271 -21378 21795 -2568 -9054 -18356 -5690
-11445 31600 11887 28287 -29141 1 767 -27913
11664 -1 13020 -25228 -21096 27134 -18220 5217
-29959 25431 -24405 1161 16958 18253 -18573 32767
-10864 -20492 23309 -2301 -27971 14510 1 17624
868580121 -2781965307 -365725310 335149590 -947462157 11956452 1310552348 -399199235

-31646 -16466 1704 -18387 1223 31577 1128 29534
32287 -18014 3863 9258 30054 -23316 22223 19730
-14642 5669 -28799 -32015 3264 -16582 -29200 -651
-18184 25354 -10177 -25986 -19549 -8044 -14923 -18630
24738 15015 15970 27460 -17405 8683 31505 -31985
5946 -5006 -30151 22748 -1173 18480 -26819 -14043
-32293 0 -12722 -26521 -7069 6912 20689 -26624
28449 -9656 -22627 -21618 -29230 -1 29091 -26766
0 13600 32767 20106 11136 -18670 -12733 -17074
-1632341256 217885454 -781399405 -70542880 1068628785 -375495748 -966715285 -1546291646

-18044 -2472 -32409 -1 16850 1223 -18881 -7751
16267 -31217 9685 -32768 23051 -11412 7684 -26493
28948 -29629 28114 -14669 2610 27644 13488 31567
-7322 1 -4137 18384 -23602 15773 28288 32649
25762 -18073 -32047 24359 1354 32767 -29452 -16513
30400 10265 32767 4232 26625 1 -31815 -1284
4200 -10841 -26152 -103 8054 0 13141 -71
-28061 5235 29878 1871 25221 16930 20153 -25676
26548 -28372 -29560 -29951 -28218 5950 -29394 13367
532327510 714340863 1333769508 -257969995 2216168938 -412815950 580737142 -3379263901

-20062 -18950 15437 9924 29687 18803 22334 26405
14980 24016 -18429 -8971 31634 -16367 -29230 12908
-18947 23780 32767 5328 11546 29981 27517 -29153
18746 1000 -18846 -25980 13800 -13773 18017 6758
10261 21679 -9569 -13860 -2752 -19984 32767 -8199
-30551 2010 21475 13129 22904 -5059 32709 -9421
-3901 17610 30396 20921 0 22256 15793 -20954
1033 -11703 21105 -24404 -14348 2066 -20268 1793
11638 -30283 3624 29817 -11308 13143 -5285 1
485647338 -1305549586 -545000725 -1087342642 -1389741205 -445493930 364296742 11773250

-10512 -719 -22453 -8633 14453 -24269 28711 6358
28256 -17671 791 -21713 -29732 -7555 13904 -1871
29587 26708 32095 16589 -21219 14985 -29052 13803
29201 -28636 -21351 15429 21648 0 -4707 20855
-1229 -2535 -1 -31567 -3405 14843 -21308 -5491
-29684 -9357 -1 -13747 -17412 7829 9081 -2310
-11703 -5292 -27204 -27543 -13976 15515 1 -31040
20262 -25331 19523 -965 -16177 -18032 5433 32767
1 19477 -2349 -21666 11791 -2986 31549 11708
1448895560 213166834 -964481589 -490924621 -186446726 146337581 -16938730 -100161164

18935 4622 32597 238 8592 -3980 32767 12107
30293 -30581 27375 27016 29413 -1 26076 -30807
-12207 -25936 24332 8588 -18894 -17324 -19218 21761
28232 -3848 32198 18329 -14118 184 22722 6669
-24742 22172 -10103 -17249 9466 -4779 -32432 -8967
-12557 -28947 3114 -28122 -32768 -30304 -17616 14634
-19094 -30501 -30227 -16701 1 -14890 18496 8346
4271 -17852 30723 -1173 -15492 25584 27532 15747
6775 -26462 22728 0 -15513 22227 28505 -29092
1106897212 2819876025 -116204325 1701672084 -1900638585 -341416601 -55792539 2335278893

32767 22813 8069 -32768 -26513 -32768 32767 7886
-14686 10653 23828 -10194 0 2057 -5280 -9825
32767 2957 -8968 20261 6293 -29463 -18378 6736
6778 17070 -14742 -9416 -19900 9903 23504 5308
-23938 -597 -29661 -12770 21168 32649 -27588 -13713
25522 23117 10789 10080 13419 32767 -15312 -9973
-27183 -9340 2810 1223 11826 17849 -23820 -6660
-32768 32767 16347 15726 2372 -14335 -3419 -4683
13065 10728 23815 -28320 18768 -18856 27810 30941
3068520134 288951777 43446859 444928820 -2073749634 -547489532 -1406172261 -57806696

10782 -15518 0 1 -293 -18066 29885 1
27533 18300 20876 20458 -23250 6673 22904 15624
12235 0 -15215 -1302 -14111 -18292 17187 -32768
-9780 4812 0 -15425 0 -28355 -9047 -1
32767 29270 1 27438 23113 -1 -14651 -9745
-14874 9960 17553 -1 666 -6857 -2216 29543
15859 22561 6028 5237 20335 27315 3585 -10836
25344 -15291 -22776 10501 -2253 -32768 -10675 -26396
-13240 23670 3929 -6327 30083 1769 26089 -1344
228824281 -89873295 -177961307 54795381 411563474 412043253 1082745912 -1222186703

-32651 -14216 -32287 -1 -20724 -26128 -16497 1
31742 11438 -26644 -22159 24873 32297 25891 19497
-30703 10931 -25798 27423 18000 -3997 21698 23716
2778 -26171 -8432 11649 18053 25182 13878 -18989
32767 -11808 -14494 8338 -32768 -30342 -27627 11818
30549 -19470 3200 -6025 -23623 -21307 31951 -10249
-25406 -892 19393 16882 -20897 29124 -11093 32767
-23795 11755 12347 11403 13740 -3805 -15199 -16604
8510 32767 -32661 -31760 0 -10061 -9350 32767
728035310 2290740122 682967234 -1933807030 1051331806 -711363806 -530621042 -946414525

5739 6006 28644 3484 -32768 19644 9030 764
15383 833 -13905 -32500 12006 -15149 -28716 -27171
28738 -32768 -24719 -27044 13314 -11235 -6012 -1
32767 17448 -7777 -1044 -4038 -19486 -27319 -1
-32768 -10487 -254 25141 12508 -8533 27070 -22201
-7723 -20536 12086 29070 32595 0 24178 -32551
7738 17558 15860 -1996 11058 -27423 5064 -15716
16384 -6144 11266 -2912 -21090 8313 -31872 -23676
18081 768 0 5908 -20162 221 31452 0
1077984239 -1061818766 -125339225 -182437199 145334355 119600415 71864003 -301067975

-30476 -32768 22604 -12505 9656 -1439 -31369 2847
32767 28273 32488 -25895 30644 17844 -25390 -30846
-22445 -32768 23957 -14390 -18054 -32688 11652 11008
-27788 1766 22408 9499 4066 11445 -27268 243
-25236 -23564 -1491 -15106 -18000 -8428 -11499 -15539
1812 -28269 -18577 -25200 22651 -16398 13224 24589
16869 -4997 257 24018 26113 -13979 -23641 9698
11958 -11242 -26836 29705 1236 -32266 -28420 -21690
-32768 32767 29411 7982 -14216 21675 10183 -24680
-68234662 1055389519 -353374809 1609887247 230003070 -2882810280 -1671529964 -1783402830

4754 -26409 0 -18327 -20615 -19268 1 28484
-32768 15809 15202 15739 7596 -977 -14600 -20584
19126 3509 -27890 22095 24423 -32768 4217 -8864
-19196 -10594 -29181 -19752 20826 18211 -12706 30230
-8322 -31446 11968 -18406 32767 30795 0 27838
-7604 -18405 -24521 19517 -14991 27881 311 15874
1 -13800 12416 -18265 19789 1 1 -23483
853 0 24345 10402 27689 25829 -870 6967
32403 12149 -5274 -32768 8968 -4815 2330 -16570
-130337393 -1085744800 618958993 -381014841 -427385773 -1511197912 931980316 -435130480

-5786 -1421 10074 -13865 -23619 3538 27008 -1481
-22007 6582 25392 -1 -3129 15231 32767 -22396
24905 -27207 2101 16031 17578 0 -18852 -28719
-84 4426 31815 32767 -16648 -11471 -1 -23999
32371 -20773 29287 -6653 23814 -2851 -6765 27527
1349 32767 -23746 11313 -19636 -19853 11083 23699
-12889 -2410 -26950 21854 -2406 -7002 -20492 -19016
11597 2766 11571 -4747 -20259 1241 31372 21307
-32768 -4326 22711 28089 -8238 22139 5716 -22899
496271774 2332419254 204691797 2059285504 -1420915524 -1164575795 617686430 -376744214

-14095 -9570 -18436 15149 2920 5230 -16238 -26663
7669 -18422 32767 13610 2151 1 2600 0
26567 7356 30144 -6529 -11120 -5884 -10339 -2883
13905 16515 5148 27093 -28641 -27375 15262 -14236
18449 15953 32767 10858 7048 7822 19489 10066
-12593 -22688 -7409 -1284 16925 -17041 -9363 13767
29389 -13915 30083 26764 22665 -10087 3732 -7674
20999 -14888 -30471 -24893 6372 -27642 5748 7594
-18209 -1 5059 -3920 -16539 0 -6714 -27658
902186927 -80241135 27394057 431590231 -738570347 -400947305 -675520960 -792941564

-12694 -29647 17814 21209 4801 -14330 20048 13116
4039 17953 -11629 -23470 20722 -31131 -32039 -4305
-28603 21453 -10071 21278 21949 1 -20307 -17953
-1 -10709 12446 -1 24548 26905 -16282 20908
3911 13701 -12136 18549 18561 -1118 -17093 23208
28895 17364 27645 22250 13294 -5519 299 27081
-25641 -32768 21501 -29077 -20217 20753 -11899 0
10056 1 27543 -1 14382 15163 1 -1969
-8325 17155 -26340 32767 -28531 -1 -15105 -17629
-848192197 -219720901 1565636308 -1334618392 449432063 -802987944 -1111251245 -1184866041

52 28251 26343 21204 -30397 15748 -5367 0
12557 -3627 -8235 24766 29921 19484 -31313 -27062
5608 -5752 9568 23092 28578 -31280 635 4687
21439 -3904 -6879 16753 -1986 3350 -30832 -28753
26897 22703 -32371 23857 1401 -1 28209 -4627
-18217 13924 26745 14619 28599 7820 -6570 12582
6473 3197 32767 -8422 -11613 636 11143 -27918
-1 1 -5127 -307 24345 -20492 1 -29170
28962 -388 -332 -30364 -17967 26285 -14690 10735
376880813 -240153961 -1834360323 384022643 -432723733 -1062482385 193055185 -1278198913

6116 -7717 -1 10462 30859 -10082 -24239 -11563
1425 -3542 -14385 -1480 -2639 -8594 -7709 20387
-27764 28642 -25993 -17637 -12346 -6984 -30530 -592
-29276 25133 -22799 -23780 -12323 -29680 22021 -21211
-216 -9164 -30075 -5727 -18562 -15353 31921 3544
-24260 16547 -737 -27717 -19158 32767 -28570 -26832
-18291 28901 30006 -13913 13698 -13668 -7583 -23696
0 11880 -14033 -442 18577 15022 -28672 -24701
6440 -14382 14107 0 -27420 11089 -17492 11492
-516487659 203384595 -169103415 -1491798743 -472776278 675448506 -776989788 -493957341

29091 -18522 32767 21271 25081 7826 -2810 32767
1 4683 -6726 18353 17947 -24194 -4381 2524
-27832 -17676 -19532 30042 -13517 -32768 1483 18670
32169 0 11377 -27102 -26935 -27485 -1130 -17071
19828 2807 32175 -2432 -770 -7859 12289 -15991
-32396 -7342 10760 -1 16452 7148 -18354 32767
-26684 20024 -5717 -1281 -17090 -7956 21455 1530
26389 -10512 18639 12795 25023 1761 28585 22183
-32545 9627 -4890 21181 -1 32767 7778 26725
275483888 -292728534 904251655 -3042206772 -1416417929 1898151532 1009114175 92689625

19328 4041 32767 -4366 1813 32714 365 -25612
-15102 -17453 -9246 -26116 12196 -3890 -30077 -15713
23165 3440 6525 20785 6215 -20506 30792 1
-5703 -32507 -24048 4254 -21498 -21833 15759 8809
-19554 -29540 10630 -1 20052 -25807 -1136 32164
-1 -12177 -18046 -22051 -8420 21693 28015 4969
-27255 18022 -21275 -9564 27935 1420 -26730 29869
-9294 0 -3908 -1928 -21387 1891 -20938 -6204
11971 15889 21935 -21641 2806 -19290 3921 -29508
1240035967 359255950 558990019 -1041637781 -869717929 -590988570 -1234799620 -150776184

-32768 -11638 -12956 31367 8827 32767 -18318 -23679
-7974 16630 32767 29647 -8076 -9001 21569 -18106
-13135 31574 1945 1 -22925 -22433 13665 -20061
-23738 -11399 23643 3278 -25543 -31838 26729 -32768
13777 4656 28220 24978 -19058 -30279 -30510 6006
14392 -4447 -22920 12913 31890 17149 14769 -27488
-54 -29130 28338 -13106 -20889 -18494 10596 1354
-1 -12729 5535 28861 -10489 27977 -6503 -29365
-11681 21187 -6259 32767 -12054 18696 5874 -24672
2227902325 1714311646 1242391069 673311970 -84224143 1005397696 -1288491182 1977154236

-11469 22686 -12402 14478 -11750 23296 29713 32409
-24579 22778 -6641 10967 -14414 -6837 5913 23216
-9771 22536 31801 3114 -14860 22937 2434 -2269
-1041 -300 99 1 11655 -16002 5209 -1
10638 27624 11351 11758 -1 -23353 0 25690
15483 22937 -7863 31804 1216 -20762 1 -7985
5003 4010 -23297 -7363 -26648 2212 -17678 -12680
-23477 0 -8986 -9282 24546 -2552 -5987 -11448
29830 -11518 -26438 -3505 30698 -1804 -1 941
-698539260 -1266719832 -1902396177 356428151 -275878816 361348028 -89159243 317136703

-10691 -19051 -11675 32767 -19501 -3128 1 1710
-18834 14159 19407 1199 30929 28992 -4408 1
32767 24872 -28534 25226 25868 -1 10135 9860
-21545 -14843 4992 -27604 -22548 -10073 13239 14812
9521 9183 29149 -10153 -4451 31801 8484 23198
31661 -24321 413 -400 -27814 -32768 -28881 23513
30163 8159 -23256 1718 9901 20984 4254 -16621
-13127 1 -16336 1 6292 -1093 24741 6317
-22226 -29734 157 1 15409 -477 13494 -8118
489413253 403914983 -1016959303 636723011 -637687632 -974026669 -581764123 669214654

505 26445 10821 -10694 -27606 7972 3990 16517
1 32526 -6055 -16129 3142 -22974 -28750 20182
13684 -14658 -17673 -5230 -22256 -16835 -32768 -1
10837 12496 1044 -1 20297 285 32767 -32768
13204 19097 32767 -1535 -28653 7464 -11220 32767
-23640 0 -7046 -5724 -1684 2258 -31352 7478
-20567 1480 7398 21677 0 -13518 -1070 24360
13938 -32768 -17471 -19105 -7429 -13331 17310 -9471
-22469 -30398 6653 13816 24353 3734 22242 9537
-1287231407 -1708119552 -1385425712 295234184 -1287372285 -253385240 923885377 366707201

-26435 -1 32151 26678 24178 13813 -2844 -14566
12154 -1 14540 -30881 -32244 19434 -24638 26825
-24540 20786 19081 10441 -8009 10260 -25288 22150
32767 25827 -30401 31450 -31270 32767 -942 16999
15484 28158 -19646 -23720 -11463 -5790 -27193 -24334
5510 2593 28757 26675 3894 26830 -10257 21312
-5888 -23775 21621 27984 -15390 8463 -20858 17360
-16247 1908 -3329 13716 14728 18705 -10380 32767
9758 31711 -19082 8950 -13373 3128 1 -18485
-643597387 -439166408 -121243567 2206771194 1791572558 -536119420 -1062136975 -655908139

611 27902 -11484 8212 -32134 23083 1 -24483
-3633 14168 6378 -19496 -1243 4024 -27582 32767
2435 -5514 -10182 13421 -4359 1079 21031 -5098
-12237 1326 -2284 -735 1888 -7866 -22422 -22365
25197 -1 32564 27907 -9749 -32768 6085 -315
5501 -26648 25485 -17167 -10199 -9711 -30470 -32356
32767 27174 32767 -3565 -3185 2659 25939 -32768
-19968 -14174 -22283 22215 17256 -31245 15407 -30458
-30714 23848 -1 -26584 -26191 -22076 -8346 -26898
1418920992 260291907 -511112301 1339920180 -579426871 1257999178 426004128 613219509

3107 -23952 -18608 32487 -2428 15961 -1037 25274
5467 20514 26231 4235 11183 15470 11954 -13284
-12049 21061 -25617 -26951 -22509 12236 15614 -6687
6974 11868 14074 8679 -11487 -29448 -18590 27174
-11349 -15700 -29840 -28332 30607 8763 0 -1
18700 -9081 -11672 -32768 -19537 -8110 -597 -28979
-2311 8304 -25592 -18708 27353 32416 -1 0
1 24179 6427 -27131 11827 8867 -21384 -27291
25672 16358 -2039 -29491 -7195 1 -1643 -31989
-2021477091 622392681 1232460046 -667582202 128034031 2390230405 483637780 2005620735

-24194 -29288 -26584 14263 5665 -30356 31612 -2586
-16063 -7067 23085 -32768 -1887 17603 8292 -16239
-32768 11924 -17783 6035 29685 0 19635 727
-29943 29267 -28123 -23257 -5340 15275 19951 -29275
-6719 -16639 -9696 -28736 26964 31767 21097 -26709
-14205 17113 25836 -5774 5383 -2775 -13903 -2057
-23273 12719 2276 -11359 -8469 0 18372 -11719
283 10005 5179 14750 4092 -31424 22818 5575
-24505 8646 25316 8227 -1 12481 -6830 10755
-838610212 635780182 379212411 -176966850 -495977549 1140808298 392931926 -156066722

-25763 -4033 24089 -1236 25921 1 14269 6509
-30448 23372 14099 -15137 8133 214 -20956 -1
-1 -1 9155 -17757 1 0 -13971 -2879
4355 7179 -10874 -11934 -27704 25067 30800 -5580
-17252 -1393 22073 -11798 -32768 3954 -32036 -28837
-32768 -30431 -8243 31492 1 -1999 25756 31516
-15242 -16167 20165 -20108 6105 15098 -12235 12822
-16949 21847 -786 -9980 -9359 -3853 -29655 -32667
-6381 -31242 -29151 -25230 -2114 -27823 19822 26355
18918526 -1003556246 -171641993 190591036 -1627938682 2002322118 184267557 -1621457569

-7914 15963 -26168 31054 26357 3543 -27432 -11263
-28472 -21942 6583 19190 -17890 -1714 16368 -16447
29982 8098 20451 -27648 26533 -11662 -1126 -22244
-24300 -23702 -12116 10549 20449 32767 17227 -31112
-3466 15128 -25139 -27552 -32768 -7987 -25727 22749
26499 1 31708 -23376 0 17481 -29493 12144
4012 11644 27250 6993 0 -2264 30651 25158
26811 14210 7394 2495 0 -9195 -1 0
0 -32768 -13358 -2238 11893 16789 6852 -18245
147454307 758799457 41226581 2393906966 -1213386642 -501437551 -1048203780 -724367849

20275 -16643 15973 -4434 -8901 -17116 -541 28873
-30995 16266 -32768 29891 16614 10710 25646 -29793
7865 -2662 -21056 20184 -30021 4849 1965 -16309
17438 -32768 -26906 0 2722 18746 20165 -20531
5577 -16832 -5214 32629 1 -11502 -2950 -20726
23159 18722 2846 -26366 32767 -14949 17813 -8568
-3422 -32768 32345 -12987 29170 31948 -1 29368
18191 -32768 -26840 -14116 -20123 2337 4542 -8423
23849 -15069 -30411 11078 22555 0 22719 -25907
-761608758 2072555532 881654874 2779318182 1376624284 1257289327 -818274212 1455002437

2600 27318 -23058 2660 5810 -22977 1 -32435
-18775 -14899 10391 24670 -21671 21169 19918 23479
15316 -13595 -20896 -32768 32767 -16289 -9919 13402
-24926 22392 29616 -2447 -11152 -2302 -1 -32768
-10865 -1210 29590 15243 -8871 4046 31629 9638
8903 -10067 -17675 9726 32767 3943 -6346 -32768
12218 0 7203 -11867 1 26306 20904 -28739
-12786 23 22120 -29128 10820 31179 1 -21483
-27559 23489 -599 24778 26624 -3173 8922 -32768
1940170787 -463282752 -1144415848 1918655872 348329981 1646756894 409711741 511030736

-1 15175 25007 -32768 2054 -32768 32767 -8683
24111 14441 14784 28609 31784 14383 -26184 32492
14801 -12185 14698 -18301 -13514 -5862 26152 -32503
13325 -21228 -19375 -10399 7422 -32768 -11297 22113
20871 4928 6966 270 20894 1 -31040 1
-4400 19328 29888 -5619 -8314 -9913 -23618 -1
0 18902 -27315 -8895 24607 474 28549 23074
30912 -1 -3653 -26316 7873 23757 -21319 -4289
18707 29071 14402 -32768 -17985 30250 -32009 10673
-294659396 1194679526 -384260161 -833231679 1242994350 1699780785 -648193762 2601630614

-4705 -2421 -383 28842 -19423 11165 30302 -12978
-19361 -23181 0 16399 -21439 25338 19182 9684
5799 9840 -7436 -16392 30662 -4905 6186 -25084
-26775 7481 15984 0 -15359 25713 -27653 -27504
1481 -28779 -8646 -4056 2328 -7373 -5868 -4275
-32768 3237 -32768 -24505 -22132 -17057 -7608 10512
-31099 24732 15520 21259 15287 27686 8228 1
-26312 5802 9256 4596 27670 11675 -1973 12015
-6900 -8727 -9199 4099 4613 -1 6212 -24535
592380932 185749187 670638259 404577421 383025989 -8413937 64698143 -114802460

10163 -21360 -1623 7979 -18347 14635 27681 -30444
-26045 14303 6027 -5774 32690 -24339 -2127 -13257
-20428 1 -18205 11528 8818 10238 -4517 30744
-21249 21483 -10936 -10220 -154 7871 20983 -12536
26555 -10587 -25531 -32768 -15909 1 29189 -32271
-11801 -6564 32767 -3852 12851 32767 -8016 -21350
-22610 0 8699 -6627 -8501 -5049 -20787 7851
1 21912 16236 -26570 8968 -10021 -8090 22025
-255 17092 -31579 -16991 19083 4062 -26185 -27881
-618681409 1109159916 -144785490 720711476 1007126409 105011103 -13660571 41442542

0 -24498 20847 15901 -1374 25555 0 3876
-6947 -30253 2137 -26025 -29103 11011 -24435 32767
12970 6803 -17483 32598 13466 -8265 -32768 -24731
-30554 32767 18393 -20311 -13704 570 -32768 11930
5422 8898 -14571 -29429 13083 24835 0 -24734
-1 31671 -5691 22405 29163 -6236 526 -5297
-1778 17010 9024 32735 -18407 16744 21353 0
-4299 -19167 -14693 27337 1 22380 2379 -18698
11009 -29901 -4135 -26262 -22570 -18952 -14281 -19716
-301006105 1653843786 -36159380 -327538058 348446497 -1954973797 -1632019313 -220877024

23810 2972 -5596 -12229 -32403 -29614 -12680 15282
19716 12757 23745 -7832 -32768 2499 -16440 31164
-29896 3677 -10471 32767 28438 -17714 -21145 -12998
3992 9651 -23442 4057 1 20333 32767 -17078
3132 31957 13993 -14645 -32768 4966 -17027 2140
18244 -32389 17563 17712 -7323 -373 -30174 22680
-14765 10974 19206 -1 1 -32443 -22857 -1
-20764 19906 26745 2520 19418 -5844 726 19712
19830 -18335 -1653 1137 -1 -17613 -19239 29491
1629262262 1300277781 -270237952 -1546604031 -260346026 2202688178 485387995 -147800843

0 11267 -224 26347 0 15601 -942 -4314
-17977 -11825 -28175 1738 14331 -25684 16942 -8381
18661 -9615 -1 -8532 -25440 28021 -4375 -21120
-19139 -1 26652 16956 9480 -21683 -23595 -25977
-25561 27854 2169 -29787 1 -26589 30284 14019
6725 -26256 -9470 7442 8766 19171 -1769 -6157
-12079 -29324 -32768 14894 1512 -10044 -32598 -28539
-15136 1 -27128 28912 -11887 32767 25447 3630
-8930 -32768 -23511 32767 10816 20836 -614 -30193
955274983 1129885098 817925983 549485701 -2707353761 1948048021 3015964655 2149235996

-8003 -25576 -11534 -13504 20044 8294 19823 -4253
25995 18680 12104 -26312 -23601 -22141 -21813 911
22116 31621 32767 -14254 -27773 -16135 -32419 4523
-1 -30231 8270 14985 22702 -14758 -5293 24787
24704 -5365 32767 9365 13822 -18370 -28751 18153
22257 -612 8198 -5300 -19090 -15704 -13908 24785
-19670 0 12934 21579 0 2917 -17009 -14232
13689 32767 -13639 0 -21089 -2900 15429 32488
-11966 200 15874 -6375 20810 4326 7942 -8967
642212383 -715768833 -593088827 173997848 -19190774 -900429945 308271219 -993944928

30223 -20378 4919 28318 -1 -1896 -14609 -16923
-2778 32017 -29907 -30444 26455 1 -18526 -26043
-32768 4255 5955 -12046 23588 -19762 -1531 -30023
18289 32241 -20398 -27085 -29762 29143 -5358 -4496
-18946 18481 18066 21265 -30963 19327 10998 14375
-9020 -8260 4430 -3500 -32524 884 -23182 5166
15570 4977 -877 -3638 27705 -19536 30909 13523
-24770 6308 20705 15211 17207 31880 19077 23657
-29520 0 17788 1 32767 -9442 -32768 -27613
159216306 1743017270 2911920561 -1853418657 -1073704301 -112013878 -769198178 83981083

-1568 -25105 -29955 16492 -20859 -27668 24783 -6748
12471 -25647 14113 -22950 -20582 31152 -27522 -11888
13181 17903 -32768 32767 -31818 -24957 -28632 -32768
889 31088 1716 3364 -4558 1 -23222 16552
-13713 -12879 29272 31262 32496 11841 -8676 -14577
-30964 -32392 -8136 29171 -1 -14370 0 -17876
6571 6537 -21378 -31962 -11813 2636 -26167 -22762
-26991 1 1194 4811 -13048 15362 6380 10956
8753 -20437 -18354 -5408 22273 -13529 -20337 2688
347528885 146271676 296879157 -262028288 137702405 528877557 661342232 -882956158

19024 21227 32767 -29207 29477 3006 -1 -9856
-7127 1 -13832 20257 17156 -20015 8989 17543
32649 25283 -1 19717 -22948 11902 25166 6903
-25379 1641 32666 -459 -8091 -2884 257 1937
-28669 -13938 -3206 -3246 26084 -19962 -1 4706
-16865 31322 -8606 10771 29857 30306 22798 -1
-3653 0 24736 14543 -30799 -8004 -11016 -20166
19551 -9165 -17474 -21853 13034 17838 30473 -9813
-14847 -15444 -924 2201 12899 -17898 -18825 -29077
-91816259 63373528 -2015309043 206356615 1193644868 -788118016 603111443 -620142496

2805 6402 15076 7598 16481 5311 20795 19039
25534 -3052 -1 2845 31287 12310 -1 -4918
-11198 -7885 -6539 -31670 -1347 -17810 -1 27145
16670 -17835 31734 16869 -20329 -25130 30862 -18438
15825 -19706 -611 32767 -1 -5842 -12643 25098
13164 -16422 -18534 23565 25888 -11412 16102 -871
-7597 -18580 30472 7577 3282 15440 0 16884
2325 1 27240 30674 32767 -28286 -29800 15760
16863 0 -5940 -5535 3708 -25613 4881 -9619
-240860496 262856234 215363454 895503637 -64379737 676904488 -896752846 256560399

-7993 -1 -15999 0 -11872 -19107 -23565 1
-25356 7916 -12772 32731 -25079 -23659 -411 -30253
-15039 -19536 25782 0 -22439 -514 30612 -1971
5705 -17942 7750 -29901 1767 -7954 -11080 -32768
25103 -7446 -18801 -23930 -6421 27551 -25808 11712
-9530 -29653 29475 -2875 -14528 -29582 11886 25633
-31655 1 -20105 21310 -32335 27944 -3957 4658
3689 -31711 16793 -630 -13173 4810 0 28124
30287 24597 -32768 -2489 32767 0 -2229 -6931
-54343726 -847365814 -2570669621 -138348833 1018731490 -2656886069 -1435935728 -1843538813

-26755 -29249 -32493 -16449 4723 30260 -17604 30156
-24156 -3566 -3717 1816 4492 -7144 31906 -19083
-1 -5943 -32768 1278 21958 -18334 -25750 -9339
-32768 9800 -29876 -10928 -16725 -22634 26294 24821
9902 18551 615 0 0 -24036 32767 23768
19360 -22552 -27806 5236 23286 1 923 -23981
-28004 24509 25507 21930 -1 -4188 3401 5046
32305 16636 -8316 1 28240 -28039 -14826 -32768
-30233 -32768 -2229 30359 -327 -18973 25611 29071
1190508484 1307033074 -283697472 2234269878 1077573024 -306533839 965706315 -2312796537

-31245 -15732 -20280 -15356 15631 -16047 9378 -32170
13934 -20006 28868 -19910 -21298 23896 -4903 -4072
25355 -24922 -3886 -1644 32751 9632 109 15296
25251 19676 -12331 8337 -30305 30659 19475 -32201
-184 20723 4432 30323 6457 421 -18157 1
-28302 29926 26417 -7103 28954 20976 -24135 -30502
-18917 -24484 -26337 -493 7481 -24902 1 -32768
14016 -14944 -11260 -3230 15527 -3190 24188 12165
0 28350 -1 -6598 -15557 -28175 4669 10539
-430964022 -843576517 -1314863144 -137980599 190343746 -580341794 -450947599 -312874182

-9175 -3089 5663 0 -20377 -16011 2987 -32401
22506 -23271 -26835 18112 -23467 -23653 -25799 13113
1 -28649 30958 12695 -10705 11912 -15183 -15575
-11714 0 19159 24443 13451 13460 19143 -15451
2753 -19452 12770 17532 28454 -22446 9368 -23229
-16074 -11553 1 -1232 -32768 -7037 32767 -1000
-18689 -32566 27238 -1369 18290 -22966 5775 -20845
12526 17515 -11069 -21423 -21640 -3314 16488 6800
24863 0 15467 -30133 -3927 -19185 -7660 -19365
851228055 88365646 327732284 -889932790 434628030 -330453978 726082421 676348264

10803 -456 22929 14984 5995 -15179 13109 -19809
23372 -105 -5519 3563 -8416 23796 -32768 -11601
12750 -9214 -23553 6477 -2020 -18984 0 -13864
-31719 9552 -16790 -32768 -24723 917 -28755 20368
-26847 3290 -6270 -23671 -8606 28855 -13510 13481
9690 23105 -29500 -28917 -19470 -29383 -3785 -14695
26363 -32768 21518 -12279 23546 -12908 -30509 -11215
-10737 32767 -7363 11600 7181 -15407 -24073 32767
-1716 17192 -31461 7733 -19647 -19111 -31664 28389
-1437014470 578083385 619706554 2450416500 544970685 1731814947 -948786802 2748933004

8550 -1 5561 -32768 3010 29229 -9858 5797
-14155 26818 -5850 21002 17216 28391 -1214 6985
18126 9627 20100 -17705 -22770 -28848 23503 7435
-18241 -5716 13912 -14486 17949 -22514 -1619 27741
-23166 31350 -1 -6052 -3068 -32136 -8096 14888
-32768 -27536 9836 -14553 -11630 -30834 -14075 3182
-16488 32767 24909 -22857 32767 -5321 -16911 18191
0 -6004 -30805 31838 2480 -922 -29758 31967
-19619 5532 3348 -16356 -31182 32073 -24606 603
1476489090 470808479 -734538927 -615452644 61206 483462010 196669752 -12492813

22855 -8284 -31342 -5988 24687 24842 31308 8767
29336 0 -22059 26033 -5325 -19276 24566 21699
-23500 -17880 -25539 17671 28916 -2218 12334 6776
28879 -6929 -7031 8416 0 32767 21275 -3880
-17966 -3309 -733 22064 -19538 -7327 19954 -2084
-32768 32696 -12078 -32768 1 -21002 -31624 23513
18870 -27130 -24306 -19927 -25618 3026 -1728 16045
6958 20651 -20255 -1749 17837 -11832 -14324 -26523
0 -9696 -29872 -19277 5987 8009 8673 -3234
1721943017 113732400 836036949 574475282 -367202739 156927311 1177237885 412111698

-1927 -17945 -22518 6262 8582 27463 -13094 -1169
18186 12156 32766 -17934 -20119 -15675 -32768 13025
13618 -17024 -12632 -26854 26638 -4049 5812 4979
-9515 -8874 1 10043 -32745 -3975 7787 7716
26981 29353 -10710 -30050 32261 27684 0 -7960
30379 -6378 17680 -31531 9903 -2657 9074 -1798
22552 27752 28989 19821 1105 -32768 -16454 17359
-7473 -1337 -11460 13027 5111 -4825 29194 14269
7757 -16506 32136 28204 -17777 -10351 -7638 26190
-633208434 1598893628 -1122323771 1121809321 -2535449042 -245150529 2107329185 73042075

1441 -20671 -32451 -19434 20465 -13825 -18568 -7856
31456 2460 12907 -14977 12573 -3090 6212 10527
409 9777 -26691 -11713 -17237 -5217 8942 -29905
-4958 6025 29103 32767 -15774 -32686 29971 -22228
-32525 20507 0 6295 7651 2590 21701 -31837
0 -23776 -8496 5572 -19298 -26698 -23834 -17421
-32768 -5028 28903 22240 -21143 -32768 -11671 27950
-7337 -20459 -30641 -14411 21688 31460 19240 32767
19434 26441 9921 19462 15216 22253 -9184 -21446
-875972393 352664685 -45450445 223464752 690175231 -899754508 -1593304545 -1117337174

-20497 27992 -2785 21622 14397 7486 -4112 -5015
17189 -25470 23358 -20162 -19849 2020 10775 -20817
26745 -23084 5233 30347 -32278 -20055 7112 6463
-17282 -23553 -19860 16513 -144 24094 30956 11400
26409 -9007 8217 31358 1123 32569 2254 21800
-22016 32767 18408 -22779 30338 3627 -26806 1
-24314 -20802 15422 4624 21559 21525 -7104 31931
-26331 17892 24635 -849 2275 6332 -20576 -1
-10978 1 -1817 11188 9519 14985 -15809 18190
695017850 -1164416390 -566265914 488191757 905620822 720357888 1511514100 676627742

-1038 224 -28965 7409 9462 1 4265 -1
-9310 -10809 10229 16519 12711 25971 -4177 -7895
-10719 22156 -2567 -25445 -1 -10852 1 23690
20214 26804 20705 4932 -7561 -25079 9830 -22955
-7738 10628 11928 2658 -1 -12399 25457 17319
-7188 -392 -12211 7604 24607 -6905 -1793 -19179
-10743 1 1 -29296 -14308 -13719 -32347 -16283
-9739 -31125 22941 -20619 -27108 27621 31545 4296
-32768 0 -17539 1944 -24824 11966 16421 5734
391590524 39147260 352822398 -1098536129 418515677 -368397348 -138458910 1422757604

17665 32767 -1 -9909 -32137 0 -6100 -20956
-10410 -1 -15117 27631 28709 -17777 -1495 -20606
13224 -7640 -29195 1 3244 32767 -30300 -16168
15468 -8699 19409 5744 17179 365 -3118 -29339
8946 21749 21576 -24882 563 752 -3725 -11678
918 13537 -18621 18282 -31392 -29091 -24390 -18728
29340 -17639 22165 -4991 -3640 -32768 18133 2073
-32768 -24636 24013 -1840 -23403 16743 18907 23908
-9044 19071 10054 23996 -20963 -28957 10909 -14756
1143720546 805871130 -1667608513 55399229 51830897 2012079514 693730550 -116965249

-16909 -10876 25563 1 16792 7930 -7638 2316
-32351 -6753 1 -24957 -25690 7205 11543 22099
15208 -844 32424 -1 -18737 -7116 3547 -10951
31859 0 4829 11079 30658 30937 -12485 22296
32767 15389 25612 29623 24440 1560 -1 1728
7418 -3505 -12167 -19602 28624 5722 -1146 -27752
32767 -9330 -31791 1839 -13981 -20021 -30309 32441
28604 -64 32767 29967 -22207 23093 -7410 11583
-23667 -15225 -27496 -8529 6738 12774 -32023 8302
341145048 814058158 -1660250084 205393461 -1767694194 451793703 1114951223 -1353734731

-17756 24650 -27537 24050 20398 -4086 -11023 0
-31010 21460 23525 8865 30658 -18441 3720 -23475
2570 1637 -6372 -21293 -10061 -16947 32767 20177
1 -365 5759 12688 -1 -7463 -24304 32767
32310 0 24785 257 -22819 -28895 -30217 5984
-9144 28431 31196 -3014 5404 -4144 -574 -31555
-26073 16563 -7162 9351 -29153 27659 2762 -15948
14216 -25482 -12041 28374 8069 17284 -28703 11538
-22363 -2260 2850 -2084 -32768 -11363 32317 13455
-765434959 -297144526 1817702165 -268943651 -472388060 -337689495 1021414436 -1586925499

-8597 -14892 -3094 -19222 -4867 22465 708 17644
-11165 21911 8318 -1778 0 -32768 -20044 14880
-32747 -29985 -7183 -11059 1 27300 11984 974
12179 4746 -473 -8602 15216 19629 1 -1
1880 -21155 -4082 -21140 -30846 32767 -8126 13352
-12923 1 2357 -11625 14526 27483 18830 -21970
6666 6909 -30832 6273 11154 6393 -6006 -22870
10408 -16889 15389 4709 22956 23685 -30930 155
9104 -21555 15169 -17862 7367 -1639 -30630 -13306
210008022 53657805 12007621 234958590 579084440 -96735139 -108009774 1683741017

14999 15150 27508 28313 11304 27536 -8683 -19655
-9725 5489 29760 28920 1 26166 -24643 22659
-10458 -252 9599 -1 0 7378 7151 -6837
-12072 -24913 24467 10285 4716 -7143 -24474 5340
-10988 -25864 9336 31245 25851 -914 28180 -23104
14250 15769 964 -1856 -22622 1834 -10351 22057
-24839 -11573 1778 -7693 -8632 -5971 -2312 -31153
10502 18850 32767 19248 4467 32553 -6806 1599
32767 23330 -14942 -1 -29297 -21493 4802 -3714
-457832748 -1400209892 -590828337 -1464376774 -1619564202 1312131660 -624630361 -574886654

-3213 -28842 27052 23469 -143 -2364 -12982 14824
20636 29129 -19 32355 -6872 12637 7697 23526
-9883 -24969 -7559 -24471 21341 31052 -32768 -18295
24602 0 -29703 -6210 -13646 32081 16727 27089
32442 20181 31187 13052 -13638 30833 -8505 -19819
-29165 -19059 -21535 12030 -14033 -14035 -11900 -2114
20521 -22780 -5985 6548 5339 18302 4910 -28488
-18593 7210 -20965 -1311 -17889 -1 28279 -9273
-4387 30806 -4749 23179 -6304 -21890 7489 27963
-88942472 2039062147 -2828398492 155718487 -573054983 169385686 -1805714240 438128545

-23509 4984 -9885 -1006 -14137 11146 -29657 28211
16352 -8471 -5807 -23584 -6500 -11370 -3438 17417
-17178 -18947 31597 -9542 -27468 -4970 4988 -22318
-1 -18778 1301 1 -6314 -498 23700 -6769
15774 -15680 -4954 30677 -14495 -611 3823 -12013
-981 -30540 0 -22292 -23259 20433 11750 -3839
7556 25116 -28007 -27228 6076 -7470 20661 26177
-2552 -21394 20069 10175 31600 -5515 -1740 32767
12455 -26504 4216 0 7423 5892 32735 32767
-552274468 746615601 -379757680 1007381312 211481363 1003797221 845526506 1838642129

-11822 32767 -10963 6257 32767 7386 -16689 -30296
27904 -29118 18640 -18193 16771 -18812 -31024 -32458
-1094 6376 22684 -2805 27663 25577 -1 -8685
9488 -24388 7539 31302 -1769 1040 -15539 -3416
-4003 25089 22905 7152 -29183 30665 -9089 -31913
-30501 24030 -1988 30019 -32768 -2479 -31038 -6953
-32768 2258 -24850 24549 -22315 -28340 -32768 -96
15495 -1544 28461 -14863 30633 32556 -32188 -14668
-1 -10382 32767 1 -15316 -15425 22983 12403
-2074506533 -169256843 -248865486 111798962 -140684931 -574030886 -813021781 -944474299

-3238 -25798 -19227 10216 7351 -14740 -1 -23211
4447 -21609 1440 15111 -7168 -27404 -13669 29811
4701 7032 -20127 14836 32118 -22019 30736 17926
1 13273 31608 -4005 -6139 -12363 4679 -14181
-1227 3936 5771 20238 31153 1 28452 2401
-3170 27182 18348 -30370 28112 10416 9556 24765
-8885 17171 0 20186 -15087 -15250 -32768 -26312
22191 32721 -4813 -25002 24918 25387 17655 4501
-18595 -7584 -24328 25745 1 -21291 -11578 21960
790762727 1831551704 1237488892 -1075122904 96914429 -1163986844 680929328 -1833440864

-32768 0 -27268 -27030 31137 1633 10146 14711
9412 25726 -6769 1534 1 13450 -28307 -19853
20585 12482 0 -2320 -15278 15606 -12553 -18309
1 -8045 -31074 31054 23241 993 -32768 -30615
29672 -32768 -2935 35 -17292 -14797 17282 32767
21050 550 4876 17189 17751 -28458 -11568 -1
32135 -27026 13214 1 -14100 -14364 0 -16077
23831 28886 0 13941 7109 30927 23629 -1
-20853 -21786 19600 -32417 -25520 -281 -277 15067
448854896 -1234224232 -512859665 -2486069223 970835909 -1354403716 299275389 -1774856103

-13898 -1953 15369 -26549 -26488 16933 8747 -13607
-2770 5656 0 -1 25408 -12424 17242 -2417
32767 28525 -30276 -4069 4260 30926 5731 16629
25968 -26330 7 19062 -29930 -10790 0 0
25581 -32422 -24691 -27498 -2908 19960 1861 -4978
-5158 -2017 -32768 28207 29018 15502 19615 12759
24260 16188 22812 13606 634 -24033 -4181 26959
6840 30954 8897 -26965 -32768 -16489 0 -17073
-26678 -14929 -2632 11720 12161 -1 -17249 -5068
-355732535 13289126 -1399364856 -440273458 -497967761 534418982 -846233832 -1295985685

26364 14466 22609 32767 1095 -21588 32767 17771
-18672 11597 11274 12086 -12019 -2709 -21478 32656
-299 23507 17807 5312 11693 -32768 -1 -21344
-20452 29663 1 -18303 -4741 2458 -1 11029
-30928 4822 15407 6129 -14961 -13571 -16060 12459
-7275 13592 3052 -19922 -20889 -20563 13526 -25660
-20192 13487 24314 -4290 16936 29051 -9305 -1044
13101 30957 30638 27241 -21766 22865 -16464 -778
30656 5083 -7005 -5192 16673 -6053 1371 13782
992015731 -418562719 57139712 -323101972 -1080974157 -630794932 -619114759 -331676678

9585 1 1 -9986 -10525 11648 3436 -15298
-17194 -32768 14387 5566 -17116 29269 0 24483
-3697 -19817 2408 18107 10504 -29908 18405 11290
7637 -26680 12646 -294 -17539 16377 -10715 -25916
0 8763 -25648 -5944 10755 14373 -32768 -32768
7783 4938 26653 -13346 -20919 15120 19450 32767
-7385 4002 -23949 0 -12207 29178 12980 25981
-32768 -30684 -28211 -10058 -11781 -32768 -14366 -13585
-20673 26617 20113 -26087 22222 3513 16810 -22191
266670759 -1193400813 -687761469 -543239136 338262242 42842223 -749607109 -761267052

-10345 -2209 -32561 -14987 17228 -26505 -19075 -20505
-19267 30424 -12848 -17270 -1510 -6213 22272 -18753
-30371 -1253 938 5912 -9317 -31241 -12983 -30807
-3373 26914 25568 0 -13315 -19321 3410 -18748
14054 13113 -23933 -13037 25738 9908 29570 21116
9712 -23896 -17816 2036 -22950 -1 32767 -1281
1 -5872 -13185 -30740 2734 -7692 9375 -23107
-30333 14970 -10823 -1300 -15991 32767 -1637 -17762
17483 -14875 32767 -32052 -9119 793 -23776 -12418
-204528030 -944675874 80338948 636305183 -1507823066 -677667325 673620692 -634664242

6947 -21191 -22743 15354 -8475 -32768 32205 -3690
-14326 23073 -30119 -1009 11125 10406 -3901 14166
-17045 -12748 -11960 -24138 -17332 -20753 26652 -1
19372 12663 8694 27444 -12084 7833 -8872 11862
0 22489 16523 -15852 -12967 11177 12540 -17436
-7419 0 -8208 11039 -2032 -27710 3399 0
-11651 -15527 25671 5338 -32592 -20762 16177 -16271
31157 30042 -18082 22763 -21810 -18796 -7531 14465
-28143 8569 14374 1448 -26269 22464 1 -32768
-1074294842 -356180013 152753295 -167278261 1570321786 -462299836 1494513593 -1169674502

-25819 27856 -23929 -28678 30101 -16988 21486 28924
-19472 32767 32767 14383 11304 -21053 -25808 8590
-2041 -16791 25372 -778 -3812 4325 8719 -18132
-5491 -12121 -8092 23913 23704 -217 -7589 13023
10833 -5261 21480 22896 -9204 -27446 15465 24461
1 1596 31742 31177 6164 -29013 9221 -29812
-31007 1 26060 -1 1248 31367 3671 9723
-6460 5082 1 -16147 -22877 -11006 7058 -1788
-32768 6006 -1102 1683 5224 32451 1 6901
797040858 258069428 -67920102 362945288 -1141621318 -1087979503 2078835742 -273969815

-13955 19168 -4475 15081 1 22888 -8791 -21163
15635 -24394 6831 18929 -21717 5217 -30239 -2490
-15313 -25722 -26176 -30155 -12453 -10583 -30265 26489
9531 238 17912 -16655 -27679 22513 6588 2946
2361 2928 -23479 17828 32767 4328 24555 0
-10454 3291 5132 6572 -20344 -25823 -26784 -6888
-23218 -30821 8101 -32768 -1 32767 -9975 -15886
11778 15010 29888 28469 -20527 -27039 -1 -32621
32767 -25230 18557 8222 -21314 -31538 18486 18909
-2184463369 1102430598 -45885846 559180005 -666597112 346334934 -1620429171 1469350645

-26481 -28849 24600 27630 -7419 -5329 10257 31020
4744 450 8766 -32768 32767 32767 0 21597
10862 26522 32767 -12444 -28079 -15960 -4353 -151
26835 11373 -26464 30325 -2591 21770 3620 27616
15776 -12352 8779 322 -10928 9311 -26179 -20612
26126 -8229 11677 -18571 17516 24115 -32343 0
-21276 -23806 -11103 26626 -8953 -3675 23966 -24895
-11866 -25250 -3829 -24941 -7231 27483 -11841 -23737
-4915 29247 18624 7817 10234 23651 -4940 -20614
-931536563 562064155 595066152 -153875953 389816523 612597117 -374078309 177366984

25321 23061 31677 -14267 -1 -15949 -21081 32767
-14057 1 18907 -21475 27175 -26305 11238 -11177
-4099 -13400 32767 -32768 15404 1 -28578 24015
6386 5969 16470 -4008 -32222 5661 7298 -25497
-15930 0 2794 459 17553 4576 -20290 -16076
24407 -2321 18954 -4970 -7733 0 -14570 -24479
9359 -25689 -9880 -23018 -17870 -19358 22592 0
716 -3474 11521 16868 -29109 -32768 2173 -16706
-5370 5062 145 -9657 -28748 -15903 17756 32767
1076158344 -243976574 111991063 167429926 -1382900637 -930570901 1263277264 666459283

7894 -17762 -1302 23813 18114 23485 20333 -23741
32097 29959 16300 -15527 26679 19033 8921 19457
10878 21166 6283 -15354 27779 18764 -29033 18696
32767 32038 4893 7022 -27538 28058 8453 8252
-3858 -354 1 -15573 -8234 31952 0 -1
27316 -10974 20829 15326 -30292 -15450 -67 -24697
20654 4699 -32768 24077 25144 2648 -10803 -16859
2799 -2880 -27432 -370 994 32294 -28450 28027
22521 -3680 -32088 5289 -32688 32767 -31394 0
-50041172 -521044001 502538386 2054343689 1148143193 554304362 1230668577 2870760691

27236 10514 21037 19146 -16775 -10799 -9480 11521
14247 -10963 -20743 -11758 8388 12041 -7420 -2156
25308 -7662 -21861 9757 -13991 -23856 32767 -17295
-28208 18120 -20697 -32033 -32768 711 -26742 -16100
20000 25019 -24794 19727 10547 32767 -32768 22870
11111 28094 11140 12793 -32082 -22843 27936 -31291
-512 14093 29016 -31481 -20548 -31050 -20429 -11450
28981 27857 -24158 18232 21709 12402 -10167 -6547
-7191 23407 -27059 1754 28295 1 32767 26905
-960729056 117812368 459771428 -1105762654 987370163 -535589757 -2065700978 1234296111

-29819 -22450 0 19164 8060 21566 0 32767
1 10344 21179 -26384 1 -32768 -27236 14441
12904 -26755 18543 15779 -22457 5544 -13071 24704
27114 -20985 -7005 -12595 -10165 28115 8436 11532
21529 -12042 24616 -31866 -5023 -5651 -12447 -1
-28765 -27201 -23626 -23991 20400 -28442 32767 -23255
11487 20461 -23568 -1 -18411 -27263 1 18399
22409 -17943 6585 21303 27633 -30529 30708 -32397
-14508 5628 -14854 -28672 32767 30716 32767 5839
874645033 -1314499428 -1915251398 827964163 -578120665 2035758620 -1034610161 -349941482

23720 24870 -26957 -30289 -16761 -14983 -26426 25612
24490 32767 -687 2337 -9630 -26747 -31269 8080
-1 -32768 -14728 -22289 -20344 -13089 -29437 8906
-26443 20942 10951 20302 -19461 -1 31361 2237
12756 18920 -12444 16234 -18576 -23932 0 23531
18292 27484 -28528 -11954 -13959 -28299 -24472 -15582
-8521 17162 27912 -1 -32768 -29196 -15673 25733
-18850 -5981 -25997 6155 -11836 16422 -4904 -6771
31582 -10355 1 31764 -1290 24757 5277 7225
-774246306 -248008616 -757515278 -200359302 324077715 -1010944187 -1024146732 9122989

-1 27868 7357 -14143 23295 19896 -14698 -5673
6855 15053 31673 -26601 -2462 16440 -6947 14361
32767 -13320 -19355 28789 -15260 13402 -7362 7284
16196 3125 32767 30713 -25279 7760 -32768 -15583
29422 -9455 -24440 -25841 2206 -25271 -92 -15537
31662 25727 -8847 -23090 -8711 -32759 21846 -27108
4587 -12465 31901 -23690 7779 7641 7392 -6721
-5152 -16849 26698 -10951 6250 -166 27407 -13072
23817 -5486 16783 8827 24208 2837 -20896 16645
678797240 748689250 726456623 1025030775 -160643035 -950858946 447571694 -318314567

-19605 -26541 30383 6558 10009 -2454 -4179 -32768
31338 -12509 32659 -29849 31867 5196 0 19998
-12831 -32721 20582 -17665 284 29169 11482 18430
-12191 27786 0 23514 32767 17510 -32551 -31312
-20281 14854 -8685 27942 -31400 -25033 22135 24093
1129 17439 -18318 20862 8006 -32152 -15917 0
4717 15743 -32768 18402 23384 -19346 21646 19588
26020 22123 5486 -7489 -31743 19553 21492 -30476
6111 16030 20249 30268 4834 -30994 9939 9244
48464835 -73308427 -1339051785 85350352 1850858979 1423997352 1283517627 -429533628

5095 10523 -24544 21745 -7007 -1 11894 -3880
13398 5311 3622 5111 4305 16636 8234 -13255
24023 29427 30668 -3919 -30460 -5484 7616 -4576
-12957 -5742 9918 -19898 -24206 15194 -24950 8319
4238 -7219 28852 30131 -13891 3502 13305 7457
4157 16245 25079 2324 17434 -12356 -6536 27099
24230 -7913 29071 -15366 -32540 -429 -1 32767
-15804 23511 -1639 0 15019 -29538 4923 -16539
24103 -22572 10383 -32768 22682 32767 20403 25914
-1098939462 540448134 -472137403 227647133 -158289525 477214870 1664959519 -1883990206

189 -8620 32229 -32643 18834 -4827 32358 25053
7199 32767 -17102 -1 23143 -15787 -21559 19596
-25162 10739 8317 -8990 20884 -4329 8600 12235
25786 -12351 2656 -2545 -27420 32317 10501 10786
18439 -11617 -14339 -26011 16497 -14136 -4082 15543
30579 13809 -6780 -8879 -15113 -30802 29911 27951
14090 30709 -29273 -11272 16235 -8035 28673 14306
9971 30461 15875 5170 0 -32768 -23053 32714
-1 15697 -13482 32693 -21558 -15658 5800 -16139
-2184113479 51846879 -767459074 -340979990 -1248254628 548342488 219404939 284535104

-13381 -23792 -5404 -7343 4180 -9031 18674 4467
20945 32239 0 -31918 -30823 0 31886 -397
6542 -2948 -13021 -11319 28590 32473 -1 11060
32767 -1015 -9038 28451 -16154 2844 10175 -15287
2233 1 2798 31535 -8544 -28149 -17319 -17646
-29476 -21645 -22202 25062 -8898 -30946 -1 -5162
32143 -14888 19787 -3944 -22579 -21982 -27119 0
20694 0 -19873 19962 16984 4729 0 -5318
-22359 -1 -11809 -24498 -30330 -7326 19393 2492
855572573 1865823134 -792701550 -694554947 -769995765 790993710 -535772585 -1280067795

4969 1 0 -3491 -4107 -17351 -10309 0
26383 17696 9993 766 -17823 -7471 17790 1
-8422 14609 27272 -28242 16389 -23280 32767 -1
0 28668 -1 -22372 1 -30735 -18933 4511
21472 5864 31664 -29498 9366 -28739 -31508 2254
1 -13128 -10736 -11948 10072 -687 -25564 9558
32767 7201 17563 14568 -1 24358 -32768 0
-6995 -25492 -3087 -4933 15521 -21899 1508 -5382
-23327 -9235 -22457 -8021 10590 21624 94 21707
-507579987 -1358020195 -651161162 -653743186 -1505806744 755026295 -818492653 81621429

19688 27047 -12176 -6396 4405 24588 -1801 -15337
-14622 -26337 -17179 -20771 -16676 20258 -18067 -32768
-15499 -16446 -32441 -27481 1 -10627 -18869 -15541
-15685 -13125 19654 27170 -32768 26330 15375 -7311
22067 31461 -15151 23154 18373 9648 31893 -32351
-17498 31101 14274 -27963 9364 -20256 -10984 -14247
29122 -9669 -890 -1 2521 -30833 0 2515
14004 -12059 3497 -27103 -20308 -15940 -32768 11176
24511 -16330 8803 5251 -876 -1 -19681 -30978
406796033 1196639759 311585975 98123268 373712257 -308615437 783776958 745144380

-1 1413 20676 -27606 8005 18776 -3297 26736
-17260 1 3397 18324 4776 10345 -30450 -28048
1335 -7136 -32768 -949 1 2902 -28613 4714
-1 5842 -25858 14997 6562 -22416 -18537 13659
8644 -30817 -26990 818 -23122 -7915 1 7861
-21395 17705 -2338 3141 4938 16333 -1331 -24936
-11472 -20756 15541 -32768 28625 -29258 -21273 1
-7219 23003 -24183 27218 17403 -4082 8211 -3969
5584 -1083 24491 -4270 -22692 -7920 -3862 30414
1118244011 -1017191840 -552417460 -188013402 243589773 -1203989861 143304691 -1288713342

29554 -17816 -27237 1 24766 795 -3841 30133
2410 -2710 -9854 18357 -17125 32573 28475 -25226
15143 0 1 20682 -8959 -6304 -307 26122
24898 -9754 12070 -24630 27084 14077 7455 18522
-13649 23583 -19875 -19451 -31930 -17161 9662 18740
-7857 -19482 21540 22163 -11002 -27903 -26033 6739
-24313 1468 11636 -22516 21709 27563 -30609 -3958
12931 9973 -1 18606 26149 3265 -22691 5746
0 26751 -10805 -21303 30630 18663 -1734 0
597758625 -323086412 -832132835 1212722287 -55062690 -2038644798 1625632781 771659669

19383 3767 5190 2633 -21546 -26475 -32428 -14955
32043 -1 16147 22237 -15326 -32715 -6132 6038
26382 -22692 -25290 -28270 10672 -5964 19533 -30934
-23565 16225 -7227 -10447 -24959 -6442 22128 6155
-32768 32444 -601 -25530 -9093 -3922 -27049 24888
8902 -6988 -32084 -4243 -1658 32767 -27327 -5950
-10814 -11039 271 5275 -28862 -14370 -18235 -4451
-32651 5755 16923 15921 -2679 -1 -8766 -8590
17048 26549 -27426 -8697 -26973 15872 2600 24817
-29290651 -61962732 -312641584 1099339784 1271577929 1229161747 -138197985 -1170164723

32355 10386 -12417 16139 14730 -24210 11051 -26832
-28925 31532 -31532 24588 -7539 -20878 13395 -32123
-8672 20403 26532 0 26772 7481 29065 -7084
-24758 3606 20881 -32768 15445 -16849 -32768 -9069
-3629 -11781 3617 169 -28430 23185 23653 1
3275 32767 -28345 14910 6989 -2300 6930 -29244
898 -32768 -1 -1 -7043 -20714 -9606 15047
-428 4554 -9582 19556 -14935 10168 26861 -27002
11737 26975 -6958 -7213 30825 -18417 -32768 31893
311955540 -758176361 -226884604 1468657155 -2465154637 110041073 85689839 -2345556623

-21474 -5100 10840 -27573 1 29126 21201 -18089
-25100 -19812 -12536 -24454 -649 10280 13317 30133
19618 -20684 -16481 31584 -12589 -30400 -13177 -12304
6539 1 31941 20696 13819 30833 -17337 -31023
-24474 -17300 1860 -20699 -1694 -18691 -27081 28677
-22473 11926 20307 6392 -1949 -15768 -26567 -16789
0 -32768 -17859 -14203 18876 -15029 27406 10213
-2258 -32146 1 18755 28251 -2778 28583 7573
-24622 -8517 22951 4134 -32768 -19384 20792 27162
91838208 1315302954 -160943423 -1595982114 1340733980 305354811 330512371 335055625

-11663 -18023 16225 8260 -32768 -24177 -15720 12551
-14547 -14876 4645 -11237 1964 28150 -17301 31253
0 17508 -32156 -7471 -14738 29305 28489 -12196
31122 26787 10760 1235 -14071 -15963 -32559 -11651
21549 0 -32768 -23185 -13768 -29513 -21216 -12778
-1 22208 -30765 9361 -11569 -20150 -787 -9688
9703 19748 32767 -27924 28481 -19731 28980 -22413
-21137 -29349 171 26155 -5813 10114 21219 932
765 -18726 31269 17088 -17003 -13183 25848 0
1446612043 -631025420 -860359149 -512142502 -1329546872 -775895009 709974128 1499677497

24138 -10891 -20324 -8934 20243 32394 -14443 -32768
-29380 -3848 -32768 -7176 8895 -3809 -214 14022
-32608 1 -30485 -28073 26124 19774 -28205 -6043
27122 -6248 32767 -16261 27078 26383 19465 17786
-32768 20224 11463 -23692 23533 7478 -14547 -13088
9834 10975 -2357 -17351 23427 10987 15696 24197
9668 -8687 3645 32767 18671 -5503 -9773 29747
14405 21101 -15224 -31079 13377 -19372 32698 -1914
-8258 -14389 12906 27996 17340 -15463 13880 -3151
-802150487 -159829967 -1135327752 109279647 -403986912 -377358553 1189012193 -497761737

-19142 -26733 32767 30865 -14402 25748 -5336 25682
-15386 -5475 -28876 5711 16778 5958 7551 -32768
16762 6003 4627 11463 -26642 17120 -10222 272
-24581 30024 -18494 28978 -6002 -7659 29395 16013
-17441 21314 -26535 31600 13616 31615 -13813 -28945
-28240 -23063 21771 -19811 -30469 578 -5686 -21305
-25784 10293 -20656 -17802 -30477 12175 765 32767
-25189 -13799 -5755 0 -16653 -2612 -6715 -32768
20973 28911 3420 28835 -28399 -16675 -1 18751
288935502 -1605325929 1347702756 1723212692 -385739530 -1299678666 449760351 -1044856292

-11212 -2148 1829 255 -17427 -32684 -28665 9782
-26142 -2889 22038 -7324 -2683 29417 28445 -7014
-30862 -22284 15464 -23353 -1 -10422 14287 14736
1007 -25959 -5580 -12476 29204 31806 -21560 9038
-20736 -21501 -6613 15835 24725 15433 10827 -9079
4439 -9137 27036 -22234 -25977 18992 27587 -7042
22192 -14869 -18270 -682 -224 -396 -29371 -13929
-24709 -30475 6453 -27537 -1 -26256 12290 17247
9931 -23944 32767 1 -7374 -20537 7711 -5212
527734845 203213712 981170122 -633194857 -276244534 1199668370 -166339089 1239829907

9588 -256 17154 791 26134 15102 8224 11731
22159 15999 2205 5283 19683 7709 -25538 4184
-19223 -22491 4415 20736 -19277 -29390 0 -15139
-26387 -31786 -9237 -2418 11541 -24627 -23592 -13964
-12502 18133 10485 -18457 -3908 20167 -5796 29642
1545 9639 23932 17994 -30146 16620 -31710 -6685
-32212 11284 32767 20573 14107 7092 -742 22841
27794 7929 -23936 16979 -19855 9400 -32165 -29934
-22458 8391 10543 -17971 -11955 10220 1 32754
175320029 -454599778 -648883229 -575109936 2098873173 286387771 1445810665 -1762208146

0 0 27945 7791 1808 -11357 -9972 -29532
-8945 8199 -8402 21592 -5635 -26051 -3828 27970
-30340 -21838 -22863 14864 32767 21809 -1 -6786
14096 -29359 -6950 -25485 3333 -25898 9932 30546
-12337 -32768 29733 24013 -4901 22311 26844 -32768
32767 29945 6108 -22650 6623 -18301 -2469 -15972
-3187 -21856 32421 -25953 -20552 -31298 13738 -23638
15846 -28065 13828 30024 -8394 -1 5476 -24666
-21074 -16583 16598 -19188 -30073 -5839 13322 20722
-418530147 348950089 -916543348 1379724702 531839688 -1107298651 1959711126 -400859056

21089 10056 24145 6581 12414 32767 14973 28388
23126 32293 -652 2285 -27744 -29298 26772 -24417
-26213 -25336 -20070 8308 27869 30708 0 20478
16169 -24491 -28471 10738 16362 -10995 18874 16002
29190 20426 23310 16326 0 32525 -23446 -17068
26883 -26260 32767 -19161 26719 -25772 1228 -1282
-5766 5224 -22043 25932 11768 12357 -19275 2807
15894 -20340 -31342 9018 5547 -118 10360 -9095
-13545 15047 -17067 -26817 19672 10577 20365 13415
553631667 -515485249 1241313201 415043418 -1286102725 -543822393 -155183950 -31417529

-28131 14370 1 5746 -32768 -23050 -1 -5846
-14511 31077 13934 -32768 -23188 11605 -12980 19164
-6341 7364 31072 8861 9297 -6034 -25046 6993
14104 -17982 25610 -8426 30181 24104 -32768 32767
-6073 0 -8702 19286 27369 18177 -31537 -1
-5566 -32768 -19686 -489 9081 3148 3928 24257
-27785 21569 29112 29941 -25769 8663 24386 17611
14341 -10850 -16575 32557 -3637 -10754 -10270 -24479
23775 -3339 21140 7958 -32768 29384 13299 3158
-293082490 573756484 -240917765 256703272 -956996012 -519196098 1599968028 -124825201

-26305 31322 20389 -31234 27024 -31585 -30792 2589
-27782 25269 8569 -28341 18322 -7696 -16544 -2049
-3331 2236 -16230 14310 21893 1 -3381 18034
-12476 6558 -8578 3447 1 -15503 -13932 0
-7418 -26210 32767 4454 12294 -9788 0 -27801
-22223 28773 16109 2387 8084 -9865 -32768 -9532
0 6588 32767 29895 673 -24557 -14794 -23999
-28057 19754 8376 32767 -4628 -6996 29167 13836
28530 -25848 19871 15086 -2199 -7995 29216 -17854
-2378885790 -2128578515 -728364262 -926996486 1731726249 -1747706074 1122932333 20919976

9881 -1 4385 32597 -27589 -4212 15774 1505
-32768 611 -18590 31561 31895 -32433 10594 -17213
11494 -8535 -12163 14160 -10186 21670 25630 -243
-2013 -2466 21898 -32768 -16765 17708 16262 -4641
4778 -22136 135 4202 11210 7041 32767 20769
3361 21132 -25994 26139 12386 -8674 -1180 -14456
-1617 22617 26347 -22367 -1 1100 27780 1945
-5008 32767 -5759 8755 4536 7881 -31810 16713
15809 -32768 -8292 -6891 -3783 0 -31564 -32768
-547582039 -492401348 -297826496 -204587042 -986411162 -139817438 -1771593233 -726218037

4273 32767 -1 -28355 1819 -18594 25327 -27707
-32422 -27430 -433 -13023 -1 18017 27911 2799
-25643 -30620 -10492 26323 -88 -23493 13 4972
205 -32768 -19475 11455 -6873 30233 11951 -18846
12051 -16444 2901 31286 7094 -15702 0 8633
-27510 0 2240 -23480 -13673 23402 23467 -11482
8958 0 11975 1 -1 8382 -8342 -24639
-434 -32046 29533 1658 8007 -3931 -19413 -13240
-1904 -7900 -11597 -6485 -719 16118 13004 -30300
784767135 936447813 -287386109 1628724565 -649335433 1218763351 617247535 -19648138

-23704 6200 -27441 -17844 -30522 32767 0 29179
-18186 -12717 18033 -14700 31332 -3164 -32768 17893
-3300 -32768 -32397 -20076 3477 5005 27495 14413
3133 -4752 -8464 5162 24774 20716 -20895 7976
-31829 -30466 29541 0 -19706 -24003 9738 32767
-21567 -30022 12726 -10751 -2530 12392 -32768 2956
20581 -29047 2895 22684 30656 0 -119 31227
-14576 26672 -6683 -26370 -19143 -29988 12411 -3778
32367 -1 -20568 -14176 -17181 -2497 -18618 -12868
117233375 -901716173 74556324 11339599 -1842221628 -222809337 -641252700 260792225

30141 30392 -17903 2091 -4668 -31514 1 32389
20498 31986 -10321 19337 -6433 1 3080 32767
26045 14537 30879 -32768 2724 -16859 2891 18338
-8319 -14824 1 -7384 27987 -1522 32144 14547
-1882 -13035 -31943 30127 4784 31750 19115 -12350
-10619 -17054 22520 -28543 -143 -18147 -25895 -28136
-24255 0 14249 0 -26689 26565 7235 0
-3478 31548 -6875 25960 -25630 27146 9775 12962
-12501 4849 29494 -22245 -12030 32767 -12307 5016
-1617979491 -631829054 855786052 -512782623 -966376965 933854318 1825954641 558741629

-24489 -26747 25593 -27717 6034 26687 32416 28278
24608 -1 31336 -422 -15466 7736 -27267 -23077
20629 26459 11061 12665 -26532 -27366 -9072 1
-16737 -29439 -30152 -29672 30572 26353 -28062 -6123
19700 30594 -28672 -1793 -9898 0 -31230 26181
15679 -29220 -20496 -14696 -17347 -7138 -3565 1366
8300 32767 -28972 1 -27892 -28712 -7477 -14982
-20749 23984 22571 -6776 -1 27027 15172 30958
1 6683 0 -22788 11411 -8657 -29154 -30224
-1509065415 1258602749 86841780 1603308233 251577084 66125942 820051971 -1297307419

-30194 2351 -18324 -12466 -31391 -22897 -22619 7017
15915 20273 -24755 -16064 17500 -13687 20659 -31486
27997 -3051 -1510 0 32767 0 -9373 -19043
1 -8421 17856 0 -6441 28174 -1462 -4127
-28557 32635 -13675 3553 0 -1513 -8123 31462
17839 -22852 10410 -1105 -300 -31342 18900 -26390
-19668 5334 4318 -17499 271 -8558 157 7324
27534 7229 1 -15425 -22105 -11205 28369 19323
0 21078 27044 32767 -16046 -1 1 31804
-127604368 -2050680412 -1236577645 277467368 1435085819 -1070797469 -115590944 616254027

-1009 -21787 -14290 19353 -24780 16384 -31040 -31399
30445 -15454 -1 1 32767 -30865 -32482 32767
-24012 -30524 12233 26280 -24900 -15846 4204 -15483
-28231 -24724 -7941 -12338 0 26665 -29921 -17292
18635 -3669 12401 -14370 31290 2860 32767 -19399
-28018 20811 20271 -11095 2925 -15983 13380 -24398
5486 26262 -24919 -18516 12611 -25618 836 -32768
-1978 -15637 13860 -18709 1 32767 -21412 -24145
-464 -1 23030 7275 8326 -26170 18114 18245
-1958036537 1075883278 485121423 -1814820856 597691332 638957016 -518446846 -1501865303

1 -10851 32282 -28177 -22179 -25558 9435 -15262
1 0 -26386 1 28652 4734 -17896 -29105
9289 -32768 -6527 20256 -23390 30936 -22655 -5711
-16794 23103 -29963 24978 -17989 21489 23971 32767
17309 -21059 25197 15794 32746 -31470 -30195 -1
-21603 -25336 -15349 32767 5215 -25382 19818 -7873
7775 29034 27615 -30998 17801 31100 6151 1155
-20697 27836 4060 26126 -21019 32767 24943 1
20041 32767 22566 -25231 -13474 -27318 -18413 2412
1870369514 -851494338 -1672496830 -1592914264 801402483 -2197020090 1312533504 -1141445458

-12294 -512 28582 -29948 26529 1594 -6824 29590
-11383 -20183 7139 -4640 27195 16326 13181 -20656
17671 27595 29337 14117 -21847 -290 -337 32767
-10977 24844 -10523 593 12084 24353 26946 -1
-20774 110 -26578 21182 0 23038 23436 16077
-1 12806 0 1 24445 -20334 16917 11814
-25488 1675 -30985 22984 5590 -10899 -22786 1521
0 32713 1088 0 -11318 24915 15053 26223
-25479 -12647 -12598 -2823 -31453 -116 -29398 23982
119819049 -1271681925 274239460 -1078709860 496857112 -1142447285 1485471689 112018871

11248 27775 -31667 4565 -28999 -23164 -6600 22716
-9770 -9190 -22705 -21029 -32768 -25413 29809 32767
-13267 -26738 -28342 31365 29842 -32476 23563 24177
-10596 -25100 9571 -12361 -24713 -17870 -16097 22559
28083 -13875 -20129 26780 -7898 -29309 7967 -23719
28061 28956 -27885 -30332 32767 -27340 -8482 1
13292 14808 21579 32767 -21720 11449 -1 1661
-4105 -14716 3461 19368 19716 4942 4363 20309
-15477 -24247 -14644 23796 23951 1 -6969 -23677
-1461614978 -1562288805 1993115323 -675574471 1150690923 -605966103 -660574003 791510899

1 5433 18737 32108 5794 23062 -3199 -9179
10669 16918 4232 -30357 -15696 8786 20608 -17213
32767 -19094 4237 11803 -24669 -16747 -15597 -28971
-5337 -19387 11807 9338 18197 -17255 -16623 25042
1674 -13515 -2606 2580 -7126 20300 28797 -1
-16470 28392 -15078 8075 1 -31598 0 7391
30679 22638 -31140 1989 24151 -691 6564 -23441
29058 -2441 28425 -21018 11812 -30866 26392 29092
25860 12619 8518 24388 1 19877 -1049 26952
1225609068 -525828700 -167020163 295057870 286727956 -428008069 209906750 593064773

-30598 -21680 2034 19861 30519 -22841 10044 1
14396 -27529 -17685 5873 19017 -6147 8621 -10296
-7104 -12575 -11436 -23761 17930 -5869 31598 4410
-23967 1 28074 26309 -2151 -1754 -8852 -32768
20102 32569 3138 0 15340 10241 21904 -20034
-27269 -28614 24037 4029 14342 1725 -31282 25090
-32768 1730 -10952 25380 5147 28166 17022 -15927
-17245 0 17579 -20968 9642 21296 15180 0
-29604 7766 30735 -23868 16626 1892 -11628 0
673331044 -1119393107 247869942 1008287974 -226003224 1833129063 -17948230 1575362653

-20370 -24076 32767 -30867 -26417 -28821 -20397 -27137
-20863 25116 19580 -11516 11938 -8686 -19495 -18903
6800 -22246 -32386 1911 6056 24108 -23082 -31080
8967 -32768 1 -3073 29591 -9101 17617 9997
29400 5516 -29506 -32768 18380 -27991 29692 14821
12336 -4461 7518 4841 -12770 -1 26626 -32768
-18566 -26822 -3363 0 18391 2990 -14571 6872
-30325 -1390 -1806 20076 -5412 -9898 -1 -1
10002 -1 -9714 66 -18219 229 -14118 -7863
451981867 -195279835 848199760 -779017605 -298492458 165084104 -335704205 -188084193

26141 -27084 -14314 19132 -28960 14163 -32768 -20156
-17053 17126 -23257 27633 -25616 5681 -24661 -16075
27659 -4930 8615 -25384 9102 -25401 27842 -11204
-8984 16585 7999 10723 16952 12485 11268 -28224
0 26926 28499 -10976 3112 -14843 -20247 -5367
-29502 0 -1298 13553 -7099 23019 -12716 -23586
-24981 -1110 -25950 15670 12963 -22980 1883 -8248
25809 29656 -2870 -32620 -32768 -7124 -32768 23704
1 13918 -10157 23781 16265 17619 -24964 20833
400050320 1095900365 -1987704349 30991417 7004729 451639789 207869238 319548895

18682 -29172 -29624 -26569 -25272 -29445 -7170 -6776
-18838 -10366 -31560 -3765 -1 30047 17913 2543
27681 18536 -12564 10784 -10296 -31450 -25387 21840
24561 -11887 -25797 -23060 -3062 -32768 25699 -16526
30897 10594 -5488 -15992 -2111 8630 28210 20984
1 32767 -31244 4105 -12666 -13451 26078 -5217
-13990 18992 26507 -28114 -13164 24426 28045 1336
1 25079 -7833 31369 -7653 -26393 13301 -27188
-16555 1 -4396 1 4481 -23981 21221 12473
177095948 141875743 38740576 818079577 156582436 891510623 82129639 576255798

32767 -10646 -3657 26334 -21812 32380 12944 1
-7551 32767 29612 10273 -30608 25032 10551 28144
25893 24227 29304 -1020 264 14552 -24146 23445
-13273 -2830 6682 -899 -979 -29602 32767 -17720
31813 17635 -31550 -21987 12970 1 -723 -19970
-567 29998 -7974 21052 -1 -16251 -24428 30142
-19360 23601 11397 -29143 4022 -30257 -22601 0
-5906 -4423 -20549 -32768 1550 3395 -30085 -5183
30270 16434 16443 -11876 -2148 -13140 -26908 -29999
-282922084 -716540584 1430500481 -286772264 1585795876 61313062 1332420205 716875656

23794 -10707 -10070 853 -12027 32716 25876 22768
-5133 -1475 27761 -3524 3816 1 -836 20859
1 -14075 -3728 -22750 11092 3548 -23031 -18385
26929 19562 -79 15258 -3929 7958 -23665 29294
13735 1784 -14792 -19921 -32768 -110 17174 -4025
24356 -19572 1 -10829 6536 25441 13079 -23581
26922 25354 17910 13058 -9796 21990 -15515 -11878
14995 -21334 0 -18562 -6102 -31026 4477 -18097
-32768 -1 32767 -20731 24787 14390 -12075 -9529
-1484057299 1056831221 1128739295 -1177591379 -1504602618 21329176 -191902143 -585853880

27147 11280 15993 25645 844 12847 -5939 23177
-13510 -19254 31103 -27423 -17764 -16377 -21165 -16663
-29105 -26933 5339 0 -32768 -3263 -10873 15532
23731 -16020 -23221 0 -18110 -9683 -20768 -19149
10454 -7950 -18538 11070 -32768 -22390 2397 -15712
-1681 -19837 15685 25372 4098 4927 -688 31933
13189 -8332 1 17158 -1312 22284 -32768 8696
1 -19825 30070 -5166 -29193 -18782 23381 17364
4491 14199 16084 24568 11230 -2443 -13618 -952
1206265366 -362921131 -653990827 -373049882 -423100960 599354749 731262019 -541649042

-28503 -27996 -30288 31570 -24411 -32153 3729 28549
21452 140 -14937 -15059 19155 11186 20049 16105
-11886 142 -5361 23824 4351 4665 14038 20595
-23218 25142 -20541 27599 -25454 -2187 -13283 -25159
6064 -2285 21780 -27775 20204 -26198 -10573 12385
-32768 -29157 -32768 -18893 -32768 4763 -20396 21199
-18619 -28442 24271 -26756 21894 -32768 -8792 0
-8236 -16638 0 1 6439 -27580 24435 14234
-23733 10475 1 -14887 28054 5314 -10860 18409
-457434914 392076159 302438078 -641098495 1016061007 471280753 1077861864 51916243

-29779 31633 -8023 32767 -16759 32767 -1067 21452
15423 -12819 2568 -26234 -30523 32767 -14832 32587
21606 -31148 1266 -1 15739 -26275 4032 -28245
14126 -27629 18027 -20510 -1 6113 5837 -8328
22951 9262 25234 -6329 -15600 -5049 22320 11285
-26062 -5324 -12635 1720 -30906 -16331 -31126 -11621
-951 -8017 15841 -26120 31807 9835 -9347 -7175
-10911 -32308 11816 -24234 29027 -21738 -3093 -13725
29295 32302 -19889 -1 -6506 24411 26200 -5769
1066167344 408553801 -873587553 -486964700 967581268 -1630207599 -772213190 -2319588006

3384 18561 10657 1 -4166 0 -11329 690
-24273 42 10297 -2463 27331 2301 -21227 14070
23256 18124 32548 -3573 32547 -8425 13577 25381
-1611 8043 -781 20716 -32768 -31117 1347 -25057
-25971 -13461 -6462 -25556 8022 620 3137 12529
-29140 19470 -7082 17797 -15098 26255 -1430 0
18805 -27323 -15464 22881 -3415 10045 2648 -606
3003 29185 529 23047 -17806 -21032 31378 -8069
-18578 -13036 7746 14887 23293 -29724 -25673 -343
-28691030 1601850983 181885092 363099780 311053928 -597730177 -218228780 -681446788

-9365 -9378 4908 1 -10687 -32768 7543 29849
16614 -5161 14768 -1903 20081 -27890 -31870 22096
-343 30178 -6751 -11113 -21171 -15560 -29422 20799
20478 31986 16484 -5985 -13435 28694 25694 5015
1169 17242 -10778 9295 -30043 2565 14836 -20853
-9650 9909 -6482 32767 8901 32767 -27810 4911
-11708 -10258 -3353 -31705 17884 31228 -5331 10698
1 -32768 -21101 -10165 -32420 -17174 10986 -10835
32767 13089 18028 1 3227 1 -26241 19803
17513995 2081715465 1377653542 768584687 -829520959 552443659 -168896426 -1416772223

26393 14335 -20474 -25391 21008 0 19956 -9059
7858 14502 -26316 12628 28438 6195 -11355 12962
-27271 21671 27309 23141 32767 -22098 -5387 2531
10713 6069 16639 5028 19024 4793 -20848 -2088
-13523 3623 -21997 21860 17012 -19191 10910 1
-14712 -1 -29633 4299 -15713 -13550 -5673 14215
16719 20314 15763 31824 -5599 -20316 32651 -13939
9564 821 30855 -11059 1879 -32768 -29156 -1
-1 6022 -29753 19086 -4302 -21952 -27533 15282
-567415329 1363710725 290805157 -7516970 1141253390 1702205318 -381221537 389810153

17190 -4399 32767 10780 2691 -8362 4683 -1102
22444 -12954 -7316 -5622 -30459 11892 32767 15343
-1871 -30777 4968 -21981 29605 -4895 -29102 -3745
8121 9797 1 -1254 -25498 -18467 -12648 -23085
-20523 -4831 351 884 6551 24709 1 -6948
-18942 32448 -20063 29566 -2997 22425 -7531 -6055
29645 12832 -28323 30895 -28889 -22682 -15438 -354
-1 -21641 -18669 32767 8364 1 -1 1
30606 -2879 31834 9227 21161 3825 -17595 22303
1599337909 -393952543 1022948767 -693715709 -516729290 -1019217316 -180537106 -52659677

-958 2474 27852 15049 -28016 -6521 -32768 -13214
-19897 -25867 -3978 32504 -14252 32767 -32768 -13131
-29823 -6434 20649 -30675 -1745 15022 -14254 1
-29949 31493 16825 -5820 -25653 -16429 -23782 -26234
18960 19716 15289 3431 -28159 29698 28199 -20362
5543 -30614 20189 -2923 -26182 -11581 -12329 28592
-26687 -17785 19637 26833 1227 -29535 30093 -3938
-15476 -2568 19865 -18723 -21824 -9069 1 3952
13061 -11262 17827 -26003 -8295 32767 -13231 -11011
662595706 885357597 1543977565 -16576512 1266733962 539091613 -1828684412 508113758

17392 -32187 -29626 32767 32767 -8079 27967 6941
9799 23190 32767 27589 1 0 -25647 -19378
-29977 24823 -11085 12770 1 32767 -15875 -23579
-5741 29938 -26743 13904 -29596 -16690 -9565 -12037
-8051 -15473 18478 -8185 -19624 -4142 17630 -16677
0 -26506 25528 -14180 -1 19438 -26519 12715
-14635 -23697 2877 -23753 27579 5319 32767 9987
1793 -29186 24668 10543 -12489 21981 -27582 732
16829 -27603 1 1 -14744 16479 14617 -22047
820665793 -422816020 -361916530 -636109694 1138077000 384034184 347593875 962888983

0 -8308 -32719 -1810 -30779 -1 8269 13232
-14651 17026 -6319 30681 16289 -577 1 32767
-14224 31152 28050 27352 1 -5287 4500 -32616
8147 0 -20634 7026 -32768 -19463 -29118 -14047
19433 -27904 5820 29366 4027 624 -11570 -4901
18227 -1891 8201 8732 -29949 -23931 14009 22139
-10653 1 25730 -13818 10127 25976 -6275 168
-17079 8675 2564 -30561 -25296 1 -12548 12417
-14458 -14808 -23666 32767 1619 21065 -5058 31641
1165041292 2165565906 -1189369432 -159465910 879852512 -66438829 -307059629 -528182207

-18574 22091 -22768 -1 -24200 523 -30620 18426
-9429 15113 -30108 29073 -16691 -7892 -6869 2189
-24500 0 -4785 -5834 -17646 20085 0 18401
-26330 -14747 16424 -27602 -16585 9457 -12642 -9298
-1733 7722 3642 -229 -15336 -9149 315 5978
20714 23213 14956 -1 -1434 32441 -31539 1
-26139 -27178 -13773 12826 6669 14639 14673 -7320
-2768 16852 7320 2079 -25558 -10109 0 -32768
22702 1 5322 -5939 29747 -32768 -32768 1
-276450692 -559757908 -1730059085 -735418814 -185313591 477660279 -1505028469 -465267307

12397 21709 27000 -1447 928 -3598 26514 32767
26977 32074 -25654 16273 18894 -6820 -7231 -21378
-28971 1 -521 13413 32159 8284 -20570 32767
25243 11696 -22028 15217 31637 -2941 -10428 32767
0 -2759 -30652 6584 -14815 27273 14633 -733
13588 -20971 -25325 -29135 -19747 0 -32344 -19606
2435 4263 7351 6530 -5496 -8267 27357 -5542
-29155 32767 -3231 -2879 -7981 -25089 6417 1648
-18488 270 21767 -13498 12893 -29179 10219 -1
771770845 -899425457 305896391 -761302425 -1594091148 -999963960 477929597 1211142868

20404 -14208 -967 25554 1 24774 16273 10170
25431 6749 1 10523 -17417 12731 26847 -5086
-26106 -8575 17576 25770 7682 -8409 15300 5242
-9047 26987 -30856 16686 -1 23246 -20634 11169
15979 15634 30371 -21755 -12932 24552 25933 24542
0 8822 16791 31271 -31040 -24416 -27954 -10550
-29121 -21916 25484 28012 7106 -11234 -9404 -4916
32767 30230 -8844 -10303 -32768 -17507 -11880 13789
-32768 32341 -557 -3865 17469 28123 3811 -5784
-526396997 -470217870 394425574 1632426184 470632273 -1119303122 -76212964 -1241097232

32484 -13157 11768 6824 -30789 -25158 -16138 11683
14267 9720 -9480 -1723 32530 11629 -26388 9820
-8000 11754 99 -11060 -28921 -7358 26361 5141
-23624 5620 0 -5464 15339 32767 20188 -10522
-7207 1059 3177 8877 -23983 -3633 20769 14778
-21188 -85 23781 -13112 26436 -19976 -24394 26310
31347 1567 -7031 -32665 -21622 14470 18383 -28996
2457 1 -12636 20035 -7744 30299 -7904 32767
16743 -11341 9033 -32768 -9169 -1 -28927 -359
1320743889 560985382 -403144026 -1001105636 -781047020 744509330 1190809342 -441671566

-24548 29738 -7600 -23844 30289 27056 17321 -3741
-21128 16082 19761 -32768 19691 -28665 32767 -23391
5636 -12194 -25171 -12279 -21569 -26921 -1 -18690
12394 -114 -25795 -18662 -19223 14393 -15206 23271
-17210 20690 30247 -26080 16231 -28920 -1 17160
-2601 7179 7125 -16312 13506 -32108 19365 24636
-10658 -15340 -32768 -32768 32767 1707 11831 7038
0 -18683 10692 -28056 -15393 1899 -18638 8273
0 -1304 25631 897 -3067 -16660 -6103 -29826
-792742340 1370979935 431838838 -1459851870 645106003 -200853958 -1260321134 155813259

0 538 32767 12392 19298 11078 30930 20309
-7105 -25373 -15952 17495 12158 -22150 -23346 0
20596 -18119 -30387 -5047 -26257 2760 24497 -22389
18526 1 19053 32767 -25140 4704 32767 29255
1095 23508 -28523 18732 1 -4401 -6301 30631
-22439 -23560 -1482 6613 949 -16798 2334 9264
-30605 -21325 26746 5464 -314 -10609 -18277 12765
753 -24236 15573 -30676 -27108 27933 -32768 -24906
-10969 27340 -23336 -13928 -2037 29144 -29204 -25257
-2055214495 -475686425 42106198 -2611701385 317513553 -1249155930 -1044759678 1848277765

17623 32767 -31333 19590 6004 -18063 -3389 -20564
1 -22472 6990 27073 90 -11915 -4769 -24070
-27355 886 24249 32767 31153 -10231 -31511 32767
10963 -6966 2094 18386 29481 -32768 -32112 5628
-10254 -25551 6592 27798 1 -16940 -9695 -31651
29638 -1 24311 19627 24193 -8686 4239 22200
-4093 6721 10771 9912 -3726 -12652 -13580 32767
-28009 6700 -11475 29167 -3803 -26581 15268 19611
11756 9951 -11307 -29179 -3865 15609 16845 24910
-558581746 -1958852703 -1537739379 -1526752527 -2476616621 -103844097 12140210 -638422936

0 19431 -8670 27715 28533 -1 -12471 -19087
5292 25320 21187 2506 32767 32089 -1244 8769
5098 14129 -7317 -32768 20580 -12726 27100 -15357
20186 27566 -10421 21321 3631 12126 -21389 -9644
-32768 -23607 -15753 -1922 9762 31515 0 -16974
32767 13633 -5344 -30561 -2044 -25558 6192 17319
-27380 -32583 -23434 418 18617 -9195 26245 -27077
-24663 31794 -19733 21068 -1 -30797 7983 -5180
-3667 32767 -31603 2254 -1 -22292 1189 -11845
1184414452 -674378237 1099443633 1025110693 -661345554 798517573 331170866 2560718102

-24602 -18139 -19731 32767 -31054 -11090 1382 -30787
32066 21998 1086 15532 19990 32381 13375 -1
-21556 -29730 32767 11199 -25897 -23885 291 644
-23390 0 -30230 -5825 7228 0 3569 32760
-30601 -9903 -16326 -21373 10760 1451 -11989 8220
6810 -15230 242 26572 -20131 20424 7547 -10685
27851 -11987 -27361 -18133 -14416 13680 5735 -1021
-31297 -3778 1 28452 29385 12416 3719 -23287
-415 -12398 9046 22914 13380 -32328 -28505 1735
657639209 -1080917268 1349037253 -345412885 -48880092 -366230232 -1326331237 557159885

29906 8173 -32728 -4385 -7555 29243 5329 -24331
-1048 5112 29107 -7930 25755 31298 -28966 -24363
0 18563 17842 1715 31229 10756 24105 -9683
-6319 11357 22489 1 12910 10042 -7608 -16405
-10915 -12276 18964 2302 -3819 15300 32218 7889
10978 -22569 -11915 -12918 32767 12875 -18821 16883
-4413 -27999 2507 21165 26670 3285 32306 20375
24428 32767 10380 -1577 1 23088 -26080 9567
-24624 19814 30280 7831 -13097 29519 -5354 17541
-1092957882 1260660258 531085685 941922060 1085335098 -831631433 -272346923 1338655821

31859 32538 -26028 -22875 -1 16838 10843 -30724
8194 -6480 -23183 -7918 -11187 28952 -18045 -6979
-7144 11219 89 11797 7141 1077 -16589 -32020
-1 -22693 -27 -5861 -5033 -32698 20804 -24154
32767 2994 -32532 -27896 -24726 32767 -23375 -17916
31714 -23396 15800 1793 6963 -23493 -25064 4515
-22387 3118 -23334 2219 -32047 -9838 -18917 27771
10163 -27987 -1539 -25837 -7637 -24520 -3664 -6553
32767 -3914 6673 -17581 -2633 26164 14170 15636
1258847563 700495922 -1211162249 -733488142 1646372333 287090478 -947326917 110708042

0 1548 -21940 1856 9266 24843 12982 -6725
24420 25480 16836 -5307 -32768 19328 -27100 -31058
31289 22330 -6698 28124 -27510 -15552 -22250 32767
6315 -32735 -12946 -20651 16216 -4582 31696 -25594
-27170 13598 9777 -1 29053 22949 6883 -8221
32438 -1 -26253 9304 22952 7637 -27813 6550
32579 -32768 13151 31287 -28439 28542 -10432 10775
32767 -25695 1 32767 8565 8856 -30640 1243
-2670 -30428 -30329 -9276 -14795 -17753 -27153 66
-329972885 -426429104 468688526 542495274 -1662422818 903828489 419024008 938492764

23386 -15200 29543 -32768 -23283 -24014 -19161 -18919
13106 -328 7576 -31036 8682 0 -11668 28265
18201 14988 17089 17629 5524 -1775 6323 -32768
-26830 -276 -17126 634 1485 15825 30624 26183
-22760 24149 20607 26615 -1 -22242 -10002 4943
4720 -1756 15956 18906 -24535 -15987 -10685 -6525
-10606 32095 -20265 -31811 32767 -18277 -10782 9058
11297 -9502 -19124 -1 -14394 -16069 25648 -20159
-2559 -21805 26871 -243 1 26474 -11293 -14492
928193205 -93110744 438007364 -691998991 -468578932 242332250 -1702841404 -758522410

13449 20892 2615 25737 -23560 15360 -14980 -28489
21338 -7854 -16428 -1 31215 -16412 13782 -22512
17044 6433 -16117 -28343 9256 -22365 -19627 -1571
-5218 -32768 -6786 20947 12634 29136 -12161 -18304
5628 -19798 30170 15321 -17594 10503 -5793 17090
-1500 22289 -8352 5191 1751 7213 -20656 -20369
-22650 32767 31387 -344 31548 -23644 -3999 6532
17332 -20138 8082 19529 20652 -19898 12510 -6444
6840 -22070 14680 23993 -19037 10654 23940 -32768
1473864273 376623560 -1774901543 1469014149 1034076133 -283777660 -1587845210 1055700573

-1 -8043 -14181 32767 -13221 26799 -24284 -1
32767 -17918 23369 22615 30406 -29604 -32768 -1715
15232 14236 16559 20553 15600 22506 -32768 -19797
11819 -23575 10520 -10736 13017 13682 11273 28448
25610 1 26400 -13208 32180 -5228 16848 31519
-1 16052 -19547 -3223 0 -30683 0 -32270
-6148 12983 23340 19161 1493 -2499 17592 -10632
1 -18439 -14035 23691 30672 -32768 -24208 -27864
32767 -8898 -21871 634 29730 -15827 -9066 -3698
-194584885 2412274810 501173261 323202653 1023539426 887559893 -851528689 2239091064

-3292 32767 -5997 -30936 30821 -2946 14140 27703
-32741 32767 4996 7333 27277 -10865 670 7660
-8836 8971 20814 26954 -5553 28247 -17040 -3978
-16083 -19242 -12613 -8617 -12973 -13696 6155 18009
-16972 2565 0 -1 13383 22500 -27237 -1846
91 4212 -10030 -13835 -8716 -4689 -5707 -14549
-10371 32587 -1096 -20925 -21738 20414 -19839 -22672
13306 -20335 6255 1903 27915 -11322 32515 27272
11551 -21029 32767 6976 32767 -26845 9952 -32202
-801770019 93067310 -402400743 -830625507 -627099404 -260699110 -1714609736 1463561465

-20935 -1 -3145 -7431 -6115 13273 1 29915
-17305 -4477 28637 1 32767 1649 -21870 -20449
-1 -8600 -20436 798 -32768 4000 24746 -32768
22427 15749 -11879 -8844 20340 -8093 1789 30682
-17017 0 30744 29826 -11281 24817 4415 -17406
-32768 24572 -8352 -30484 -31006 -29929 -4051 3679
-17224 -26674 -18883 0 -12577 -12480 28817 9666
4000 330 -12778 143 -29788 19860 4453 -22926
-32768 -23616 -1189 -29590 -19262 -22355 25647 1
730769168 -590241599 1380201062 -995955129 -585768214 2567809609 2477108942 116085713

-16601 -14401 -28097 7723 -24447 -26213 8910 7731
-27941 -2196 14827 -31432 1263 -12831 -5272 32226
-18461 -17103 -11499 31117 27243 9185 -1468 27182
-8374 18797 20911 -1 -28742 -1441 -21737 0
-28884 -2982 1415 -15790 -12264 25377 -17906 30847
-32146 1132 -32702 18679 4262 1991 -26383 5047
7009 -31704 -29044 -2356 1062 30249 5000 5898
-30712 -15962 -672 -3737 -13160 21200 -6514 -24171
-10318 -4842 17457 1358 -2196 32767 30331 -18782
-919172926 -673302136 -199106798 -282974935 51707454 -1058447230 600686945 1357331818

9237 -20789 -12332 -6144 -21984 -12291 -9279 14814
29583 -20658 23214 -28414 -28489 3834 1768 -1407
1 28492 -13369 -3794 -21988 11073 2384 -10104
-4842 14780 -28769 -11576 4918 -10670 9470 -18098
19185 -26321 -10699 16187 -15204 24815 -3328 28533
-867 -12755 -29153 -24835 -23466 21524 10620 -21183
864 5421 -4767 8891 -4517 -10653 -5556 9580
-11512 -32639 6352 22441 21658 31717 7689 -19671
-7633 -12582 -1337 -6533 409 24978 -27788 25284
564093787 188113340 -369961248 -1020158803 1520804079 65655183 2159403 433497169

-10840 11568 5022 -12111 -9597 -15652 -13715 0
-1524 -12758 32767 -26404 -9287 16048 32767 -3537
2322 19320 -26474 30527 22684 -1 29347 32767
-21022 -23164 -16397 6590 22831 27436 -24992 13938
-8348 25755 23537 -32768 -5268 32630 3511 -5397
-10129 7956 6466 13959 32767 45 -25151 21523
-15009 -27142 722 3162 20225 5416 1409 4601
-13490 0 27741 -27299 9206 -8637 1 1
27389 7533 21724 12282 30293 24447 30825 -3193
-1345535630 1382020311 1496084465 -478071077 837811537 244129521 212800534 -34362193

-20252 -6166 -2196 31002 -26423 12327 13775 -13747
17775 -8306 -21197 -24771 -19051 7611 -30515 14876
-12791 26500 -22644 32767 27752 -13364 -7618 -20804
29175 20464 4618 6249 -30078 4642 30825 -17589
-14204 32743 -10898 2553 12183 21299 29700 784
28935 2261 2498 26905 14730 12969 0 28837
20964 -2290 26009 4089 29103 30090 18558 -20758
25180 26220 -13373 7078 23032 7087 -29448 13755
-5149 16209 -1274 4953 -32768 -574 -21988 -1
716565677 969002184 -47638446 511715751 -434085810 -472405436 -1536896205 236151051

-11843 -20522 0 -6067 -24071 -9561 -7714 30806
-5881 29572 -1104 18139 -23257 21466 -1 -28638
32767 17848 -18196 -30853 9723 1 3238 9568
31290 1 890 1 -24534 -6977 -6111 -26531
30940 -27074 15031 -6481 -4396 21875 -30676 0
12171 -1073 29699 -10745 -13634 -29140 -27331 16164
21649 8519 7467 -5597 14254 31570 32767 3250
-19411 5185 1 -32742 -1 16330 -17395 0
20868 5896 -20025 -26309 -16988 -22299 -10512 24846
1260093598 -1198589201 2003592090 612530378 264895205 1505947218 -710099432 305621823

-15609 -20964 -916 -27388 10943 21395 27612 9208
15979 25630 -19940 -1 -24648 -6537 1 31393
20881 17686 -32768 -15698 -20674 22938 -26061 -21978
-29754 29436 -19729 -30998 -31096 3642 -29714 -26799
22163 30781 29994 -32647 -851 21677 -23535 1
-20818 -23620 -29677 -28927 -21126 16686 23788 20944
-1044 -2311 2890 -30013 -1 -15685 -22770 9499
-19532 -17309 -1 18794 -5568 20321 -29805 -29498
-23879 -18830 -18214 32709 20438 9676 31178 -24009
958812481 -1821712185 -1233721489 -1381659647 -3264442271 504739573 -2055660920 1268868662

16411 -19972 -16089 1 32767 -30976 12181 22236
-22888 -14506 -21257 430 20569 -3956 -17545 -26049
-9926 -32768 -11037 1261 8387 -19589 -28064 24072
-8226 9030 -2062 11665 -25233 -32251 -29088 -23485
8910 21801 -4855 5700 28369 -27272 28379 -32768
0 32406 -30600 -11914 14448 -1 -7571 15781
-23667 20474 -25504 -10175 8243 7395 22842 17565
-6255 -18811 7374 26244 19217 -15024 -27733 17846
-919 -32759 -9041 -32768 495 26405 -19643 -7420
-421355198 1117973913 1000584907 -770293960 -1885635436 -355788114 -464634175 -279508138

24444 -19333 9574 -31694 25391 11777 -24620 28276
-24408 25604 -21868 29151 -5689 22922 -19311 -23199
-1 16670 -426 9272 -20107 -15711 9141 5459
-7710 -12069 -18263 -8419 -4720 -18687 -23882 -14495
26953 24051 7441 -10294 -16519 18510 -17112 -6716
32767 19281 21695 20503 11781 -25547 32557 4127
16992 17384 14893 -7143 -17719 2145 -32280 24258
-27655 133 10330 -5012 31481 -25511 0 -28724
-19798 -30326 -4942 -821 -196 -2398 1 -6196
-127384286 -119228854 -503220515 751338503 -1290862200 -1324072030 -1083337237 729523330

0 0 28657 -17291 11137 -8513 -3730 11617
32767 31492 -3407 -27934 20511 8509 0 -29689
-15223 -21663 24029 24255 -17954 -10405 -29142 32053
-404 11987 32145 -23230 26903 1405 -24692 19440
-8873 18993 30918 -23337 -10171 3330 -2773 -12739
26891 -26693 -7000 -5296 28766 16974 27048 12690
-32768 -15060 -20797 289 21058 -2044 4645 -21882
-30768 24032 4948 17497 29903 -40 -877 1
24185 6487 -22724 7671 -17065 22726 -4085 -24003
-1430966073 1415877839 -1449073136 -1633592546 -406637056 75413912 -314928246 -1074092554

19834 11596 1 12588 -3328 -3365 14843 26190
27778 -17098 5719 -22612 23934 21284 13993 -5315
-32768 29826 -3450 -15066 1 -26562 8959 -18339
30722 -30214 30864 -32768 15022 18576 -31147 19225
-2699 -565 -1434 32212 1962 0 7814 17587
30394 20758 -13386 20318 -12437 -4018 21386 14161
25917 19854 29645 -8374 -25798 135 8989 -4040
-5090 -31893 7192 -9657 -24138 -11972 30899 32767
18584 -797 9730 28077 1463 -1624 -9062 7979
787854690 -218140521 -1273683604 402757941 913142204 896041264 367491750 -304765479

-27305 -29347 7999 -26042 27262 4503 -24166 -18140
0 -1 10574 -22892 -8196 -27652 -24904 15306
13296 21375 -14749 22404 10960 -18333 17462 -16804
-1 11844 -21661 18883 20016 -31378 -24823 14205
-1158 24513 -11629 31683 -23599 12441 2512 8966
32095 13937 19772 30768 -22282 10365 -20930 28309
-12877 -4149 10295 21558 -17619 -6446 26340 14839
14737 -7966 -8912 1157 -1880 12839 -13672 16296
-23610 -23168 -24950 -29443 31358 -8029 31494 -32768
2543816627 -910654820 490673055 -657557713 -2237867014 -4848607263 -648876502 -1101706100

7985 4247 -26735 1972 5773 -6511 17109 -18445
-22043 -7993 -25113 16071 2639 -22729 -32768 15428
-21956 29618 -25677 32767 4195 22271 2487 12585
-6759 11921 19522 -26337 -31885 -20656 -32768 10290
-2612 -8857 11034 -2878 7903 -3344 -17675 5059
25017 -22148 1 -9957 -32768 23679 30682 31423
32767 -28125 6321 405 30815 16049 3454 -5872
2482 -31240 16317 17247 -11127 -5990 4285 18696
-30500 349 22882 -20618 -14319 25919 26438 -5716
-588132097 -1817873225 -72147148 196069026 -307651588 1149065997 -773307043 -58343615

-29787 16098 -15118 28345 -8299 -23823 -11729 23083
-19923 -32175 -1 -61 20230 20916 8824 -3185
-4478 1 3222 -20360 -29773 -27186 -9862 -28835
21712 -14528 15939 9160 30123 -27626 14824 28437
-30232 0 -21699 -29221 18667 390 -32768 -19896
19091 -32284 -30777 -1 4871 -22803 9839 26190
20924 -17411 -17834 -1 1 -28096 0 21733
11469 26412 -6702 -11203 16419 -3601 -21032 -8222
32767 -8098 -15073 -26213 17248 -19668 963 6683
-1153147830 -465886416 157360883 1615954876 252204500 2067925702 1793300096 835421770

17591 20691 -10190 0 2422 -4029 -10686 -19021
21618 -12157 9214 11219 11782 -31181 2157 18459
-32768 11268 -6465 -15161 -26005 -5092 -20881 -13998
25923 -27574 22371 26138 20875 17720 -887 -12470
2430 -22962 24191 -3518 -30872 -17850 10001 32767
6431 15786 -7303 4435 11624 24571 -27115 9045
-24017 -16296 -18799 15352 32767 21968 -15982 14420
-3233 -18911 7105 -13570 11913 -26838 22141 -25233
-29371 -22083 -7280 -11728 -12311 11950 4720 -5266
-927638540 -1169818805 1172924395 -605632880 342258330 -561428363 729828642 390000071

-9695 19758 -18523 -31392 -9724 9998 11936 12343
-9173 -9677 -1 23027 9687 -19922 12782 -27
3492 17171 12430 18903 -149 3305 -1835 32767
-1 27730 8121 0 -26469 -23406 5300 16643
4335 1 -12644 -29492 -11785 -138 323 -23472
-26634 -23231 -12106 2298 -21736 -22591 -8501 0
16058 -3718 -17292 -12878 0 -3416 -11688 24565
-29007 -4598 2997 3706 28411 29758 32581 27282
-3250 -15186 -29933 -18831 14419 -23947 17618 -26646
378819881 585837373 -1986869167 -835437430 1384235065 836246401 -14295120 -451299640

-3546 7144 -8344 -8711 -29952 -17056 3770 -4649
17859 16011 14467 32557 1666 27829 27678 -17123
-13900 29157 -800 -32768 -26054 32767 -2459 -9906
-7757 -3218 29952 65 20887 8658 -11022 15077
-7851 -12222 23384 1 27180 -23263 8373 29722
27951 -27976 -4364 -11778 -20653 -16382 -14873 27355
0 32081 -18458 32767 -19466 -32768 -32768 23916
-6168 9650 -17768 -4808 -30444 18737 5630 -8269
-30740 -18785 -15789 -8075 0 -19889 13197 5846
538690161 -1629395006 -585260207 -404052847 848643059 119785913 -216705356 -19009035

32767 -32768 24995 -11185 1 32767 -20455 -28261
26251 1 2714 26260 -11933 -14937 22301 18894
12674 14675 26539 11538 7217 -7803 17514 32767
6896 -29886 6866 -5775 1 -2747 32767 -17502
19192 -22136 24101 -23229 29776 -13839 25591 11374
-13128 -6223 22824 1264 17415 -8666 -21591 -1817
-29434 -23847 1 0 -1602 -6631 -20495 -22936
-21448 7900 -1993 13527 -1 173 -32317 14361
16015 7583 4064 9547 -8796 26712 7439 -16412
1457998341 243925599 -147137409 314193278 -612193910 -668073162 -591286000 -634010226

-8636 -16320 -19845 27767 -1946 -10141 23403 21826
-23182 -18203 18360 -11107 -28909 10702 13039 25036
32767 -14993 -23316 16475 28996 1 31173 -30610
20915 3369 -756 20915 -14083 10701 19857 32343
-27403 4314 -5532 -13080 -14399 -19946 31801 19301
8830 -28616 9322 21479 -24058 11479 169 6669
17002 -2710 -685 32686 18921 -24542 -6917 -2064
-22507 26560 27997 -668 25286 29057 16526 6771
-17878 6064 -20179 0 23106 27409 -15991 -77
-242954737 -651496293 -32353902 -690355217 -761718018 -763971031 -431286958 1114381519

6424 1244 -25349 14910 -20536 -12726 23733 1304
3176 -884 -2186 28844 -10924 -6263 4491 6477
22203 10223 13420 2711 0 29631 -22286 -4333
27202 -3760 17668 -30087 -20918 -418 31905 -18488
5286 -22879 12070 -23833 -22844 13985 22702 22989
-3711 14758 22511 -1 -9686 8354 10512 -31150
-338 -1 22873 -17724 2016 -12636 24772 -22157
0 29527 32767 1 -7845 -26960 15569 -24020
7621 14682 28955 3922 -19754 12803 -1127 -6013
-400132440 152655895 1149048135 1028751775 426881272 1313948940 493892832 1318975068

-7444 11970 914 -28277 6371 -7240 -25347 9346
-15067 8036 -22526 -217 -11442 12779 25345 -3731
1172 21135 -8386 32767 -11895 1 15144 25142
-14666 9220 -32768 -32241 8034 5136 -32768 -1505
-24049 11492 -19768 1 -24446 -16137 15982 -10490
-8726 -26688 -15979 -2708 9685 16318 24944 -8163
6735 -332 -14403 31387 23771 -13307 -12776 -30316
11525 -19589 7791 -325 3563 -22804 -31113 12469
-20370 26769 -2427 6387 1723 22478 -25104 18556
947207710 137353577 837412195 1343131951 -155221711 -909360960 -410626713 -274140470

-24403 24724 22666 9107 -15102 -10079 -29634 21918
-27680 0 25727 797 -870 13966 23276 -20127
-30296 -23799 26935 7220 13925 10776 -29105 -21494
29330 -1 -25046 32362 -14512 -4943 14742 14421
-16529 21037 -15805 26067 12959 26898 -32500 -14358
18162 -27534 -9214 -27284 -1 -7843 25000 -12370
26658 -23209 -5842 6716 32767 -23298 17502 28493
-32768 15739 -7889 -11083 16102 -8638 -15809 -30661
-18606 20128 -28331 29481 -17368 -32388 32767 -20144
-245783371 540541132 -1577152448 1722601030 75279708 -113051562 -414641992 922971025

-16106 -32768 19646 0 32767 14680 -1 -3918
-5011 5697 -22013 1 11937 1 -32768 0
4181 -12663 3345 -2214 28334 -4651 -10522 13605
4122 -12394 -1421 2301 19072 -3982 -28150 -12334
-26185 -9067 2508 2923 4976 -7722 26785 28514
17099 8402 -30007 -17063 32767 10626 27218 -17274
20221 -28052 -4767 -19688 -17829 12346 27176 -25665
-19494 22226 32767 -1026 12057 25224 -31532 24528
-23367 17588 32767 -9930 -10613 -5021 14321 -13783
76288822 -1099981958 -804382984 -799269425 482090142 -838814533 -56423030 886041814

-3554 16884 -10885 -12680 29712 -12765 7564 -17770
21299 -11220 -23056 5593 29471 -6709 31794 -17267
-3416 16369 14055 3338 31291 13421 19205 32662
12399 2078 9672 736 24910 -5532 -5224 9698
18281 32247 28660 13947 -32311 21347 -9325 -268
28924 -13057 -29782 -15175 18504 -13221 -11602 16525
-25523 18642 21909 15992 6675 0 14300 18430
-13141 1 14128 -32622 -1 27567 -12957 1
28914 4697 21046 -17436 1 13327 -16174 31988
-892309777 -1175571502 1128778475 880001614 1466748385 952853820 -109892931 1063164817

4094 -1 9639 -30549 -21300 -22245 8193 -9221
-9899 -18332 -3033 -21713 -22861 19385 6453 -21499
6470 -30489 1 21599 22487 1199 -19477 8153
14647 32767 -32768 -1 -28205 -20819 10402 -1
16521 -27449 -9767 -9154 2203 -8185 32396 2741
26611 0 -21902 -8061 7928 -2466 -9091 -32541
31913 27859 -30066 1 -21689 30114 3132 -18009
5897 -20941 -1902 -22227 25629 15609 10934 19535
32767 8550 17619 26238 18475 30456 7697 -7302
-1438193530 -729556230 760570115 -892348874 -84857473 513573040 1426237536 287875992

-7259 -31282 -20335 2042 -21654 -13275 -10935 -25418
-8266 28517 15762 -17788 -6608 16641 0 26852
32201 19635 3055 14638 -29845 6902 -22470 9479
-19277 10148 13504 -2047 0 15146 18816 -1980
-16558 1107 19310 1 -32107 32767 -30039 -19296
-9906 29881 32767 -3650 -5628 30227 -30919 32396
24451 3393 -32768 -32583 -9521 22097 31497 1
1 27693 -16432 15767 -4581 -12784 1155 -32752
0 26192 6808 -11912 -25696 17721 -4359 -14125
-254233304 1151525445 1213973821 596466334 1969626592 1406651864 752836613 774404963

30946 -23102 14584 1 -29218 6208 -24594 -25463
-15478 0 20600 -3375 12785 -21892 25010 -29671
-6256 -2723 -8535 6598 25487 -30786 12261 -7045
-4471 1149 9265 -6109 -28501 0 21341 -1
12196 -8997 -30655 -12613 30886 23241 1113 20662
-14605 6787 10271 -15221 10967 -14655 -12731 -22031
-22678 6261 0 -13083 25327 -6820 23925 -19484
-22799 20354 14861 -1 25192 -20600 13221 -27667
-32181 -21136 -1 -16962 -1018 18350 -21897 -32768
1008946226 565205696 -481526500 -215049511 -294739898 1305320663 783018169 516931139

-17762 26301 -6502 -24224 0 12947 -23996 32767
-27515 -1418 -9704 8667 13923 -13110 -27235 1735
-1 22900 -24274 -1097 30853 12888 27603 -16637
-86 3149 -24355 -9654 -14692 32767 26773 -7606
-12227 -11803 22689 -10987 -1 -1 25191 30527
-27830 28313 -12004 29655 18368 -26558 19041 0
-23642 8700 -22420 30930 -30937 -27210 -6411 24978
19695 18629 -1 -25299 29579 -8486 -31351 28512
5250 -22752 8330 8260 -29122 3801 -4989 8902
-485283327 -425412645 -1867617409 -3588056 448695632 -1376183299 798521039 -1012857289

-1569 20000 22865 31851 21435 24828 -10786 28764
-27670 12331 -30743 15957 -17935 -8767 15770 24639
-4982 13463 -1961 542 -32768 25747 -1 -19001
19540 -23295 14529 -23522 -1667 -7529 12484 -25144
-14661 -4150 0 19522 3267 4762 -20183 -26673
9807 -853 10632 -26466 8829 -19152 13262 17676
7195 22392 32767 -31968 -26306 23629 -22844 -1
5011 25102 -19448 15746 -32768 32767 3704 -8973
-6385 22308 31821 -15209 10258 -2689 -14856 -12481
653694441 -1471411364 93296925 307151002 357574416 383629029 1988458296 -697634759

-533 -1660 0 1 4449 -32768 16714 -5818
-667 15974 22322 -1 -2052 -1 25931 29176
16404 -26982 8147 21221 -5473 32285 -18832 -1762
2282 32143 -22689 29074 -16798 0 23096 11529
-1016 30390 -15746 16233 -12314 -12959 -31837 -6464
0 24185 -11866 -23419 -32768 -29232 -19080 -19605
7178 11248 -1 32001 -31236 13439 23383 0
8500 -1 -24746 -26467 -14259 -30386 -29521 0
868 22426 -24796 -3764 29475 6083 -5806 -21389
-78487319 -1030928213 -690649526 300171395 891300427 311206031 -836642177 286856041

21933 31942 24369 4544 -7733 -12240 227 -14563
-3001 4382 -22648 22927 11906 30305 -24131 -12753
18961 3748 -24111 -21110 4493 -9266 -15682 -17416
-28278 6637 -6645 24528 3900 29127 -14579 1
-8412 0 10965 -1232 20538 22667 -17456 -12484
21506 23879 -16147 32767 -4983 -6594 -11553 -24655
32767 -30435 -12853 6057 29555 1 -28944 -8975
-7049 -17961 18466 -1 16927 -32768 19061 14974
32299 -9257 3665 -17997 -1 30659 -17558 11159
-121491720 577374848 666184583 -291584138 652770348 -449750097 1592011885 -1165943998

-20538 -31455 11524 17807 -8254 26583 -12393 -22037
32767 17605 -6905 190 8826 27064 -27379 -23200
29675 31443 -20508 -18600 -28302 -12787 -6140 -22203
7551 -23636 -8304 2877 -2006 4429 -19814 7558
2038 -620 4324 -14929 6759 32767 25821 -16798
12554 -32315 10929 4383 -2161 18421 4441 24755
21333 26632 -20666 14770 10292 -30070 17102 1
28727 26994 -31088 18598 -28892 -24365 -22102 -21739
12637 13837 32539 1 -32441 4109 -6758 -1
140987194 442927551 1049871076 -284659463 -101251663 182885214 -607359818 711541885

32767 3398 -10199 -21742 -14960 26695 -10077 22479
-6827 5287 32185 -23094 -878 20982 -32768 -13441
23722 -1769 1047 20235 2338 31585 -25287 -11376
-17987 906 4218 -12671 0 -23498 9313 -18974
-9149 24637 31766 18631 9625 1085 27408 692
-26466 -21703 -7300 32315 -32768 1 -3050 15489
1 11252 16847 1108 20015 0 -25232 32472
29683 -2488 -6686 -4844 -11201 -3296 3696 6818
-26576 32767 -26074 20271 -11163 24416 -31758 -32196
-519201800 1042833523 1608890020 -117727077 -373828691 801607436 -515718803 -1086569933

29360 0 15419 12932 -13503 28322 -32768 9943
-32768 24521 15092 19744 -32375 -9482 0 -32768
-18463 -22185 31938 -4283 -16919 -21799 -6447 -12498
-17906 -22057 -1529 -298 691 2773 -22429 -8486
28502 8114 -32768 27720 0 -14818 10562 -15197
6376 14874 9431 4910 10318 3781 -13823 4816
18599 16250 -23005 19700 17710 -17906 2813 12915
-22698 19804 -27727 -168 17599 -4903 31414 19203
16190 0 28853 22805 21887 24166 -1 12274
1726099508 -984730593 -525577463 -362808767 -396483452 863639752 200031316 -668949368

-24698 -26645 30772 -18049 10739 -28637 6827 -8018
-9132 -15484 -4444 14933 -24860 18 17267 -19379
2058 -9177 -14596 26642 1965 -5148 -30090 -4917
-386 15317 22466 -2581 -23305 19258 -19928 24563
17224 20391 23724 17912 -28816 -16474 -25484 -21142
-25861 16788 3857 24564 26944 17738 10445 10282
-18438 1 31463 -130 -14882 -164 -19044 25403
9702 30804 -17580 -7685 18618 24978 -27372 6608
-116 -16198 25868 17313 -30369 -29424 -16654 -19041
1473444714 1231321410 918637060 293684627 2778330924 -1453798580 1103994051 -2058230823

4732 -1 -32768 -16697 -4863 -24695 1 1258
-4644 15923 -7369 -32731 31953 -12872 -12545 13392
-16956 4961 2560 0 -70 24746 -31335 20346
-14984 31143 4796 -19256 -12953 -17898 -25637 -28725
-1207 9663 11151 11748 -9571 26458 18215 21630
-11403 0 2668 19127 1038 5988 -28280 -4365
-31403 -18661 32767 -11218 -28293 -15658 11321 15847
-27484 29719 22407 15227 -14797 30131 -8059 -14146
25825 -3550 10331 -27827 4783 17143 2599 6111
-190607216 639619008 37727719 -523083913 310128076 -791723593 -371542979 -669141627

14663 -7944 3390 -27580 -13727 19674 10118 28784
-28404 0 -28155 28017 -4221 6377 -10193 28359
0 5972 25058 -22228 -21625 12655 -32768 11701
-15985 -9661 -1 -13879 23718 26125 -7000 -8907
11168 -392 18713 -32768 -25254 18970 26422 29037
-22135 20853 -21442 24792 21685 -11932 -20793 2623
-16263 17632 17214 -32768 28115 11151 2288 2012
20289 6691 428 2038 -651 1 -24216 24962
0 -16064 -31118 28259 -19052 -16106 32767 -3289
-575737534 1218303441 -2407845679 -1309699702 -556129589 121929586 -2391788170 -926409830

17127 -32449 32767 18946 0 32767 1 23421
-17542 -3548 10667 3363 430 30083 21919 -5657
-27155 -16407 -24723 26303 6006 -26756 24130 3277
-32622 -9836 -31260 -1748 11527 0 32175 -2385
0 1167 -3907 -14473 -31951 29115 -18998 21589
32767 3452 -4566 6840 26952 -13635 32308 -17254
-5020 21609 17357 -32768 24244 -26955 12993 -4228
7048 -1 11424 -19245 -29795 -16802 26737 1
-1673 24670 7721 -29325 -3103 20616 -26996 -18711
-894500599 58538179 -2604519874 -1237914720 1231341690 -1119573827 733845155 -334998555

-17856 25045 20659 1101 -1430 -31924 17851 7582
487 28299 0 25629 -10995 -21423 -21904 -5838
30590 -9925 11561 7983 16623 32767 -28687 17768
-32768 13476 -24236 -32768 -15245 -27360 -32047 -2486
31041 1 -6490 -18052 -13869 -3858 -16682 6350
-4671 17718 24231 7221 14224 -11653 -32359 -1
-2868 -6968 -27156 -23525 32735 12650 21947 27112
25256 -8625 26088 -30601 981 -14654 -15170 31820
-16405 5463 5707 -32768 -23059 -16822 -32768 -12037
405365656 708730819 -960031573 3438429853 900172737 1003477077 -1388269841 1028136658

-13847 -24870 -21558 29493 -24485 10216 16267 -29160
-25828 0 -9227 32767 -31047 -11732 31242 -9464
-28719 -22498 -11724 3844 -250 0 -7956 -13292
1 -7463 17968 -139 -1 -18081 24836 11739
-13294 6569 25930 -30903 4033 -6053 -18026 -32768
-1 -25444 -6874 -32029 -18359 -29190 28166 -10357
-27590 -11985 1009 28089 -4491 15281 26208 32767
5675 -13515 -4288 12605 2170 -17410 -3901 18087
-32768 -16501 29827 15840 18494 28956 21776 26055
125732318 609993717 499304486 979960422 -735855469 -1133751751 3360728483 31134268

11586 8498 0 -32768 -28628 4364 -10598 -21862
17296 -7585 23044 1 12113 -15137 24896 -4124
-7336 -29406 -7013 0 -32651 8724 -1476 -13293
6069 -5339 5291 1 -15768 23075 -10281 -9871
20360 393 23468 -16587 -10715 -27588 -9348 -29670
-12401 -3197 25279 -16151 -30618 -1953 -29431 -25625
-9114 -1 3232 14900 -27093 -6845 -28341 24591
-16203 -24620 5983 -20454 0 17184 -6216 -13716
-5885 20294 -22734 -4691 27112 17857 0 16553
-802126584 -789762262 -1343647935 -443202420 -1841826459 -1779989040 -539478350 -364537693

21980 19820 14724 23023 23494 -23063 -21114 21783
7259 -16223 -9876 9722 8759 -1 -17710 31724
-32768 6697 6231 19382 24540 -32768 23762 26
8578 26228 -5157 32767 8096 -2200 0 -9503
-2081 -31555 -12098 -7728 830 16067 -20981 -4626
15383 20718 -19421 -4689 26277 32767 10238 -5159
-15056 -22275 4116 -21795 1 4215 32402 -1
-5119 -144 1168 32767 14989 32767 7433 -24071
18206 7702 1843 32667 -24858 -10238 20718 -32768
-167069861 -1317573882 316554225 1551741898 -1023896162 -356836748 -521903687 1212936925

-27731 14413 9219 1 26332 -24498 9654 4874
1 31877 -1494 -20396 32132 -32664 40 -6524
-32768 -3687 9380 -1 -10569 -23734 23999 27118
-32139 2221 1349 -1660 30706 -1 -16838 -26882
0 -17936 -7191 -28649 -7693 -31984 -8122 25442
23918 -32768 29074 96 -737 -8051 -1784 -22
12069 -11797 21916 -9590 20602 -15236 10070 -11979
15637 14676 -11787 12327 -28561 13563 -16647 0
-28513 -5413 -26719 18613 24987 21155 8131 -12761
622374640 -316837908 -213468420 1810776614 -1503571795 -1482601394 -617130727 -543004864

-1 23618 14600 20915 14727 -1091 3921 1587
-29374 -24240 1 4171 10110 11779 0 -32768
12805 -27201 15885 -18421 -2939 29413 -24186 -14440
9750 4494 -1 -26918 -3786 -1042 -20084 24744
11560 -5166 -18310 -10834 11606 -21529 -1578 25520
32767 30144 1 -23242 -1976 9333 -31744 23048
31236 28507 17841 30383 5844 -1494 31115 -28700
-27369 -13761 -18202 -13434 16134 -9076 14899 6030
25894 -23276 1 -32583 -24033 -22842 -15961 -28214
-1667589375 80182996 1757154621 762157159 290567966 594825575 -637863015 -539057819

0 19133 -22349 13493 16723 18433 23386 22269
-1967 -1 -30076 28676 -28589 30379 -31141 5933
20390 10934 -12870 18230 -30519 -19710 4635 -1
4740 6497 -16527 -30876 -13968 29424 -18576 31563
-15873 21227 -3716 -32768 11674 14494 1424 17485
2191 -21883 -12170 -26141 -22544 -31215 0 -721
21176 -12357 13147 23083 -6988 13724 4687 -29227
-15897 9757 11950 8663 -1 -13385 -1877 6152
-1 -876 -10606 4504 11586 646 -10446 1
242437967 461843102 -205734439 81774861 3006314 -250857122 -145754587 -85299785

-16056 -20803 16366 -18043 12364 -7222 -13445 -22750
24594 27709 -6805 -22659 -21523 12479 -12797 27288
20669 -26415 876 -1 27546 21788 799 9195
-6037 -2230 -16107 25556 -15071 -32768 14126 -25259
-32164 -8856 25737 -29266 -7604 -16199 -365 3624
-17854 32767 15098 18467 -1031 19328 -20703 -3980
-647 -1 15583 -10913 -499 11941 23826 -7285
-12327 2804 -9365 -23726 11036 -25501 -25141 -5965
-18353 -30731 -15393 -32768 16343 24499 -8686 -30266
2103751791 -1216430718 1117702214 -817454893 797633208 -759866408 427555763 1016200485

-27546 20146 0 -11096 9999 23834 4516 -19854
-4865 -29681 16735 -3689 -18514 -9760 -20188 -19551
-7410 22898 921 29631 12602 -32768 -8486 -31104
18373 -15390 -32768 -19683 8460 -19665 -22279 -8717
20700 -7309 -19365 15563 -11301 -5364 6286 -1
0 23070 -14839 28634 17597 18368 460 -28246
1528 -1 19891 -32768 1 -5112 -13857 -32768
28581 32767 -19185 -32490 -29533 -28396 22558 -32133
-3908 23567 31560 -32435 -8985 6644 22008 12912
853874671 -627907558 -1282733577 -1639775285 -1164861663 -1244032665 922556664 1267106040

-13796 -13167 -25495 1 19221 -18140 3233 -17058
-28230 -17797 -1432 8210 -3393 -13753 7360 29989
-7493 31696 32238 7035 -26905 6962 13053 65
17225 27781 17333 -32208 -461 -2094 10824 17958
-32768 20224 1 -12946 -22429 31082 -5239 3256
12222 -13433 -24659 17368 2253 6556 -15245 -28573
23268 19729 -17509 -3616 29597 2799 -30804 19506
-25271 -7813 -23157 23622 24659 18309 23293 29740
16779 -329 25251 -1127 22660 -13339 7210 12146
-377285731 10649822 62328464 1067496839 -1462922327 -926107362 594033599 -189097274

28002 -31650 -3712 30887 18057 -14682 7417 -5475
4821 15845 1 -8246 -21206 16740 18415 -31737
-9330 -5753 -2087 -10613 -18210 -10081 -9055 26466
0 -27661 -7524 -1 2669 4673 6144 -1
5051 -19057 19394 -32768 -11256 4602 -26381 2623
-32768 -32768 4919 -26885 -7899 2796 -28581 1
2334 1930 -17993 4993 0 -11396 6347 5701
23547 -25157 -27926 -14700 9836 13643 -23146 -26607
-6084 21894 2013 -14460 -14079 1 5889 -20282
-1416924066 1487530422 -253669411 -622111166 14821591 -176524007 -158624920 -272831365

30437 30046 0 1 -592 19432 1508 29612
-21266 14016 -869 -15463 -9565 -5761 -13940 17340
-30901 22646 -19479 -22175 -4729 -4614 12187 4501
-29324 32667 30771 17374 -14420 24484 -966 1033
-16395 -591 -3506 3494 -29549 26891 -21579 -4877
-24490 -1 -10106 -2471 25441 -397 -18841 14464
7927 -14830 32767 -26541 3065 0 -9316 -22955
-32768 -4784 3094 31112 -8932 -21150 -1 -19365
6632 -10937 -13539 24936 -4978 22946 -11260 12319
669913814 -382150557 -905954036 122069059 979361830 167378351 -1083833270 -110466181

5164 14433 -11624 8219 28787 5622 29515 9629
-5378 -7631 -24459 -1 29478 11099 29032 -1988
31031 -7456 -10473 -29856 4182 -11100 -6304 6039
-6544 6586 28703 -639 18790 -25151 -32450 16236
-1949 -10192 -2878 14945 27906 21944 27010 -1
-910 -27741 -32768 18220 18576 31343 -20363 -22659
0 29890 -7452 5983 23834 -12156 -11579 19347
-5944 22474 23492 26287 -24641 -5047 -4523 -29180
-1 17941 13060 -5918 29075 26312 -15088 -11046
491711642 276703355 -235952291 691617634 672357731 888846063 737647844 95782597

7724 3366 -15825 -17441 -2213 27982 -8019 32767
-1932 -10717 -29415 -30395 24937 23455 -15552 -32704
9064 -31437 15667 -1549 5434 -12724 -13353 -27590
7701 -20969 -26095 -32768 5085 -24285 -24608 -6811
-32441 -32768 -12120 -29754 -1 -20040 -22903 -1869
5137 24993 11225 30264 16563 -23509 -18455 30565
1 -2940 12912 -21308 -25630 -18782 9525 6335
-13512 -3334 0 26063 20759 15603 14810 -3638
-18957 -9190 21572 -23097 4319 -19935 -18539 13988
-76269611 -326410457 629570292 1107657443 2139845681 525938290 973441388 -862029285

-23455 31445 29273 -32768 -9928 -24434 14163 -5111
-7736 7608 7744 17973 1957 6471 -12983 7488
-1 13713 -25910 -7417 -5684 2201 15542 99
-32138 13445 -31028 -26757 28651 -7744 -2582 341
24882 26057 2676 -23078 1 446 -12626 -9920
14042 -13883 -8582 -3004 -17648 19740 1299 7273
-16140 -24831 10217 -2766 22234 -1920 -10897 19615
0 15526 31538 867 29478 -27 6722 32767
-6655 -23236 32767 -12078 8389 -28512 -8603 311
1270339706 -142689016 -1322154082 -308583896 -311801191 -735577550 1393684225 862593821

-7561 -25132 -1 32767 23369 -25912 -32768 20564
26205 -7592 27395 15895 7004 1 -374 22672
-8378 -5400 27643 -30537 20111 28714 -12453 -28852
4193 -20701 -26904 -1 -29609 18101 16948 -1
17058 0 -1 32270 -18226 0 30199 -1
-11790 20165 26915 -27404 -20177 -13240 1 29910
-11849 7097 30949 17641 11115 -23283 1780 -17907
16347 1 1899 28768 14414 -4939 7034 -6122
-7907 613 10442 -22609 15639 -31570 -23645 30712
1893409925 529481384 -141642605 -1762022616 -1863602959 2027219113 339188504 -732834488

26839 -5022 -1008 -24831 31006 -32768 31453 -10061
-25216 27915 32767 31120 -31476 -2769 -18776 -21366
32767 17618 8173 8552 -4120 -16885 1 -24731
28216 14723 12720 -5516 -17265 -27645 -16679 -19181
-5633 19850 -24731 10216 27174 14670 -1830 -18350
12071 -32768 11886 -9004 -16448 1 -21848 26241
-19052 -26848 -28962 -8402 -32305 16094 11009 13645
1 -2667 -32038 31399 10053 23995 -25215 -4389
1 -18618 21177 -21654 -24416 24953 1 -16745
-796329009 557465646 -246701433 167616027 -1104669538 1018961061 1030323592 -881966688

2179 -3408 -5646 -27868 24062 24476 23444 14570
11980 6664 -30364 -31787 31642 31256 20474 -28741
4576 14468 -11771 9423 -7948 -19152 -22669 4701
572 -7102 3272 -9579 -32768 22051 31884 -17338
7319 13094 7560 -18058 -5942 -21211 -10230 -2348
488 6314 -6849 29892 -17036 8861 9162 28473
-23203 30527 25073 298 -19885 -17763 -3255 32767
-1 16425 29721 -27702 19991 -9040 7194 19209
21520 -27282 -29757 3697 6794 -24053 26753 28400
820590494 56699063 22575009 -319137306 -361997129 877427598 -941505195 -343695805

-20516 12192 -8976 460 -32078 -28111 6603 14860
10334 -27638 10193 9265 -28325 5636 1657 -2201
12324 -6721 32767 21593 16662 -9373 -3762 -4853
-2436 -32768 31747 -10723 -19729 0 -12271 12979
-21708 13064 26099 -29976 -32768 -8094 -25745 -19251
-18242 26157 12812 7324 27458 -6961 -13615 -14518
32767 12601 -30006 6255 32767 30663 -32768 -28002
-24502 23182 -16402 25019 13482 -121 27100 8152
-12857 752 -7110 31856 1854 30026 -9453 -24881
-984267601 224837042 197156707 -804145244 -432986162 728248581 1988703495 808434832

-1098 24436 -11709 31546 -2962 -6275 28592 -4807
29100 1154 -21938 -26211 -19310 -13811 -20310 32713
-1191 -15936 -31783 1 32767 -326 -21523 1
30186 -23292 31075 30094 -9786 -7827 -19086 -14272
-24217 -20362 -27670 -22359 -29360 -1 -24131 -9027
3312 -11196 13732 1 6414 18625 9743 -13169
-21176 25806 -24951 -15199 -30361 -17742 -21236 -31363
-1891 11665 -13616 28595 0 -10121 10999 13432
-10267 -24545 -5240 8657 18128 20942 -1 -32768
-281678574 -2150249053 1157090533 485843576 463412011 1106684284 -311041933 -600112530

4833 -26057 -29602 16790 15872 -19251 0 -9022
1 22608 -32494 23490 -17659 -26065 -4636 -10481
27456 26504 32767 61 -32768 -4684 19229 1099
10169 14449 -21179 -8453 -19218 23625 20786 -30842
-29631 31969 -1 -1242 4630 -20223 20256 -31943
17511 -17872 -14099 2655 -18172 11314 1380 29295
-15020 -21976 11482 9062 27614 31185 21804 1
-6896 -4652 -12798 0 14388 9137 -30019 -13997
-23980 15499 -26049 -1 4001 -2129 2433 22979
148505638 929506567 -1150251482 -253542168 582910250 250083955 -182367244 70080259

1961 16624 -17594 3765 31723 -5575 23302 13567
-7250 12651 -12061 24727 -14275 22198 6437 -17427
0 -13932 -27344 -1810 -24211 959 -15727 -2595
-20460 0 21165 12970 -28133 32767 -21067 -29659
1088 0 26349 21829 -19073 1740 -14537 28239
10866 19735 30399 26852 -30576 -19056 -6218 9356
32472 -17543 22594 -23270 -32768 -29888 2709 -32768
15864 7300 7808 -9479 6072 -29088 13581 14168
26227 24374 1 19283 13167 31118 5716 -32768
462052091 1705648671 -668314789 1214180690 -755927983 -53877309 -296927326 -800618809

6850 16567 -18335 -3361 20399 -17921 -13136 -23497
-9724 1 -8908 20082 -15146 -31499 614 32767
-28034 -30049 -14348 -26257 31972 -29978 -12369 32767
-4849 -30809 24855 9195 7340 20543 18379 -6270
22733 9055 14053 10265 5109 -15207 -17796 -10825
4562 25006 31348 -24961 -18529 -23817 -26499 2409
168 -3183 26942 10263 -10582 -27984 21238 22741
-32077 -32768 19219 24573 18972 32058 16414 13035
-4766 -11381 12033 1 -27495 -15964 -14078 -3258
-455122370 743053849 -30203480 -95236681 345802112 1325723588 724238308 -549854984

-22276 32008 -23214 32628 -9580 -8561 6918 1301
1489 -5996 26318 -6429 4592 19887 -5700 -3209
3628 -8621 -20424 -3872 -2657 5540 2827 5861
-5156 -1 -5733 14753 8560 -1773 -916 -23669
2686 -13109 28788 -16586 -7291 -1971 31896 -1755
-8885 12559 25 -5030 25612 -18589 -6685 -31416
32767 -22922 18577 -8864 491 -8476 -5198 21225
32767 14086 2684 -31361 21743 24837 -6422 -18191
15687 -3627 18831 15210 1 -9304 8049 -14205
-289563341 257595092 -467364460 380906275 679506965 304468370 547677438 12118373

30895 17624 -24323 -20866 -9051 -31074 -30906 -29478
-661 9253 -32768 -11149 -17135 -15144 29299 -6731
-11095 6164 18732 -22912 -1 -21351 4776 30727
-26440 1 25035 -13045 20605 9321 6267 -9781
29671 0 4521 -22366 13372 19409 22510 6681
-1470 22671 10592 6416 -23532 -11285 14725 1
-26005 -9060 -9496 -20961 -2414 7893 5120 -16938
0 -18579 -2651 -19704 8030 -28046 -8460 8454
19981 -24968 -32434 0 -9147 -32768 -10851 -25345
3149672390 1324207150 -1114107111 -1654316033 -725671614 -513734762 151776963 1272956754

25193 -6144 7317 31857 -14074 -23632 -23087 9599
-25060 -5641 -14280 -16215 13045 -8914 -19839 -19250
31141 -9472 -2828 19472 -5054 -8135 -3854 2512
6374 -21410 3426 -4798 -21983 -3045 22287 -9003
-15602 20939 5414 24955 993 1605 -32768 -4559
-31627 -1 21301 -5474 30272 20050 0 -1
-2439 -32768 -778 3443 15180 29671 0 12335
-19035 -19730 -23823 -26243 12168 24144 22474 28376
24125 5966 16902 -12173 -29811 30695 -13231 6880
372683685 -1214651987 379170964 347401997 -41895323 -623353559 233689007 -383895644

-3934 0 1 -5966 11673 11859 3957 31279
-23483 17989 0 -32358 -15385 -3769 -15983 23403
29107 -115 430 13762 32767 32767 -27860 -2282
-27915 9667 -32768 -28620 -26423 15409 29957 31678
23146 -18676 -11263 -12899 3085 21200 -27548 1
14810 1 21370 -26433 18980 -11028 -20510 2663
-18865 8832 -31155 -2545 -13258 4796 -31779 -7329
19939 30977 31243 0 1 32767 11158 -1
0 22787 -7544 27254 -22520 -19277 -26909 1494
-713834898 412206253 -254081744 -773305073 -429007260 -540558207 1417235927 -461748388

-1106 18312 -32602 -8696 -2588 -20297 -24575 32252
-15991 17995 -4693 -17473 -7533 3892 -7580 27259
-28114 -1 -18699 -15803 16790 22572 -25572 3554
1668 31578 -9743 21988 -1 21752 1914 -23441
-32580 28378 -32747 22611 -5454 17667 -687 -22271
32233 -26576 -27705 -26289 -16720 3877 22201 19663
30851 32308 17997 8075 -11216 -17351 23586 22744
-32768 8566 9250 -12766 -27512 13746 14022 -32768
-32649 -1 -10253 -13787 -26344 32767 22322 -30790
-1648244217 128562890 944545915 1219503139 2480656817 51813458 -1750006854 3648115572

-28786 -1 12310 -19979 -8494 12647 3250 -12978
-6589 27003 24811 -21027 -15899 9246 2501 5119
17507 21961 -25541 -7562 6634 -13162 13756 3769
-16674 1 7028 19208 -31455 -28059 5263 21460
-28757 -21272 23369 23657 -14287 12526 31346 26204
-9965 -14966 0 -2239 5821 -1055 28606 -23037
-14040 417 24126 21788 2570 1 9787 -24834
-8096 -23800 -13577 -7184 29563 -8005 -9984 -9064
7209 -8725 -30213 11216 32491 22332 -21658 20083
-1128087467 -1530009369 320829968 -1448734494 -799526719 -883002927 -1216581181 1294882026

-15945 -4672 27372 -13967 -10378 25760 -25900 -22179
-31402 30835 -1727 -32768 24752 -6610 2801 32767
8307 650 9039 -32768 6079 -27310 17352 -21889
73 16379 21777 0 9124 10045 -24573 -30353
14576 27533 -20539 -20322 11205 -3123 23922 -11208
20386 30541 -5279 23413 -7222 15401 2263 19277
-14283 15632 9762 25464 23219 0 24169 -12621
942 23964 6877 25761 -4473 -23316 -1 28992
-22084 -18803 23769 -10666 7067 0 20572 -15822
984314098 136250770 1114931136 247239762 -362394327 -1709150588 842914033 -1073048320

20830 32767 -23878 -12142 20265 -32768 16413 28310
1 -1403 -18458 -32768 -17955 -1 -26530 30353
-23184 10692 -30213 -1705 -21219 -14666 19013 4066
18171 26937 32767 -12708 17604 14565 -32591 6043
10111 -6028 23634 5749 -22252 -25629 -8467 27948
-2958 12181 32767 5593 -28944 -3121 -18862 13229
12572 514 -20344 2255 -32768 -21748 4977 -20496
-28656 -14970 1 10901 -32071 -22504 32129 15957
-29733 7761 32767 6668 4555 -10016 -21547 -22034
-1785329073 -1013159827 -678069071 1161109054 187310360 1307809112 -608450457 -155996129

32767 12175 -2300 -4929 32668 -31038 6863 26804
25263 -25400 -29001 3207 -18745 -15789 -17738 -2042
-14243 -25082 24609 -3019 32767 -3658 6922 -20392
-7602 -13601 0 15196 -6293 -24892 29876 20734
-29486 25890 -388 19394 -22915 6514 -29404 -9128
-5204 32767 -17047 5267 0 6461 -18929 -30719
-32768 12311 -1 -17427 -1492 23632 14234 7917
23784 -23781 -31228 27375 12421 -12629 -16897 11955
-6771 -28014 30849 -4188 4509 9857 96 13446
-410821977 -636895896 1409056291 376772587 -783497347 -1781818334 283976843 -482192548

21528 18774 6943 32767 31431 21736 1 25803
0 7310 -6756 -30319 -25883 22096 10464 8702
-6330 17951 -20761 -26168 -25854 -22704 26750 18002
-25016 -30380 11525 24930 1275 -31924 13914 -29838
32767 -4565 6003 -32768 12370 29106 -12674 -4195
-3741 -23801 6409 32458 25635 -17638 -16294 9104
-6568 14696 32767 0 -1168 4495 -11910 -22817
-1 27716 -9962 -27992 -510 -4003 24142 -7206
-7010 -7489 -7052 -8071 1 -25083 2349 8081
-941590524 -221755682 1045315251 712707725 -767096462 375039720 -620199568 187501953

-20892 -5144 4894 31353 -30520 2682 -26391 39
-26055 -7417 -10232 -30709 2551 -32755 336 -32384
24244 24283 -28352 27112 19152 23944 -28860 13890
11428 -1 23235 17389 -29793 7782 31176 -141
-21733 -28031 -5140 14834 -18375 -1 -22605 -18282
-9849 -30460 -8223 -27859 -25546 30269 12875 -26027
-11169 32767 -12699 -4665 14592 -22809 12017 -20091
-13349 -23414 11475 30592 28698 15347 -7047 9013
-24307 -10193 -24661 -24014 -10973 0 10839 -12090
-264974839 2065869985 -1479592959 -601808041 762160538 2156206665 575720638 -954740975

16256 -25804 28621 9588 -3346 12708 -7638 -20426
22079 -27455 -19335 -13942 -9798 1064 -2301 10177
-20704 -4923 7448 1 -30006 11850 30700 -5652
17033 -15033 -11355 -16243 -29550 -26783 -28299 -14445
-15140 6695 -22459 -26731 -9292 24866 -22810 -22561
10025 1 1 -17903 -9756 -993 -28897 -14464
27433 4593 -25643 -9981 -4560 -21058 -32349 30776
-22355 -26723 -12111 -1334 -19390 5195 -16640 1
-15890 -22127 0 32767 26209 -4259 12456 9520
195414130 -393279613 -70353696 -1620669457 -1631800744 -1495051107 -1004365750 165233258

14825 8226 -17623 -29287 -13556 -23653 20904 -20050
23812 -1 1727 25625 -4867 -1 11057 10931
-13202 -24271 32767 25379 32767 517 -18250 -27362
29882 32767 -25697 -14866 5931 -24435 -1640 -27878
-30587 -1 28557 13171 1993 -16807 10885 9454
20022 -32483 8635 -23427 26669 23950 -30885 -3986
28830 -5909 -32768 -16545 22291 -18293 -15350 -7682
1726 10950 -8696 25689 -29611 -1 -27551 -7194
18690 14630 32767 16488 -20476 7485 -25732 32767
-1757261394 1097431819 -203733870 -1224865494 444282342 92978423 -1344202501 1410599725

20301 18434 32767 222 20101 2009 21169 -14834
-15847 -9963 -1620 -10756 28423 15349 4650 -21772
7084 -6565 24150 18199 -16408 -10716 26481 -20599
-19237 -15596 -32352 3603 13924 -15348 19904 -26185
-15733 14022 -15739 -29630 -24681 -14448 32767 9094
32767 31165 31977 -4794 -23567 21391 -26770 -29753
19907 -11605 23815 -17014 -30100 -31414 -20418 9831
29534 2 32391 -13728 -1188 7306 -1 15358
6994 -2921 -6019 5159 -12581 2300 8397 18500
-452882683 -813494432 40313357 -403439953 511541767 -508584839 258869506 256635404

-20324 3784 1755 -8657 3219 -14404 11549 -23189
24642 12934 -26812 0 -19776 -15682 27772 22582
-16461 25461 -32768 -26994 32546 0 519 -20143
22236 0 2233 -14194 -23433 14824 -12578 -18570
-17747 25442 22686 32767 -17553 -28574 -13098 -5855
-21485 -16472 30641 6663 1 28683 17537 -26332
-5001 -29141 -6731 22569 25850 32249 32767 4685
-17195 5902 -26317 -7961 13957 -23962 -27675 -21346
-23032 32767 26180 -28963 -25452 29513 -5904 29652
-374049477 -299532864 -291333883 514961510 394468403 526466422 -1430269853 -1400961005

15464 -1 0 -26502 -22061 -20801 0 -32768
6596 -381 23156 -5489 30882 25695 -30382 -13030
30016 19157 14201 -9284 1348 29359 840 -20657
-18237 -22704 -13575 -15058 -9702 -22470 -28163 -534
14597 31707 -21231 32177 -21457 -20120 -24679 -24011
-26975 -15486 -14006 -16376 -204 5474 -18533 28449
-12605 -10846 18037 11392 -11538 -142 32664 -12306
-4031 -1 -17664 20576 -130 7800 -12200 -27130
23763 32767 -4286 -12360 -32768 -21216 -27332 1042
1825067593 -627408987 683337099 630824875 2858575988 -459263509 -1397540643 -130476896

-15336 -15805 23408 -29893 22938 -3082 0 -19663
-1978 -30430 -30621 -28 263 -34 8589 -32768
9559 -4626 17603 -20895 -2899 32767 -9636 -4474
10309 7134 -1 141 8533 15619 -12325 -1
-22174 9667 15238 20946 -19344 -24828 13797 12409
-31384 -18950 -12765 -8261 25138 21374 32747 5765
-32768 -23615 -5110 -23841 -26850 -32768 -24201 -762
-10846 -17571 20154 12377 9733 -1 -939 0
12689 -32673 14349 -10622 28093 -1 15683 8401
1454414552 396863047 476789750 -57389758 -823833931 1393688557 -604514672 852896474

21775 -8011 -25067 13326 -20874 -24557 11664 6749
-28161 3573 -17285 -15289 1 -25924 -25692 20102
-2358 -18583 -671 -16481 -27159 14315 -4918 -17090
12081 -30895 16743 -906 2462 1289 14489 10914
-30801 -30311 -8523 4110 22481 24504 18461 30405
15279 31367 8794 -28934 -27245 28943 -7603 19838
14725 -19636 1918 -12908 13265 -12158 21717 1517
16017 -21232 29336 -31940 -23157 28834 -15746 4621
12788 19288 -26795 15756 12638 -26267 -25780 25547
1258529143 1787895147 -1659337936 -1001764422 -744090546 -292886151 -479319331 -2020058457

2183 3838 -17567 22481 -28454 25075 19616 0
9267 5668 3858 22235 23526 -20812 20010 -14360
4623 -16936 -28072 21507 -1550 -8252 1697 -4429
30710 4468 1536 4623 -3195 -14861 -10781 6169
32767 -32696 5285 -13422 14540 -1976 -25852 6557
26914 15699 -12308 -8006 11495 27516 16631 -12656
-2286 20340 22100 -27873 5286 28648 1 -8491
-13596 19985 -1 -9650 12386 11900 2632 -21588
-28301 20290 19216 0 4948 5050 17137 -16094
522215 512200939 -962878700 -1123847007 -1975773109 4853239 1209567105 1304179614

-29242 -19370 0 8824 19945 -22032 6176 -5897
-29520 -28324 3168 -14100 30769 25986 -9625 25354
-24778 25348 2638 14725 -17915 -1 17400 25064
-28618 14824 -10543 1346 -24089 17134 28421 32091
-38 19255 -14105 -10505 -7871 -18604 14138 -29379
-28404 -19966 -19158 491 26518 -24310 -24031 -10186
-19029 -8863 -17575 21253 -8338 -4830 -31234 -11808
-18940 14137 -30659 -32511 1 25824 -10598 -27078
19634 16821 31127 -32248 -19475 9743 1634 12383
-1850534168 -550539893 234832676 395783527 -145808544 -2424387328 -1837054638 -141017697

0 32253 20804 17754 0 31125 -32486 -3905
-15017 5958 -15449 -23139 -2454 -19411 18470 -15755
-28600 -24262 13619 -27298 -32182 15380 11963 -4473
9621 -22524 26797 16089 -32768 -8832 15638 -32768
1847 29108 -2294 21039 -1305 -11108 6609 -12628
7531 7009 601 -29405 -26293 -3998 1 19601
2463 -11544 -17977 26441 -14313 -24721 -24961 25173
9766 -11058 1 13504 -20749 -14351 20748 3636
3676 25151 -6056 23121 2288 21785 -20539 -14005
2495674017 -933980451 -1350623692 -451074537 1035359332 -901332704 27752902 -767175613

-32667 6631 25130 30101 -16627 27709 27403 -3109
-28381 13167 18758 17059 28909 -3248 -32768 29270
17635 -28849 -1436 22363 -9277 -23645 1 27790
-31057 32445 -6987 -3821 22793 13756 -11289 0
-1508 21016 -15640 31551 -16144 3256 17924 26504
835 -31315 1 -19507 -4753 11625 28197 -292
-19460 -12616 -13916 28965 -29615 1 -3202 -1
24727 -29675 31566 11521 -28721 -31131 -32768 12763
22770 -23566 -8681 -2454 29333 18601 -30824 -24203
-1933842747 -72039205 -345583482 -129301318 -2078208314 19583561 -866026401 239654979

3189 -9892 -16298 1 51 15303 -6274 -28417
23995 -6203 6287 1 0 -7581 29914 -18175
30939 1 -23114 -26221 11092 -9245 14173 -26213
-30178 -7812 32767 -30384 -13061 -4085 -10514 -23237
18586 583 5450 26930 2666 -32768 3077 -16261
5963 -18677 -15296 -19326 28999 -32670 13240 -28749
17944 -4848 -18028 9440 -22104 -5081 -29599 -30527
0 -23609 -1128 -20282 10978 29889 1052 32767
0 26413 5154 -10125 -25552 -4320 31974 -11865
-276136696 1073419765 667084845 561095003 135578720 -211880838 -313990779 -1188817122

6209 5265 8252 19920 2443 10603 -28581 1
-32410 21262 -6848 21993 -779 -8476 -30711 -17464
-24095 -11150 -9700 2918 -30855 18326 982 -26766
-1552 32064 -1291 793 -3282 32109 32767 -9395
32767 -15986 -19283 14727 -842 -22854 -16183 18824
-29448 0 0 15196 17016 -3487 9893 -8696
-31662 -2487 20361 13398 16260 -10742 -17962 4227
12465 -1105 27126 -21920 -20824 27313 -22606 28538
-5504 -32254 -29228 -6574 -11755 369 -9755 -6631
-322139116 -30409456 1293948403 -1200045591 836558907 -177969534 -476616439 -395552669

0 -8632 16524 6617 -17039 -16022 7581 19506
23595 8787 3194 -25829 26838 8007 13805 -32440
13794 0 28916 5338 -27878 -13369 -8532 -11861
28818 21332 -22701 -31073 -24020 15235 -14503 1
8013 -7396 -21961 -12687 -8491 -3850 742 23217
-22385 -17019 16815 -1 9026 -1295 -1784 14443
-4922 30538 -9419 -8766 -25061 25049 -26583 3796
14645 17662 -10413 11853 -2468 -13231 23635 14687
-22917 -7500 -32768 24811 -32125 -4544 3220 -32768
-307123990 -1143241964 186322226 -191815709 -191440671 -673467660 456188421 -98539250

30644 4261 -11381 -30014 32450 -25036 17477 17418
12102 29873 -2535 1467 0 23966 18317 -22268
-25646 2955 -16332 30920 25227 5213 16558 30717
-12400 -16877 -4480 27589 15738 -8761 7366 15820
26880 -10162 32128 29220 1 -32264 11332 26929
32767 -25462 26382 10399 -27123 27111 13605 22686
-28705 -32768 -27303 -11048 -7873 6213 -5862 18929
15014 6376 -9595 -7958 4750 17251 -27711 -15254
-24229 -1 -32768 32109 -3691 -1 23949 32767
-463720290 -454084137 3459284646 1969814395 387990502 -155207877 1744361220 -1485923102

-9191 5522 12859 14527 -7872 16389 31933 -26924
20947 1 12171 -4722 -29764 14924 -21923 -11197
2979 1 -9804 -17734 314 -25050 -17601 -9383
2073 -6437 29076 24723 1 30653 32767 -32216
-21921 22576 30121 -3436 -31892 8883 -19092 18644
18859 23677 12630 15021 -6195 13143 -3483 18487
6658 -8260 3871 -4921 29795 -15527 24526 21261
1 -27433 9825 -9089 22281 15515 -2715 32767
32494 -30288 -19201 -23904 -16628 -11886 22593 0
-402503526 382023636 603793193 -510996305 -1898930757 -837793901 753067025 243297076

12961 -20396 -31066 26284 17872 -9723 -32768 -30479
-29410 -15901 -28166 -11493 -12656 -13478 10151 22857
-24990 -10306 3409 -10627 -20003 1577 -4677 -4216
25173 32767 2030 32767 0 32767 6197 -27722
18335 -11322 13195 -25642 7300 -21561 -11655 -21973
-2219 -23013 11037 0 27902 9105 -15832 -20609
-13113 -6978 -29994 -18248 -8305 11229 25876 -29371
-26803 -17585 31068 4658 -10966 18438 0 27382
-19382 25727 25016 -13027 -2265 14751 -24488 20459
-1900537848 -345036215 539775545 -256550223 -481244388 -235780891 -1488083021 1640629039

-12016 15234 3339 -23939 -15444 -11203 17600 -18875
-1280 -27733 1 19634 21987 -12112 -14188 -22017
-23158 -22338 11598 32767 -29957 1 -12236 -5409
6781 -5361 1 30288 -5762 -30514 19593 -1831
-18424 7670 25791 24524 -9799 26799 11805 -20377
-32768 -19747 15823 -5561 -14804 -6491 31263 -15034
31692 4093 -28776 21960 -300 -17641 13514 23487
15582 -32768 10550 -23869 -13087 11629 22860 0
30683 4099 1 -17715 -10754 20920 -19575 0
-294962022 -712869254 -820877985 -1310386542 -533350480 -1576397288 -30227403 703168137

-7366 6202 -3981 0 3581 -25888 19961 20816
10714 19842 -32768 25738 -24786 -4652 -3122 -19271
-19865 -20053 3741 -10962 -20427 -18275 11106 -11864
0 10273 15796 21169 -17874 -28575 -18147 -5079
12475 -20118 24267 21173 1 8168 16000 -3845
26905 24250 -2646 15000 -32768 -5107 7328 27087
-1 -4473 -1 12283 -26972 -10347 1 -11972
-9646 30205 15020 -26481 -31076 -21100 31598 -6134
-6768 0 19226 25876 -12040 0 -8258 25134
288550548 -196665830 -221243970 1088868240 701218820 1169991718 341652824 -372116908

-30697 8408 14970 11502 12772 31594 31323 -10463
-1418 19207 6846 -32415 5788 -4502 -21761 -24962
15069 24415 25801 -24557 15673 -18476 -29444 31947
17965 -19700 0 -29865 16423 13590 18254 19396
-16960 19911 4688 -31061 1 21584 0 -23325
-11278 -7815 26444 27875 26641 19164 -19336 -23359
32767 -5375 -7094 -13933 3683 8351 18450 17867
31694 211 -32768 -7058 -24777 -10364 -3789 12312
1844 -17807 22610 18429 -1269 -1 29620 17969
1067653885 -1887665284 -594117210 701899102 -1271406684 203675504 601827421 -675813378

13964 1 1684 20938 0 32767 -15538 19995
1094 -32423 4075 -8645 -22426 -4199 7051 -10779
21340 -28216 29576 28358 -23443 -11329 -6983 17389
17763 0 -31317 -13386 -14201 -12597 0 -19077
-3217 16545 -9187 16826 -9127 -29555 20606 -8693
-931 4115 12888 6526 -29056 7221 32741 32268
-22662 -10892 0 -16351 23395 0 -16480 1023
0 4044 -24906 -19576 1253 -11288 -32768 3624
-27681 26824 6048 -10028 21732 25862 1866 14829
528640009 -1531300901 -2010699571 -1464160590 -744598322 243557055 991946169 -117951956

-1026 11058 25517 22735 -1801 -20751 -11201 23961
-9112 -16547 -27368 -24281 21413 22098 22986 -21702
-6094 28370 12025 -10706 1910 -17778 13827 12549
9646 26936 4790 13206 6244 28331 -6014 5051
-26938 -10391 -24964 31662 -19774 11462 2226 -13422
-9543 -20934 9692 6617 26596 -29286 26078 27293
32767 23473 -7840 -10936 -23972 32767 -9618 -14720
-1 -27246 -2856 -15962 -1 -15611 9294 -21117
-4790 8690 -5404 -32768 24301 13410 0 32767
-318772712 948971589 780761681 426410403 -1630480958 742486953 -177723694 -599594860

-23503 -28231 -16257 -2302 7915 9964 -25620 -32768
-32768 -32768 1171 -4441 12872 3527 -23405 3092
6861 -10105 3530 -32768 -6553 -1909 29882 -2654
17479 21850 12006 7780 -22846 -28295 -1748 23988
-13079 -5373 1702 -26380 3004 -2789 32704 -18583
-1 11521 -18347 -21940 -22711 -25808 25443 -16204
6806 -18688 29754 -1544 -30944 21324 8133 30947
10253 16158 26565 32767 -12946 -14561 -21328 -24404
-13806 4773 -11695 -25882 31714 10954 7483 -1
607922108 668955120 658740527 -1526382900 1127246380 24871471 -1178119310 -1952827611

245 -32648 -23481 -28864 19203 -13442 -31990 -835
-22628 9877 -23329 -12777 20788 -8561 1109 24714
-2411 16412 20935 27016 9425 -25177 9165 32767
31020 -27515 -24563 11235 -19419 26531 -3953 8469
0 -16720 10194 -10744 -17038 0 6339 18417
-8897 22917 32767 30865 30204 -25000 -1 -18135
-27912 -3797 5795 -32768 3931 21855 10068 -2169
-24606 18334 -10601 29121 13033 23988 21555 -18675
18182 -26212 5672 7229 -5313 -7894 16638 -15735
3356592 -1308294599 -374415424 921833003 324616313 -31274414 -603747826 -383692649

518 21349 -30848 -12250 -753 15689 22174 1
-18151 26171 8915 -15052 -30365 -23034 4674 25364
-5879 -17079 -30944 -31165 -8246 20813 26426 9457
-20591 22748 -28757 22926 980 850 4146 27601
-27450 -5282 20117 4336 3072 32767 15967 -23877
31459 17802 -20382 14548 17960 -22658 -21978 27659
-12596 32767 19715 23469 31915 10818 -32612 5431
30207 -30311 27382 9893 6555 20638 -23505 0
-12344 3664 -28484 -30530 -27863 -25646 6318 -29140
1083182413 1252762519 1430239854 -370495968 -515183488 -1050865596 -2533515347 -2426345593

25330 -15743 29980 22298 -15595 -12786 -8418 20507
-5110 25976 -16850 -26062 -11810 -32768 -27415 -11108
12593 -20675 221 28849 -6741 -23453 -13835 22499
16873 -16674 1910 -32768 -31519 21106 -7491 1
-24965 17208 -8962 -23354 5962 11253 8218 0
26804 5193 -14058 23089 -27689 22723 30391 29083
22343 22770 -17405 17065 28708 5878 -6703 8879
-20123 25730 -1 -9629 31821 8712 25563 -31646
-24039 -17180 -27604 6684 -893 -16385 29300 -22472
-1501026977 -38689912 -281466305 -928079794 446872036 -301860142 -851655959 1266345304

32767 -340 8254 -27235 1201 30665 -1440 -15946
-254 -7059 -8001 -10626 -26275 0 6885 -5813
32767 -1 -5750 1 -28357 -20482 -25054 -23302
25281 -17544 -10095 564 -3454 21820 -19482 15687
19195 16637 19581 -11737 29283 25881 -8143 3724
-2943 28145 1 -1 -14251 22683 -12227 -30333
-31367 24530 1690 -16568 11469 -3114 17205 5837
-4116 -27528 -27946 24959 -1 -5973 -11960 -32768
17519 17128 1275 1 31893 -31764 -30411 17959
-599603773 -1287332256 656333719 200474679 1072544503 -917414588 -80931110 -614284452

0 -1 32767 -7395 -7191 -30313 10604 -32768
-21910 3948 -14255 -8416 -30850 0 25191 -25390
22916 -8067 -18746 16212 17653 -10259 7906 24000
-2681 8092 -632 4132 1755 -32768 31255 -18590
-14252 0 -32768 12184 -31041 1817 17148 -9527
-17414 27252 28752 31006 -27291 31172 -11077 -1458
22656 4999 25690 7570 21790 -7886 31263 -1
-14373 32767 6779 -24811 26503 -27271 30566 1
-32768 -3137 20926 62 -15588 25079 -6634 -19941
620180222 1226814778 -2180371790 -636290736 387715502 2398452644 -964829706 -791349501

17204 -18404 13866 -1 25436 30450 12851 32369
-11204 -30098 -21001 -21636 6885 7471 32713 27978
-6280 -9278 28093 -31843 24075 -3094 -16632 -27916
-24479 10321 13294 25922 -10371 22904 -28852 -7366
-13255 -2918 15704 1155 19509 30544 12359 -22823
-24335 2649 9828 -737 -19586 5816 -972 -7082
-673 -6459 -5008 21729 -309 -9916 -9140 31785
15319 26033 20586 -22546 -903 -5449 1 3287
-2821 7576 -29723 -15331 -31347 25002 32767 12649
194407831 2156264715 -2129522895 -786121062 -200800019 445843394 -366984890 -178533370

-8447 -20386 23095 -4424 30091 8774 15195 -6463
-7803 0 16352 21290 -26173 26821 -13144 -15916
3362 -2858 -24063 32767 10564 31293 8704 -3558
-218 -12008 6235 -2255 20693 -1 0 -1
-1115 -1 -10414 14937 -6322 14292 -32768 -16582
28941 -947 -32768 23806 -32768 17511 23205 12180
-29785 -835 13192 12668 0 -7055 -32768 31815
24774 14296 15154 -7182 -17888 -9199 30112 30273
22446 -25432 -22367 -32768 18728 -23556 32767 10278
745586912 -2954759558 -678004299 622479605 -1980727156 485916693 -1938015784 1268402568

27280 -15791 -6565 -32768 22803 28338 -32768 -8349
-1372 5602 16591 -19076 2154 -19725 6887 6709
32767 -4785 16078 32767 14467 -7438 -27256 -14969
-4335 -18134 4490 -22900 13313 -28373 37 -20053
30522 19191 11396 -6189 1 21958 -10763 -21945
-15640 -32768 -27435 -29412 23565 -32768 19082 17840
-11205 -6134 -9922 13112 -10677 5645 -22045 6765
-30831 -13853 26192 23883 1 -11479 -16818 -1894
-8810 -32620 -10332 18432 1 10892 21515 32767
-931279480 -540511902 -852649414 -804067049 -1838199583 1586244015 451846861 344172447

-28005 20038 11402 5364 21131 -24228 32643 7723
-22506 23276 1490 5398 9368 -25101 -32768 14023
-9782 0 11929 14643 1089 14086 -29295 30495
27429 -20702 -22505 -24705 11934 15600 31310 17563
17354 469 14794 27808 -9438 -2915 -20497 17985
17696 -32125 -17899 11510 -26324 17498 -5508 3989
-26912 8565 10712 -2201 5127 22286 9640 0
-12138 -3775 25878 26434 -26385 5973 3744 32767
7030 -5280 -19295 -25511 -14875 -32768 -24945 -15976
-1117601188 828954492 -906688356 -383697828 -415459543 237616307 -1431954462 -1659197985

-649 -28837 15097 -7562 7398 -24637 -28639 -4909
11301 17177 -32768 3837 -26443 1 -4373 11874
17792 -116 -32348 9786 -10663 -15012 5244 4166
2695 -17058 -21400 -20325 22999 10890 28563 -1252
12192 -9123 17786 -29063 -254 -28090 -31017 -1
18035 20116 463 -25225 -4585 -32768 3143 28204
-29916 -6414 -14328 25875 -17060 -20496 -25263 30413
-5422 -10765 25021 -22180 -28987 31413 13054 22155
31152 -7972 -31862 18726 -30397 -17091 -10457 -9871
131173013 2063310373 2253839957 -650364526 153764138 302486210 893081586 -1306608773

-17176 -28839 26224 96 20823 -697 -13313 -2001
-12269 -14505 -18649 3481 -8824 13715 20850 -3090
23139 9563 19840 -12213 28998 -22484 -26938 21749
-14175 11767 2798 -20063 16062 7880 15575 0
-29999 31560 28879 5915 3545 -5078 26790 -11202
-13507 -621 3866 -20789 27501 27744 -1992 -23812
-18967 -22176 6338 -32768 27423 -10284 30727 -3372
25110 -24682 -26931 -6386 -1 -1452 -25244 -29327
7577 14944 -10945 -9331 0 3681 -31125 -8037
-421146519 -711729844 795929311 -230739779 -889443697 395549734 -1205854820 1191834010

10900 -9389 735 3416 13972 8316 30737 1366
24698 23211 -25691 28983 -20334 5247 -24976 -3289
4998 18596 -19797 -1450 -3595 -28993 -18881 -18259
-27492 -27527 -32768 7470 28488 -27301 -5835 17136
-16512 -32768 11797 -30737 -32768 -3082 1558 18979
12781 2439 4288 27581 -28383 1 -7948 6020
16690 25687 -9976 5346 13610 3062 -25107 -1
-3372 25880 -21876 23540 -2517 32767 10000 13116
-26624 -25008 25565 -24865 -22459 16579 -28575 0
-1175786012 -1358112431 -928581842 -528813392 2965263626 -112870225 -1012169353 -1387989556

-20079 -8274 7388 1036 88 28706 13796 -6011
20037 -8328 -10062 11034 -16514 23374 -16260 20797
-11102 -2345 -29002 26621 31210 -32768 -8326 -9833
1389 25057 1 -2638 -29237 -1 -16734 6694
-18899 -27201 -1 -27121 9441 -14597 8484 -12142
11275 23169 -10486 24015 -22166 28430 10257 770
24520 12380 10438 2842 -1857 -8180 -11218 -1
-17004 -6604 -11083 13508 18603 22219 14524 -3400
30465 -24856 -6199 0 -30392 5182 -7938 -1410
-406803545 1602567977 -1138533490 431454568 -312442078 571094491 477678436 -845915349

16598 -18412 5290 8652 -32768 32661 19538 -14548
6432 -22353 -1 -32726 1993 -13743 -32768 5538
-10775 -27192 -18048 5928 -4538 -17310 -10358 17565
23598 1081 -10711 -10726 -10275 22731 29519 -11723
28619 7237 17720 -5545 -17100 21650 -22828 15129
12272 -9674 28145 -32768 -24467 12336 -21534 26759
1 -30586 19790 16168 -32768 -24166 -493 26189
27533 -10858 -24216 -15372 12667 26516 -1129 7701
28978 -16321 -11626 -6955 1 26777 -9468 32767
872653625 902547517 510266981 810349538 1835331457 1825187710 372373041 2336571806

0 4570 -18887 21804 -28461 -29046 -23889 -26594
17928 788 4239 -6478 -8 -20759 -5732 27299
399 25333 -15646 12371 -23908 -1 -13814 32767
-2356 5964 24782 -21057 -5054 19406 28667 -9811
850 -11192 0 14320 12798 10616 -29394 -32768
8570 6491 0 10991 21635 -15378 -24240 24076
-31335 21370 16098 -17977 13692 -28536 32767 -16475
9198 8144 8982 18301 8480 28902 -5284 -31565
-25124 28235 -13394 -5245 4738 11577 160 -6777
-27064014 -877261238 512369528 277892818 -11565868 -332253018 1120720462 370408894

2617 17528 -15051 -10336 27723 -19338 -26010 -32768
2853 21863 17328 17534 13325 30742 -16605 0
-14911 -17282 13801 1 11398 27418 29988 3483
8746 3429 -741 5481 1 -25082 1 -6668
21659 3226 11176 4020 -13976 26648 6831 2938
-10756 -15674 32767 -8604 -21002 -22719 17655 -11013
7901 -1 -27726 -22671 -27068 -31471 -1 -23037
-1 -25703 -24751 10013 11229 3639 -25531 -10911
-11070 0 2911 -14618 -7998 -10050 25870 16237
-1154006373 -1082554714 670855790 -35272873 -197606230 1014443644 321925997 -1182439494

-5183 32767 16883 10987 31453 -29007 -23189 -20832
-23281 10317 4845 32767 -15618 -15425 13019 22668
-32768 -15098 26844 -32768 16906 -31115 -17613 -21713
-25917 1457 -26376 -3489 -22756 29784 23704 4568
-13617 -24861 -21999 22384 0 2538 -11845 17189
-17923 20616 6856 -26791 30134 25224 -5867 1
-32768 0 -6312 30077 -31730 1 4310 32767
4125 262 21556 -28829 10433 -8981 -29999 -31269
4308 5399 29353 32080 19702 9598 12405 14954
744706875 1193510561 -994669379 -790039829 13922303 138917227 556757886 -993298907

2756 -5786 -31315 12186 3453 -30089 17406 998
16898 6465 -28831 1 27806 -2516 13638 -13926
20592 5584 -19798 -16222 28131 -14786 0 9690
25674 32767 20992 -1799 19556 25350 10876 27762
-23155 0 22442 22123 -15095 -19747 0 16981
-9264 23413 0 20005 12037 -1 8680 8471
-12169 -19900 12575 5114 -16881 -23894 21510 -14879
26727 -774 3450 31137 28001 9266 -25388 158
32767 -6420 8852 -5846 11251 27011 1273 12655
-960084512 342986882 598214885 2097160620 -1177719866 -317162757 -1185806647 1264248930

-9210 11379 -27365 -16641 2069 5246 -24104 8181
878 -12477 21887 28767 19437 5448 31516 -18896
29096 1560 -1 25778 5279 28613 18186 23878
653 -9918 14132 -16753 27009 3763 -22453 1
28228 -19810 -32752 -10359 30466 32761 -15470 -16372
-12761 -3614 -24009 -29612 15134 10811 12266 29338
18393 -8550 7653 -8590 15209 28943 10289 1
28049 -32768 30915 11930 -32516 3913 -26628 -11147
14733 -9061 -4129 -19500 27766 5801 -23334 14785
969972257 -968818366 153114170 1663514263 2087497519 1151778543 834484078 -73736856

-2874 -10570 -28461 -18858 5895 -32768 11299 -31809
13096 -6975 0 15994 -7932 10722 -23514 -3749
-9868 0 -29123 -29707 -32333 8177 30875 -22250
14630 -9938 -12695 -6931 -21725 32389 1366 18169
-32768 -22251 -8351 -3494 -29889 -32404 -10052 30449
-10550 57 31803 8123 -18216 -32768 10294 -18935
1721 -10665 -32680 29488 -10507 6301 7095 -601
1 -29475 23104 13604 -10794 -10784 1 9257
-13601 13276 1 -6766 14877 -32768 -17281 -8091
1249877060 -411598467 -767304995 -1839173869 718406717 867373730 -845074160 -365473155

-8493 24492 -12173 -12424 -4869 -18974 -6205 -10035
26209 -31832 -22088 1 -12698 29234 8952 -20277
-24401 1 9149 20492 -19293 -10307 1 -32768
15912 -7867 -5413 -1 1 -18438 32767 10505
-13101 -1 -26837 -22932 -11811 -24816 -27158 -18081
32171 -32768 539 31547 27800 -26958 0 -17691
-26972 -16000 19510 19587 22958 8042 6879 0
23904 -32768 21776 -30586 24585 -29610 -20246 25284
20364 15832 23275 7384 19077 5546 16844 -25505
-206949561 103509427 277919272 255245917 -1420007089 1213876028 394596424 -432113603

-5464 15881 25834 27463 20919 -2443 -32768 27651
-562 1211 5849 26754 12014 -4702 24182 -15441
-32768 -1264 1 -28297 5558 -2828 -5356 21337
12120 8969 4633 7652 29353 -32768 -27602 32767
-2073 13685 -24271 -31723 -22972 -11799 -2571 -11301
-4094 -2223 26366 -7936 15970 -4304 -3502 -25649
-32768 10335 -30687 25060 -5803 4848 -10007 -17514
-15713 2581 6256 20454 -1 -28753 -4255 21995
-1 2466 1 24015 15252 -6404 -30468 -27450
1272774823 545917457 -1002269624 804934661 -614365303 885866744 1293402719 207587075

-25158 -28722 0 -6783 -1 -8796 5254 3565
-17262 31436 219 24792 30252 0 -32768 0
2381 -27980 1 11474 1 0 -5061 29838
30778 27926 -16647 -5267 12674 1030 15565 -12106
-11995 32767 12717 -31475 -13239 -2476 12656 0
26814 -22713 7654 -21148 -191 -32421 -11011 -3146
-12412 -4209 -16644 -24928 3613 18853 -945 26591
-11262 -21180 27671 16486 -25341 20228 19166 -11546
16093 -10492 5312 -2384 4508 25064 32767 30396
-27293692 -1602897718 1045661458 351433117 -101278519 -508986847 1081544153 818484392

-22674 -18557 28508 -7006 4365 2540 -30738 -31781
-19826 14398 -16291 20200 1625 2081 -7037 13845
-1 -32589 -18803 3325 -17758 -23561 -2849 -28923
29798 17779 -16219 0 -5956 23823 -14091 773
27402 -14472 702 -16285 -9725 -21200 -27098 -20536
12965 -23149 1 -30487 5367 2477 -31418 -1
12698 16133 -25553 3350 1 28473 28063 -20621
-10096 -163 2598 -29702 -12283 -13452 32767 -32768
-10884 -21457 -16236 3730 -23950 -17553 -7548 -13116
655696747 42772687 2256689468 -621772470 1019064844 307002036 -498161812 673173345

-31628 10392 -28804 -25922 27252 9191 24261 -19644
22460 13569 3779 -21577 20227 11262 -18951 20625
23124 24979 26213 -13961 -20290 -31227 -13528 32767
-12208 7392 9878 25315 18934 31784 -25158 -1
8555 16069 12404 -26175 -18445 32767 31348 1
2375 18297 -29554 -31348 -24113 -9367 17691 20655
-19874 3875 -23922 9365 32767 7478 31809 -10114
23548 23666 6456 7226 -10956 17358 21622 32767
-27707 -6693 29506 23038 2786 1289 6573 -31513
225961676 -1802355697 -1574359413 1091827317 -384742644 -2396352447 663352924 -1352491669

2287 2575 -30576 32709 6417 -27976 18443 32767
13389 24803 20673 -12433 -19886 -9002 5814 -15354
22777 18199 30376 14410 -27676 32767 -18490 -8340
0 -18942 -25721 -27794 32767 -4562 -1122 0
30556 -22768 18086 3324 -29853 -6779 -9784 -14776
-20519 -6739 17073 -2988 25635 -1294 -25839 14197
9099 -5543 11992 -1467 -15996 -1559 -31350 -32768
-1 -14755 1104 27537 1773 -4352 2113 24016
-23692 3290 7872 -9985 14137 28776 -15473 32767
-539017988 -1081963431 179944618 362039871 -1639538345 1818364471 -984388701 339283057

-30515 16574 1138 3807 4794 -1 -23579 -32768
-4359 947 1379 -20987 8863 29286 558 -28659
-471 32767 7804 9394 5569 -31397 -12197 0
19347 8530 -23804 -16060 -32768 -14715 728 8380
-10542 10986 22761 11531 -20436 27964 28157 23408
30242 9957 6203 -18041 13886 7787 26457 -28024
93 -8588 -4613 -3139 -27774 -9433 20496 15907
24958 -5553 -32768 3649 32187 5741 5485 0
26978 -29680 -4785 9484 27324 14671 6957 21075
-2008137850 -279622186 -1326793202 -699201335 -68939508 406682407 -169753899 2031394904

-514 -19477 -26181 -26654 -23242 -21319 -17151 -8722
21098 30578 18055 25949 -24512 364 19207 -25635
-17615 -22184 29881 31651 13777 -26261 -10734 8027
27928 -32768 27324 -30511 2221 13814 -6900 -11235
10270 -8098 4685 3066 4072 1 27703 -3409
-5486 -32768 15810 -1 14868 -32768 14067 -31849
-26597 -20462 23382 26768 -23392 29698 30845 -26612
17297 28541 22430 12225 28260 -20540 30855 0
13276 16215 -31907 16711 18984 -6999 -7157 -29289
153492672 778947744 -730999764 -1218332688 -114341240 235113549 -1076871355 640463317

15518 14615 -8210 30540 28856 25717 22883 11104
-9826 14310 21956 1557 -21396 13247 1 18367
22422 5360 -14278 15914 29577 -30808 -24662 -26726
11624 -13607 16617 9410 -8792 12676 -11494 27619
26606 -5627 -1 19748 14898 -21950 15418 -6617
-13022 4944 -29068 -32579 8446 24516 -27881 32767
-8192 18355 -28329 4204 -15869 -26233 -653 7876
3751 -3653 -4487 9911 -2989 8144 14674 8530
32767 -20047 29730 -32479 -16557 29932 1388 6070
-629345223 855592819 -1922415113 1518739991 -579260343 422306811 -2090715002 106242522

-17542 -31196 26897 32670 26709 9484 -7881 -3551
-12225 -30309 1 -12198 -15564 0 -23034 -536
-32768 32767 28051 -16530 -30173 13089 20974 -28394
-30819 20540 12083 -19851 -6267 -28689 -4679 -1
-29528 12687 -32689 -1438 10824 -1 -8489 17394
1 -32349 -7403 -30378 -3473 -21102 -24711 29737
1 13832 4107 18509 12057 -1 -10469 -21101
8023 0 23132 25524 16593 -30543 15057 -754
32767 -32768 0 10293 -5738 25411 22624 -26479
787172991 49412483 -585463647 -2686114586 -2112837311 -1115398490 -10026826 14884100

14421 -32768 6666 -8801 -11531 -20539 -32327 -12726
22116 21458 -30803 16016 -11396 -28117 24565 19289
-12183 -18350 -5265 16804 -19717 -14845 27537 -24050
15970 -28515 26723 18661 15307 -8957 11363 -31661
-9328 21352 -14737 -31194 -8 -13821 -12114 -21934
-18073 827 -1 -29738 1 -24318 -29330 19361
-14407 3157 13305 9502 3473 7780 -4175 -15634
-6568 1 -30578 3269 -7718 -13995 19739 3517
20040 30017 20274 7356 32767 25451 5508 -23166
-1408014854 -819940353 -1093162594 1212802455 15127587 -1785083080 796679586 -1309319172

-26547 31399 -4883 -19955 -18808 -21751 8022 27252
-1984 16517 26741 -4165 9926 28611 0 1
-7842 0 15486 -7148 30916 29469 21597 -10042
-23234 28168 -19627 -26499 15670 12214 1 -22300
15355 -10322 19150 18828 19625 28805 5000 -11508
-1 25259 4187 447 -31958 -15884 -12750 2576
22774 17444 30794 -15795 -5719 22701 15172 1
27834 15587 -22780 -14575 -15737 19859 -19393 19736
14618 -15147 -1 -12820 -18215 -15417 -28914 -5538
-312783513 -847719967 -1609314057 -776822303 -742982142 793038792 -413351308 789569889

-14038 -22219 -5673 10114 18405 2636 5403 27853
-3494 -28597 24747 12879 8604 -21416 11944 -30341
11939 1571 14059 -15946 -12736 -25762 -29773 16221
-1 19426 17623 -28100 2557 6663 -3518 -22954
-19247 20646 -23373 529 8463 -21100 -11608 -17173
7703 -9071 -21377 -31880 6219 -32768 30192 4897
30449 28427 -1660 8351 -10496 9549 14491 -1435
25187 -14496 22685 13304 -20334 -27816 -11118 27852
20003 -27258 -19272 0 -3880 -211 27147 14494
912582471 88298930 -593240544 -1308689842 -1089734131 1686701641 277497629 648393847

-27937 26900 22963 19382 29218 12811 1 -6030
-10799 -28336 32359 -16094 -19262 21798 19998 -18650
2975 -7759 31114 -2753 18923 -7982 1731 3253
12683 3257 -25098 -5507 10855 1 1 27507
-13284 11124 -22958 -32054 23523 -1 -6636 -13218
-20306 -9659 -11519 -19353 -2079 -1512 29730 14938
32767 31416 30629 -32768 27446 16852 24701 -18339
13065 -32768 -7318 -1979 -7534 -2796 24990 -31211
22549 404 2885 26783 -29141 16005 32767 -32768
-482505328 1583944316 -649082750 -1150223075 -1689597068 -492286839 842516861 2223616118

-21229 15303 -11865 0 25094 17569 30367 -29250
27967 -14815 -27283 -28478 -18429 13976 26678 7040
-14589 32767 -32064 -9744 -18817 -3114 20668 -14117
17088 13646 -26361 -6264 -4095 7332 12795 -24623
-29453 30859 0 1098 1877 -18812 -8310 -19273
-12903 -23678 -16717 -1806 -31080 -32087 4374 24858
-15817 -22404 9285 -6129 27059 19726 -18368 1
25436 3552 1895 -5109 28988 23016 27653 -9067
2742 19353 8735 32767 -10036 19189 2296 20686
-315746445 -721463776 -120701643 -422752379 -245149811 -478363828 -531873446 14295372

-18240 -28762 -1221 28545 31482 -1478 10789 32028
-29209 -13609 -16198 -4268 -32768 8950 0 -8838
3386 -1230 -27544 31939 27734 11654 -30229 -23881
32264 2192 5803 18894 -17884 -25204 -13551 30994
27327 32299 25079 -29969 -13423 13988 13254 18515
1565 23485 -13090 -14316 -1 -13632 24127 -11343
-278 9647 16943 -12262 -17326 8458 7971 -32768
5693 17482 316 12439 1 17062 -12091 20033
-25571 -2309 1 -8073 4629 21612 -24808 32290
1182699742 569131194 17436049 -273133947 -22174585 -1238113001 -1069389162 1029206299

-11416 -29357 32767 -6028 -27969 16157 10074 13596
15822 13174 9452 7702 21594 -2603 18713 -28180
-4548 10712 4052 -689 -6592 14040 -8681 -21006
2610 31880 -3164 -19636 5743 14374 -1 13721
-16055 -3413 -13193 20240 -25345 -5103 4468 13325
-12818 1 -20814 -325 15345 -27886 -25951 13213
20224 -5501 20625 1 -26717 30728 26905 -11132
-26536 7257 -7428 -32768 -1 -18273 27438 15760
-31895 -9654 15692 -1 27966 -17883 -2643 1018
77810051 88790150 -328639932 -523116205 -277806864 1092070428 -1647409064 930052373

30572 -7606 -24164 -23910 -4654 3561 -28180 -23971
5397 -32768 9550 -1 23135 30382 -29553 25142
-11785 32006 -3390 -7117 18445 -17930 -12500 5045
-1 31878 -5726 5940 -372 -19111 18317 -29193
30581 -28613 -7247 2558 -26553 -23197 32522 32767
-30096 29353 -1 -5928 -158 17395 16332 10841
555 13031 -16649 -1 3266 -21487 -30139 -20775
9073 29944 -28586 6533 -5662 6678 -18755 26982
-4504 24985 21691 32358 19803 -27771 6574 10884
-2262764679 -942131887 1384860319 1190524399 -238245058 416251767 199057187 171419330

-32768 -10904 15299 -27533 -13792 -30481 -21878 -2148
9230 32767 -27138 9605 16016 13011 1 17819
-10348 29466 1936 -19742 -10356 -22547 23946 -9978
-8287 -18769 -3823 24051 -6354 -1 19726 22976
-17219 25812 -1 22280 13017 1 -1 23948
-15115 18892 -95 -11945 515 3559 -7703 -1065
26765 -20300 12839 -4027 24513 31757 -26747 17316
-17531 -22827 -15583 4436 13178 24863 1 31567
2839 32767 17593 13034 -24562 -3114 -19181 383
312466637 320537245 574322900 -605802457 776741587 542371406 -597109025 -1403106151

32024 3057 742 -15172 18542 32767 32016 16314
9536 -17603 1109 -8156 21053 -13959 23454 -9885
-23223 17245 32354 0 25669 29221 -20173 10273
-32562 -30349 32767 0 -21538 -17923 12564 23742
26299 -20418 15557 13385 11692 15147 6861 -29807
-32768 22976 28119 32767 -10914 1 -7246 -4223
-21414 -14355 29741 -20362 -1134 24211 12156 -28082
-3282 12982 -1259 -14434 17648 -24916 1 4947
13122 6138 30087 25671 -31112 -2872 25342 19254
526300636 -369787225 -421412062 1869390471 224143384 1472838724 -263887393 -754028579

18964 -23737 -13977 1680 21909 24609 1 32767
-29401 -839 23427 -21062 -32768 12876 5891 -10
0 25847 -18736 -11220 19231 19591 -10540 -29582
16297 27814 -1554 23853 4382 -2931 31035 4367
-21280 32022 -12335 -9179 15531 10765 32767 -8883
22312 3540 6552 -15425 -31749 -12012 19021 18928
14756 0 -784 -4423 32426 838 23926 -945
-1 24653 -28042 -31402 6648 19121 17934 6468
-19105 32767 -25007 -6367 1 12797 11739 23968
299043257 316133530 804872363 918500476 2132242617 147294041 34827215 2319257119

4652 32767 -13333 -32768 -21155 1485 1 -28917
8865 -32629 -31206 -15269 7633 14343 -10854 26419
32767 28578 14448 -3489 -1735 -19475 9571 19927
5172 -32444 31461 -22378 -16070 14320 1 -31686
1036 20119 -31305 -31534 22678 32767 -28500 18691
-13893 8754 1 -24842 1 27020 -18480 -22215
5113 -16317 1 -26236 -11058 -29358 4895 -21975
12669 -17022 563 -18192 -14823 -31861 -8256 -17120
7237 7032 -23848 18297 20482 -5589 26768 -16629
21784542 -354152672 27841088 -1232695596 -473786224 -769797138 -123758762 -436140284

31691 -10854 25127 -11558 -10140 -31988 30513 7463
0 1 -32768 78 26613 27476 -31704 -15436
10640 -10927 -22867 -2093 27371 -9712 6617 -26848
-14523 -23428 -19527 28447 6154 -308 10716 0
-31945 27432 29671 1305 31798 -8614 15657 2348
-27821 -13781 -8220 -23793 -2475 -32768 -2840 16587
31557 487 -2779 15615 13792 -14095 -5328 -2833
22085 -31630 -16655 -6298 22171 17679 -5388 -9143
10836 -24408 -24971 21122 12062 -24976 -31347 8125
-482476813 1323046054 1055957582 1248933351 -1602098346 749959139 1391673910 1214690408

28047 13277 22005 -19487 -14467 -24218 -20798 -32768
-30943 -5518 32479 21192 -8571 -32768 24319 -1
-12405 16865 -1409 -13360 -24342 -16815 -3821 -22343
20679 -30530 -26211 -28314 11204 -21139 1 -18748
13840 -15968 -1096 -27506 -22045 -27235 32183 -23847
-31381 -22278 3982 20409 21475 2377 -8425 -30105
6305 -9229 -3756 -8022 -388 2197 -9828 -22589
-28409 25232 12855 -3617 -1 -32768 -10481 0
0 -31753 -17322 -26320 -11875 -30635 31834 -21997
682570868 934659724 1014557585 3095647867 3895179417 167435465 690576995 -258459165

-20385 20200 2433 -23695 -17907 -32360 -5867 19352
1 18522 29511 -17692 -454 26015 -32768 -1241
-21676 9388 -11319 19772 -8144 4124 32767 25621
-625 -21740 -16467 -17640 -9323 17682 0 -25664
-1196 -23576 19277 -1 20040 -30584 16666 -30236
-22408 -27610 -58 -23655 -30372 24097 9957 9848
27060 6406 24392 28117 17138 -25844 -4403 18200
-25061 16210 -1 10279 -32768 -2461 -28061 -765
-15055 -2913 2091 -26370 -20578 -23894 30486 -248
1836017556 -1136641578 815558397 279191956 960986425 1391769538 -990383282 -63160584

13906 1124 -16716 5947 9531 -5930 14767 -1
-23519 24897 500 545 -689 -18011 -15924 -1
-14787 -26696 -2821 -21010 -17119 30933 9113 -13184
18715 7678 -18348 -17143 -22489 -13787 25003 23581
16712 -1 14337 -18872 16978 9085 0 21815
12257 30935 5218 -16404 -1374 -26437 6945 32767
-26202 -3183 -19173 -1704 -10857 -8648 1415 -18884
-17166 -20145 -6846 374 -19833 10339 -22643 5597
7408 94 18794 5422 10524 -11897 19095 5565
274029188 -256584958 -726512096 237591047 482920698 717856493 -653423915 -988641609

-23492 -6564 -26623 20045 15621 24033 20979 32767
-8182 -12233 -10620 30908 3533 24897 8643 -14069
-18938 -29498 13275 -19712 4687 -32764 -14924 3946
-57 11864 20167 -17047 -31479 17514 -8279 28166
8157 -20866 -32768 10792 -7278 -1930 23226 11592
28762 8665 -29381 -19343 -32768 -32768 -11583 16171
20343 25732 26968 -2957 -12703 12180 -15236 -7823
1 8535 13781 10570 13583 3478 -12503 -3508
22037 31271 -31743 29031 10006 11466 -12146 -12460
472842586 1062697993 -2530090219 -1129864479 359219935 511487821 606154870 507688773

3874 -31117 -32768 -32768 -23058 -3024 1 0
-3305 -483 6229 -16993 0 20165 -1 15318
-4790 -12869 2962 2976 18278 -17828 -21112 -6972
8864 -12433 7604 -14577 -21039 -8559 -30347 -3445
16180 20819 7135 -5761 21526 -25189 24858 -10387
15283 25313 -5765 -15394 3208 14681 -32768 -32526
13887 15549 -32768 32767 3184 -23413 -23276 32767
24436 -20769 -9171 -26673 -32768 23259 28614 -1606
-20587 -18047 1 -2554 30150 31288 24971 24671
-224317476 1128971014 -382653897 -1665773929 -468730515 -1796782667 -1059602841 354538842

-31471 -8648 15360 -22890 -390 30221 -1 -32768
13023 -19575 -30455 -2308 32186 2506 19894 -7026
-10269 500 -25908 -8904 -16487 -23567 15963 22660
24952 1 32767 14235 21 -995 -24598 -18672
-18096 22446 -9551 11739 -30361 1 -15623 -633
13791 -21724 30686 -1629 24027 32767 25562 18475
31284 1 -24192 -8971 -6748 -14782 -26761 -5362
24518 0 1740 -7305 -21421 -13633 -32768 21514
3809 0 -1 10557 0 -5937 26929 28832
-1485754111 343543278 1090029785 -949555035 -383957850 1061794499 -763005318 -164910266

14863 12941 20882 17375 -21535 -11642 -9420 32767
15477 -630 -3901 -3599 0 -3439 9692 25593
32485 -1535 -20665 27315 6641 -20065 20919 351
23799 -29376 -18312 0 -18555 11839 -7135 -4008
-26674 -962 -32042 14882 25558 27161 20493 -30555
-15157 11554 -947 17942 -3594 0 -3612 11780
4117 -19080 -15513 -2440 23314 27883 -17707 -22402
-24346 -20544 -21719 -8904 32767 -14689 11913 4493
-1 -9160 32035 -7546 29133 -26777 32767 27996
712327168 1034110337 571938077 -1521140790 -1296558980 -164812486 -1578566022 1423696468

-2882 -1 -26264 3179 -9674 -1793 25882 -16096
28605 -22316 24051 -17889 -30493 22558 -7505 -18728
-1428 -23232 -1 11649 32735 -1 -9923 -21858
-16387 18432 -12391 -10949 -12750 15267 -5424 30857
-26829 30173 6998 24043 -3404 2467 31746 31092
-9202 -12710 14647 -20739 -1110 -15625 0 -3035
15982 18731 5250 30142 -1608 -19182 -30507 4723
32767 -23884 -20447 -29308 21604 8475 -27226 1
13598 28464 -27739 -5857 13632 -11251 32085 6830
1279485158 -1846797449 -770308870 400807517 1315855382 -631794741 -324351603 -169818098

-1 -309 -32768 -25357 4841 -12140 1 -24138
10147 11168 10784 23855 27973 32767 3296 -25816
10737 -6018 8288 -4914 -4921 31449 -10391 -31127
-4167 -2896 -3810 12890 13873 -30571 10480 -6746
2665 18795 26509 6002 -14118 15628 -13833 -29928
-14655 -1 -1 32379 -17076 -26760 21218 6409
-1 -29676 -11688 26646 26816 12247 -29066 16747
-21419 9902 0 32767 10393 32564 32254 -29056
29711 -13935 -30238 -5291 29784 18689 -25842 9399
819679855 811258519 595400113 -528821988 -1068303940 -2103474410 2562043659 -1136205980

6782 -17009 13958 14033 1 7149 8922 -17476
10934 1 29702 -8980 13912 17647 1 1415
3659 -29396 -30208 -32002 7907 19209 19748 -3906
12808 -12444 5746 -26697 7819 18220 7482 -873
32293 1 -29000 7816 32412 -3050 2959 -1
-1 26456 -23377 -26275 -19459 6860 -2534 15283
-18885 -23000 9310 21558 -12864 -2976 -22784 17258
-11575 -12619 -26307 -29144 -9260 18263 -1 20304
29735 23506 4442 141 31036 -6779 -6160 22011
-622226486 799099324 -813317034 163949052 1840905248 215869681 -916646299 -726050570

29659 -22936 32670 28316 -23174 16590 -26393 10811
27332 22123 9548 1 -21476 25135 5519 0
-3546 26173 -27946 -9323 -28211 21352 1631 -3780
-32768 -12950 -2333 -26153 3419 28826 -21890 24458
16731 32767 1922 -32768 -25185 13924 27740 -10305
-1535 31785 -14230 -4869 12347 -13421 -345 0
-25253 -19567 32200 -3304 7361 -15063 -26844 -28368
3407 18947 2332 5492 -6464 2671 3861 32066
12607 -18905 68 6407 -32401 -6442 24412 27274
1285699557 595648914 112097503 -499794640 504104789 -974429698 -1537922039 881161132

1390 11347 29236 32767 -9685 1711 -26778 -16360
-24634 -15794 31167 32397 -24349 5542 21428 -29750
23983 -22701 -21994 21304 6751 -500 -20296 12048
-2863 -6979 -17564 -28909 -3510 15223 -9349 -27758
15056 11956 -29567 8795 -19104 22889 1 -3077
28651 -1 -31585 -19616 27734 -21579 1 18374
32767 -32768 -14861 4208 14115 20740 -25860 4461
-27773 20770 818 -27568 5609 23653 -31266 -18122
-28621 -7207 16820 -13302 31131 5906 8664 -28868
-116800814 1231358643 -1492570051 922316050 -1502101388 -884811120 -798528850 1592235608

12698 24917 -27961 -1 32767 -25837 28552 20296
-30533 -23943 32046 -4141 -4876 15616 9499 -12902
8540 27862 -7127 4 -32768 -19680 14736 32247
32767 -16477 -29953 15296 18069 32767 4596 -32768
-20108 -12997 15796 9532 -228 10120 -16204 23053
-14296 5048 2621 -17698 -5077 -17213 21004 543
-16210 -32768 -29548 23817 -10643 572 8452 15328
14090 -28165 1 -14451 32767 -18512 -23899 -31383
-25593 19460 -10484 -29304 13642 3946 27806 25985
2119440418 24850957 1121241727 -1641339207 2058357 1416219383 -120575188 -1591298437

6697 5408 28395 7709 -32768 -1009 0 -17552
0 1619 30383 -4983 -9751 -7873 -1964 1248
-30543 -16457 -26954 1 9409 13548 -14567 6613
-27245 27217 -17819 -28168 -28887 30643 -3521 -14502
-11655 -16247 205 -4088 -1 -21989 12094 28388
16380 -14125 29740 29323 -19916 7546 -6791 303
14501 -19764 2446 -26838 -28677 17937 32767 1062
-1 279 -14340 0 -31342 -6271 -1 -9625
-23705 -27255 2700 6502 1 31861 16674 -2752
-163234420 -281524847 1270361155 630271840 116007134 393981321 1141921553 -219658787

-8640 -17683 -7301 -12487 -10643 -14561 -32768 -14720
-1 -12636 -4563 29560 -11699 32767 29137 -8556
-3877 17778 3529 -8603 -22346 -7380 -13728 -7224
-21997 -1927 -17046 20375 -32768 -1550 -17156 -10009
2837 1543 -22446 -24251 -6061 7580 -1028 -2681
1014 -10832 -1984 -22452 25832 6544 1 -32435
-24830 -20833 11083 11486 16449 -21902 -29702 32767
-32144 -31172 7896 5932 -28481 32121 -19655 23662
-1 13011 20395 21599 9080 5296 22698 -908
-1552831281 1117424646 -429553719 -618684701 -997299779 -367655332 -467473938 -672491510

759 27845 -21000 27288 23719 4960 31859 -28713
19504 3741 -32516 0 16560 19829 23680 22951
7656 18516 -26870 3510 30052 12774 26601 -8141
32767 4932 18728 -14950 11849 1 -28964 15408
-32426 -1 26379 6247 3152 -2154 16941 -7261
2537 7658 24652 -1 -28035 -3163 -8972 -32768
777 -5578 -10573 19068 18986 28295 32767 -4219
-18211 6537 -12004 10532 -5364 43 32767 0
-4946 19189 11219 26026 -8849 27754 -12491 -14438
949540113 -612836531 -18800207 -211900129 424440353 1156415571 535679638 -5690084

-8686 -11286 3205 -6181 -21394 29878 20548 -13530
-16854 2495 -16578 -5569 -18012 0 -13672 4804
-26403 -17300 16630 -4586 16418 -19751 -4660 -32768
-29747 32767 1531 12408 -22296 19152 -6660 20652
6430 -26916 -10886 31218 19107 -27863 24147 -548
655 -15572 -11874 17965 16726 -23477 4253 -4914
14569 -1 6017 -31796 -16860 10045 445 -23581
-21669 -6774 117 31695 0 -22458 -8670 19304
13956 21638 -24460 -18432 -15908 9434 13274 7800
459530564 469442042 -1830014034 635756194 -1052370764 -837932700 827139918 -1212435588

4324 3700 -11813 -16669 1 -19920 -13992 5095
14899 14189 -12881 -20845 8228 9471 23154 -5164
-10245 0 16073 -15165 32767 5410 20729 4090
0 28233 -10808 -6002 -14277 19611 -26555 -1113
7625 535 0 20795 7076 1 18034 476
-4333 29967 -6746 -14568 -16763 -26701 4423 -134
14996 1 -30748 5485 25047 27778 -6967 28017
-9363 -23429 -27805 21199 16991 -1045 -24161 -8490
25491 4444 9665 0 19220 14897 13812 -23538
-597419395 1058936387 794603288 -301830607 570643552 -698184334 224607916 -434400491

-21389 -10980 -32311 8336 9586 25455 -1 26527
-30201 -4947 0 -19368 32546 -6445 -2199 -3028
1138 2219 -16695 1755 19832 -8289 20903 4204
7313 21014 28631 17332 -4154 -24900 21384 470
-16852 19035 1907 542 22970 -17918 -28182 9983
1 31409 1399 -12589 -9827 11581 31056 27663
32767 31472 -6735 0 32767 1 -30333 21335
0 30818 -8598 13753 -2288 0 28383 -24168
-21988 22277 -8157 -20341 4583 -24355 29899 26359
442869530 1108383097 1153453663 960388019 730196929 2274957476 -158851953 678009800

-24263 8418 31738 1 -3828 -29160 929 -23998
25034 20027 -7204 10984 -12247 -32768 -10568 1
16349 825 23869 7460 4533 6182 -17386 28626
-2585 11155 -1867 11830 1060 -17098 -16330 -28030
-24384 -17036 -30714 30079 17418 6395 24737 24417
-13619 -18511 -12956 25452 11721 -21327 9132 17487
21010 -2909 31191 20587 -31786 -17329 24873 1
-23176 -20155 1629 23455 28989 32497 -7583 24717
32767 -27999 22460 -27822 25543 6530 -23125 -32031
141089764 -490292775 482440851 422787200 -2716170670 -1538260992 -602626217 -474747732

-32440 -16159 29209 16750 -29191 26697 3519 -32526
9402 -4317 20078 -8221 26014 17779 -9405 19975
-28735 26437 26343 -15412 -2284 -1 -1133 17596
25107 -12023 16308 26011 31757 22273 -21672 -2050
15964 4084 1 9586 23232 -29470 -27916 9674
-25236 -1 -9639 32767 -304 31044 -25903 5635
27716 6733 -15404 20055 -24058 -8622 -32768 1
-23002 -12438 10825 11794 -32405 19114 18621 -30023
-1208 -15099 32767 9685 10129 31071 23942 -9749
2337662034 1028096538 127620081 1452312254 -1431097791 318391136 -1741771537 1688694501

-6594 -32768 -22504 19212 -16615 -32006 -8153 26814
-22146 -5356 15307 10321 -17616 -14107 0 24802
11162 -24427 -11690 -26050 -16406 22214 24494 1202
19933 16746 9275 32767 -27784 -29020 24695 420
-8547 -19084 -26859 -15087 -6379 -23017 26066 26316
-9226 4425 1578 1 32734 13816 12022 -17661
-18759 -18915 -12212 28329 8590 -1927 0 9835
1 -7815 -19081 0 17084 24571 -12535 -32330
-10816 8301 254 11299 24805 -31728 27910 31393
1228246873 1104807139 -1011199625 1229990351 1882430398 291647521 945836413 -1790337313

0 5118 31189 22035 29900 -24884 5293 0
29535 -16828 6561 -22850 5759 12701 -20898 14677
13257 -22517 6542 21330 -30213 7263 -487 10334
-10125 -22054 -1 -32768 -4422 23560 -23593 22366
9574 15333 29838 -553 2965 -24460 32767 13044
24697 -1012 11731 1181 -32768 -18525 0 0
6608 -5020 11301 6311 -18412 6588 24065 -29748
-23608 -16837 -7126 4833 -4995 28534 -19694 5408
17796 -12454 -25290 -344 -7365 -24788 8121 9397
-420493877 188073170 479200762 -427089203 198161464 855562026 -219667281 -811514597

-32768 32767 -8121 -876 15216 24006 15877 -24500
5067 -1 22119 -27534 20474 32767 -13745 7443
-14672 0 -25343 -3822 3399 -18714 -24661 20234
-32768 -28473 -26509 18063 9605 32683 -555 -10015
-165 5449 31996 29537 32767 17620 18350 27571
-9446 1 1539 -23439 25559 25002 -12806 830
-22712 -24860 5083 360 -16524 -7798 19531 -1
1008 16135 16982 -5455 16332 1 8619 0
26993 -21960 -16456 0 -14677 -28074 -15606 -19063
-2148433406 -1374973868 495631649 -681945292 -2438181273 -1173331067 5876813 -980812400

1 7557 13909 -4269 16605 17977 28244 -19953
-15355 14133 19299 20434 6037 1 15563 -9303
-25322 -31067 16027 -21797 21257 -19053 9431 28810
14640 7210 -7688 28516 30601 14298 14181 -22352
12082 -16629 -21092 3486 26460 31037 -13395 17626
-8321 -459 8560 6726 -16671 -23472 1 22020
-17456 1202 -1 -74 -25068 9198 -1457 -4846
32021 -21037 -32768 -19002 -30748 21675 -32318 -24726
-31821 -7907 18072 0 5598 659 0 -25255
800293076 994376402 719902284 83420094 -910718610 -241799232 534061638 -978172327

32767 24418 -6846 8204 -31450 8802 6494 6166
26682 -28176 3692 19197 -3247 -4598 -18350 -14861
4647 -24895 -27997 -13448 -21904 14437 -32559 -1541
2169 27142 -29839 -767 21331 -32280 -23874 -1
24692 4866 -16641 4108 31546 -13208 32767 -19309
-21699 29144 -23376 15011 -1 -6120 -1 31316
-22310 -24856 -22957 -6818 0 31852 -22669 -29941
2074 13945 32139 -1661 -32768 -32768 -14606 15059
-16650 3689 17119 -2120 9623 -6951 2326 -2622
-954969962 -528692597 -1002806599 -71056622 -164537159 -2778879 -294405051 409605516

0 26916 -15872 32767 8371 18333 -25398 -10074
23177 27924 8528 -715 10986 -5598 -11696 16507
-6811 -21421 -28599 -17027 11492 0 9794 -16519
-30220 17715 -29610 22451 -24656 25524 29394 19050
-24822 15720 18729 -5150 -1576 21068 6412 17765
-11892 15019 -514 12179 -21893 -20723 -3932 37
-32691 -9693 -4322 -26344 -6425 -12735 8227 2098
-4499 1 0 -22012 32767 23134 14838 -10170
-28339 32457 25214 -30174 -27311 1072 -2605 -30357
-352284651 -290558954 -547471055 53226845 1350915471 1028854247 1374454430 191697517

-25227 22090 25425 -20988 -612 -12542 -29013 16089
1 -21888 -26048 24608 1471 -32768 16194 -14669
-24787 25676 29064 -27736 1 -12713 30157 14127
-28706 21050 31229 -1243 -4781 18441 -10458 6744
22485 -19795 26595 0 -4805 32767 -15083 5102
-11334 -2488 -3657 7512 7472 11024 -27892 -11677
-32768 31089 32269 -32768 9298 -14994 20756 26102
23132 6286 25843 -11653 -32768 -22754 -20641 0
-10909 -3794 21238 -4980 -30535 26760 28868 -1264
-338932007 -1028481758 1440858484 1231764731 976338598 -705576856 969065518 126498954

-13114 -1 -927 -18865 32363 -3420 -18513 -6616
18942 -6202 23951 4983 -20027 6682 24301 672
26623 -14841 19603 -1 -1089 -26845 -2969 -9577
-32739 -19217 -17582 4756 -4174 -13575 -30826 4717
30947 9836 26328 1473 0 27577 -10190 32767
-12845 -12631 -1126 -13688 -7528 25817 28928 -20806
26648 15844 15726 29769 479 28210 22439 20060
-23258 5799 -2778 11885 -18025 -6885 -27772 -5644
-11157 12498 25690 29635 26537 -11585 -21098 -25747
1022788552 -664748046 612375319 389776723 -450469550 -1022612736 -117092638 945493587

-18168 -21970 -8410 -5367 -16770 -32152 -24960 -8564
26575 31381 28904 -30532 2905 -21314 -24032 14387
29243 -23189 -32528 -23989 -15856 13506 -1 2567
15152 15847 -16477 32767 32767 -1272 -3303 -7073
32767 31413 20577 19397 -27864 -6659 17870 4974
-21392 -30948 27495 -29302 0 -20906 1 31045
30990 23791 -29353 -12562 -23880 24655 -12610 -1167
8615 -5478 -3871 27649 8204 19262 32767 0
-15945 -3369 17319 10105 7443 3327 -7279 -13944
233130807 -412371611 -1302785886 113079475 -504899895 122995426 -1197241863 -19923444

-30101 -7945 -19104 25198 5669 23801 -11118 -11245
27991 8667 -30159 -25866 -31126 -1 -21867 21402
-2105 15527 25640 -5592 12154 -12153 18213 -5976
-2623 21422 -29860 15405 25735 -14092 -14948 -14280
30607 -8681 18825 19411 32767 10540 13144 -18080
-14730 13 -20673 -23977 -22278 -22577 -30187 -23927
19967 24616 -29894 -17647 -6373 -9565 -6815 -6196
-32768 32767 -19438 29390 14876 -7141 -31992 25813
-13902 -9739 25302 -24636 0 -2077 -3228 32534
-987697482 167494384 436581082 -1694263504 -995388633 -361825974 -998658293 -121547218

17826 8003 -2353 -2669 -22280 20504 26699 -13569
-16367 -10245 -12571 -15798 -19143 18117 -30393 -31452
-24688 31132 15859 7378 26242 -14631 -23981 17623
-8540 19290 -6480 4349 32767 3734 20367 32767
1 3864 29222 -3636 -1751 2844 -1 2492
27041 31537 -4204 30868 -3981 -28364 -13656 -25589
9219 -23431 -16980 -5946 32767 -12062 -8662 21476
-32768 29732 27918 -31314 -18269 17561 32767 -25234
1 -10660 -8787 -26612 18338 -5441 -20116 16396
-1273278227 286152751 664593394 443673944 -207907815 -1184204249 1750097767 -1232407145

-20105 4730 21408 -18832 1 11168 -29733 22183
17696 22433 -16621 15294 -774 14634 -7461 601
16199 6122 -31619 31779 26999 8443 -13798 -7380
-6359 32767 16580 25478 -16552 19435 30094 7904
-29775 30110 -1748 23200 15405 16668 1 -1
31382 -6359 -15202 -20662 8848 -1 8259 14399
24728 22318 10181 6836 -18250 -31969 81 -9875
-1379 25283 -25888 -1137 -22514 -14916 -19676 0
16504 -23442 7592 -6556 1785 13194 -23461 31140
1378995458 -74816631 -71066365 -1147256062 -1115254320 957443641 -846373385 -579901184

-8138 -32596 -32768 10050 -30672 -19708 -26992 -14272
5501 -20415 12819 29875 0 -7394 -19485 -1
-801 -32128 -20616 -21047 2031 19636 26985 -32768
10115 -21655 6794 -29239 -21601 5291 -1 32767
-4512 12012 -5416 -13600 12426 -9528 20893 29391
-1 2240 -31967 0 -9259 29916 29567 7659
-25973 -9410 -32768 23769 11611 3486 31495 32699
10209 -24870 -5230 14889 14808 -29058 -16514 1
30868 5874 -19466 4263 31414 -12507 -1726 -30021
-3961998 53847518 853508955 -1800314243 -430158341 -310588605 -832688266 1191404080

-15067 -28247 24865 2612 32767 8999 -3528 4397
-22437 2426 15843 28860 -6671 -14667 3020 -16648
-26575 26457 10760 18715 5195 -29044 -13352 32607
-782 5754 11355 -1 -644 -22753 1 32767
-2085 12464 11596 -27184 32277 -30428 -22269 10817
8926 1704 28097 -22490 -32694 13863 32767 -1
0 9873 -9304 3221 -1581 -25878 -31461 5821
7914 0 475 31827 4754 -4714 10205 26467
-5427 -4154 1 -18904 32476 401 -973 -1
1220932302 -659316277 -149432388 -49700180 1531120915 -718434332 -133027432 -502061753

-14689 22104 32767 -15549 26370 -14950 0 -18237
2526 10060 23636 18179 -6183 16921 -20952 -12079
15923 32657 -3579 -6971 860 -20258 32528 18054
-22402 14992 0 1676 10433 18315 28259 -27578
-16638 -32073 19607 14630 -32634 17204 -490 15830
10762 -1529 -11563 5111 31782 32767 -32340 22173
31689 20074 -21669 30580 -32768 15690 17647 -32315
-7680 -23219 -19323 26775 -13933 -27802 -29134 26895
28475 1025 29820 5993 23086 -15164 13312 -2931
1377246375 253171360 1045520601 -192343378 -901474135 -267956391 -204756594 -1024965523

-32094 -32321 9946 11162 -32339 -10271 1 -14446
17884 15129 -628 22260 24874 -11064 7338 32767
10943 13976 20092 -15483 30486 22317 2981 -8352
12996 2489 14943 13831 -28582 -23820 11783 28612
26007 29413 -32768 2318 26126 0 -2645 0
-23290 -1 26376 -9962 27136 -10219 -1 -8936
9959 7031 7792 -8901 -32768 -23127 -10185 -8922
-20910 28253 -26117 3920 22618 -17189 28855 -29927
26266 -17653 -26210 -30756 -13083 28091 32767 -17999
-481786726 -1451054126 466358922 -943710788 522953872 -1477917095 -187105943 221371146

-24412 31416 27659 22989 -1450 -21978 -29294 -11953
2812 -23694 -24757 -2392 0 8006 -22212 -18405
19591 21464 -18687 27604 30682 14016 -14583 3092
-26034 19212 29024 -12589 -10405 -3226 -32768 23997
-23082 -19412 -2788 12675 -3382 27524 26162 -1562
-11954 14102 20211 13146 1 -16466 -3169 -8112
0 18860 -2996 31662 15625 -8258 12458 -30616
27562 -28166 8325 2833 -31470 -24845 6396 18202
-8621 11162 -164 -20568 16322 32291 11415 0
-984002092 -230484110 292910068 45006178 854286720 -581100993 -309637110 -1854548233

-1 3944 -7496 16417 32128 1554 5957 -31114
22088 14821 0 32767 16254 22762 -31419 3189
-32020 20068 27505 -3648 -16572 2994 -32768 -29589
-12999 -14417 -23602 258 -8469 -23006 -7137 -32725
23049 -85 9232 32379 -17862 15141 17542 14969
24384 32767 7027 -31095 24488 -11072 -1155 11953
-1 26735 -15362 -23952 -987 -16606 13965 14466
10066 -9598 -14240 -5195 6790 -5185 -21845 -21642
-24202 -19460 -4901 7198 -15891 -26129 2231 -28710
433603917 -1601826161 1184874659 2372003860 -870757723 -1931634480 -551936586 575740978

3542 -9842 -973 25858 -2628 -32431 6370 -7022
-13901 -19563 -22721 23598 32424 -9778 17284 32767
12332 9775 -27737 -17623 10171 32767 10236 10335
13346 32767 -15842 23210 -1 4213 30469 -32435
27962 32767 -32253 654 -31555 -22919 12778 -29328
-19921 -21317 0 -4897 -18413 -17790 -31735 18262
31310 32767 23487 20848 -4174 -32768 -32768 1
10439 27302 18366 -9279 -5197 -32480 6675 102
14213 -22286 -17345 -11545 20822 2790 -9262 3996
-244234225 978767372 891678186 -933819314 -737470345 182344290 -808141043 -931762472

28373 32767 -29007 -1 -13135 31418 -9933 29965
12234 -7559 23644 -1 -29222 -1 21628 5341
18609 -30043 32474 -12102 6386 -27418 -3471 24981
-10977 -13466 12734 27681 11553 6375 -9442 23414
-1 -4287 22893 10725 15366 26502 16076 -30120
0 21392 -6066 -3911 -27051 6813 29842 24009
-1 -17452 -19665 12306 -13857 1 15586 -32768
-986 10813 12336 -14647 8130 -20047 -5863 -4965
26175 -10925 -8753 -30469 -4281 -5806 1 -21791
-140546681 204622647 487287266 -1691775575 -43644616 -508348867 761192241 384136664

1 2242 31933 -28796 -6019 -1 22876 -15507
24207 -28740 -27907 23094 2824 0 15273 12888
7433 -1 32471 2611 -30900 25544 1 6017
574 31859 31516 21149 -18032 -18971 -32768 -22028
-18875 -3255 27887 -22352 0 32767 10476 -21291
1 7744 26431 6330 -23207 942 -11589 -30634
0 26032 19245 12535 -7258 -10834 25479 30571
11731 27461 -1089 1478 -1 12806 -7326 -9006
21772 15413 32767 28430 9929 -8590 -28527 32767
-958199533 -159153344 970925302 2334393159 -1460769425 253707563 1684082083 488875733

29717 -18524 27715 -28791 14221 27572 -22621 -19324
24667 1524 -15680 -13721 -28721 2508 -13285 -24809
-2478 -5264 -17976 -18524 -1680 27379 16995 32104
20723 -29889 26821 11802 -25167 -21768 -13242 9387
3763 -1122 16072 -18780 -31348 -11553 -29206 -1401
27060 -24990 32416 20446 1210 -31420 12136 -8488
-5349 -15803 -22161 5369 -30641 32767 -18242 2616
6153 -7498 17713 -23134 -25572 9596 12878 -30192
30243 18052 -27911 14179 -14112 -4010 -7025 -23109
-323224602 2078501728 -878254383 -175543661 104941218 -27790570 616324187 157957836

31777 18818 223 -27047 15566 -8922 -26502 893
-2201 -3123 -31636 -13008 6817 -13376 15916 1
21386 -17771 -30527 -16579 6153 -12096 15715 10591
16406 -1323 11247 -29036 32458 18449 2438 -6608
7437 7117 14997 32767 -32677 -28709 -26956 15887
16994 32767 20108 4765 -14534 1 -6215 -22050
-5022 -27963 15468 -15710 -16507 -20101 14926 0
12204 -1 4467 -7443 -16925 -21658 30989 15627
3988 0 31243 1830 -18771 28262 7078 11246
-637683573 -1414315501 -1125825222 218760385 348050480 685608172 281894351 275293506

10738 18077 30053 -4093 2035 16800 -5451 11323
22266 8125 32767 -1024 -12222 32767 32767 -29085
-29713 31077 25601 15972 -18407 19183 31334 -10430
14959 15261 18984 -10706 -28748 31712 23658 1522
1885 -27739 -24060 -22429 20315 32767 14800 -20603
-3068 2246 2462 2872 24712 1447 31353 32767
11821 -9472 4618 6872 513 29524 -9380 -32746
-29916 -25988 8892 19237 -8959 0 -5586 -14127
-12180 17284 18674 25393 -23365 9483 -5595 -12043
644832282 1218356927 2344975982 985946222 -1519850798 -938614807 667874425 980446803

32767 9207 -14592 -28439 0 13233 -12801 5510
-1 32567 32767 14795 -22527 -22146 558 -25106
-15895 -4091 -28214 -13308 1034 10180 -17176 -1304
9744 16039 3825 -27560 -28533 -29879 -2946 -14232
-13932 25632 32428 20114 -14419 -23517 8936 4276
20478 -6277 18782 -10901 20772 -8115 31253 14027
32767 15402 -15637 -25293 21682 19422 23113 -1
-21037 11756 21370 6659 21549 3009 8788 -19298
-13458 -8877 -24654 -13352 32767 -20609 5940 32767
48549204 -2395533336 802834939 -802837069 -902694436 955770417 592969443 -373062258

13743 -2633 -8469 21764 -23718 0 1573 27541
-12980 4801 15337 31792 22875 -32768 -10811 -27897
-28400 6094 227 19065 -30863 -12332 -22756 32536
-1 7414 24563 0 31654 -30123 15226 -15980
-2245 13275 22905 15510 -10209 -32251 -9174 19988
30520 1 27160 1467 -17278 8396 5232 -13807
31667 -22296 28233 9065 -11346 14774 27734 10801
28689 -15082 0 -8498 -18209 19616 32353 7622
20399 6647 3532 4050 -7906 21602 8749 0
522350283 -1033228414 -682294998 -631744321 -510077944 1088199625 1285700017 1301321540

-27376 -32768 24989 6632 305 3143 -10018 27223
-19100 4992 13480 -16703 29866 3370 -13970 25295
-23869 -23553 -7842 -2396 -10635 31306 -3060 23257
-22961 32767 0 -2691 -25492 -5476 -22280 3178
2343 21554 13086 -7936 -12546 31341 32767 -20613
-17386 -11325 -12681 24591 10834 -20318 14465 -2458
23139 -12802 -8892 -18340 12102 29072 32767 4807
32073 -26229 -4455 -20756 -6766 1728 -17481 -15805
-16271 6179 -22369 1 -28661 -32768 32767 26843
-25255131 -705108046 221249172 841385107 -344708909 1259857822 -353487547 -1444051955

-11979 2078 -6452 -15858 4124 15954 -27843 -10690
-30964 7616 -32768 -21673 658 0 31224 -1
24431 19227 -1 17698 11925 -18207 -31201 16177
-8154 24623 -5708 9941 -19173 -15130 -26128 22558
20279 28831 -9350 3491 19903 32043 30134 -17794
-18124 -6284 1661 21109 8082 -25544 9165 29999
-27561 8330 -4037 11382 23429 2001 -23166 26071
8977 9627 1 0 13908 25893 -1 19307
14421 -6915 -18265 15859 -22673 -487 -21988 -2824
220362623 -945870393 878910617 926930471 -759983183 -370523332 -297246888 -319578608

12917 -20137 -6093 7826 -29728 -10881 25169 11604
-31491 -32768 -1 32767 4210 1141 10748 18282
11803 -1688 10603 -10148 -9859 17981 0 -16317
14450 -3701 24261 22863 -4086 13639 -5723 -1
32767 17780 -27466 -20436 24928 6507 28845 14419
25267 -32768 29845 -18071 23144 4698 19864 10572
-18603 -4760 24483 28919 4088 -3276 -6587 32767
-1 -19017 -13482 32767 -1569 -16637 -14146 27250
-1 -1209 16258 -15897 885 14579 -1441 -16429
-610991224 -776747611 857227096 238932429 -304728486 698749112 -628887386 -1388341053

21517 10608 -814 -6910 -16751 -18433 -2000 -29383
24103 1 0 11092 1554 17147 31158 4006
-14626 7094 -27491 -8673 -30370 16204 20938 20736
23390 -21744 5310 798 19865 17581 -21299 -3049
-24567 5595 -1807 24625 26010 29763 9442 4991
9358 2357 24376 -31313 7601 -7849 14603 27515
25905 -15118 -26138 -30536 -14238 -24194 32269 -32768
-32768 1 -11907 25989 27484 -15900 -25259 -32120
30183 28253 10783 15319 15500 -13482 -10972 10436
538700001 390299636 -1372855084 433883152 -275306046 482765538 -985393085 -136972753

-15743 9246 27179 26062 -32768 -17560 -31241 -23619
-16496 464 16398 -5875 4192 -31202 -18996 21044
10806 2619 2827 -23304 -10467 -19962 18903 -16299
14607 27765 -7976 -4927 16571 -2880 -4743 32767
-286 -5722 1857 -17185 -12935 23161 -1600 1
-32368 -14352 -28063 15604 29197 23086 14908 1
17653 -23528 10681 22529 -442 -15930 -2563 10746
3671 -16392 4437 -22058 -24678 12566 -23482 -27574
19775 1541 -1341 24572 -12844 17985 -27859 0
1282277297 -577644048 -1109889465 88769375 188028816 -616266191 642669409 696523540

15052 -17185 13817 4004 -32732 -4948 25119 16442
0 28867 20798 1 -17487 -12236 -698 9959
9888 -13423 -14568 -1001 0 -3868 -32468 1693
-14885 -13976 -8500 -1 8050 11817 23522 -14329
6571 -7021 -4407 -8045 31033 -2096 -15516 12359
-14374 -4786 -2100 -15088 5059 -17719 8263 32767
24313 -4274 -17744 16531 -32449 5561 -8263 -10051
17243 21552 10962 17815 15122 28339 13794 4611
12322 32767 27056 7247 -2899 -3165 -16773 2828
-239052934 1637896283 -157781772 -1367142482 -114756859 -504615255 -14102722 992497340

19724 9640 -9114 26327 -5711 -4470 -30770 17186
-12479 19219 14215 -8679 -17703 -23442 21696 -29101
-4650 -32212 -21533 14567 -30638 -7749 29423 0
8327 2180 -5425 -9972 30214 -8879 -1 12764
16235 -4289 32767 29622 -29744 -32768 22237 -21466
27977 16627 6748 667 -25345 -1 15805 -19140
32668 19834 -27346 -10167 31833 -32768 -29100 21342
3493 -21460 -24667 27866 -31385 19591 7849 -23789
19387 -24293 7540 20784 -22973 1626 28441 -12238
-334855779 559747525 2360844717 -1004463488 2806839019 1469207620 -2139389387 2249450097

-24717 -1 1 -19516 5703 32767 3423 7982
-6748 -17553 -20561 2556 -22226 -14558 4562 -9364
-1 -14423 20259 0 -4001 25045 15371 -9888
19499 4995 20422 -1256 26074 20015 13902 1
-9227 0 15223 12024 31226 9791 27222 28874
-24280 20064 -25611 27395 9724 1 7594 3020
25065 25216 32767 -32768 14210 -22843 -30060 -31070
0 0 -11932 -10284 25239 5330 18561 -32666
-16892 32767 16181 -2587 32767 0 8775 2353
703679542 -1510763132 -164257376 1144350872 1701075673 974662110 1146563195 746549006

-15075 25234 -13627 4328 20020 -15662 7671 1
22369 -5983 -1326 15916 -18581 -5101 -15145 1
-24196 -7938 -23577 -22549 416 -31109 22875 26333
23138 -17469 10176 -13854 -30467 25241 -26141 -14957
-16765 -1383 -3448 1 32767 12413 -9872 25592
-4707 0 20740 1 10406 0 23397 5222
6494 -5163 -32233 -32768 2200 2584 15785 14974
995 -30705 -24952 15776 27732 -28305 -20316 -27966
17127 0 -15784 -14466 8960 8200 3688 0
-26468357 -90366129 116924870 273662378 126245595 -228465519 1193126178 124120429

-32768 -8031 7953 -16530 21975 12092 -12689 1
26618 29026 -27952 -13102 31148 26095 11524 21373
18603 25042 13350 -32567 8023 22492 -14249 -19058
6186 34 16825 -21984 -23247 3377 -1926 -19896
-417 27526 11639 -1 23315 12900 -32714 -30271
-3851 0 27930 -254 9098 23002 5407 -8939
22138 -19179 -31087 24799 28119 23045 -12638 13758
9349 9380 -20790 -20734 25056 2831 0 5070
4173 25250 18091 31346 -7503 8952 -27726 -29269
-418640167 -1017573275 1024638678 482332734 2637399780 730622242 -233893070 -1061227363

10012 26346 5042 32767 13939 7281 -28233 19433
-1 -18834 -12959 -32768 -21910 13955 12287 -32315
-26679 1 6551 -32768 -22546 5093 -12320 21269
32767 20805 28162 27179 664 -31577 25128 -16179
4418 25403 6925 -6879 2114 26752 -27107 11173
18525 18959 -18041 31918 -3432 -15702 -21172 6431
-2158 -12881 25257 9690 -1 -29738 25905 9560
-6917 -31748 31091 -28617 5130 30219 21615 -31450
-16575 32228 -21968 -24936 25002 -23584 -24015 -25860
107555309 158505638 177467189 -592754529 548841763 531025241 -1343849819 -1168150706

-26970 10187 -16031 22799 -6898 13557 15101 8003
6063 9714 25522 26282 -10991 -27902 17029 31317
14214 9441 -30721 29749 7007 -27284 32505 -31659
3390 -32768 -1966 -17595 -32768 -13267 -32620 -5427
1 7772 -14310 26223 9059 -11574 13042 20696
11850 1 1914 -9450 8715 -10294 0 -6487
29351 -31852 -5441 27087 -2842 -1 2010 -20687
11102 -27350 -21290 27380 -30073 32767 1 24193
4359 -1392 -19906 32767 5518 8504 -23212 -27879
438010900 -1200242646 1569891354 137828278 205137214 -154695209 1682533361 845631913

-18706 -28234 13777 1 18668 -18753 4388 -2035
31460 12292 -160 8766 1206 20416 15140 -19243
-9332 2138 0 17092 -19846 -18621 31737 32215
28671 -30291 -32768 1 -6954 0 32335 -7066
1 20287 -20382 10777 22896 -5255 -17449 -1887
20251 -17802 21013 798 -661 -1385 -5797 -26316
-4074 -2993 -32768 -5911 16636 -21859 -25153 -1666
-23128 30550 26449 16919 25454 -13285 13869 -23934
-26631 -6879 -24777 -2960 908 5441 19270 3472
343432194 -607236360 787306311 848972230 -17072791 -1151058919 364160844 -164653466

20370 17776 -26906 -31930 -13513 -24212 -29001 -21306
24472 15716 -21809 7473 -8103 13938 28582 -8932
-32768 -28291 3323 30963 -32078 -5011 6274 32488
27223 29635 0 -2313 12508 -3915 17377 8710
-5282 13520 1584 14055 29641 -8902 7884 -12266
7388 11729 12524 2170 18852 18213 28413 27760
-19689 19862 -11375 9949 28147 -25893 29348 -3670
-23154 12644 -18137 18429 -30926 -29658 -21340 -9800
-9403 -20092 -9891 -8868 -32768 -13604 -5860 -19848
1365589364 -310735465 1006806683 -1462200389 -1015202430 -2031239524 -858858888 1716051909

-28023 31424 32767 18086 -19457 -4909 14668 -11051
-25516 25298 1 -31090 13751 -1292 29218 -18229
-14923 -12562 -945 7121 29142 -32768 20688 -13066
21244 32767 23531 -1834 205 -32768 -5632 13985
7849 -28379 -19401 18030 9884 -28402 19932 13532
-28987 17678 20458 28460 687 -4173 7028 15982
6250 12806 32767 3361 24412 14183 1 -5018
32767 -23432 -7246 -18909 17020 -26238 15557 19476
10633 22927 0 32767 -14142 27834 -21910 1842
811905417 -1614202780 -2014883754 151235651 -1318502878 779222083 510459351 -2084389566

1 6023 17651 -27273 16574 -6178 128 -20485
32767 8947 1 -3482 -6619 -14501 28370 -10412
-15446 -6587 -15400 -13639 -8112 -28399 31095 -32768
19672 6930 8075 -17699 24970 -32768 -6312 29498
15117 14505 -17895 3043 5811 6656 -15149 -13169
-81 31431 -13902 5640 20582 19 22382 0
1 32767 -12129 0 32767 -1038 14803 32767
-2557 -12256 32767 -21025 -26322 -11689 11426 0
-1 -16184 -32768 -24440 10218 -23714 11802 -1
308077284 551313221 1902165242 1013467258 9488 283028587 401242520 -218419993

-30572 -15794 -11153 -18768 22956 5723 -12111 12384
-1 -15090 13656 -6536 -19292 -23301 28409 5110
-19767 9997 2430 -14217 -32768 -233 27369 7454
-1 10001 -18898 -13856 -30559 -10868 11129 18635
30474 29427 -29995 20397 -32768 -31141 29339 -1
11359 1 15654 25960 23823 -22883 0 -20721
-26539 2544 10244 11673 -984 -11256 0 781
3546 -2077 -26331 -1 0 -27321 14193 -8997
24317 20822 -26488 14668 -9817 -17632 24453 -16094
-1873875719 440859260 329663792 969394947 4035660237 745462192 -496944897 1714004667

32644 8671 17491 11609 -24470 32317 -4656 -12490
26580 -31998 -15153 10953 27487 0 -4786 -20323
9913 9405 -28694 1 3834 -16810 -6663 -31669
-30640 23243 3545 -758 10501 -1839 4842 -25748
-11676 25778 31643 8384 26174 -22644 10753 -5272
7910 -8524 -18284 -1224 -15877 -32309 -1228 -2875
30425 -5680 -10431 -32768 -17420 -23134 -16304 -9503
7071 -4183 23072 29466 -30207 -32768 1405 -21552
-14785 -29284 -15017 0 15278 27187 -32768 -32768
67364296 2014314831 866543431 514614316 -1452773687 -579268191 -176301220 -1020711253

-13441 2215 32767 -16113 9533 -23809 -26775 5975
-18440 9760 -25181 -27742 32 -1 -31795 -635
-27659 -2237 -28360 -11157 4608 -11624 14574 -22381
17186 32767 11532 4785 25760 26448 4017 -29250
-1 5296 18102 1630 5234 -6610 15329 -3178
26344 -20308 15232 22770 -31251 -2435 15554 24665
-23144 24522 -14975 32767 -28163 12784 19756 -32768
30216 23313 1 -844 32589 -14147 -32768 28643
-18830 -29937 28271 4146 7200 13836 27016 -5679
28265785 -1627021294 132946376 -132657727 738397066 658367837 108103555 -2279380491

20060 23750 8728 -7141 -16204 0 15586 -18024
953 -24507 -14254 14566 -8142 10423 20648 17600
-13566 21489 27912 -17864 12437 -13417 -25090 -10257
11235 -30782 24831 -12097 -30130 2435 -4398 9174
17945 25754 -4564 30120 -32768 28042 0 -12566
-3523 -27217 -9778 0 1 -6265 -16985 9101
0 13703 -21421 -1 -5344 12231 6692 21536
-17499 22164 -16858 20464 23892 -13939 -7109 -9348
21432 23331 -19367 0 20770 -12454 -21746 -656
151335502 -1034765293 647789183 -1524793125 52271670 -79703603 311593598 1299116350

-32768 -24685 -10024 8811 -10999 3478 1 31966
-31844 20463 -32768 20980 9993 -3330 21129 11255
31602 10858 -3757 -10990 -29786 9029 12174 14037
3994 32132 25740 30858 -16229 -20772 -7767 -32768
32767 7492 -27473 10708 31446 9287 -19181 -12368
-4558 -13061 0 -32768 -27366 -10232 11660 -31504
-4152 -32409 20662 27547 -6363 0 -32768 18447
-26656 -18290 9838 15383 -12624 -23663 17223 24352
20135 -4162 0 23920 21752 -1 603 32767
461891209 374400092 147611674 -746575827 1151892907 -2441741596 1156495747 441119648

-28360 29186 -24508 1 27301 27294 8392 28184
8819 -14787 10655 23996 -26675 22950 22366 -7262
-12739 10005 11669 9065 -16715 -7811 -24900 27114
-31911 -23119 31889 28887 32767 25224 0 -14016
20127 7914 -16180 5648 25962 4408 1 24102
-7771 32767 21641 32767 -12420 -18178 24574 27748
-18686 30748 9355 -9028 19608 -26148 32259 -4268
-27962 -14697 13022 23882 -25258 -24004 -24371 2453
-11232 -32768 1874 31882 -15163 -26176 20807 -28450
-2439358701 1646200437 -705458675 1338368819 -1530370907 484839950 111802819 2015910143

14651 19419 31893 1 -32768 27191 17336 -31585
26887 30324 20300 -23678 21604 -13954 0 -19890
-25241 0 4366 -29644 -10049 8930 19423 31571
15533 30942 5526 6607 27190 -15577 -10409 -9535
30931 12534 -21682 20346 4606 -6931 19847 11680
10165 -10729 -3370 16632 -839 -25623 -12566 -21639
-7257 14418 -10933 0 18833 1418 8955 0
13449 -30312 4645 1444 9046 22781 -19132 21888
-8818 -12354 -32768 10006 28568 -17997 29024 -26484
-1499970109 -118744760 -937294068 373323525 1009490881 965299319 1016536116 -1168410019

28010 -17360 -32768 6981 -3451 31136 -18486 -8670
-25558 24027 -32768 3445 29082 1 26601 -1633
-14105 25864 30755 28778 -23178 -17893 -19542 7615
-24735 24206 13855 11510 -32768 11564 -27383 -5450
-23108 0 0 -18563 -14013 11481 15247 3462
-30137 10484 32767 -24440 -32768 -16290 -6482 -32768
12205 -1 1 21831 3770 15589 -23339 7606
-30908 4741 27736 23943 1 -14382 4769 2633
-5576 28562 28518 1354 27041 21124 -23775 14227
-696490697 29713308 1301635175 1171687685 -345928534 -173424768 1055845943 751447909

-23762 -23460 12137 -5138 17860 4679 -22495 32283
-12066 30226 -8695 30172 -19540 19222 19349 1
28150 -6944 15911 -26422 -1 4232 6077 21817
-13061 31653 -8077 0 -20126 -28570 -5631 6758
27947 6815 4039 -17300 -6836 -29340 1 19752
-22220 20466 -6037 -2167 -12857 7202 -2578 -1
-29019 -12377 -10468 -32213 972 11239 -10410 -3287
-32768 22663 -9105 -13607 -5128 -32768 -12817 19257
7171 -3272 12045 -3169 23333 11658 -16161 20145
1553994197 -930286889 890570122 -870043029 177920483 -466541366 64121565 -282274972

28235 20447 -25189 32767 -914 26394 30791 27039
-20239 15852 -28531 25056 -20213 -8626 -5273 26823
23490 21923 0 -16172 -32768 21513 1 32317
-14993 -1538 -26671 1882 10646 22561 2766 13267
-13428 -10899 14989 -1920 -15556 -23257 22745 -29450
964 20250 28230 -17642 29613 -31760 -8668 18213
-18050 -27321 -3175 32725 5309 12024 -7488 8307
-29231 7469 21184 31292 25651 -24615 -10025 6925
0 20819 -32768 -8695 -10294 26159 28232 -9386
2281523000 628861750 1193803706 1259720641 -231063292 -1901366956 -778787122 -2066723170

8473 -3573 26981 479 -5054 -17417 11238 0
23270 26931 2199 10738 -21779 32767 -16187 -12111
-22577 -31738 0 13032 1911 27528 -23733 21094
-20318 -26928 28202 -1910 31548 12658 26456 17034
4210 18040 -31108 15743 -32768 20106 22143 21565
29718 7241 -8276 20675 26556 -21674 28065 4300
17230 0 26435 -5110 16285 -11896 19691 25182
-27637 23993 -6043 -30088 -4312 11843 16955 -23084
4608 -5686 -16031 -8194 27901 21136 11180 32767
-760594201 -662045211 1030646021 1624722936 751397989 796531916 945705598 -357191081

-21639 12383 -10876 -13383 28242 -32768 -24235 32767
1 -9155 30278 -353 -6487 2544 -27910 -18591
4406 3352 -26886 -12712 -26405 31987 20090 -1531
-14974 -17988 20857 -15697 -564 11108 -6051 -14921
-1299 16657 -6523 16047 -7579 -14463 -3656 6452
25001 32299 2450 9176 14202 -122 1 -32768
-31221 -373 9909 -23716 -29425 -1312 -13508 -4282
28767 -10456 0 14994 -32768 6157 1343 1
29361 7091 -1265 -21176 1 1 -19790 -1677
174277587 487796778 61325669 -116406604 -190074635 820622570 -155176096 426365189

-21873 -5182 29144 20698 -5611 -32694 -10429 -10777
19633 -32768 -2290 32399 14583 -19820 21873 32767
14660 1 5476 2154 -6453 -260 -7471 12204
7710 -16212 -1934 -20674 22755 -16820 -26715 -22463
-21493 12687 18697 -17332 28743 19534 -20315 24525
-31280 -29146 0 29002 11421 594 -17371 5113
-24630 -1052 -381 -10672 30393 -6150 9411 -8572
-9186 -31976 3792 0 29474 3308 1704 0
-15969 -4997 26523 -5873 -1 -15391 -17803 12132
1584731237 -87635416 183552223 489953188 1236044853 836957290 274229427 325771308

21679 6880 -22299 -19542 -27104 -3362 -27383 -26385
-27000 -26290 12876 2161 -1945 -11723 -20216 2306
-8083 3512 -18371 -1161 -3961 -4985 8636 2890
-30651 -1 -1 29446 -17138 -31180 32522 -23823
-2190 32059 25996 -6455 5024 9030 -15917 13027
-3881 0 27633 -4610 29167 0 16990 13085
-14202 -8952 15746 -12839 32767 -6805 13354 -32336
-19521 -5073 -18656 8657 -25569 -9617 0 -10277
-2287 4333 27115 19593 -15695 -25414 17326 -32253
-119895929 243124906 -241900970 3040231688 -281948971 82383082 1102057838 663598353

-3466 8807 20174 1 21997 -19201 -18079 9356
-25237 16315 14116 32767 -7797 21586 18471 -18412
-20287 1 7479 10257 1300 9855 -2985 1385
1138 7453 -30258 -8673 -31803 1 -30477 -1
29466 2718 30070 -15073 -30911 -8085 26985 10954
-16615 -21474 -24293 0 5035 -27517 0 -28449
-20529 8081 495 10213 28530 -17840 24992 -30321
1 -2982 -1 -20899 30369 -1372 6221 -10454
10412 2013 -1 -16230 27031 -22877 -25571 3296
1508601764 -1999339597 -487122960 87279094 -747647701 455641341 77073282 991956525

32499 21293 -13071 -9891 7926 -9013 2236 18565
-5966 14941 -8845 -3715 -32710 21665 25413 4150
18647 -15593 -32768 -27664 -31413 -11345 -12764 4254
-20316 1585 -3796 4627 26301 -9522 -9418 -1
-3642 14868 27509 -1986 -26628 -12694 -5416 1701
25324 28333 13322 -7820 26159 -18472 -2823 -17139
30404 -1 -6219 -4121 -1400 1 4132 29720
22072 2092 31254 1 23273 32767 -14557 13301
-19923 4034 -11873 9618 -14485 -26397 19024 -1218
-358487725 628733984 195063331 191937387 402505669 -547756777 -508879706 -2297563342

27431 -28916 -8853 4619 15389 -15923 -23133 28925
28851 18119 0 27260 9787 -12855 6701 18279
16730 26976 -19350 23907 3949 -9539 -26786 -693
29142 -13905 -7171 29168 15022 22123 15085 -11340
11005 -21854 -20016 -23702 32767 32559 -21877 -6609
-31747 0 31555 -27020 -8793 -3706 6913 -15774
-22672 -124 -1 32606 -18711 -31454 -17917 -32084
-6933 -1 -11153 24290 27345 -1 -13967 372
17109 -14516 -25800 5061 19690 28993 16510 -32352
-335507765 -292168468 -103752060 2586186855 2343764602 -1150154793 -759244012 587840852

10285 -19512 -27426 -21497 -31929 9274 -27335 -8558
1 1 -4497 11136 32128 -15389 16527 -7854
-19556 24430 -1 23794 1 -22132 -17978 14207
11330 21902 1 27027 -22962 -24028 6397 -29206
-11809 -9865 -3981 -6998 26605 -12587 16899 0
-7081 24543 -16118 -11628 -15169 21912 14234 -5747
23471 0 31610 -14747 29730 2050 457 -25854
22051 -28794 1 8755 10430 -31882 30443 6741
15143 -13986 -32768 -22531 7630 0 -24798 -22979
2442574004 -87769203 -1054520913 -406437479 31204297 3005222 461495810 -290906549

-14861 13907 -29015 32767 25749 30158 -30151 3557
-16036 17120 -29603 3039 -2148 -26556 32558 16797
-21687 -22013 31418 -25919 -23086 -23740 32767 -20251
27300 8077 -6895 -32768 2405 -27747 -14329 -10117
6527 -13399 943 -28982 -19216 1 -12860 1
-3001 19178 -28784 10318 10329 0 -23695 15044
-1 3231 31239 -12063 16085 -5654 -28069 -3054
32767 -30689 -22550 10377 22803 -3511 -1620 2568
11593 20410 30319 -1 -11878 -21284 21628 -26954
-2463890955 108127390 2285913338 797110297 -219122950 -1556739325 417603711 -1230579628

27901 -5520 -23526 -30337 21527 0 15624 32767
-7546 7800 -20678 -32428 -5050 32767 32767 -30625
-32768 10538 2498 -15448 -9586 -11853 -14359 32150
28855 25967 1 -15991 5236 -23356 32767 -8301
9585 -16574 -10274 20306 -10563 32767 20874 -2797
4451 -1235 30881 4597 9081 13826 -5876 -13702
-4406 0 15730 1 10462 -12352 -8203 -18959
-11132 26679 13915 14231 4879 29081 -15924 11288
-15413 22397 -16423 32767 26227 32767 -13552 -29665
-1780535408 973691796 -1205072355 -1212943435 911884166 724512989 352843336 1968690399

-10108 -8018 17818 13468 -25023 12031 -27307 6469
12920 11960 -5459 24231 5464 -18999 -24469 -5429
1 11427 -17186 29724 -12768 28605 -20447 12352
-23209 20863 -32768 -32417 1625 31666 -31054 -9080
-12490 30137 -15027 2521 31565 -12703 2904 -32355
-12370 -12101 5322 7453 27961 -7587 -19551 24427
-16393 18026 27405 6148 -12777 2402 1 -20142
-19274 5830 26009 12289 -1 27363 -231 -9496
32767 -7592 -24562 -9982 -2722 -19761 32767 483
-1903695399 -219072263 -1155833195 -1442554223 -49499426 -1073584319 -1430876516 -1990187640

-22005 -13140 26221 -27219 7292 1 4040 25683
8413 -24687 0 -25469 10708 5547 -22613 17985
-19431 30856 -19985 9764 -5865 18142 -17773 25879
27193 -18002 1807 -1 4749 21507 32484 -25063
-5920 -14934 1081 18416 -30922 20773 -19957 22728
1 7320 -15982 -3688 -1 6699 32606 -5939
23321 -381 -13008 -1 -20964 -26204 -8555 25155
-5131 -30 8491 7348 19418 -17778 0 -32678
-31089 25243 4646 -1148 -14198 1400 19405 -1392
444605651 -1463594055 1006690422 -663507979 -159841529 765108439 -735142435 -65324137

-19472 4944 19694 28830 3948 -12622 30100 -30901
-14595 -16409 23077 -843 -5959 22654 -12508 -12781
-25595 -13082 24520 -31011 13075 9797 -12774 3755
6733 -2405 17355 21982 -6654 -1266 -13734 -1
14455 -18419 -1 4971 -14809 -23016 18892 26418
3200 -20001 -31567 23215 22384 1 -12081 -4633
10361 16406 1 20101 16428 25311 368 29699
-5906 8154 14465 25831 0 -9993 -14495 -27076
32201 -25884 9894 27107 1180 -12757 -29568 0
-502960428 234037444 -815434601 1461022351 794503690 1321325562 139480947 998149246

-13324 17692 -20282 26195 15131 3207 -27797 7355
-30101 23496 31922 -20013 16686 9489 20916 11269
9003 -31422 10651 18139 -32768 -24064 28958 -20382
-30383 17545 7819 -13360 -22886 -6546 -24598 -16156
-12033 -31606 -6122 23947 -26201 -32768 32550 19456
20729 31414 -32768 -89 -9727 -3149 14183 -1
24507 -11306 26553 1 0 248 14582 32602
-14656 1 28570 25793 2853 -3870 -11993 10616
-17455 7867 29911 -10135 14173 8356 1 19306
-117170655 2401267676 -1328566525 346645501 -733932469 -1258091328 909003743 1062011914

-2343 -11735 -31960 8317 -19858 31178 -8319 22152
-17308 19461 21120 -10615 6000 -14551 -13904 -20712
18026 -1 8284 6897 23610 27648 -32768 32767
-18358 -10416 13954 -9496 32767 13585 26737 27121
-6238 9510 -18653 -3650 27969 -12799 -3112 7880
17021 -1534 -4356 19369 -17817 18801 28422 21207
32767 22659 6743 13990 -31953 97 425 25872
-20405 6066 -1 26560 -32768 1 -2780 -4366
29072 29274 8512 -20939 -26199 1 22722 13777
-221384563 -289920400 -461534556 -398293485 -680223116 1412062340 2583613734 -236615137

0 -16790 -15977 -11711 13464 1013 -20442 29700
14188 2428 -1 -1657 6908 0 -24520 19605
-2627 183 1715 32767 12631 -28336 -20439 25330
5797 19418 17529 15241 15046 -28352 13782 17376
22226 -7632 29469 0 -32691 27874 -21842 -30288
-37 -11057 18364 -1 24523 -20491 11033 5765
28581 -5721 25862 -1441 13412 12648 25545 1
-14384 -6500 4984 -18795 -21799 20135 -17489 -25516
-32768 623 -21814 17921 -6071 -32768 -19513 7396
631801295 88445849 2074000076 410176473 -1888608343 -56365346 -2524410325 -353156189

1 -24202 -14183 -16271 -25308 13937 -16701 1
32767 32767 5239 29632 8587 0 -18545 -7275
1363 17373 -17741 -24545 -32303 31443 22512 -16803
21948 7820 26549 2245 -14607 0 5731 22858
19397 -27817 -32031 19694 25536 -6096 -10722 -29521
23686 -1798 -30963 -4568 -23786 -25989 -579 22086
-25498 -21154 -19142 24467 -10146 11079 -15211 30557
26697 -24238 -23482 0 14355 -13976 -17034 -5029
32767 11428 16093 -20797 24624 -13584 -28046 24368
-510490507 1470474246 -1795221323 1225690218 -314414166 674043149 -1123244841 1118409305

-533 -6044 -1 -23273 -32768 -18012 10704 -25248
-3820 -4250 -16336 -8518 3069 -15622 -32435 1
26040 12909 3921 -31607 7284 16352 16234 7591
-15236 14439 -31981 -11964 1264 22419 14219 15317
29867 -14571 0 25783 17421 -21080 -31142 31524
23466 17114 14542 7181 25852 -1 8367 32767
-15128 32767 -26030 0 15382 14644 8927 8634
-26463 14665 0 -8676 -15298 -28966 24436 -23382
-2096 3198 6130 4508 1864 -8667 0 -22568
541694958 -3029682 -431204580 -709490097 -489230054 -564228617 -316166358 813471536

-29781 30578 3616 -28831 -24154 -18184 31100 15778
-5818 21331 10563 -28223 -1214 25791 22080 1
9401 -28586 11081 -4950 28555 3092 -2432 -788
-25900 5580 29251 -15065 -27011 -13150 -1 11289
7984 1734 -32491 -32768 27388 -30187 7932 -5628
27421 16219 -30315 -1 14754 15667 26043 -5363
31696 1712 21424 -23089 0 22219 -9198 -20249
-29880 7194 -4670 -22009 -32768 29280 -15877 -15377
-31066 3827 -6282 -14588 7460 24142 5326 25787
1393388386 1338949832 -144455954 634112255 -186610358 -110630364 -810617761 1287528629

-2124 22964 9975 -19952 -4165 22396 -4789 -28925
24976 13984 -16970 -1029 -24264 -174 26695 -29159
-20812 31003 20856 4149 -373 -22414 14586 -12871
13213 8741 2968 -31730 -8026 3961 -13070 -32768
-28929 14160 30393 -2553 32096 28229 32767 31246
-2137 27767 -27640 7171 14910 9334 14332 29280
-2314 9779 -28954 -22640 32400 23078 12270 -10297
6356 -22909 1 -2619 1670 11322 -25300 1379
7061 -27432 23401 11962 -15367 -12262 20142 6386
-1141978146 109802372 32423131 -854332839 108149458 -1205736093 -1832456454 -23265233

19907 28989 -23508 32564 1386 -19325 19051 25607
29302 24343 -9677 -22976 -5029 -2514 32540 -1146
25192 20720 6746 -30209 -1167 -21766 -24415 -23827
-5757 -9381 -31139 -7728 19329 -11742 27599 -10495
-15003 24331 -15111 -32535 25033 0 -6857 18460
5535 -6843 -2421 5475 -5454 19120 2571 -10333
0 -31986 1399 -28797 3717 14159 -29242 -1
0 -22094 7054 19333 -18664 7628 -29455 19589
1 26370 30629 13569 -2727 29348 1 1
-84590843 -26239360 -292525496 -1703297685 -330962155 395692147 -785994512 170521069

-30605 -25188 13513 6629 969 23004 -5344 1264
25511 32767 13845 22475 16216 -32471 32395 5495
6689 18328 1 18635 18734 -17802 -32768 23078
-608 4740 -16757 -2202 11549 3807 5820 -8613
0 -10397 20079 12798 2746 -455 -19882 -29291
-12738 -3973 -15848 -12272 24673 -15138 3698 20269
25345 14791 23109 -1969 17367 -18888 -10029 -31246
-18246 -23464 -5616 10016 -9226 -16100 4982 -8002
-32178 -31558 32767 22354 -5324 29103 -11927 -913
3097566043 -2321618276 -625111809 -740564049 1508137339 -892888315 -1063144102 895921328

-16659 -28553 18455 15843 -32768 6323 -12290 1419
25155 14906 -8021 4076 28928 32767 -1058 2649
-12884 -32768 1 30588 -30662 5094 3344 31890
-6554 -21480 0 -1978 20990 -13766 0 -18412
31497 -16422 -20564 27229 27146 24756 5060 23621
19804 -32106 -25631 19389 -30065 14393 -25485 3807
-14728 4650 6770 32718 9812 4469 23697 31036
-32768 -12817 11331 0 4948 -14087 -18858 25310
32767 25103 -32323 5765 1063 -30470 -22582 1991
-1714953667 542706015 -1268266739 -360266430 648791459 895777350 -995144118 -850971940

